BGH,25.04,25,25,25.02,379386,2012-10-26
BGH,25.05,25,25.02,25,33138,2012-10-31
BGH,25.05,25,25.05,25.05,19695,2012-11-01
BGH,25.03,25,25.02,25,12712,2012-11-02
BGH,25.03,25,25.03,25.01,25757,2012-11-05
BGH,25.04,25,25.04,25,26374,2012-11-06
BGH,25.01,25,25,25,69443,2012-11-07
BGH,25.01,25,25.01,25,7370,2012-11-08
BGH,25.01,25,25.01,25.005,11690,2012-11-09
BGH,25.01,25,25.005,25,9055,2012-11-12
BGH,25.01,25,25.01,25,27500,2012-11-13
BGH,25.1,25,25,25,60098,2012-11-14
BGH,25.01,25,25,25,31345,2012-11-15
BGH,25.01,25,25,25,24920,2012-11-16
BGH,25.01,25.0099,25.01,25.0099,2650,2012-11-19
BGH,25.01,25,25,25,17849,2012-11-20
BGH,25.02,25,25.01,25.01,9338,2012-11-21
BGH,25.01,25,25,25,51435,2012-11-23
BGH,25.01,25,25,25,21350,2012-11-26
BGH,25.01,25,25.0001,25,42675,2012-11-27
BGH,25.01,25,25,25,39605,2012-11-28
BGH,25.01,25,25,25,16533,2012-11-29
BGH,25.0855,25,25,25,21200,2012-11-30
BGH,25.05,25,25.05,25.05,55443,2012-12-03
BGH,25.07,24.87,25,25.01,493621,2012-12-04
BGH,25.04,25,25,25,104030,2012-12-05
BGH,25.02,25,25.01,25,75229,2012-12-06
BGH,25.07,25,25.01,25.06,50293,2012-12-07
BGH,25.05,24.82,24.94,24.83,32512,2012-12-10
BGH,24.99,24.6,24.97,24.88,82664,2012-12-11
BGH,25.1152,24.85,24.92,25.04,38195,2012-12-12
BGH,25.1,24.94,25.1,25,22240,2012-12-13
BGH,25.11,24.75,25.09,24.9916,62192,2012-12-14
BGH,25,24.7918,24.98,24.84,31229,2012-12-17
BGH,24.94,24.7501,24.92,24.79,48882,2012-12-18
BGH,24.77,24.39,24.65,24.67,54909,2012-12-19
BGH,24.83,24.44,24.83,24.64,38024,2012-12-20
BGH,24.65,24.21,24.21,24.45,51989,2012-12-21
BGH,24.85,24.3,24.37,24.55,4284,2012-12-24
BGH,24.65,24,24.65,24.339,41035,2012-12-26
BGH,24.45,24.04,24.18,24.06,36983,2012-12-27
BGH,24.52,23.81,24.28,23.83,55177,2012-12-28
BGH,24.14,23.7,24,23.77,56358,2012-12-31
BGH,24.55,24.01,24.14,24.2,42580,2013-01-02
BGH,24.57,24.1201,24.15,24.3301,25810,2013-01-03
BGH,24.5,24.06,24.3,24.3143,44119,2013-01-04
BGH,24.55,24.25,24.25,24.35,20112,2013-01-07
BGH,24.41,24.02,24.36,24.2,61015,2013-01-08
BGH,24.5,24.2,24.25,24.39,26816,2013-01-09
BGH,24.62,24.2628,24.5,24.6,36989,2013-01-10
BGH,24.69,24.43,24.43,24.62,36399,2013-01-11
BGH,24.6494,24.07,24.53,24.3501,78715,2013-01-14
BGH,24.5487,24.29,24.54,24.51,58921,2013-01-15
BGH,24.6605,24.31,24.35,24.51,57320,2013-01-16
BGH,24.58,24.2,24.43,24.3575,68257,2013-01-17
BGH,24.96,24.5,24.58,24.95,200724,2013-01-18
BGH,25.09,24.8,24.95,24.96,152880,2013-01-22
BGH,24.99,24.88,24.95,24.94,64329,2013-01-23
BGH,24.95,24.7,24.94,24.7,65436,2013-01-24
BGH,24.91,24.6,24.91,24.65,66231,2013-01-25
BGH,24.7,24.5,24.7,24.53,101345,2013-01-28
BGH,24.63,24.5,24.59,24.579,88390,2013-01-29
BGH,24.59,24.51,24.55,24.55,51687,2013-01-30
BGH,24.62,24.55,24.59,24.6,54840,2013-01-31
BGH,24.8099,24.56,24.8,24.75,45207,2013-02-01
BGH,24.854,24.57,24.6,24.62,45270,2013-02-04
BGH,24.74,24.56,24.67,24.74,50007,2013-02-05
BGH,24.81,24.61,24.74,24.77,43738,2013-02-06
BGH,24.79,24.64,24.79,24.68,62201,2013-02-07
BGH,24.77,24.66,24.76,24.75,32656,2013-02-08
BGH,24.9245,24.82,24.9,24.9,30270,2013-02-11
BGH,24.91,24.8,24.81,24.87,36863,2013-02-12
BGH,24.9,24.66,24.86,24.7,55079,2013-02-13
BGH,24.8099,24.67,24.67,24.79,37843,2013-02-14
BGH,24.73,24.59,24.73,24.67,45983,2013-02-15
BGH,24.89,24.7301,24.89,24.87,64843,2013-02-19
BGH,24.85,24.8,24.85,24.85,36156,2013-02-20
BGH,24.86,24.65,24.83,24.74,55962,2013-02-21
BGH,24.81,24.6,24.69,24.64,120994,2013-02-22
BGH,24.72,24.5,24.68,24.52,181820,2013-02-25
BGH,24.7,24.5,24.5,24.6,77431,2013-02-26
BGH,24.82,24.6,24.69,24.72,102493,2013-02-27
BGH,24.93,24.74,24.93,24.83,90948,2013-02-28
BGH,25,24.76,25,24.8,51823,2013-03-01
BGH,24.8946,24.67,24.75,24.8038,49915,2013-03-04
BGH,24.91,24.75,24.88,24.79,40063,2013-03-05
BGH,24.8899,24.66,24.88,24.66,73734,2013-03-06
BGH,24.7299,24.63,24.69,24.651,79491,2013-03-07
BGH,24.78,24.62,24.72,24.63,84650,2013-03-08
BGH,24.7,24.63,24.7,24.67,56428,2013-03-11
BGH,24.73,24.66,24.67,24.73,43457,2013-03-12
BGH,24.84,24.67,24.75,24.82,60548,2013-03-13
BGH,24.97,24.69,24.85,24.83,53427,2013-03-14
BGH,24.94,24.67,24.85,24.72,58604,2013-03-15
BGH,24.77,24.6,24.6,24.7199,76445,2013-03-18
BGH,24.7999,24.5,24.63,24.56,127264,2013-03-19
BGH,24.7,24.58,24.59,24.61,64977,2013-03-20
BGH,24.7,24.5,24.6,24.51,118188,2013-03-21
BGH,24.919,24.58,24.6,24.65,157354,2013-03-22
BGH,24.8297,24.62,24.67,24.68,121714,2013-03-25
BGH,24.92,24.66,24.77,24.8824,109684,2013-03-26
BGH,24.95,24.75,24.85,24.92,86679,2013-03-27
BGH,25.17,24.79,24.79,25.01,394529,2013-03-28
BGH,25.02,24.79,25.02,25,70553,2013-04-01
BGH,24.98,24.88,24.9,24.95,52914,2013-04-02
BGH,25,24.8,25,24.89,88542,2013-04-03
BGH,24.98,24.77,24.82,24.95,99737,2013-04-04
BGH,25.05,24.82,24.82,25.05,88873,2013-04-05
BGH,25.1,24.95,25.08,24.97,61266,2013-04-08
BGH,25.1,25,25,25.1,145182,2013-04-09
BGH,25.18,25,25.1,25,140187,2013-04-10
BGH,25.14,24.95,24.97,25.02,131773,2013-04-11
BGH,25.15,24.97,25.09,24.9999,99577,2013-04-12
BGH,25.07,24.9,25.07,25,78793,2013-04-15
BGH,25.05,24.95,25.01,25,70869,2013-04-16
BGH,25.05,24.97,25,25.05,59471,2013-04-17
BGH,25.13,24.88,24.95,25.1,76423,2013-04-18
BGH,25.2,25.06,25.14,25.2,66039,2013-04-19
BGH,25.18,24.95,25.1,25.09,107157,2013-04-22
BGH,25.14,24.78,25,24.84,134489,2013-04-23
BGH,24.95,24.78,24.88,24.81,84587,2013-04-24
BGH,24.99,24.83,24.94,24.8501,75023,2013-04-25
BGH,24.98,24.77,24.89,24.98,99512,2013-04-26
BGH,25.1,24.85,24.85,25.08,45478,2013-04-29
BGH,25.2605,24.99,25.1,25.2,81162,2013-04-30
BGH,25.35,25.21,25.31,25.33,76192,2013-05-01
BGH,25.39,25.24,25.26,25.2799,86188,2013-05-02
BGH,25.4,25.06,25.4,25.1899,64386,2013-05-03
BGH,25.32,24.99,25.17,25.31,72386,2013-05-06
BGH,25.36,25.15,25.35,25.36,75474,2013-05-07
BGH,25.36,25.19,25.21,25.25,77836,2013-05-08
BGH,25.4,25.1992,25.33,25.24,73505,2013-05-09
BGH,25.36,25.15,25.33,25.18,72851,2013-05-10
BGH,25.24,25.1,25.24,25.15,67264,2013-05-13
BGH,25.2,25.07,25.12,25.15,80071,2013-05-14
BGH,25.15,25.01,25.14,25.0665,89865,2013-05-15
BGH,25.1195,25.04,25.1195,25.1,56064,2013-05-16
BGH,25.18,25.08,25.1,25.09,91973,2013-05-17
BGH,25.15,24.92,25.03,25.05,72343,2013-05-20
BGH,25.18,25,25.02,25.15,79298,2013-05-21
BGH,25.23,24.94,25.11,24.98,119045,2013-05-22
BGH,24.92,24.82,24.92,24.89,84210,2013-05-23
BGH,24.98,24.64,24.98,24.75,85085,2013-05-24
BGH,24.99,24.56,24.99,24.66,136314,2013-05-28
BGH,24.66,24.35,24.66,24.42,127579,2013-05-29
BGH,24.67,24.3,24.31,24.67,83706,2013-05-30
BGH,24.83,24.6,24.67,24.64,103647,2013-05-31
BGH,24.89,24.6,24.85,24.63,116243,2013-06-03
BGH,24.75,24.55,24.69,24.59,98764,2013-06-04
BGH,24.6373,24.5,24.6,24.5004,89092,2013-06-05
BGH,24.63,24.45,24.51,24.4899,72639,2013-06-06
BGH,24.74,24.5,24.66,24.72,67167,2013-06-07
BGH,24.69,24.3,24.69,24.35,76044,2013-06-10
BGH,24.39,24.09,24.35,24.13,135369,2013-06-11
BGH,24.2,23.95,24.16,23.96,153788,2013-06-12
BGH,24.001,23.368,24,23.89,176029,2013-06-13
BGH,24.25,23.75,23.92,23.98,80746,2013-06-14
BGH,24.56,23.96,24.18,24.2,51685,2013-06-17
BGH,24.12,23.63,24.1,23.74,105532,2013-06-18
BGH,23.79,23.11,23.66,23.23,130865,2013-06-19
BGH,23.19,22.51,22.63,22.8,234799,2013-06-20
BGH,23.179,22.75,22.85,23.16,93422,2013-06-21
BGH,22.98,21.9,22.83,22.13,268511,2013-06-24
BGH,22.4645,21.96,22.22,22.23,157577,2013-06-25
BGH,23.02,22.26,22.41,22.36,149020,2013-06-26
BGH,23.16,22.5,22.5,22.98,64529,2013-06-27
BGH,23.26,22.6,23.09,22.95,85798,2013-06-28
BGH,23.4666,23.02,23.29,23.1,90031,2013-07-01
BGH,23.34,22.75,23.1,22.88,74826,2013-07-02
BGH,23.06,22.655,22.88,23.06,18659,2013-07-03
BGH,23.02,22.47,23.02,22.79,51047,2013-07-05
BGH,23.02,22.38,22.8,22.47,79699,2013-07-08
BGH,22.73,22.359,22.47,22.55,90096,2013-07-09
BGH,22.91,22.52,22.52,22.9,85461,2013-07-10
BGH,23.3,22.84,23.17,23.17,125756,2013-07-11
BGH,23.44,23.17,23.29,23.3,49971,2013-07-12
BGH,23.49,23.2301,23.4,23.4,53213,2013-07-15
BGH,23.5,23.17,23.5,23.24,51746,2013-07-16
BGH,23.59,23.15,23.25,23.59,57385,2013-07-17
BGH,23.7,23.38,23.7,23.51,70242,2013-07-18
BGH,23.4,23.06,23.4,23.2,72139,2013-07-19
BGH,23.29,22.84,23.2,22.85,108377,2013-07-22
BGH,23.01,22.75,22.89,22.96,77034,2013-07-23
BGH,22.98,22.75,22.98,22.86,88174,2013-07-24
BGH,23.01,22.63,22.95,22.71,75517,2013-07-25
BGH,22.95,22.69,22.71,22.92,58827,2013-07-26
BGH,23,22.73,22.86,22.82,75768,2013-07-29
BGH,23.09,22.77,22.95,22.87,93476,2013-07-30
BGH,23.0099,22.82,22.95,22.9,54228,2013-07-31
BGH,23.2,22.85,23.12,22.89,75640,2013-08-01
BGH,23.287,22.82,22.83,23.2,84348,2013-08-02
BGH,23.44,23.17,23.37,23.28,50120,2013-08-05
BGH,23.36,23.15,23.36,23.34,59942,2013-08-06
BGH,23.39,23.2,23.2,23.39,49890,2013-08-07
BGH,23.44,22.93,23.31,22.93,157228,2013-08-08
BGH,23.3599,22.96,23.03,23.25,54967,2013-08-09
BGH,23.45,23.25,23.27,23.3,34953,2013-08-12
BGH,23.45,23.12,23.45,23.29,67255,2013-08-13
BGH,23.34,22.86,23.34,22.87,58943,2013-08-14
BGH,22.93,22.75,22.83,22.84,60680,2013-08-15
BGH,23.19,23,23,23.12,114786,2013-08-16
BGH,23.16,22.65,23.02,22.65,80890,2013-08-19
BGH,22.89,22.42,22.6,22.7,136930,2013-08-20
BGH,22.92,22.55,22.55,22.58,105541,2013-08-21
BGH,22.79,22.38,22.57,22.46,133961,2013-08-22
BGH,22.51,22.33,22.44,22.42,119613,2013-08-23
BGH,22.58,22.4,22.4,22.41,98144,2013-08-26
BGH,22.56,22.3,22.4,22.42,98570,2013-08-27
BGH,22.6,22.32,22.48,22.54,74057,2013-08-28
BGH,22.6,22.41,22.5,22.5,67911,2013-08-29
BGH,22.64,22.35,22.46,22.42,140277,2013-08-30
BGH,22.61,22.3565,22.52,22.41,85318,2013-09-03
BGH,22.51,22.37,22.44,22.44,119123,2013-09-04
BGH,22.55,22.39,22.42,22.4,52752,2013-09-05
BGH,22.54,22.4,22.5,22.51,37678,2013-09-06
BGH,22.57,22.37,22.57,22.41,71376,2013-09-09
BGH,22.62,22.42,22.48,22.62,60278,2013-09-10
BGH,22.67,22.44,22.53,22.6,95184,2013-09-11
BGH,22.72,22.54,22.63,22.58,107995,2013-09-12
BGH,22.7,22.6,22.69,22.6,73484,2013-09-13
BGH,22.92,22.73,22.75,22.9,55651,2013-09-16
BGH,22.9588,22.7,22.9,22.79,100581,2013-09-17
BGH,23.06,22.4899,22.62,23.03,128091,2013-09-18
BGH,23.15,22.68,23,22.8,112034,2013-09-19
BGH,22.89,22.6,22.81,22.61,62345,2013-09-20
BGH,22.88,22.52,22.71,22.58,100087,2013-09-23
BGH,22.68,22.5,22.58,22.6,132779,2013-09-24
BGH,22.71,22.58,22.65,22.62,81578,2013-09-25
BGH,22.69,22.54,22.62,22.56,93536,2013-09-26
BGH,22.67,22.51,22.64,22.59,122359,2013-09-27
BGH,22.83,22.57,22.59,22.83,130291,2013-09-30
BGH,22.88,22.62,22.75,22.79,74204,2013-10-01
BGH,22.88,22.71,22.79,22.86,76683,2013-10-02
BGH,23.05,22.81,22.82,22.98,91037,2013-10-03
BGH,23.07,22.89,22.98,22.9,29123,2013-10-04
BGH,22.97,22.84,22.91,22.88,47738,2013-10-07
BGH,22.96,22.63,22.96,22.67,124660,2013-10-08
BGH,22.86,22.7055,22.79,22.84,49663,2013-10-09
BGH,23.14,22.85,22.85,23.14,74582,2013-10-10
BGH,23.11,22.89,23.11,23.11,49970,2013-10-11
BGH,23.11,22.97,23.11,22.97,42097,2013-10-14
BGH,23.07,22.65,22.97,22.74,79837,2013-10-15
BGH,22.9595,22.75,22.75,22.95,57262,2013-10-16
BGH,23.33,22.871,22.95,23.27,115353,2013-10-17
BGH,23.48,23.14,23.28,23.24,77565,2013-10-18
BGH,23.18,23.02,23.09,23.05,59691,2013-10-21
BGH,23.25,23.03,23.11,23.1,81560,2013-10-22
BGH,23.35,23.05,23.05,23.25,81257,2013-10-23
BGH,23.4299,23.16,23.38,23.19,61728,2013-10-24
BGH,23.3499,23.18,23.25,23.25,55440,2013-10-25
BGH,23.47,23.15,23.16,23.31,130935,2013-10-28
BGH,23.35,23.17,23.34,23.24,95903,2013-10-29
BGH,23.34,23.17,23.24,23.24,71306,2013-10-30
BGH,23.2873,23.18,23.21,23.25,52752,2013-10-31
BGH,23.29,23,23.29,23.18,79159,2013-11-01
BGH,23.24,23.1,23.15,23.15,68211,2013-11-04
BGH,23.34,23.11,23.15,23.34,54307,2013-11-05
BGH,23.33,23.23,23.23,23.278,43718,2013-11-06
BGH,23.34,23.14,23.34,23.14,66084,2013-11-07
BGH,23.18,23,23.15,23.08,115133,2013-11-08
BGH,23.22,23.03,23.07,23.05,53337,2013-11-11
BGH,23.18,23.02,23.1,23.04,91216,2013-11-12
BGH,23.26,23,23.15,23.05,136566,2013-11-13
BGH,23.1,22.92,23.06,22.95,129776,2013-11-14
BGH,23.02,22.93,23.02,22.96,45241,2013-11-15
BGH,22.99,22.78,22.91,22.9,131796,2013-11-18
BGH,22.95,22.75,22.86,22.94,135412,2013-11-19
BGH,22.96,22.77,22.9,22.9,93426,2013-11-20
BGH,22.93,22.78,22.85,22.8,98503,2013-11-21
BGH,22.85,22.69,22.8,22.76,102022,2013-11-22
BGH,22.74,22.52,22.65,22.67,206443,2013-11-25
BGH,22.97,22.65,22.67,22.93,115463,2013-11-26
BGH,23,22.87,22.87,22.9801,62701,2013-11-27
BGH,23,22.83,22.89,22.98,36964,2013-11-29
BGH,23.09,22.8501,23.09,23,79751,2013-12-02
BGH,23.15,23,23.06,23.05,92646,2013-12-03
BGH,23.116,22.96,22.99,23,111676,2013-12-04
BGH,23.09,22.92,23,23.07,76510,2013-12-05
BGH,23.21,23.0201,23.08,23.2,95766,2013-12-06
BGH,23.49,23.2,23.2,23.4,139438,2013-12-09
BGH,23.4999,23.4,23.47,23.48,74850,2013-12-10
BGH,23.58,23.22,23.42,23.35,88536,2013-12-11
BGH,23.39,23.06,23.39,23.13,114467,2013-12-12
BGH,23.3,23.07,23.12,23.3,98685,2013-12-13
BGH,23.54,23.36,23.37,23.45,62217,2013-12-16
BGH,23.55,23.3801,23.55,23.54,68668,2013-12-17
BGH,23.5699,23.16,23.16,23.26,144314,2013-12-18
BGH,23.58,23.08,23.2,23.49,80319,2013-12-19
BGH,23.54,23.08,23.53,23.2846,212122,2013-12-20
BGH,23.49,23.12,23.29,23.37,190979,2013-12-23
BGH,23.51,23.32,23.47,23.5,60565,2013-12-24
BGH,23.51,23.14,23.32,23.17,152506,2013-12-26
BGH,23.46,23.15,23.15,23.39,65302,2013-12-27
BGH,23.48,23.16,23.34,23.3,145461,2013-12-30
BGH,23.429,23.12,23.42,23.12,172838,2013-12-31
BGH,23.44,23.2668,23.33,23.42,68250,2014-01-02
BGH,23.6,23.32,23.44,23.589,51133,2014-01-03
BGH,23.88,23.54,23.55,23.76,107800,2014-01-06
BGH,23.88,23.6601,23.75,23.83,53780,2014-01-07
BGH,23.89,23.53,23.89,23.79,60689,2014-01-08
BGH,23.88,23.71,23.71,23.88,47096,2014-01-09
BGH,24,23.83,23.95,23.92,45388,2014-01-10
BGH,24,23.82,23.98,23.86,56426,2014-01-13
BGH,23.94,23.71,23.9,23.71,54540,2014-01-14
BGH,23.89,23.61,23.89,23.8004,47516,2014-01-15
BGH,23.8555,23.66,23.82,23.79,87334,2014-01-16
BGH,23.99,23.82,23.84,23.95,53507,2014-01-17
BGH,23.99,23.8018,23.91,23.94,53999,2014-01-21
BGH,24,23.9001,23.95,23.96,56810,2014-01-22
BGH,24.07,23.74,24,23.8,81597,2014-01-23
BGH,23.94,23.58,23.75,23.6199,46088,2014-01-24
BGH,23.77,23.38,23.74,23.4,65050,2014-01-27
BGH,23.64,23.36,23.63,23.5,51498,2014-01-28
BGH,23.72,23.4347,23.52,23.45,44712,2014-01-29
BGH,23.78,23.3,23.58,23.4,74540,2014-01-30
BGH,23.45,23.21,23.35,23.37,87273,2014-01-31
BGH,23.59,23.4,23.48,23.47,66739,2014-02-03
BGH,23.68,23.5,23.5,23.6,70171,2014-02-04
BGH,23.64,23.5001,23.64,23.51,51054,2014-02-05
BGH,23.63,23.5,23.6,23.58,46122,2014-02-06
BGH,23.84,23.6,23.62,23.84,33763,2014-02-07
BGH,23.99,23.64,23.98,23.78,88020,2014-02-10
BGH,23.85,23.63,23.8,23.7,75224,2014-02-11
BGH,23.8,23.66,23.8,23.71,54519,2014-02-12
BGH,23.85,23.7,23.72,23.76,34482,2014-02-13
BGH,23.96,23.64,23.64,23.92,43805,2014-02-14
BGH,23.91,23.75,23.8,23.75,60307,2014-02-18
BGH,23.89,23.62,23.79,23.68,64018,2014-02-19
BGH,23.79,23.66,23.69,23.7199,48148,2014-02-20
BGH,23.95,23.68,23.79,23.89,153088,2014-02-21
BGH,23.95,23.85,23.95,23.9,86504,2014-02-24
BGH,23.91,23.831,23.9,23.89,46258,2014-02-25
BGH,24.09,23.91,23.98,24.01,161363,2014-02-26
BGH,24.08,23.8,24.02,23.95,155962,2014-02-27
BGH,24.12,23.9,23.99,24.11,101482,2014-02-28
BGH,24.26,24.02,24.09,24.21,124235,2014-03-03
BGH,24.33,24,24.33,24,217904,2014-03-04
BGH,24.09,23.89,24.02,24.02,82580,2014-03-05
BGH,24.2,24.05,24.12,24.2,61974,2014-03-06
BGH,24.22,24.03,24.22,24.11,61482,2014-03-07
BGH,24.2,24.08,24.08,24.17,43263,2014-03-10
BGH,24.27,23.97,24.27,24.12,137152,2014-03-11
BGH,24.22,24.0401,24.1,24.22,52216,2014-03-12
BGH,24.32,24.07,24.28,24.13,56133,2014-03-13
BGH,24.24,24.04,24.04,24.18,69547,2014-03-14
BGH,24.28,24.16,24.28,24.21,68055,2014-03-17
BGH,24.341,24.22,24.28,24.34,102997,2014-03-18
BGH,24.28,23.98,24.28,23.99,72911,2014-03-19
BGH,24.09,23.65,23.94,23.76,74202,2014-03-20
BGH,24.07,23.672,23.78,23.94,94929,2014-03-21
BGH,24.09,23.89,23.89,23.99,78098,2014-03-24
BGH,24.1,23.98,24.06,24.03,67082,2014-03-25
BGH,24.09,23.82,24.03,23.88,72914,2014-03-26
BGH,23.929,23.8502,23.88,23.86,59859,2014-03-27
BGH,24.1,23.85,23.86,24.05,41454,2014-03-28
BGH,24.11,23.95,24.11,23.97,83849,2014-03-31
BGH,24.22,24.0304,24.11,24.12,65323,2014-04-01
BGH,24.23,24.11,24.17,24.17,59391,2014-04-02
BGH,24.22,24.06,24.16,24.19,45848,2014-04-03
BGH,24.38,24.09,24.11,24.25,112590,2014-04-04
BGH,24.41,24.13,24.34,24.14,105427,2014-04-07
BGH,24.3,24.15,24.15,24.25,48029,2014-04-08
BGH,24.3,24.17,24.3,24.2,45442,2014-04-09
BGH,24.24,24.16,24.16,24.24,40849,2014-04-10
BGH,24.24,24.09,24.23,24.09,41588,2014-04-11
BGH,24.3,24.15,24.22,24.26,55361,2014-04-14
BGH,24.3,24.211,24.29,24.22,34941,2014-04-15
BGH,24.33,24.22,24.22,24.32,56783,2014-04-16
BGH,24.3,24.17,24.27,24.22,83160,2014-04-17
BGH,24.33,24.13,24.3,24.28,58125,2014-04-21
BGH,24.45,24.2201,24.3,24.42,80314,2014-04-22
BGH,24.51,24.33,24.35,24.46,46360,2014-04-23
BGH,24.57,24.37,24.46,24.5,51508,2014-04-24
BGH,24.58,24.3,24.57,24.4,58331,2014-04-25
BGH,24.6,24.4,24.47,24.45,52954,2014-04-28
BGH,24.58,24.4001,24.55,24.46,39856,2014-04-29
BGH,24.45,24.23,24.45,24.29,70575,2014-04-30
BGH,24.38,24.26,24.35,24.28,52464,2014-05-01
BGH,24.35,24.22,24.22,24.28,72821,2014-05-02
BGH,24.34,24.209,24.32,24.22,51789,2014-05-05
BGH,24.3,24.2176,24.22,24.28,53512,2014-05-06
BGH,24.33,24.22,24.28,24.2999,68126,2014-05-07
BGH,24.33,24.25,24.3,24.326,38698,2014-05-08
BGH,24.44,24.3,24.3,24.4,29751,2014-05-09
BGH,24.5,24.37,24.44,24.38,44845,2014-05-12
BGH,24.51,24.273,24.4,24.3,114799,2014-05-13
BGH,24.3,24.27,24.3,24.29,110318,2014-05-14
BGH,24.36,24.07,24.31,24.15,121286,2014-05-15
BGH,24.34,24.16,24.16,24.34,67214,2014-05-16
BGH,24.3,24.23,24.3,24.28,39593,2014-05-19
BGH,24.41,24.23,24.35,24.39,40721,2014-05-20
BGH,24.41,24.19,24.41,24.35,61249,2014-05-21
BGH,24.46,24.34,24.46,24.4,39826,2014-05-22
BGH,24.48,24.26,24.46,24.29,60881,2014-05-23
BGH,24.39,24.21,24.38,24.28,44594,2014-05-27
BGH,24.41,24.32,24.36,24.39,64074,2014-05-28
BGH,24.59,24.37,24.45,24.38,83934,2014-05-29
BGH,24.57,24.38,24.48,24.5,68416,2014-05-30
BGH,24.55,24.45,24.55,24.48,50613,2014-06-02
BGH,24.48,24.36,24.48,24.46,91453,2014-06-03
BGH,24.44,24.35,24.44,24.44,34339,2014-06-04
BGH,24.51,24.36,24.44,24.41,40849,2014-06-05
BGH,24.54,24.42,24.52,24.48,41078,2014-06-06
BGH,24.59,24.41,24.58,24.51,68073,2014-06-09
BGH,24.59,24.4516,24.57,24.54,56469,2014-06-10
BGH,24.6,24.47,24.55,24.6,53822,2014-06-11
BGH,24.69,24.59,24.6,24.68,34796,2014-06-12
BGH,24.7004,24.58,24.67,24.62,51483,2014-06-13
BGH,24.69,24.62,24.69,24.648,39825,2014-06-16
BGH,24.705,24.6,24.7,24.63,68061,2014-06-17
BGH,24.65,24.54,24.6,24.59,49789,2014-06-18
BGH,24.66,24.5,24.61,24.5,37889,2014-06-19
BGH,24.62,24.36,24.59,24.39,53392,2014-06-20
BGH,24.53,24.45,24.52,24.51,39960,2014-06-23
BGH,24.52,24.32,24.52,24.39,49912,2014-06-24
BGH,24.39,24.32,24.35,24.33,50411,2014-06-25
BGH,24.43,24.34,24.39,24.34,45652,2014-06-26
BGH,24.43,24.33,24.36,24.43,44224,2014-06-27
BGH,24.5,24.4,24.49,24.43,36176,2014-06-30
BGH,24.49,24.4,24.47,24.45,68557,2014-07-01
BGH,24.52,24.34,24.5,24.38,53575,2014-07-02
BGH,24.49,24.34,24.42,24.44,39638,2014-07-03
BGH,24.49,24.38,24.43,24.44,100065,2014-07-07
BGH,24.49,24.38,24.49,24.4,52097,2014-07-08
BGH,24.43,24.38,24.41,24.39,51612,2014-07-09
BGH,24.4299,24.39,24.4,24.41,38130,2014-07-10
BGH,24.49,24.41,24.43,24.49,52638,2014-07-11
BGH,24.62,24.4401,24.5,24.48,49901,2014-07-14
BGH,24.56,24.42,24.56,24.425,47948,2014-07-15
BGH,24.57,24.4201,24.54,24.4201,50650,2014-07-16
BGH,24.55,24.41,24.55,24.42,67964,2014-07-17
BGH,24.59,24.42,24.42,24.5124,61176,2014-07-18
BGH,24.49,24.26,24.49,24.27,68960,2014-07-21
BGH,24.33,24.24,24.29,24.25,69190,2014-07-22
BGH,24.37,24.24,24.28,24.2986,55643,2014-07-23
BGH,24.38,24.28,24.33,24.3,33625,2014-07-24
BGH,24.51,24.2896,24.46,24.34,60372,2014-07-25
BGH,24.45,24.27,24.41,24.31,46314,2014-07-28
BGH,24.43,24.31,24.31,24.36,40087,2014-07-29
BGH,24.4,23.84,24.4,23.95,125016,2014-07-30
BGH,23.94,23.25,23.92,23.45,236770,2014-07-31
BGH,23.38,22.85,23.02,23.21,303046,2014-08-01
BGH,23.2501,23.06,23.14,23.1,184189,2014-08-04
BGH,23.157,22.74,23.1,22.94,138939,2014-08-05
BGH,23.19,22.77,22.87,23.08,104256,2014-08-06
BGH,23.25,23.05,23.21,23.1,48136,2014-08-07
BGH,23.28,23.12,23.21,23.28,81504,2014-08-08
BGH,23.47,23.2858,23.34,23.43,76607,2014-08-11
BGH,23.57,23.41,23.47,23.45,66408,2014-08-12
BGH,23.56,23.4311,23.56,23.517,148062,2014-08-13
BGH,23.69,23.56,23.59,23.64,52752,2014-08-14
BGH,23.83,23.51,23.77,23.72,129817,2014-08-15
BGH,23.88,23.73,23.8,23.85,59842,2014-08-18
BGH,23.8704,23.67,23.79,23.7,57758,2014-08-19
BGH,23.84,23.61,23.79,23.63,51769,2014-08-20
BGH,23.75,23.44,23.65,23.44,74359,2014-08-21
BGH,23.5,23.35,23.49,23.38,51609,2014-08-22
BGH,23.47,23.16,23.47,23.35,67866,2014-08-25
BGH,23.44,23.2501,23.36,23.36,71474,2014-08-26
BGH,23.68,23.36,23.45,23.45,108797,2014-08-27
BGH,23.59,23.37,23.46,23.43,65356,2014-08-28
BGH,23.53,23.37,23.45,23.53,67275,2014-08-29
BGH,23.61,23.48,23.61,23.51,56933,2014-09-02
BGH,23.65,23.42,23.52,23.64,148360,2014-09-03
BGH,23.68,23.39,23.68,23.51,86845,2014-09-04
BGH,23.55,23.43,23.55,23.51,37541,2014-09-05
BGH,23.55,23.458,23.53,23.55,44831,2014-09-08
BGH,23.56,23.32,23.56,23.34,58314,2014-09-09
BGH,23.46,23.32,23.39,23.35,58941,2014-09-10
BGH,23.49,23.37,23.37,23.39,64771,2014-09-11
BGH,23.45,23.33,23.43,23.39,51039,2014-09-12
BGH,23.47,23.036,23.47,23.2,123504,2014-09-15
BGH,23.25,23.11,23.2,23.25,46532,2014-09-16
BGH,23.3,23.1601,23.29,23.3,57117,2014-09-17
BGH,23.16,22.97,23.11,22.99,63241,2014-09-18
BGH,23.09,23.01,23.01,23.01,37438,2014-09-19
BGH,23.0899,22.94,23.04,23.05,58268,2014-09-22
BGH,23.02,22.86,22.96,22.87,73986,2014-09-23
BGH,23,22.75,22.94,22.88,104545,2014-09-24
BGH,22.93,22.75,22.93,22.75,61949,2014-09-25
BGH,22.82,22.63,22.75,22.82,103857,2014-09-26
BGH,22.78,22.51,22.78,22.7,89779,2014-09-29
BGH,22.88,22.5943,22.79,22.78,79245,2014-09-30
BGH,22.78,22.42,22.78,22.5899,123071,2014-10-01
BGH,22.62,22.39,22.54,22.42,137296,2014-10-02
BGH,22.63,22.48,22.48,22.55,38935,2014-10-03
BGH,23.29,22.8001,22.91,23.28,437402,2014-10-06
BGH,23.55,23.12,23.37,23.47,210820,2014-10-07
BGH,23.69,23.41,23.59,23.61,278113,2014-10-08
BGH,23.629,23.361,23.59,23.56,152158,2014-10-09
BGH,23.5785,23.21,23.56,23.24,97110,2014-10-10
BGH,23.48,23.12,23.19,23.19,93702,2014-10-13
BGH,23.308,23.1,23.15,23.2,91067,2014-10-14
BGH,23.1599,22.55,23.14,22.69,221872,2014-10-15
BGH,23.19,22.52,22.55,23,69887,2014-10-16
BGH,23.15,22.87,23.07,23.06,119158,2014-10-17
BGH,23.17,22.95,23.07,23.1,58374,2014-10-20
BGH,23.25,23.03,23.04,23.17,133722,2014-10-21
BGH,23.25,23.12,23.23,23.16,88880,2014-10-22
BGH,23.45,23.16,23.34,23.22,66496,2014-10-23
BGH,23.24,23.02,23.15,23.04,82998,2014-10-24
BGH,23.12,22.76,22.93,22.76,105494,2014-10-27
BGH,22.99,22.77,22.77,22.98,68224,2014-10-28
BGH,22.99,22.745,22.95,22.93,54099,2014-10-29
BGH,22.89,22.72,22.89,22.77,87765,2014-10-30
BGH,22.86,22.75,22.81,22.83,52895,2014-10-31
BGH,22.889,22.7,22.86,22.86,87728,2014-11-03
BGH,22.85,22.723,22.76,22.78,73135,2014-11-04
BGH,22.93,22.72,22.93,22.83,58893,2014-11-05
BGH,22.84,22.7,22.82,22.75,71564,2014-11-06
BGH,22.76,22.7,22.75,22.7398,45426,2014-11-07
BGH,22.78,22.73,22.76,22.75,47699,2014-11-10
BGH,22.81,22.7,22.71,22.81,52127,2014-11-11
BGH,22.8,22.73,22.73,22.79,27764,2014-11-12
BGH,22.83,22.74,22.8,22.75,49002,2014-11-13
BGH,22.77,22.63,22.76,22.7,90326,2014-11-14
BGH,22.58,22.355,22.5,22.36,93672,2014-11-17
BGH,22.44,22.19,22.33,22.26,104853,2014-11-18
BGH,22.41,22.1,22.23,22.14,98366,2014-11-19
BGH,22.11,21.92,22.03,22.01,190372,2014-11-20
BGH,22.15,21.98,22.06,22.04,134372,2014-11-21
BGH,22.14,21.93,22.04,21.95,150425,2014-11-24
BGH,22.05,21.9,21.95,22.03,108112,2014-11-25
BGH,22.06,21.99,22.01,21.99,66858,2014-11-26
BGH,22,21.93,22,21.99,93568,2014-11-28
BGH,22.01,21.82,22.01,21.83,117816,2014-12-01
BGH,21.82,21.65,21.81,21.65,166895,2014-12-02
BGH,21.72,21.53,21.6,21.53,82672,2014-12-03
BGH,21.59,21.38,21.49,21.45,118518,2014-12-04
BGH,21.4999,21.13,21.46,21.36,232631,2014-12-05
BGH,21.34,21.05,21.34,21.13,171212,2014-12-08
BGH,21.25,21.04,21.1,21.15,181689,2014-12-09
BGH,21.23,20.72,21.11,20.81,210839,2014-12-10
BGH,20.99,20.56,20.89,20.77,184052,2014-12-11
BGH,20.71,20.54,20.69,20.58,190912,2014-12-12
BGH,20.66,20.37,20.62,20.45,199829,2014-12-15
BGH,20.45,20.27,20.42,20.38,192993,2014-12-16
BGH,20.8,20.39,20.39,20.77,271052,2014-12-17
BGH,20.8,20.05,20.27,20.13,270200,2014-12-18
BGH,20.37,19.91,20.15,20.22,318408,2014-12-19
BGH,20.33,19.99,20.25,20.13,251936,2014-12-22
BGH,20.22,20.04,20.04,20.2,271444,2014-12-23
BGH,20.24,20.1,20.16,20.19,209185,2014-12-24
BGH,20.33,20.2,20.2,20.29,145630,2014-12-26
BGH,20.38,20.02,20.33,20.1,233094,2014-12-29
BGH,20.1499,19.96,20.02,20.08,283008,2014-12-30
BGH,20.21,20.04,20.04,20.19,241702,2014-12-31
BGH,20.4491,20.24,20.4,20.29,125894,2015-01-02
BGH,20.75,20.062,20.5,20.29,372214,2015-01-05
BGH,20.43,20.19,20.41,20.32,215992,2015-01-06
BGH,20.53,20.37,20.43,20.48,78255,2015-01-07
BGH,20.57,20.41,20.49,20.52,56729,2015-01-08
BGH,20.6099,20.49,20.59,20.49,70615,2015-01-09
BGH,20.95,20.56,20.65,20.84,356061,2015-01-12
BGH,21.01,20.8548,21.01,20.97,227862,2015-01-13
BGH,20.9299,20.75,20.89,20.86,131313,2015-01-14
BGH,20.98,20.79,20.96,20.83,98879,2015-01-15
BGH,20.94,20.8,20.86,20.9,117038,2015-01-16
BGH,20.8,20.63,20.79,20.69,149586,2015-01-20
BGH,20.74,20.62,20.7,20.69,126011,2015-01-21
BGH,20.8001,20.69,20.8,20.74,63081,2015-01-22
BGH,20.76,20.72,20.76,20.75,61096,2015-01-23
BGH,20.78,20.611,20.76,20.66,90717,2015-01-26
BGH,20.7299,20.6,20.61,20.68,82549,2015-01-27
BGH,20.9,20.63,20.74,20.65,87583,2015-01-28
BGH,20.8,20.681,20.74,20.77,59891,2015-01-29
BGH,20.88,20.71,20.77,20.72,87939,2015-01-30
BGH,20.89,20.68,20.89,20.68,95847,2015-02-02
BGH,20.81,20.74,20.77,20.79,92475,2015-02-03
BGH,20.905,20.79,20.86,20.8834,46969,2015-02-04
BGH,20.99,20.88,20.92,20.99,72264,2015-02-05
BGH,21.14,21,21.09,21.14,64901,2015-02-06
BGH,21.22,21.07,21.13,21.16,72568,2015-02-09
BGH,21.25,21.09,21.23,21.2,84448,2015-02-10
BGH,21.27,21.12,21.27,21.1699,65594,2015-02-11
BGH,21.3,21.15,21.3,21.18,84491,2015-02-12
BGH,21.2638,21.1101,21.18,21.24,93554,2015-02-13
BGH,21.1453,20.951,21.1,20.96,68192,2015-02-17
BGH,21.08,20.84,21.03,20.88,75265,2015-02-18
BGH,20.94,20.65,20.69,20.8,79335,2015-02-19
BGH,20.99,20.8,20.8,20.97,43567,2015-02-20
BGH,21.21,21.0401,21.07,21.2,54815,2015-02-23
BGH,21.3199,21.06,21.06,21.19,57060,2015-02-24
BGH,21.48,21.16,21.16,21.41,122206,2015-02-25
BGH,21.544,21.27,21.4,21.39,182869,2015-02-26
BGH,21.4799,21.283,21.32,21.41,45654,2015-02-27
BGH,21.53,21.35,21.43,21.35,60247,2015-03-02
BGH,21.43,21.25,21.25,21.43,91099,2015-03-03
BGH,21.42,21.31,21.38,21.4,68630,2015-03-04
BGH,21.45,21.32,21.41,21.39,89744,2015-03-05
BGH,21.38,21.26,21.38,21.3,67550,2015-03-06
BGH,21.37,21.25,21.3,21.34,67808,2015-03-09
BGH,21.36,21.3,21.32,21.35,74664,2015-03-10
BGH,21.4,21.18,21.39,21.2,55599,2015-03-11
BGH,21.4,21.2501,21.29,21.38,37372,2015-03-12
BGH,21.4,21.28,21.36,21.32,101388,2015-03-13
BGH,21.45,21.22,21.29,21.29,118005,2015-03-16
BGH,21.37,21.21,21.27,21.24,61451,2015-03-17
BGH,21.33,21.25,21.27,21.33,68142,2015-03-18
BGH,21.2,20.83,21.2,20.84,86939,2015-03-19
BGH,20.97,20.83,20.83,20.92,59506,2015-03-20
BGH,20.99,20.85,20.95,20.89,68143,2015-03-23
BGH,20.93,20.82,20.92,20.92,55230,2015-03-24
BGH,20.95,20.8,20.91,20.8,98524,2015-03-25
BGH,20.82,20.736,20.81,20.75,64602,2015-03-26
BGH,20.88,20.7101,20.75,20.77,55515,2015-03-27
BGH,20.82,20.75,20.78,20.77,62546,2015-03-30
BGH,20.85,20.77,20.81,20.78,32181,2015-03-31
BGH,20.94,20.8,20.92,20.86,50628,2015-04-01
BGH,20.99,20.77,20.8,20.794,48107,2015-04-02
BGH,20.92,20.8,20.8,20.8836,36776,2015-04-06
BGH,21,20.9,20.93,20.99,42882,2015-04-07
BGH,21.11,20.96,21,21.0516,51116,2015-04-08
BGH,21.13,20.98,20.98,21.11,45500,2015-04-09
BGH,21.1199,21.04,21.08,21.06,34355,2015-04-10
BGH,21.25,20.95,21.02,20.97,74315,2015-04-13
BGH,21.15,21,21.11,21.11,46094,2015-04-14
BGH,21.16,21.01,21.16,21.03,45679,2015-04-15
BGH,21.13,21.04,21.05,21.06,52414,2015-04-16
BGH,21.08,20.92,21.02,20.94,50683,2015-04-17
BGH,20.89,20.82,20.88,20.85,69879,2015-04-20
BGH,20.8908,20.81,20.85,20.8799,35595,2015-04-21
BGH,20.92,20.81,20.89,20.91,68253,2015-04-22
BGH,20.99,20.89,20.94,20.91,51087,2015-04-23
BGH,20.95,20.83,20.93,20.86,47769,2015-04-24
BGH,20.91,20.725,20.88,20.78,101672,2015-04-27
BGH,20.87,20.74,20.77,20.86,40083,2015-04-28
BGH,20.87,20.78,20.84,20.87,27722,2015-04-29
BGH,20.91,20.7,20.89,20.85,46359,2015-04-30
BGH,20.92,20.81,20.92,20.86,46852,2015-05-01
BGH,20.82,20.68,20.8,20.7099,133667,2015-05-04
BGH,20.81,20.62,20.73,20.649,49149,2015-05-05
BGH,20.66,20.5,20.57,20.6239,82139,2015-05-06
BGH,20.671,20.63,20.63,20.66,39350,2015-05-07
BGH,20.78,20.7,20.71,20.74,47738,2015-05-08
BGH,20.8,20.71,20.74,20.74,39579,2015-05-11
BGH,20.76,20.7,20.71,20.75,39856,2015-05-12
BGH,20.84,20.67,20.84,20.702,77064,2015-05-13
BGH,20.8,20.74,20.76,20.79,39888,2015-05-14
BGH,20.85,20.77,20.82,20.83,45910,2015-05-15
BGH,20.75,20.58,20.75,20.62,84336,2015-05-18
BGH,20.67,20.52,20.62,20.54,64138,2015-05-19
BGH,20.579,20.49,20.56,20.49,55749,2015-05-20
BGH,20.6,20.5,20.55,20.52,56555,2015-05-21
BGH,20.57,20.41,20.46,20.47,95108,2015-05-22
BGH,20.5,20.3,20.5,20.46,130005,2015-05-26
BGH,20.48,20.34,20.42,20.48,90736,2015-05-27
BGH,20.4699,20.36,20.46,20.39,61422,2015-05-28
BGH,20.4462,20.37,20.4,20.44,64685,2015-05-29
BGH,20.47,20.37,20.47,20.41,78423,2015-06-01
BGH,20.58,20.37,20.39,20.53,157313,2015-06-02
BGH,20.55,20.43,20.55,20.45,43141,2015-06-03
BGH,20.46,20.39,20.4,20.4,53357,2015-06-04
BGH,20.4,20.31,20.39,20.32,49239,2015-06-05
BGH,20.38,20.29,20.38,20.31,0,2015-06-08
BGH,20.32,20.2,20.3,20.22,0,2015-06-09
BGH,20.24,20.19,20.24,20.21,34496,2015-06-10
BGH,20.22,20.1,20.2,20.12,87914,2015-06-11
BGH,20.14,20.06,20.1,20.1,76051,2015-06-12
BGH,20.111,20,20.03,20.07,82424,2015-06-15
BGH,20.14,20.03,20.03,20.1,64395,2015-06-16
BGH,20.12,20.04,20.09,20.06,98879,2015-06-17
BGH,19.98,19.86,19.98,19.89,116745,2015-06-18
BGH,19.92,19.8,19.86,19.84,73861,2015-06-19
BGH,19.95,19.84,19.84,19.92,62465,2015-06-22
BGH,20.03,19.93,19.99,20.01,57868,2015-06-23
BGH,20.0399,19.9,19.96,19.93,76019,2015-06-24
BGH,19.97,19.76,19.86,19.76,87168,2015-06-25
BGH,19.83,19.63,19.81,19.69,171042,2015-06-26
BGH,19.7,19.51,19.58,19.51,106877,2015-06-29
BGH,19.95,19.52,19.63,19.95,131940,2015-06-30
BGH,19.99,19.85,19.99,19.93,101135,2015-07-01
BGH,20.06,19.93,19.98,20.06,187571,2015-07-02
BGH,20.15,20,20.14,20.0116,117391,2015-07-06
BGH,20.14,19.96,20.1,20.11,103064,2015-07-07
BGH,20.07,19.95,20.07,19.99,60277,2015-07-08
BGH,20.12,19.98,20.12,20.01,41183,2015-07-09
BGH,20.11,20.029,20.11,20.08,57691,2015-07-10
BGH,20.08,19.95,19.95,20.06,112382,2015-07-13
BGH,20.1,19.99,20.1,20.01,39932,2015-07-14
BGH,20.12,19.95,19.99,20.04,36485,2015-07-15
BGH,20.14,20.02,20.12,20.13,50517,2015-07-16
BGH,20.14,19.9845,20.14,20.02,68749,2015-07-17
BGH,20.1,19.95,20.1,20,91975,2015-07-20
BGH,19.9,19.6,19.88,19.63,146668,2015-07-21
BGH,19.61,19.43,19.6,19.47,80673,2015-07-22
BGH,19.53,19.37,19.47,19.37,82726,2015-07-23
BGH,19.37,18.98,19.34,19.04,193757,2015-07-24
BGH,18.94,18.85,18.94,18.919,82336,2015-07-27
BGH,19.07,18.864,18.91,18.97,108537,2015-07-28
BGH,19.13,18.88,18.88,19.08,147263,2015-07-29
BGH,19.19,19.02,19.05,19.1,121169,2015-07-30
BGH,19.17,19.1,19.13,19.12,53059,2015-07-31
BGH,19.24,19.02,19.09,19.11,86644,2015-08-03
BGH,19.24,19.09,19.09,19.11,62965,2015-08-04
BGH,19.21,19.11,19.19,19.11,66192,2015-08-05
BGH,19.11,18.96,19.11,18.96,65960,2015-08-06
BGH,19.03,18.88,18.96,18.88,63111,2015-08-07
BGH,18.92,18.7506,18.89,18.79,113487,2015-08-10
BGH,18.87,18.76,18.76,18.86,33535,2015-08-11
BGH,18.85,18.7,18.8,18.85,72323,2015-08-12
BGH,18.88,18.74,18.83,18.84,34494,2015-08-13
BGH,18.8873,18.67,18.8,18.68,59619,2015-08-14
BGH,18.59,18.45,18.51,18.53,92211,2015-08-17
BGH,18.59,18.4,18.5,18.58,82274,2015-08-18
BGH,18.46,18.3,18.46,18.34,66281,2015-08-19
BGH,18.28,18.02,18.15,18.07,172430,2015-08-20
BGH,18.11,17.942,18,18.0132,104234,2015-08-21
BGH,17.7,16.59,17.69,17.56,174860,2015-08-24
BGH,17.929,17.6,17.78,17.77,112983,2015-08-25
BGH,17.92,17.68,17.79,17.88,119272,2015-08-26
BGH,18.01,17.87,17.97,17.9699,116328,2015-08-27
BGH,18.09,17.83,17.83,18.04,82084,2015-08-28
BGH,18.02,17.94,18,18,69288,2015-08-31
BGH,18.04,17.85,17.85,17.96,99030,2015-09-01
BGH,18.13,17.98,17.98,18.06,143172,2015-09-02
BGH,18.1201,18.01,18.06,18.06,46224,2015-09-03
BGH,18.05,17.92,17.92,18.02,41178,2015-09-04
BGH,18.09,18.01,18.03,18.0401,56167,2015-09-08
BGH,18.08,17.98,18.03,17.98,54426,2015-09-09
BGH,18.05,17.94,17.96,18.02,35612,2015-09-10
BGH,18.05,17.85,17.85,18.03,26373,2015-09-11
BGH,18.02,17.92,17.97,17.92,26460,2015-09-14
BGH,17.9601,17.82,17.9,17.85,36774,2015-09-15
BGH,17.8995,17.7,17.87,17.72,86972,2015-09-16
BGH,17.8599,17.7,17.7,17.85,112515,2015-09-17
BGH,17.83,17.62,17.62,17.77,44903,2015-09-18
BGH,17.87,17.67,17.82,17.74,75826,2015-09-21
BGH,17.73,17.6,17.72,17.6799,81500,2015-09-22
BGH,17.75,17.57,17.69,17.6199,85264,2015-09-23
BGH,17.6,17.44,17.6,17.52,76601,2015-09-24
BGH,17.57,17.48,17.53,17.53,56047,2015-09-25
BGH,17.55,17.21,17.55,17.28,147648,2015-09-28
BGH,17.38,17.01,17.29,17.07,107957,2015-09-29
BGH,17.34,17.03,17.19,17.34,161587,2015-09-30
BGH,17.28,17.0501,17.28,17.16,104434,2015-10-01
BGH,17.19,16.99,17.02,17.12,82727,2015-10-02
BGH,17.18,17.12,17.14,17.14,89087,2015-10-05
BGH,17.16,17.01,17.12,17.11,83943,2015-10-06
BGH,17.27,17.1,17.14,17.24,91325,2015-10-07
BGH,17.75,17.1901,17.23,17.74,125410,2015-10-08
BGH,17.95,17.66,17.74,17.86,154006,2015-10-09
BGH,17.7907,17.69,17.75,17.7699,72112,2015-10-12
BGH,17.7382,17.6081,17.7,17.64,64999,2015-10-13
BGH,17.66,17.57,17.62,17.58,61086,2015-10-14
BGH,17.6,17.3987,17.5,17.6,87927,2015-10-15
BGH,17.66,17.56,17.57,17.66,39120,2015-10-16
BGH,17.77,17.65,17.66,17.73,80339,2015-10-19
BGH,17.64,17.54,17.59,17.6,86573,2015-10-20
BGH,17.67,17.51,17.63,17.67,96184,2015-10-21
BGH,17.75,17.63,17.63,17.7415,101807,2015-10-22
BGH,17.8,17.74,17.78,17.77,51860,2015-10-23
BGH,17.79,17.57,17.77,17.58,92981,2015-10-26
BGH,17.605,17.46,17.52,17.55,103525,2015-10-27
BGH,17.67,17.58,17.58,17.66,85886,2015-10-28
BGH,17.6453,17.55,17.63,17.62,48897,2015-10-29
BGH,17.62,17.53,17.58,17.61,68996,2015-10-30
BGH,17.71,17.6229,17.68,17.69,48960,2015-11-02
BGH,17.7,17.6,17.7,17.68,83983,2015-11-03
BGH,17.7,17.57,17.7,17.61,56775,2015-11-04
BGH,17.64,17.5334,17.64,17.58,93011,2015-11-05
BGH,17.57,17.476,17.57,17.51,64096,2015-11-06
BGH,17.52,17.32,17.48,17.32,81340,2015-11-09
BGH,17.38,17.2,17.3,17.35,63642,2015-11-10
BGH,17.38,17.24,17.38,17.26,48790,2015-11-11
BGH,17.31,17.22,17.24,17.3,82984,2015-11-12
BGH,17.27,17.1,17.27,17.17,68641,2015-11-13
BGH,17.2,17.12,17.17,17.19,61154,2015-11-16
BGH,17.16,16.86,17.15,16.94,93140,2015-11-17
BGH,17.03,16.86,16.98,17.03,58647,2015-11-18
BGH,17.03,16.84,17.02,16.95,90831,2015-11-19
BGH,16.94,16.84,16.86,16.91,83805,2015-11-20
BGH,16.93,16.8,16.92,16.83,123784,2015-11-23
BGH,16.88,16.73,16.81,16.88,86775,2015-11-24
BGH,16.93,16.85,16.85,16.93,114431,2015-11-25
BGH,16.98,16.85,16.98,16.87,22325,2015-11-27
BGH,16.9,16.78,16.84,16.81,63802,2015-11-30
BGH,16.92,16.8,16.8,16.92,81997,2015-12-01
BGH,16.99,16.84,16.91,16.95,126752,2015-12-02
BGH,16.94,16.78,16.83,16.86,73479,2015-12-03
BGH,16.92,16.83,16.86,16.86,58559,2015-12-04
BGH,16.81,16.56,16.77,16.6,105714,2015-12-07
BGH,16.61,16.43,16.44,16.56,84034,2015-12-08
BGH,16.68,16.55,16.63,16.58,81369,2015-12-09
BGH,16.58,16.42,16.57,16.45,102696,2015-12-10
BGH,16.41,16.08,16.41,16.13,180152,2015-12-11
BGH,16.0812,15.59,16.08,15.77,270027,2015-12-14
BGH,16.04,15.81,15.83,16.04,122283,2015-12-15
BGH,16.37,16.04,16.05,16.37,181134,2015-12-16
BGH,16.45,16.36,16.38,16.43,151048,2015-12-17
BGH,16.301,16.22,16.28,16.29,212340,2015-12-18
BGH,16.4865,16.3,16.35,16.46,351025,2015-12-21
BGH,16.68,16.46,16.51,16.66,180829,2015-12-22
BGH,16.67,16.51,16.59,16.63,265483,2015-12-23
BGH,16.754,16.62,16.67,16.71,98244,2015-12-24
BGH,16.73,16.52,16.73,16.52,174544,2015-12-28
BGH,16.6,16.4,16.53,16.45,133931,2015-12-29
BGH,16.44,16.31,16.44,16.34,120083,2015-12-30
BGH,16.5,16.3,16.35,16.49,148163,2015-12-31
BGH,16.48,16.21,16.39,16.48,130853,2016-01-04
BGH,16.71,16.4101,16.51,16.69,94826,2016-01-05
BGH,16.71,16.58,16.59,16.7,99803,2016-01-06
BGH,16.6,16.38,16.59,16.42,67496,2016-01-07
BGH,16.52,16.36,16.45,16.37,80094,2016-01-08
BGH,16.5,16.163,16.37,16.25,89030,2016-01-11
BGH,16.3,16.17,16.28,16.3,77159,2016-01-12
BGH,16.26,16.04,16.26,16.1,83390,2016-01-13
BGH,16.1,15.82,16.1,15.99,108020,2016-01-14
BGH,15.8,15.45,15.77,15.6,134302,2016-01-15
BGH,15.436,15.06,15.36,15.11,209405,2016-01-19
BGH,14.99,14.67,14.98,14.84,127552,2016-01-20
BGH,15.06,14.75,14.81,15,139244,2016-01-21
BGH,15.23,15.05,15.08,15.18,120216,2016-01-22
BGH,15.15,15,15.1,15.03,68881,2016-01-25
BGH,15.26,15.07,15.07,15.26,57675,2016-01-26
BGH,15.299,15.21,15.28,15.28,46788,2016-01-27
BGH,15.46,15.3201,15.41,15.46,76101,2016-01-28
BGH,15.56,15.47,15.56,15.53,70311,2016-01-29
BGH,15.53,15.26,15.53,15.41,129545,2016-02-01
BGH,15.44,15.27,15.34,15.39,66984,2016-02-02
BGH,15.5,15.31,15.44,15.5,82057,2016-02-03
BGH,15.4924,15.36,15.39,15.47,78552,2016-02-04
BGH,15.46,15.3501,15.37,15.38,59088,2016-02-05
BGH,15.31,14.99,15.21,15.04,66076,2016-02-08
BGH,15.1,14.87,14.91,15.07,83765,2016-02-09
BGH,15.1501,15.03,15.04,15.04,47927,2016-02-10
BGH,14.88,14.73,14.78,14.79,95580,2016-02-11
BGH,14.91,14.77,14.91,14.86,90645,2016-02-12
BGH,14.93,14.78,14.88,14.85,82194,2016-02-16
BGH,14.8587,14.75,14.75,14.82,79174,2016-02-17
BGH,14.96,14.82,14.9,14.95,94095,2016-02-18
BGH,14.91,14.82,14.91,14.88,58881,2016-02-19
BGH,15,14.95,14.99,14.99,22682,2016-02-22
BGH,15,14.89,14.95,14.98,38885,2016-02-23
BGH,15.08,14.9161,14.96,15.08,48613,2016-02-24
BGH,15.119,15.0101,15.08,15.1,36414,2016-02-25
BGH,15.21,15.12,15.13,15.16,48940,2016-02-26
BGH,15.48,15.16,15.17,15.48,77240,2016-02-29
BGH,15.63,15.37,15.5,15.62,111191,2016-03-01
BGH,15.61,15.49,15.6,15.58,104497,2016-03-02
BGH,15.75,15.56,15.64,15.72,112326,2016-03-03
BGH,16.06,15.75,15.76,16.06,123686,2016-03-04
BGH,16.08,16.006,16.06,16.08,55531,2016-03-07
BGH,16.11,16,16.04,16.11,50398,2016-03-08
BGH,16.2,16.1,16.11,16.2,63705,2016-03-09
BGH,16.26,16.15,16.25,16.22,38414,2016-03-10
BGH,16.43,16.25,16.25,16.41,58871,2016-03-11
BGH,16.5,16.33,16.44,16.33,64575,2016-03-14
BGH,16.44,16.3,16.34,16.4,66022,2016-03-15
BGH,16.57,16.3975,16.4,16.57,62781,2016-03-16
BGH,16.64,16.53,16.56,16.64,88429,2016-03-17
BGH,16.6099,16.4601,16.52,16.6,38948,2016-03-18
BGH,16.68,16.6,16.63,16.62,48394,2016-03-21
BGH,16.74,16.59,16.59,16.71,111466,2016-03-22
BGH,16.83,16.73,16.75,16.79,84310,2016-03-23
BGH,16.77,16.65,16.72,16.72,63648,2016-03-24
BGH,16.72,16.6,16.72,16.6,56385,2016-03-28
BGH,16.64,16.54,16.64,16.61,98026,2016-03-29
BGH,16.72,16.58,16.67,16.61,47978,2016-03-30
BGH,16.75,16.62,16.62,16.69,57981,2016-03-31
BGH,16.74,16.66,16.7,16.69,63655,2016-04-01
BGH,16.7069,16.56,16.7,16.56,63814,2016-04-04
BGH,16.58,16.5,16.58,16.51,45773,2016-04-05
BGH,16.63,16.5,16.5,16.61,36047,2016-04-06
BGH,16.64,16.53,16.63,16.6,31270,2016-04-07
BGH,16.74,16.58,16.74,16.66,38968,2016-04-08
BGH,16.749,16.66,16.66,16.7399,26214,2016-04-11
BGH,16.84,16.69,16.69,16.8,73447,2016-04-12
BGH,16.92,16.82,16.92,16.87,37006,2016-04-13
BGH,17.01,16.82,16.85,16.89,86353,2016-04-14
BGH,17.02,16.81,16.86,16.88,71727,2016-04-15
BGH,17.02,16.84,16.88,17.02,46110,2016-04-18
BGH,16.99,16.905,16.92,16.99,46279,2016-04-19
BGH,17.09,16.9437,16.99,17.09,49936,2016-04-20
BGH,17.16,17.07,17.12,17.12,36201,2016-04-21
BGH,17.19,17.11,17.12,17.19,50884,2016-04-22
BGH,17.26,17.1,17.24,17.12,57499,2016-04-25
BGH,17.25,17.1101,17.16,17.25,46869,2016-04-26
BGH,17.36,17.28,17.3,17.35,62282,2016-04-27
BGH,17.35,17.1,17.31,17.11,75729,2016-04-28
BGH,17.21,17.06,17.06,17.21,59212,2016-04-29
BGH,17.36,17.23,17.28,17.33,64219,2016-05-02
BGH,17.32,17.25,17.31,17.29,66869,2016-05-03
BGH,17.3,17.19,17.3,17.27,85063,2016-05-04
BGH,17.3,17.19,17.27,17.25,54630,2016-05-05
BGH,17.27,17.21,17.22,17.22,58609,2016-05-06
BGH,17.25,17.11,17.25,17.13,56402,2016-05-09
BGH,17.29,17.2,17.26,17.24,65961,2016-05-10
BGH,17.24,17.14,17.2,17.21,64681,2016-05-11
BGH,17.28,17.13,17.28,17.15,88304,2016-05-12
BGH,17.25,17.17,17.21,17.22,47824,2016-05-13
BGH,17.44,17.23,17.25,17.39,62292,2016-05-16
BGH,17.44,17.27,17.44,17.32,94538,2016-05-17
BGH,17.29,17.15,17.22,17.21,75258,2016-05-18
BGH,17.19,17.01,17.19,17.12,49153,2016-05-19
BGH,17.3,17.06,17.06,17.3,51252,2016-05-20
BGH,17.34,17.2101,17.34,17.24,67793,2016-05-23
BGH,17.39,17.27,17.28,17.37,62517,2016-05-24
BGH,17.47,17.35,17.47,17.46,67763,2016-05-25
BGH,17.57,17.42,17.49,17.52,45279,2016-05-26
BGH,17.6501,17.5,17.51,17.58,77330,2016-05-27
BGH,17.74,17.52,17.74,17.52,89807,2016-05-31
BGH,17.75,17.523,17.57,17.72,75706,2016-06-01
BGH,17.87,17.72,17.82,17.83,139990,2016-06-02
BGH,17.92,17.795,17.87,17.92,56602,2016-06-03
BGH,18.02,17.92,17.99,17.92,85221,2016-06-06
BGH,17.99,17.86,17.95,17.96,114371,2016-06-07
BGH,18.0392,17.9,17.98,18.02,78306,2016-06-08
BGH,18.14,18.018,18.08,18.06,43700,2016-06-09
BGH,18.11,17.93,18.06,17.96,53226,2016-06-10
BGH,18.0599,17.92,17.92,18,46655,2016-06-13
BGH,18,17.89,18,17.96,55939,2016-06-14
BGH,17.99,17.9399,17.94,17.97,52870,2016-06-15
BGH,18.0399,17.85,17.92,17.9964,81169,2016-06-16
BGH,18.1601,18.0101,18.04,18.05,56554,2016-06-17
BGH,18.14,17.96,18.14,17.96,68029,2016-06-20
BGH,18.12,18.05,18.07,18.05,61120,2016-06-21
BGH,18.2,18,18,18.13,60579,2016-06-22
BGH,18.31,18.2,18.28,18.27,62703,2016-06-23
BGH,18.21,17.65,17.93,18.03,140762,2016-06-24
BGH,17.99,17.65,17.98,17.66,142799,2016-06-27
BGH,17.93,17.66,17.8,17.66,91139,2016-06-28
BGH,17.9499,17.74,17.74,17.91,63619,2016-06-29
BGH,18.05,17.8462,17.99,17.86,103246,2016-06-30
BGH,18.04,17.8676,17.94,18,73929,2016-07-01
BGH,18.02,17.92,18.02,17.92,92686,2016-07-05
BGH,18.15,17.92,17.92,18.03,52457,2016-07-06
BGH,18.13,17.94,17.99,17.94,152938,2016-07-07
BGH,18.1999,17.973,18.14,18.13,73887,2016-07-08
BGH,18.2799,18.13,18.2,18.16,56262,2016-07-11
BGH,18.37,18.231,18.35,18.33,56026,2016-07-12
BGH,18.46,18.27,18.42,18.27,55931,2016-07-13
BGH,18.5,18.38,18.47,18.41,44228,2016-07-14
BGH,18.5,18.4,18.46,18.44,55107,2016-07-15
BGH,18.68,18.371,18.54,18.66,77507,2016-07-18
BGH,18.51,18.32,18.51,18.47,80868,2016-07-19
BGH,18.54,18.41,18.52,18.54,64628,2016-07-20
BGH,18.61,18.46,18.5,18.5,57655,2016-07-21
BGH,18.64,18.49,18.49,18.58,50610,2016-07-22
BGH,18.62,18.4201,18.61,18.51,63644,2016-07-25
BGH,18.54,18.35,18.51,18.4,90628,2016-07-26
BGH,18.51,18.41,18.46,18.51,71498,2016-07-27
BGH,18.63,18.45,18.54,18.63,51512,2016-07-28
BGH,18.72,18.58,18.6,18.72,74271,2016-07-29
BGH,18.75,18.53,18.75,18.61,56778,2016-08-01
BGH,18.64,18.44,18.64,18.52,66713,2016-08-02
BGH,18.53,18.49,18.53,18.51,38725,2016-08-03
BGH,18.58,18.493,18.56,18.55,36505,2016-08-04
BGH,18.61,18.555,18.6,18.61,26194,2016-08-05
BGH,18.69,18.6,18.61,18.66,46651,2016-08-08
BGH,18.68,18.6,18.66,18.62,32175,2016-08-09
BGH,18.6586,18.4639,18.64,18.53,232346,2016-08-10
BGH,18.64,18.495,18.54,18.57,58260,2016-08-11
BGH,18.69,18.58,18.59,18.64,52137,2016-08-12
BGH,18.72,18.62,18.62,18.68,69597,2016-08-15
BGH,18.74,18.67,18.72,18.7,53340,2016-08-16
BGH,18.75,18.6599,18.67,18.75,54703,2016-08-17
BGH,18.82,18.74,18.81,18.8,87989,2016-08-18
BGH,18.635,18.47,18.63,18.56,210803,2016-08-19
BGH,18.5571,18.5,18.5,18.54,54686,2016-08-22
BGH,18.62,18.54,18.55,18.58,103997,2016-08-23
BGH,18.6998,18.6,18.6,18.65,99053,2016-08-24
BGH,18.72,18.56,18.65,18.71,135927,2016-08-25
BGH,18.75,18.67,18.7,18.73,63221,2016-08-26
BGH,18.79,18.72,18.75,18.77,92449,2016-08-29
BGH,18.82,18.72,18.81,18.76,46731,2016-08-30
BGH,18.8269,18.76,18.82,18.77,115387,2016-08-31
BGH,18.795,18.6761,18.75,18.72,52493,2016-09-01
BGH,18.84,18.73,18.76,18.84,90849,2016-09-02
BGH,18.83,18.74,18.8,18.74,47354,2016-09-06
BGH,18.85,18.75,18.75,18.85,44061,2016-09-07
BGH,18.91,18.83,18.88,18.91,30889,2016-09-08
BGH,18.89,18.5201,18.89,18.56,79181,2016-09-09
BGH,18.67,18.51,18.57,18.61,46513,2016-09-12
BGH,18.575,18.07,18.57,18.19,93824,2016-09-13
BGH,18.35,18.12,18.23,18.17,128467,2016-09-14
BGH,18.32,17.97,18.15,18.26,85259,2016-09-15
BGH,18.32,18.23,18.28,18.26,60338,2016-09-16
BGH,18.3399,18.219,18.3,18.29,98803,2016-09-19
BGH,18.32,18.15,18.25,18.32,44764,2016-09-20
BGH,18.44,18.26,18.32,18.43,62563,2016-09-21
BGH,18.56,18.45,18.48,18.49,61932,2016-09-22
BGH,18.53,18.43,18.53,18.49,43186,2016-09-23
BGH,18.4601,18.32,18.45,18.33,56948,2016-09-26
BGH,18.42,18.3,18.35,18.34,61918,2016-09-27
BGH,18.51,18.37,18.37,18.51,33560,2016-09-28
BGH,18.5,18.4,18.45,18.4799,47949,2016-09-29
BGH,18.6489,18.54,18.58,18.63,58266,2016-09-30
BGH,18.619,18.51,18.57,18.57,59627,2016-10-03
BGH,18.63,18.47,18.62,18.47,64838,2016-10-04
BGH,18.57,18.4,18.55,18.44,58081,2016-10-05
BGH,18.47,18.34,18.47,18.41,40044,2016-10-06
BGH,18.41,18.3,18.37,18.41,63745,2016-10-07
BGH,18.56,18.47,18.47,18.48,40846,2016-10-10
BGH,18.52,18.43,18.5,18.5,76777,2016-10-11
BGH,18.51,18.4079,18.48,18.42,61541,2016-10-12
BGH,18.42,18.3,18.39,18.32,68139,2016-10-13
BGH,18.429,18.286,18.4,18.35,71003,2016-10-14
BGH,18.35,18.16,18.31,18.22,58008,2016-10-17
BGH,18.35,18.225,18.35,18.28,67122,2016-10-18
BGH,18.3422,18.113,18.16,18.31,81189,2016-10-19
BGH,18.37,18.285,18.31,18.37,52686,2016-10-20
BGH,18.56,18.3,18.4,18.55,77335,2016-10-21
BGH,18.6499,18.53,18.62,18.61,52331,2016-10-24
BGH,18.65,18.57,18.63,18.64,37890,2016-10-25
BGH,18.72,18.55,18.64,18.7,114277,2016-10-26
BGH,18.71,18.63,18.71,18.66,63019,2016-10-27
BGH,18.7,18.62,18.66,18.62,88773,2016-10-28
BGH,18.68,18.4935,18.68,18.54,81203,2016-10-31
BGH,18.574,18.44,18.52,18.47,77427,2016-11-01
BGH,18.3743,18.18,18.36,18.18,113829,2016-11-02
BGH,18.2,18.04,18.14,18.09,56039,2016-11-03
BGH,18.22,18.03,18.04,18.03,87501,2016-11-04
BGH,18.25,18.11,18.12,18.16,92256,2016-11-07
BGH,18.23,18.1,18.1,18.15,85867,2016-11-08
BGH,18.07,17.87,18,18.02,88186,2016-11-09
BGH,18,17.68,18,17.68,178071,2016-11-10
BGH,17.7,17.5,17.58,17.61,113643,2016-11-11
BGH,17.6002,17.36,17.58,17.47,210282,2016-11-14
BGH,17.78,17.34,17.42,17.78,151436,2016-11-15
BGH,17.93,17.7,17.79,17.93,92460,2016-11-16
BGH,17.96,17.72,17.94,17.72,93243,2016-11-17
BGH,17.99,17.72,17.72,17.97,78821,2016-11-18
BGH,18.3,18,18,18.2,91245,2016-11-21
BGH,18.32,18.2103,18.32,18.28,59355,2016-11-22
BGH,18.3796,18.22,18.25,18.33,52621,2016-11-23
BGH,18.4877,18.36,18.36,18.48,15603,2016-11-25
BGH,18.57,18.479,18.53,18.57,68584,2016-11-28
BGH,18.58,18.32,18.55,18.34,63929,2016-11-29
BGH,18.5125,18.43,18.48,18.46,76873,2016-11-30
BGH,18.5,18.37,18.46,18.4,67968,2016-12-01
BGH,18.56,18.41,18.41,18.53,75290,2016-12-02
BGH,18.649,18.43,18.54,18.58,59594,2016-12-05
BGH,18.66,18.52,18.55,18.62,73989,2016-12-06
BGH,18.87,18.67,18.68,18.79,73579,2016-12-07
BGH,18.82,18.63,18.82,18.71,99586,2016-12-08
BGH,18.93,18.731,18.75,18.92,71933,2016-12-09
BGH,18.98,18.85,18.96,18.9,84568,2016-12-12
BGH,18.98,18.87,18.88,18.93,90275,2016-12-13
BGH,18.989,18.69,18.85,18.75,100306,2016-12-14
BGH,18.89,18.6,18.67,18.63,226392,2016-12-15
BGH,18.78,18.62,18.62,18.77,157459,2016-12-16
BGH,18.8,18.62,18.62,18.74,64334,2016-12-19
BGH,18.89,18.7,18.73,18.86,93906,2016-12-20
BGH,18.96,18.79,18.83,18.93,89030,2016-12-21
BGH,19.03,18.94,18.98,19.01,95842,2016-12-22
BGH,19.08,18.98,19,19.06,120911,2016-12-23
BGH,19.13,19.01,19.06,19.02,42201,2016-12-27
BGH,19.1638,19.07,19.07,19.13,99532,2016-12-28
BGH,19.19,19.03,19.1,19.15,137702,2016-12-29
BGH,19.25,19.14,19.14,19.23,84992,2016-12-30
BGH,19.23,19.09,19.23,19.21,139523,2017-01-03
BGH,19.3991,19.216,19.23,19.29,75197,2017-01-04
BGH,19.35,19.27,19.27,19.28,60086,2017-01-05
BGH,19.45,19.337,19.35,19.45,43191,2017-01-06
BGH,19.6,19.47,19.53,19.54,85067,2017-01-09
BGH,19.7,19.56,19.6,19.63,68538,2017-01-10
BGH,19.75,19.57,19.7,19.63,87519,2017-01-11
BGH,19.89,19.6567,19.67,19.71,122643,2017-01-12
BGH,19.84,19.68,19.78,19.75,75577,2017-01-13
BGH,20.34,19.7,19.7,19.85,223027,2017-01-17
BGH,19.94,19.83,19.84,19.93,198674,2017-01-18
BGH,20.09,19.74,19.83,19.82,128522,2017-01-19
BGH,19.89,19.79,19.82,19.79,44456,2017-01-20
BGH,19.95,19.8107,19.83,19.91,86061,2017-01-23
BGH,19.98,19.98,19.98,19.98,90226,2017-01-24
BGH,20.07,19.92,20,19.92,132757,2017-01-25
BGH,20.08,19.9,19.9,20.03,85558,2017-01-26
BGH,20.14,20.02,20.1,20.07,71954,2017-01-27
BGH,20.06,19.88,20.03,20.05,93046,2017-01-30
BGH,20.06,19.97,20.06,20.05,54694,2017-01-31
BGH,20.15,20.09,20.14,20.09,66449,2017-02-01
BGH,20.17,20.1,20.15,20.15,81677,2017-02-02
BGH,20.15,19.97,20.15,19.98,120282,2017-02-03
BGH,20.02,19.9,20,19.96,78113,2017-02-06
BGH,20.12,19.98,19.98,20.12,51042,2017-02-07
BGH,20.12,20.06,20.12,20.1,56598,2017-02-08
BGH,20.13,20.06,20.1,20.06,58427,2017-02-09
BGH,20.11,20.05,20.09,20.1,80500,2017-02-10
BGH,20.12,20.05,20.12,20.08,104643,2017-02-13
BGH,20.12,20.01,20.11,20.09,68764,2017-02-14
BGH,20.01,19.95,19.99,19.97,94809,2017-02-15
BGH,19.99,19.92,19.96,19.9784,60821,2017-02-16
BGH,20.02,19.95,19.97,20,76572,2017-02-17
BGH,20.05,19.95,19.98,19.95,145913,2017-02-21
BGH,20.02,19.955,19.96,19.98,94698,2017-02-22
BGH,20.02,19.96,20.01,19.96,102754,2017-02-23
BGH,20.01,19.95,19.98,19.99,78940,2017-02-24
BGH,20.06,19.96,20.03,20.06,79923,2017-02-27
BGH,20.09,20.025,20.07,20.09,55676,2017-02-28
BGH,20.19,20.0663,20.1,20.15,105709,2017-03-01
BGH,20.49,20.15,20.15,20.3,158385,2017-03-02
BGH,20.32,20.24,20.3,20.3,58036,2017-03-03
BGH,20.3025,20.2317,20.3,20.3,38948,2017-03-06
BGH,20.28,20.18,20.28,20.25,63336,2017-03-07
BGH,20.23,19.95,20.21,20.03,101539,2017-03-08
BGH,19.98,19.58,19.98,19.62,150061,2017-03-09
BGH,19.7699,19.589,19.62,19.75,67290,2017-03-10
BGH,19.85,19.66,19.78,19.67,42090,2017-03-13
BGH,19.62,19.3801,19.62,19.41,124303,2017-03-14
BGH,19.72,19.42,19.42,19.72,74730,2017-03-15
BGH,19.91,19.62,19.91,19.72,63269,2017-03-16
BGH,19.81,19.662,19.81,19.76,68456,2017-03-17
BGH,19.79,19.45,19.76,19.79,117657,2017-03-20
BGH,19.68,19.4588,19.68,19.53,47233,2017-03-21
BGH,19.64,19.53,19.53,19.64,55129,2017-03-22
BGH,19.64,19.11,19.62,19.56,198979,2017-03-23
BGH,19.71,19.53,19.71,19.61,47941,2017-03-24
BGH,19.57,19.46,19.56,19.55,85595,2017-03-27
BGH,19.64,19.564,19.57,19.63,74525,2017-03-28
BGH,19.7,19.6303,19.65,19.67,59461,2017-03-29
BGH,19.73,19.64,19.7,19.73,65733,2017-03-30
BGH,19.8,19.7,19.76,19.78,48713,2017-03-31
BGH,19.83,19.68,19.77,19.82,57408,2017-04-03
BGH,19.84,19.65,19.83,19.69,99143,2017-04-04
BGH,19.7552,19.67,19.74,19.69,47020,2017-04-05
BGH,19.77,19.571,19.74,19.72,126660,2017-04-06
BGH,19.77,19.68,19.77,19.77,45656,2017-04-07
BGH,20.01,19.76,19.82,19.84,164047,2017-04-10
BGH,19.89,19.78,19.89,19.85,115417,2017-04-11
BGH,19.89,19.77,19.89,19.87,102763,2017-04-12
BGH,19.88,19.8,19.88,19.88,84222,2017-04-13
BGH,19.92,19.78,19.92,19.86,231546,2017-04-17
BGH,19.75,19.65,19.68,19.7,59517,2017-04-18
BGH,19.77,19.72,19.75,19.76,57900,2017-04-19
BGH,19.8554,19.72,19.75,19.85,56664,2017-04-20
BGH,19.9,19.77,19.9,19.81,41873,2017-04-21
BGH,19.99,19.84,19.99,19.91,75289,2017-04-24
BGH,19.968,19.88,19.92,19.88,46883,2017-04-25
BGH,19.95,19.88,19.94,19.93,56594,2017-04-26
BGH,19.99,19.91,19.94,19.95,71933,2017-04-27
BGH,20.04,19.95,19.98,19.97,74373,2017-04-28
BGH,20.119,19.99,20.06,20.04,77255,2017-05-01
BGH,20.18,20.06,20.06,20.16,74076,2017-05-02
BGH,20.46,20.08,20.21,20.1,83111,2017-05-03
BGH,20.17,19.95,20.17,20.06,65121,2017-05-04
BGH,20.13,20.03,20.08,20.07,81777,2017-05-05
BGH,20.135,20.06,20.1,20.1,76148,2017-05-08
BGH,20.19,20.0959,20.13,20.15,45327,2017-05-09
BGH,20.28,20.15,20.17,20.26,71404,2017-05-10
BGH,20.33,20.2,20.26,20.22,55948,2017-05-11
BGH,20.32,20.23,20.28,20.32,47801,2017-05-12
BGH,20.35,20.19,20.28,20.23,99333,2017-05-15
BGH,20.3,20.25,20.29,20.29,70547,2017-05-16
BGH,20.26,19.92,20.26,19.99,99973,2017-05-17
BGH,19.88,19.64,19.86,19.86,121664,2017-05-18
BGH,20.04,19.9,19.91,20.02,65658,2017-05-19
BGH,20.16,19.97,20.16,20.02,55891,2017-05-22
BGH,20.16,20.04,20.16,20.13,52887,2017-05-23
BGH,20.25,20.1573,20.2,20.25,65954,2017-05-24
BGH,20.3,20.16,20.3,20.16,101802,2017-05-25
BGH,20.3,20.19,20.19,20.2,111118,2017-05-26
BGH,20.3,20.18,20.2,20.195,78577,2017-05-30
BGH,20.27,20.1602,20.2,20.25,56591,2017-05-31
BGH,20.3,20.19,20.3,20.24,66053,2017-06-01
BGH,20.3,20.18,20.24,20.18,71944,2017-06-02
BGH,20.27,20.16,20.17,20.24,63196,2017-06-05
BGH,20.29,20.12,20.22,20.26,84619,2017-06-06
BGH,20.32,20.14,20.26,20.16,83123,2017-06-07
BGH,20.2699,20.15,20.16,20.15,64078,2017-06-08
BGH,20.3,20.15,20.16,20.29,79806,2017-06-09
BGH,20.26,20.12,20.26,20.12,89254,2017-06-12
BGH,20.28,20.2,20.23,20.25,59477,2017-06-13
BGH,20.3,20.18,20.3,20.18,91233,2017-06-14
BGH,20.27,20.14,20.17,20.27,94889,2017-06-15
BGH,20.27,20.2,20.27,20.22,35928,2017-06-16
BGH,20.26,20.17,20.21,20.17,68668,2017-06-19
BGH,20.1,20,20.1,20.05,110351,2017-06-20
BGH,19.97,19.6047,19.95,19.62,331180,2017-06-21
BGH,19.7,19.46,19.6,19.46,170098,2017-06-22
BGH,19.64,19.39,19.46,19.63,142737,2017-06-23
BGH,19.68,19.56,19.66,19.62,93829,2017-06-26
BGH,19.7,19.4301,19.7,19.4899,105244,2017-06-27
BGH,19.63,19.52,19.54,19.63,68933,2017-06-28
BGH,19.6,19.5,19.57,19.5399,73967,2017-06-29
BGH,19.79,19.5769,19.6,19.78,62594,2017-06-30
BGH,19.9,19.8,19.8,19.89,59214,2017-07-03
BGH,19.91,19.72,19.91,19.73,64552,2017-07-05
BGH,19.75,19.65,19.71,19.68,46286,2017-07-06
BGH,19.77,19.67,19.74,19.77,56025,2017-07-07
BGH,19.8125,19.73,19.79,19.8125,53697,2017-07-10
BGH,19.86,19.7707,19.8,19.86,43151,2017-07-11
BGH,19.97,19.8,19.94,19.96,85925,2017-07-12
BGH,20.02,19.96,19.99,20,83311,2017-07-13
BGH,20.1,19.98,19.99,20.1,62840,2017-07-14
BGH,20.1,20.06,20.1,20.1,58711,2017-07-17
BGH,20.2,20.03,20.1,20.2,120075,2017-07-18
BGH,20.14,20.05,20.1,20.12,84516,2017-07-19
BGH,20.17,20.02,20.17,20.04,56959,2017-07-20
BGH,20.12,20,20.09,20.04,67394,2017-07-21
BGH,20.11,20.017,20.11,20.09,69914,2017-07-24
BGH,20.15,20.0789,20.15,20.15,31802,2017-07-25
BGH,20.18,20.08,20.16,20.08,55903,2017-07-26
BGH,20.18,20.1,20.13,20.16,64769,2017-07-27
BGH,20.22,20.118,20.14,20.18,71364,2017-07-28
BGH,20.31,20.185,20.23,20.27,86071,2017-07-31
BGH,20.4,20.28,20.33,20.3,108107,2017-08-01
BGH,20.39,20.31,20.35,20.37,84263,2017-08-02
BGH,20.42,20.32,20.4,20.36,69029,2017-08-03
BGH,20.35,20.35,20.35,20.35,38521,2017-08-04
BGH,20.44,20.35,20.4,20.43,52446,2017-08-07
BGH,20.431,20.2,20.42,20.22,96599,2017-08-08
BGH,20.24,20.1,20.2,20.2,79181,2017-08-09
BGH,20.18,19.85,20.18,19.98,101096,2017-08-10
BGH,20.26,19.39,19.48,20.17,156927,2017-08-11
BGH,20.3,20.1,20.27,20.14,64681,2017-08-14
BGH,20.2,20.09,20.11,20.1,55234,2017-08-15
BGH,20.28,20.1821,20.23,20.24,43264,2017-08-16
BGH,20.33,20.17,20.27,20.17,82982,2017-08-17
BGH,20.49,20.14,20.19,20.46,61204,2017-08-18
BGH,20.4,20.2,20.3,20.25,57049,2017-08-21
BGH,20.27,20.08,20.24,20.15,59467,2017-08-22
BGH,20.27,20.1,20.11,20.27,50513,2017-08-23
BGH,20.26,20.18,20.25,20.18,34284,2017-08-24
BGH,20.27,20.07,20.25,20.07,43955,2017-08-25
BGH,20.07,19.89,20.07,20.05,60031,2017-08-28
BGH,20.16,19.94,19.97,20.07,46015,2017-08-29
BGH,20.23,20.06,20.09,20.175,65559,2017-08-30
BGH,20.26,20.1822,20.2,20.24,59430,2017-08-31
BGH,20.3214,20.23,20.32,20.28,39354,2017-09-01
BGH,20.27,20.19,20.25,20.22,62901,2017-09-05
BGH,20.32,20.15,20.31,20.2,70479,2017-09-06
BGH,20.29,20.174,20.23,20.23,60500,2017-09-07
BGH,20.25,20.12,20.2,20.12,57192,2017-09-08
BGH,20.3,20.17,20.17,20.27,46073,2017-09-11
BGH,20.36,20.29,20.29,20.36,48259,2017-09-12
BGH,20.36,20.31,20.36,20.31,43518,2017-09-13
BGH,20.41,20.3,20.35,20.375,55029,2017-09-14
BGH,20.47,20.35,20.38,20.46,53115,2017-09-15
BGH,20.62,20.49,20.49,20.55,100492,2017-09-18
BGH,20.62,20.5,20.62,20.55,63731,2017-09-19
BGH,20.56,20.37,20.5,20.4,84430,2017-09-20
BGH,20.49,20.28,20.49,20.3,46139,2017-09-21
BGH,20.46,20.33,20.4,20.42,68523,2017-09-22
BGH,20.4,20.4,20.4,20.4,54007,2017-09-25
BGH,20.59,20.44,20.44,20.59,58622,2017-09-26
BGH,20.6,20.53,20.59,20.53,64975,2017-09-27
BGH,20.59,20.46,20.57,20.59,70049,2017-09-28
BGH,20.65,20.53,20.65,20.6,51398,2017-09-29
BGH,20.81,20.6,20.62,20.79,81848,2017-10-02
BGH,20.83,20.71,20.71,20.83,104504,2017-10-03
BGH,20.82,20.61,20.75,20.68,69261,2017-10-04
BGH,20.72,20.59,20.6,20.62,73348,2017-10-05
BGH,20.67,20.46,20.66,20.49,83759,2017-10-06
BGH,20.6,20.44,20.49,20.45,56236,2017-10-09
BGH,20.61,20.5,20.53,20.61,70350,2017-10-10
BGH,20.66,20.66,20.66,20.66,44266,2017-10-11
BGH,20.66,20.595,20.66,20.61,36549,2017-10-12
BGH,20.7,20.62,20.62,20.7,47080,2017-10-13
BGH,20.73,20.61,20.7,20.69,55597,2017-10-16
BGH,20.74,20.6,20.74,20.65,51444,2017-10-18
BGH,20.7192,20.65,20.65,20.71,76257,2017-10-19
BGH,20.76,20.56,20.71,20.76,80181,2017-10-20
BGH,20.76,20.6501,20.76,20.72,96274,2017-10-23
BGH,20.78,20.7,20.77,20.73,57121,2017-10-24
BGH,20.75,20.45,20.75,20.52,97886,2017-10-25
BGH,20.57,20.451,20.57,20.54,102571,2017-10-26
BGH,20.63,20.47,20.63,20.53,34416,2017-10-27
BGH,20.5892,20.5,20.53,20.56,47876,2017-10-30
BGH,20.66,20.54,20.57,20.66,54665,2017-10-31
BGH,20.51,20.51,20.51,20.51,79328,2017-11-01
BGH,20.57,20.44,20.53,20.56,72107,2017-11-02
BGH,20.57,20.47,20.57,20.56,45525,2017-11-03
BGH,20.6,20.47,20.55,20.49,52952,2017-11-06
BGH,20.57,20.48,20.55,20.5,54560,2017-11-07
BGH,20.57,20.4,20.57,20.46,37097,2017-11-08
BGH,20.46,20.12,20.4,20.21,106041,2017-11-09
BGH,20.245,20.05,20.16,20.07,65280,2017-11-10
BGH,20.14,19.81,20.14,19.82,111128,2017-11-13
BGH,19.875,19.52,19.8,19.54,140909,2017-11-14
BGH,19.6,19.36,19.36,19.53,110646,2017-11-15
BGH,19.8,19.63,19.63,19.8,113075,2017-11-16
BGH,19.87,19.78,19.86,19.84,80190,2017-11-17
BGH,19.72,19.52,19.71,19.57,86241,2017-11-20
BGH,19.67,19.5018,19.6,19.59,117638,2017-11-21
BGH,19.6,19.47,19.57,19.59,83419,2017-11-22
BGH,19.68,19.58,19.65,19.68,35186,2017-11-24
BGH,19.68,19.52,19.68,19.59,76758,2017-11-27
BGH,19.6,19.44,19.6,19.54,98618,2017-11-28
BGH,19.54,19.34,19.54,19.34,80273,2017-11-29
BGH,19.42,19.2726,19.4,19.34,118830,2017-11-30
BGH,19.5,19.29,19.29,19.47,116440,2017-12-01
BGH,19.56,19.46,19.51,19.47,73785,2017-12-04
BGH,19.57,19.4,19.44,19.47,82047,2017-12-05
BGH,19.58,19.42,19.42,19.58,78028,2017-12-06
BGH,19.59,19.43,19.59,19.46,78564,2017-12-07
BGH,19.48,19.33,19.46,19.39,72896,2017-12-08
BGH,19.5,19.4,19.44,19.5,66866,2017-12-11
BGH,19.5471,19.41,19.54,19.49,79098,2017-12-12
BGH,19.59,19.48,19.55,19.59,87058,2017-12-13
BGH,19.59,19.44,19.59,19.51,90087,2017-12-14
BGH,19.54,19.46,19.5,19.5,92506,2017-12-15
BGH,19.61,19.46,19.54,19.5,154554,2017-12-18
BGH,19.4,19.2702,19.4,19.33,92370,2017-12-19
BGH,19.38,19.26,19.31,19.3176,99989,2017-12-20
BGH,19.35,19.26,19.29,19.32,115152,2017-12-21
BGH,19.41,19.3,19.37,19.33,167849,2017-12-22
BGH,19.42,19.3,19.31,19.39,86624,2017-12-26
BGH,19.46,19.31,19.38,19.33,98009,2017-12-27
BGH,19.41,19.28,19.37,19.3564,107868,2017-12-28
BGH,19.4,19.31,19.37,19.38,76447,2017-12-29
BGH,19.42,19.35,19.38,19.36,97014,2018-01-02
BGH,19.48,19.32,19.35,19.41,176009,2018-01-03
BGH,19.5007,19.4648,19.49,19.49,107394,2018-01-04
BGH,19.52,19.4001,19.52,19.43,77370,2018-01-05
BGH,19.48,19.37,19.47,19.37,115581,2018-01-08
BGH,19.4399,19.35,19.43,19.38,108172,2018-01-09
BGH,19.35,19.25,19.34,19.25,112045,2018-01-10
BGH,19.34,19.22,19.22,19.32,124105,2018-01-11
BGH,19.36,19.2799,19.35,19.33,102935,2018-01-12
BGH,19.36,19.2,19.35,19.23,130583,2018-01-16
BGH,19.28,19.2,19.27,19.21,122385,2018-01-17
BGH,19.25,19.13,19.21,19.17,144028,2018-01-18
BGH,19.25,19.13,19.13,19.23,118799,2018-01-19
BGH,19.1659,18.96,19.11,18.98,132516,2018-01-22
BGH,19.2,19.02,19.03,19.17,119219,2018-01-23
BGH,19.26,19.18,19.25,19.22,100749,2018-01-24
BGH,19.27,19.15,19.22,19.18,85967,2018-01-25
BGH,19.24,19.15,19.22,19.17,55571,2018-01-26
BGH,19.14,18.99,19.12,19,72203,2018-01-29
BGH,18.95,18.81,18.95,18.81,140175,2018-01-30
BGH,18.98,18.81,18.83,18.89,100179,2018-01-31
BGH,19.05,18.92,18.92,19.04,56914,2018-02-01
BGH,19.02,18.85,19.02,18.8526,72701,2018-02-02
BGH,18.9,18.44,18.86,18.57,105543,2018-02-05
BGH,18.719,18.52,18.52,18.65,106375,2018-02-06
BGH,18.75,18.59,18.59,18.74,50814,2018-02-07
BGH,18.75,18.6,18.75,18.64,47183,2018-02-08
BGH,18.6985,18.35,18.6,18.5952,87292,2018-02-09
BGH,18.69,18.4905,18.63,18.52,85045,2018-02-12
BGH,18.6,18.49,18.49,18.6,49618,2018-02-13
BGH,18.67,18.43,18.56,18.66,64822,2018-02-14
BGH,18.72,18.65,18.66,18.7,64111,2018-02-15
BGH,18.62,18.515,18.59,18.58,77333,2018-02-16
BGH,18.67,18.59,18.59,18.63,61432,2018-02-20
BGH,18.76,18.53,18.65,18.73,79480,2018-02-21
BGH,18.79,18.73,18.76,18.78,75315,2018-02-22
BGH,18.92,18.76,18.92,18.83,68190,2018-02-23
BGH,18.84,18.69,18.83,18.71,62942,2018-02-26
BGH,18.8,18.65,18.75,18.68,44080,2018-02-27
BGH,18.78,18.69,18.71,18.74,41449,2018-02-28
BGH,18.79,18.59,18.77,18.64,54766,2018-03-01
BGH,18.6404,18.54,18.54,18.6,68266,2018-03-02
BGH,18.63,18.54,18.56,18.54,52284,2018-03-05
BGH,18.67,18.54,18.55,18.67,38525,2018-03-06
BGH,18.68,18.6285,18.66,18.68,20776,2018-03-07
BGH,18.71,18.65,18.69,18.71,38939,2018-03-08
BGH,18.82,18.69,18.73,18.78,49740,2018-03-09
BGH,18.83,18.75,18.75,18.82,35960,2018-03-12
BGH,18.9,18.74,18.9,18.81,41742,2018-03-13
BGH,18.92,18.74,18.92,18.8,52177,2018-03-14
BGH,18.82,18.73,18.82,18.79,59144,2018-03-15
BGH,18.78,18.72,18.75,18.72,43224,2018-03-16
BGH,18.75,18.63,18.73,18.65,55354,2018-03-19
BGH,18.585,18.52,18.53,18.58,36289,2018-03-20
BGH,18.6,18.54,18.58,18.6,49818,2018-03-21
BGH,18.6,18.5001,18.6,18.51,39390,2018-03-22
BGH,18.58,18.48,18.58,18.48,43946,2018-03-23
BGH,18.55,18.45,18.52,18.5,48060,2018-03-26
BGH,18.52,18.43,18.47,18.43,75682,2018-03-27
BGH,18.52,18.36,18.47,18.51,111339,2018-03-28
BGH,18.66,18.47,18.47,18.66,66411,2018-03-29
BGH,18.66,18.53,18.66,18.54,58589,2018-04-02
BGH,18.65,18.55,18.55,18.62,77457,2018-04-03
BGH,18.64,18.53,18.56,18.61,57892,2018-04-04
BGH,18.64,18.56,18.61,18.56,31692,2018-04-05
BGH,18.59,18.51,18.55,18.51,64693,2018-04-06
BGH,18.6,18.54,18.6,18.6,60195,2018-04-09
BGH,18.6321,18.59,18.6,18.6,42959,2018-04-10
BGH,18.75,18.62,18.62,18.75,121712,2018-04-11
BGH,18.81,18.75,18.77,18.81,56125,2018-04-12
BGH,18.87,18.73,18.87,18.73,61639,2018-04-13
BGH,18.88,18.72,18.73,18.88,54100,2018-04-16
BGH,18.91,18.82,18.9,18.88,40671,2018-04-17
BGH,18.88,18.74,18.86,18.82,79776,2018-04-18
BGH,18.73,18.58,18.73,18.6,52976,2018-04-19
BGH,18.67,18.61,18.64,18.62,50536,2018-04-20
BGH,18.66,18.5801,18.62,18.66,51083,2018-04-23
BGH,18.75,18.63,18.72,18.69,63791,2018-04-24
BGH,18.69,18.61,18.69,18.64,45122,2018-04-25
BGH,18.671,18.64,18.65,18.66,42795,2018-04-26
BGH,18.72,18.61,18.68,18.72,63475,2018-04-27
BGH,18.81,18.71,18.71,18.81,51740,2018-04-30
BGH,18.8187,18.74,18.78,18.8,44040,2018-05-01
BGH,18.8,18.72,18.8,18.8,40977,2018-05-02
BGH,18.79,18.69,18.79,18.7,41202,2018-05-03
BGH,18.75,18.68,18.72,18.695,33361,2018-05-04
BGH,18.72,18.67,18.67,18.68,42923,2018-05-07
BGH,18.75,18.68,18.74,18.74,32626,2018-05-08
BGH,18.76,18.6807,18.75,18.76,47210,2018-05-09
BGH,18.82,18.75,18.8,18.82,38187,2018-05-10
BGH,18.87,18.8,18.83,18.86,49564,2018-05-11
BGH,18.88,18.8232,18.85,18.85,40875,2018-05-14
BGH,18.83,18.75,18.77,18.76,52448,2018-05-15
BGH,18.86,18.77,18.8,18.84,48958,2018-05-16
BGH,18.89,18.82,18.84,18.87,48462,2018-05-17
BGH,18.9,18.825,18.87,18.84,59223,2018-05-18
BGH,18.82,18.7401,18.8,18.79,84155,2018-05-21
BGH,18.81,18.75,18.76,18.77,30549,2018-05-22
BGH,18.81,18.75,18.75,18.81,31265,2018-05-23
BGH,18.829,18.78,18.82,18.78,47766,2018-05-24
BGH,18.77,18.65,18.77,18.65,41034,2018-05-25
BGH,18.7126,18.55,18.65,18.64,84022,2018-05-29
BGH,18.74,18.59,18.66,18.73,77201,2018-05-30
BGH,18.79,18.6,18.79,18.65,70120,2018-05-31
BGH,18.76,18.66,18.76,18.68,84659,2018-06-01
BGH,18.76,18.68,18.75,18.73,129980,2018-06-04
BGH,18.8399,18.7,18.73,18.76,104310,2018-06-05
BGH,18.819,18.7,18.76,18.74,51585,2018-06-06
BGH,18.81,18.71,18.73,18.81,50635,2018-06-07
BGH,18.8127,18.7,18.73,18.74,74862,2018-06-08
BGH,18.9,18.73,18.73,18.83,115175,2018-06-11
BGH,18.9,18.8,18.83,18.87,81261,2018-06-12
BGH,18.9373,18.85,18.87,18.85,72477,2018-06-13
BGH,18.95,18.86,18.95,18.93,75373,2018-06-14
BGH,18.89,18.83,18.85,18.86,132194,2018-06-15
BGH,18.87,18.83,18.87,18.87,70882,2018-06-18
BGH,18.87,18.84,18.87,18.87,129722,2018-06-19
BGH,18.78,18.7,18.75,18.759,69293,2018-06-20
BGH,18.82,18.71,18.82,18.73,63770,2018-06-21
BGH,18.87,18.73,18.79,18.73,77169,2018-06-22
BGH,18.8,18.73,18.8,18.76,102035,2018-06-25
BGH,18.82,18.76,18.79,18.78,57958,2018-06-26
BGH,18.86,18.7325,18.8,18.77,71761,2018-06-27
BGH,18.82,18.74,18.77,18.8,65753,2018-06-28
BGH,18.81,18.75,18.81,18.78,43429,2018-06-29
BGH,18.95,18.72,18.95,18.75,78012,2018-07-02
BGH,18.82,18.72,18.76,18.75,69631,2018-07-03
BGH,18.78,18.7,18.76,18.73,72931,2018-07-05
BGH,18.72,18.62,18.68,18.67,112464,2018-07-06
BGH,18.7,18.65,18.67,18.69,60474,2018-07-09
BGH,18.77,18.7,18.75,18.77,57071,2018-07-10
BGH,18.82,18.74,18.82,18.75,58007,2018-07-11
BGH,18.82,18.75,18.8,18.76,80948,2018-07-12
BGH,18.8015,18.75,18.8,18.75,50164,2018-07-13
BGH,18.78,18.7,18.75,18.7,62853,2018-07-16
BGH,18.7881,18.73,18.74,18.76,83338,2018-07-17
BGH,18.83,18.74,18.81,18.745,85303,2018-07-18
BGH,18.87,18.74,18.78,18.78,138913,2018-07-19
BGH,18.67,18.6245,18.63,18.67,64729,2018-07-20
BGH,18.71,18.62,18.71,18.67,59275,2018-07-23
BGH,18.8,18.7,18.72,18.77,77787,2018-07-24
BGH,18.79,18.7,18.79,18.71,71633,2018-07-25
BGH,18.79,18.72,18.75,18.75,68659,2018-07-26
BGH,18.79,18.59,18.78,18.6,196480,2018-07-27
BGH,18.64,18.59,18.64,18.6,77293,2018-07-30
BGH,18.67,18.59,18.6,18.67,153126,2018-07-31
BGH,18.72,18.65,18.72,18.7,86494,2018-08-01
BGH,18.79,18.66,18.72,18.74,94813,2018-08-02
BGH,18.85,18.74,18.78,18.8,64335,2018-08-03
BGH,19.09,18.93,19.03,19.09,286905,2018-08-06
BGH,19.4,19.09,19.14,19.28,114029,2018-08-07
BGH,19.44,19.15,19.44,19.18,120347,2018-08-08
BGH,19.186,19.05,19.15,19.1,77255,2018-08-09
BGH,19.18,19.05,19.15,19.1,78852,2018-08-10
BGH,19.21,19.12,19.19,19.18,80138,2018-08-13
BGH,19.3,19.19,19.21,19.3,77311,2018-08-14
BGH,19.61,19.31,19.33,19.54,101036,2018-08-15
BGH,19.67,19.51,19.66,19.55,98690,2018-08-16
BGH,19.83,19.4,19.66,19.43,106973,2018-08-17
BGH,19.44,19.35,19.44,19.42,101807,2018-08-20
BGH,19.43,19.36,19.4,19.43,75835,2018-08-21
BGH,19.4,19.2499,19.32,19.4,64898,2018-08-22
BGH,19.51,19.39,19.44,19.43,54308,2018-08-23
BGH,19.7601,19.19,19.5,19.28,82486,2018-08-24
BGH,19.64,19.28,19.28,19.47,54378,2018-08-27
BGH,19.72,19.4334,19.53,19.72,48734,2018-08-28
BGH,19.89,19.65,19.72,19.86,80249,2018-08-29
BGH,19.88,19.77,19.78,19.79,64244,2018-08-30
BGH,19.89,19.76,19.76,19.84,74248,2018-08-31
BGH,19.95,19.77,19.78,19.87,112042,2018-09-04
BGH,19.9145,19.63,19.85,19.63,109617,2018-09-05
BGH,19.6007,19.41,19.6,19.46,107503,2018-09-06
BGH,19.4538,19.3,19.41,19.3,84839,2018-09-07
BGH,19.35,19.2,19.3,19.35,107607,2018-09-10
BGH,19.46,19.39,19.45,19.46,70220,2018-09-11
BGH,19.63,19.5159,19.58,19.55,39469,2018-09-12
BGH,19.7,19.53,19.7,19.57,64175,2018-09-13
BGH,19.62,19.51,19.62,19.52,60935,2018-09-14
BGH,19.73,19.53,19.63,19.73,56663,2018-09-17
BGH,19.85,19.57,19.85,19.64,66600,2018-09-18
BGH,19.58,19.51,19.57,19.55,42591,2018-09-19
BGH,19.58,19.46,19.58,19.51,52281,2018-09-20
BGH,19.59,19.499,19.59,19.5175,22004,2018-09-21
BGH,19.59,19.44,19.54,19.46,66516,2018-09-24
BGH,19.47,19.43,19.47,19.46,55227,2018-09-25
BGH,19.498,19.35,19.43,19.35,76975,2018-09-26
BGH,19.5,19.39,19.4,19.5,57712,2018-09-27
BGH,19.54,19.38,19.54,19.38,76139,2018-09-28
BGH,19.5,19.35,19.5,19.38,99831,2018-10-01
BGH,19.45,19.4,19.4,19.44,32518,2018-10-02
BGH,19.45,19.39,19.45,19.41,41577,2018-10-03
BGH,19.41,19.15,19.4,19.17,89585,2018-10-04
BGH,19.15,18.54,19.06,18.74,448197,2018-10-05
BGH,18.775,18.5,18.77,18.56,164795,2018-10-08
BGH,18.69,18.48,18.69,18.52,123369,2018-10-09
BGH,18.61,18.4,18.53,18.46,142506,2018-10-10
BGH,18.557,18.42,18.5,18.46,81061,2018-10-11
BGH,18.5864,18.4,18.55,18.55,87337,2018-10-12
BGH,18.62,18.55,18.55,18.62,67221,2018-10-15
BGH,18.79,18.6,18.65,18.72,113767,2018-10-16
BGH,18.74,18.65,18.72,18.66,72815,2018-10-17
BGH,18.665,18.5,18.66,18.56,75959,2018-10-18
BGH,18.61,18.47,18.56,18.54,71633,2018-10-19
BGH,18.4258,18.21,18.41,18.26,85318,2018-10-22
BGH,18.25,17.96,18.25,18.21,98061,2018-10-23
BGH,18.27,18.1,18.27,18.1,62725,2018-10-24
BGH,18.16,17.92,18.16,17.98,111443,2018-10-25
BGH,17.95,17.76,17.95,17.77,120320,2018-10-26
BGH,17.84,17.5601,17.8,17.58,121986,2018-10-29
BGH,17.65,17.55,17.55,17.62,58318,2018-10-30
BGH,17.74,17.6,17.64,17.62,95014,2018-10-31
BGH,17.79,17.65,17.68,17.77,84716,2018-11-01
BGH,17.92,17.76,17.8,17.92,88718,2018-11-02
BGH,18.01,17.86,17.95,17.89,69612,2018-11-05
BGH,17.94,17.86,17.86,17.94,65403,2018-11-06
BGH,18.07,17.9532,17.98,18.07,43167,2018-11-07
BGH,18.17,18.03,18.04,18.1455,74129,2018-11-08
BGH,18.2485,18,18.19,18.07,142662,2018-11-09
BGH,18.0574,17.9,18.05,17.94,53403,2018-11-12
BGH,17.9727,17.9,17.95,17.9,33814,2018-11-13
BGH,17.99,17.91,17.91,17.9501,48722,2018-11-14
BGH,17.96,17.655,17.93,17.67,110184,2018-11-15
BGH,17.7,17.17,17.67,17.37,345625,2018-11-16
BGH,17.47,17.2,17.47,17.34,164495,2018-11-19
BGH,17.2,17.03,17.2,17.03,87776,2018-11-20
BGH,17.15,16.95,17.04,16.95,139240,2018-11-21
BGH,16.97,16.9,16.92,16.9,47377,2018-11-23
BGH,16.99,16.77,16.91,16.87,142582,2018-11-26
BGH,16.87,16.8,16.87,16.86,61149,2018-11-27
BGH,17,16.85,16.86,16.99,88045,2018-11-28
BGH,17,16.86,16.99,16.89,110387,2018-11-29
BGH,16.93,16.78,16.86,16.82,106922,2018-11-30
BGH,17.07,16.8701,16.93,17.07,198330,2018-12-03
BGH,17.07,16.91,17.04,17.02,167322,2018-12-04
BGH,16.91,16.7,16.73,16.91,147989,2018-12-06
BGH,16.93,16.77,16.85,16.79,88370,2018-12-07
BGH,16.9,16.72,16.88,16.81,51798,2018-12-10
BGH,16.95,16.79,16.95,16.79,87385,2018-12-11
BGH,16.9,16.7334,16.83,16.8,74856,2018-12-12
BGH,16.81,16.74,16.8,16.74,73272,2018-12-13
BGH,16.78,16.57,16.75,16.66,114216,2018-12-14
BGH,16.69,16.44,16.69,16.49,97575,2018-12-17
BGH,16.52,16.23,16.49,16.3,144815,2018-12-18
BGH,16.27,16.05,16.05,16.07,105511,2018-12-19
BGH,16.05,15.23,16.03,15.46,268022,2018-12-20
BGH,15.42,15.15,15.36,15.24,283017,2018-12-21
BGH,15.25,15.13,15.25,15.21,170244,2018-12-24
BGH,15.57,15.1563,15.2,15.56,243267,2018-12-26
BGH,15.74,15.39,15.39,15.71,147784,2018-12-27
BGH,15.93,15.74,15.74,15.83,162270,2018-12-28
BGH,15.95,15.81,15.84,15.95,182713,2018-12-31
BGH,16.19,15.9282,15.97,16.19,75940,2019-01-02
BGH,16.26,16.07,16.17,16.07,92669,2019-01-03
BGH,16.349,16.1195,16.12,16.29,94536,2019-01-04
BGH,16.73,16.35,16.35,16.61,180233,2019-01-07
BGH,16.87,16.69,16.7,16.77,120613,2019-01-08
BGH,16.84,16.72,16.83,16.81,124152,2019-01-09
BGH,16.8,16.6765,16.74,16.76,81499,2019-01-10
BGH,16.72,16.66,16.7,16.69,59001,2019-01-11
BGH,16.74,16.61,16.62,16.69,74770,2019-01-14
BGH,16.93,16.69,16.74,16.91,77533,2019-01-15
BGH,17.1,16.9,16.92,17.07,137802,2019-01-16
BGH,17.12,16.87,17.08,17,79701,2019-01-17
BGH,17.2195,17.025,17.03,17.19,113536,2019-01-18
BGH,17.05,16.9,17.01,17.05,83771,2019-01-22
BGH,17.1229,16.93,17.09,17.11,105374,2019-01-23
BGH,17.2399,16.97,17.15,17.03,94380,2019-01-24
BGH,17.1,16.97,17.03,16.98,90665,2019-01-25
BGH,17,16.91,16.95,17,70085,2019-01-28
BGH,17.06,16.98,17.06,17.05,53119,2019-01-29
BGH,17.35,17.0501,17.13,17.35,106981,2019-01-30
BGH,17.55,17.4,17.4,17.52,118126,2019-01-31
BGH,17.67,17.5,17.61,17.63,70258,2019-02-01
BGH,17.89,17.39,17.66,17.42,119693,2019-02-04
BGH,17.49,17.29,17.43,17.43,89598,2019-02-05
BGH,17.58,17.43,17.43,17.57,44886,2019-02-06
BGH,17.54,17.4,17.54,17.42,42830,2019-02-07
BGH,17.49,17.4025,17.42,17.49,55016,2019-02-08
BGH,17.6,17.5,17.52,17.57,35958,2019-02-11
BGH,17.68,17.57,17.61,17.571,63093,2019-02-12
BGH,17.66,17.49,17.66,17.58,81950,2019-02-13
BGH,17.6,17.5,17.55,17.54,82829,2019-02-14
BGH,17.77,17.56,17.56,17.745,67040,2019-02-15
BGH,17.64,17.5202,17.62,17.63,72641,2019-02-19
BGH,17.68,17.55,17.66,17.63,72189,2019-02-20
BGH,17.64,17.5631,17.62,17.64,53342,2019-02-21
BGH,17.7907,17.62,17.7,17.73,87471,2019-02-22
BGH,17.8,17.69,17.77,17.72,75252,2019-02-25
BGH,17.93,17.66,17.72,17.87,66343,2019-02-26
BGH,18.1,17.76,17.84,18.03,122015,2019-02-27
BGH,18.07,17.98,18.07,18.07,68950,2019-02-28
BGH,18.1699,17.95,18.07,17.99,74559,2019-03-01
BGH,18.1569,17.991,18,18.12,132732,2019-03-04
BGH,18.19,17.97,18.19,18.03,83058,2019-03-05
BGH,18.06,17.82,18.03,17.84,67321,2019-03-06
BGH,17.86,17.79,17.84,17.86,52712,2019-03-07
BGH,18.04,17.81,17.86,17.89,56442,2019-03-08
BGH,18.16,17.94,17.94,18.01,60915,2019-03-11
BGH,18.14,17.96,18.05,17.97,42360,2019-03-12
BGH,18.17,17.97,18.06,18.01,48376,2019-03-13
BGH,18.17,17.98,18.04,18.1,75170,2019-03-14
BGH,18.24,18.1,18.1,18.22,110131,2019-03-15
BGH,18.18,18.1,18.17,18.17,53049,2019-03-18
BGH,18.29,18.18,18.18,18.27,79419,2019-03-19
BGH,18.24,18.07,18.12,18.22,48511,2019-03-20
BGH,18.47,18.22,18.22,18.34,104103,2019-03-21
BGH,18.41,18.14,18.37,18.17,58321,2019-03-22
BGH,18.22,18.11,18.18,18.22,65633,2019-03-25
BGH,18.28,18.15,18.28,18.22,48503,2019-03-26
BGH,18.27,18.13,18.27,18.27,59762,2019-03-27
BGH,18.25,18.15,18.23,18.15,45466,2019-03-28
BGH,18.2045,18.1,18.18,18.1,107314,2019-03-29
BGH,18.3568,18.141,18.2,18.28,80795,2019-04-01
BGH,18.4988,18.31,18.31,18.41,67525,2019-04-02
BGH,18.46,18.41,18.46,18.46,66951,2019-04-03
BGH,18.56,18.43,18.46,18.56,48727,2019-04-04
BGH,18.7,18.53,18.57,18.56,55635,2019-04-05
BGH,18.745,18.541,18.55,18.64,75668,2019-04-08
BGH,18.6391,18.44,18.62,18.44,74924,2019-04-09
BGH,18.48,18.34,18.48,18.4,91893,2019-04-10
BGH,18.51,18.41,18.42,18.48,42546,2019-04-11
BGH,18.53,18.46,18.51,18.48,47377,2019-04-12
BGH,18.5199,18.45,18.48,18.46,56578,2019-04-15
BGH,18.55,18.47,18.47,18.5,56799,2019-04-16
BGH,18.5426,18.42,18.52,18.51,81323,2019-04-17
BGH,18.38,18.1,18.38,18.25,89678,2019-04-18
BGH,18.28,18.1,18.28,18.25,99210,2019-04-22
BGH,18.47,18.2166,18.26,18.47,62429,2019-04-23
BGH,18.63,18.31,18.63,18.4,55187,2019-04-24
BGH,18.39,18.23,18.39,18.29,63365,2019-04-25
BGH,18.37,18.21,18.27,18.25,62445,2019-04-26
BGH,18.3565,18.29,18.34,18.33,56396,2019-04-29
BGH,18.56,18.34,18.34,18.56,50454,2019-04-30
BGH,18.73,18.5784,18.6,18.7,78172,2019-05-01
BGH,18.849,18.56,18.69,18.71,134480,2019-05-02
BGH,18.9,18.76,18.8,18.9,62005,2019-05-03
BGH,18.8899,18.62,18.85,18.75,71920,2019-05-06
BGH,18.74,18.55,18.71,18.57,67301,2019-05-07
BGH,18.62,18.55,18.56,18.55,52494,2019-05-08
BGH,18.6,18.4,18.55,18.45,86295,2019-05-09
BGH,18.41,18.38,18.41,18.38,42473,2019-05-10
BGH,18.42,18.15,18.26,18.27,66090,2019-05-13
BGH,18.44,18.3,18.33,18.36,55489,2019-05-14
BGH,18.41,18.28,18.32,18.37,91241,2019-05-15
BGH,18.5651,18.37,18.37,18.47,81512,2019-05-16
BGH,18.51,18.43,18.45,18.43,50924,2019-05-17
BGH,18.56,18.4653,18.49,18.51,81778,2019-05-20
BGH,18.47,18.31,18.4,18.42,65497,2019-05-21
BGH,18.38,18.31,18.31,18.35,36591,2019-05-22
BGH,18.46,18.25,18.33,18.46,68866,2019-05-23
BGH,18.57,18.4491,18.46,18.54,81553,2019-05-24
BGH,18.57,18.46,18.57,18.48,39946,2019-05-28
BGH,18.4504,18.19,18.43,18.2,77724,2019-05-29
BGH,18.21,17.92,18.16,17.92,123805,2019-05-30
BGH,17.79,17.41,17.79,17.55,163431,2019-05-31
BGH,17.52,17.2,17.45,17.21,149461,2019-06-03
BGH,17.67,17.33,17.33,17.67,110383,2019-06-04
BGH,17.85,17.7,17.72,17.85,72675,2019-06-05
BGH,17.94,17.79,17.84,17.91,65876,2019-06-06
BGH,18,17.89,17.89,17.95,53246,2019-06-07
BGH,18.1,17.9701,18,18.0531,51408,2019-06-10
BGH,18.1599,18,18.15,18.0511,61121,2019-06-11
BGH,18.13,18.05,18.09,18.06,35644,2019-06-12
BGH,18.15,18.07,18.15,18.08,42578,2019-06-13
BGH,18.14,18.02,18.08,18.14,33574,2019-06-14
BGH,18.14,18.09,18.1,18.1,46460,2019-06-17
BGH,18.21,18.05,18.12,18.12,65234,2019-06-18
BGH,18.1,17.93,18,18.09,70180,2019-06-19
BGH,18.12,18.05,18.12,18.05,46556,2019-06-20
BGH,18.0457,17.71,18.04,17.89,98535,2019-06-21
BGH,17.93,17.81,17.85,17.81,35544,2019-06-24
BGH,17.8958,17.71,17.89,17.77,60504,2019-06-25
BGH,17.839,17.67,17.79,17.74,54115,2019-06-26
BGH,17.78,17.67,17.67,17.74,56901,2019-06-27
BGH,17.83,17.68,17.74,17.68,123952,2019-06-28
BGH,17.89,17.75,17.76,17.89,60183,2019-07-01
BGH,18.04,17.87,17.9,18,65920,2019-07-02
BGH,18.13,18.01,18.01,18.1,49036,2019-07-03
BGH,18.06,17.91,18.02,17.91,49703,2019-07-05
BGH,17.99,17.86,17.95,17.88,85118,2019-07-08
BGH,18.02,17.9,17.93,17.94,66215,2019-07-09
BGH,18.129,18,18,18.11,61337,2019-07-10
BGH,18.2,18.09,18.11,18.1,43161,2019-07-11
BGH,18.163,18.1,18.11,18.1,36740,2019-07-12
BGH,18.16,18.1,18.12,18.15,57184,2019-07-15
BGH,18.22,18.15,18.19,18.22,88252,2019-07-16
BGH,18.27,18.2,18.21,18.22,50831,2019-07-17
BGH,18.3,18.09,18.17,18.1,77684,2019-07-18
BGH,18.15,18,18.11,18.01,82474,2019-07-19
BGH,18.04,17.82,17.82,17.88,75571,2019-07-22
BGH,17.9352,17.81,17.88,17.81,56857,2019-07-23
BGH,18.03,17.85,17.86,18.02,52498,2019-07-24
BGH,18.04,17.95,18.04,17.99,55114,2019-07-25
BGH,18.02,17.84,18.02,17.85,61616,2019-07-26
BGH,17.91,17.83,17.84,17.91,46207,2019-07-29
BGH,18.02,17.9,17.91,17.99,40980,2019-07-30
BGH,18.11,17.9828,18.01,18.08,39611,2019-07-31
BGH,18.23,18.06,18.14,18.1,61309,2019-08-01
BGH,18.187,18.08,18.11,18.17,56888,2019-08-02
BGH,18.11,17.69,18.11,17.79,120830,2019-08-05
BGH,17.95,17.8278,17.86,17.88,46056,2019-08-06
BGH,17.83,17.72,17.75,17.83,49030,2019-08-07
BGH,17.83,17.7071,17.75,17.75,67250,2019-08-08
BGH,17.82,17.7588,17.78,17.77,31264,2019-08-09
BGH,17.88,17.75,17.77,17.81,60548,2019-08-12
BGH,17.86,17.76,17.76,17.78,43065,2019-08-13
BGH,17.79,17.46,17.74,17.5,91146,2019-08-14
BGH,17.5613,17.29,17.55,17.32,71646,2019-08-15
BGH,17.5186,17.31,17.31,17.39,74296,2019-08-16
BGH,17.61,17.42,17.51,17.57,53140,2019-08-19
BGH,17.83,17.625,17.64,17.79,55108,2019-08-20
BGH,17.89,17.64,17.72,17.83,62056,2019-08-21
BGH,17.79,17.62,17.78,17.67,68849,2019-08-22
BGH,17.733,17.56,17.67,17.66,47372,2019-08-23
BGH,17.75,17.66,17.7,17.68,71876,2019-08-26
BGH,17.72,17.56,17.68,17.59,56851,2019-08-27
BGH,17.67,17.5,17.52,17.51,76050,2019-08-28
BGH,17.59,17.5,17.55,17.51,55944,2019-08-29
BGH,17.535,17.4,17.5,17.4,48327,2019-08-30
BGH,17.5,17.32,17.37,17.46,55783,2019-09-03
BGH,17.65,17.391,17.46,17.65,80149,2019-09-04
BGH,17.68,17.6,17.65,17.61,60401,2019-09-05
BGH,17.65,17.59,17.59,17.63,53032,2019-09-06
BGH,17.645,17.5728,17.63,17.64,37232,2019-09-09
BGH,17.67,17.616,17.66,17.63,38242,2019-09-10
BGH,17.81,17.6623,17.67,17.77,59275,2019-09-11
BGH,17.76,17.67,17.76,17.67,47862,2019-09-12
BGH,17.78,17.62,17.69,17.65,30395,2019-09-13
BGH,17.85,17.7291,17.74,17.82,37214,2019-09-16
BGH,17.88,17.8,17.84,17.8443,32953,2019-09-17
BGH,17.92,17.789,17.84,17.81,53246,2019-09-18
BGH,17.76,17.65,17.76,17.65,54560,2019-09-19
BGH,17.7,17.58,17.65,17.62,38259,2019-09-20
BGH,17.62,17.49,17.58,17.5,56225,2019-09-23
BGH,17.6,17.5,17.52,17.56,47969,2019-09-24
BGH,17.6008,17.44,17.52,17.44,47449,2019-09-25
BGH,17.4939,17.35,17.43,17.36,54838,2019-09-26
BGH,17.45,17.35,17.36,17.41,29521,2019-09-27
BGH,17.46,17.38,17.38,17.4,43093,2019-09-30
BGH,17.49,17.41,17.41,17.47,41400,2019-10-01
BGH,17.5,17.24,17.49,17.4,60643,2019-10-02
BGH,17.4036,17.1,17.36,17.2201,67849,2019-10-03
BGH,17.329,17.12,17.21,17.17,53838,2019-10-04
BGH,17.23,17.08,17.15,17.08,64927,2019-10-07
BGH,17.227,17.08,17.11,17.13,56907,2019-10-08
BGH,17.21,17.07,17.19,17.1,46498,2019-10-09
BGH,17.2,17.1,17.1,17.15,28992,2019-10-10
BGH,17.248,17.18,17.23,17.1903,38826,2019-10-11
BGH,17.23,17.13,17.13,17.14,55419,2019-10-14
BGH,17.2798,17.15,17.15,17.23,40829,2019-10-15
BGH,17.2458,17.06,17.16,17.2,43535,2019-10-16
BGH,17.29,17.16,17.16,17.28,57025,2019-10-17
BGH,17.3,17.1,17.29,17.19,108391,2019-10-18
BGH,17.28,17.13,17.19,17.28,68775,2019-10-21
BGH,17.24,17.03,17.16,17.08,58665,2019-10-22
BGH,17.25,17.05,17.05,17.18,82397,2019-10-23
BGH,17.36,17.18,17.18,17.355,52295,2019-10-24
BGH,17.42,17.34,17.36,17.39,38665,2019-10-25
BGH,17.4033,17.25,17.4,17.25,39976,2019-10-28
BGH,17.35,17.15,17.25,17.15,47875,2019-10-29
BGH,17.44,17.2371,17.26,17.44,51643,2019-10-30
BGH,17.5,17.36,17.44,17.48,50974,2019-10-31
BGH,17.5,17.36,17.5,17.47,52088,2019-11-01
BGH,17.48,17.36,17.42,17.39,47714,2019-11-04
BGH,17.43,17.28,17.41,17.32,50243,2019-11-05
BGH,17.41,17.3401,17.37,17.4,41795,2019-11-06
BGH,17.44,17.25,17.44,17.26,78162,2019-11-07
BGH,17.29,17.11,17.21,17.15,129857,2019-11-08
BGH,17.37,17.15,17.17,17.21,56291,2019-11-11
BGH,17.25,17.17,17.21,17.18,38022,2019-11-12
BGH,17.18,17.1003,17.18,17.11,64649,2019-11-13
BGH,17.174,17.1,17.1,17.11,49630,2019-11-14
BGH,17.18,17.1042,17.11,17.12,50305,2019-11-15
BGH,17.15,16.99,17.08,17.03,112084,2019-11-18
BGH,16.93,16.8,16.92,16.87,64607,2019-11-19
BGH,16.82,16.52,16.82,16.57,167629,2019-11-20
BGH,16.62,16.5,16.57,16.5,103111,2019-11-21
BGH,16.68,16.53,16.57,16.6,109430,2019-11-22
BGH,16.67,16.55,16.62,16.56,95030,2019-11-25
BGH,16.59,16.48,16.56,16.48,95964,2019-11-26
BGH,16.5371,16.34,16.49,16.34,157981,2019-11-27
BGH,16.42,16.3,16.34,16.31,57223,2019-11-29
BGH,16.32,16.2,16.31,16.22,132206,2019-12-02
BGH,16.3,16.1,16.2,16.19,204667,2019-12-03
BGH,16.3895,16.21,16.22,16.34,83712,2019-12-04
BGH,16.57,16.36,16.36,16.49,87948,2019-12-05
BGH,16.55,16.46,16.5,16.53,77280,2019-12-06
BGH,16.65,16.47,16.54,16.58,116217,2019-12-09
BGH,16.65,16.58,16.6,16.63,75355,2019-12-10
BGH,16.79,16.64,16.66,16.76,109695,2019-12-11
BGH,16.83,16.73,16.78,16.74,77747,2019-12-12
BGH,16.84,16.77,16.77,16.78,49784,2019-12-13
BGH,16.97,16.79,16.84,16.97,89632,2019-12-16
BGH,17.1,16.9519,17,17.06,157206,2019-12-17
BGH,17.1287,17.0766,17.12,17.11,78464,2019-12-18
BGH,17.12,16.85,16.85,17.11,161135,2019-12-19
BGH,17.25,17.09,17.19,17.22,175931,2019-12-20
BGH,17.26,17.16,17.26,17.22,150901,2019-12-23
BGH,17.29,17.1877,17.23,17.26,69414,2019-12-24
BGH,17.38,17.25,17.29,17.33,77264,2019-12-26
BGH,17.4,17.31,17.38,17.4,64827,2019-12-27
BGH,17.48,17.31,17.4,17.48,81029,2019-12-30
BGH,17.55,17.4,17.44,17.53,120454,2019-12-31
BGH,17.63,17.51,17.6,17.62,106166,2020-01-02
BGH,17.62,17.52,17.61,17.61,63949,2020-01-03
BGH,17.5759,17.34,17.49,17.49,158144,2020-01-06
BGH,17.6,17.48,17.49,17.58,74736,2020-01-07
BGH,17.71,17.51,17.6,17.7,96575,2020-01-08
BGH,17.71,17.6484,17.68,17.71,49407,2020-01-09
BGH,17.74,17.64,17.71,17.69,110022,2020-01-10
BGH,17.92,17.6955,17.72,17.89,106194,2020-01-13
BGH,17.9,17.83,17.89,17.9,54820,2020-01-14
BGH,18.12,17.892,17.93,18.09,114242,2020-01-15
BGH,18.23,18.11,18.11,18.18,70348,2020-01-16
BGH,18.32,18.15,18.18,18.21,138667,2020-01-17
BGH,18.27,18.16,18.21,18.22,105787,2020-01-21
BGH,18.21,18.04,18.13,18.12,84016,2020-01-22
BGH,18.1154,17.97,18.08,18,71882,2020-01-23
BGH,18.009,17.83,17.97,17.89,97375,2020-01-24
BGH,17.8,17.57,17.8,17.61,105544,2020-01-27
BGH,17.67,17.6,17.61,17.65,97040,2020-01-28
BGH,17.75,17.6484,17.69,17.75,73071,2020-01-29
BGH,17.74,17.6217,17.7,17.7298,100449,2020-01-30
BGH,17.73,17.55,17.7,17.62,99598,2020-01-31
BGH,17.76,17.6603,17.68,17.75,89998,2020-02-03
BGH,18.04,17.81,17.82,18.04,68880,2020-02-04
BGH,18.18,18.09,18.12,18.13,156409,2020-02-05
BGH,18.1795,18.11,18.13,18.13,73344,2020-02-06
BGH,18.2,18.055,18.15,18.06,102637,2020-02-07
BGH,18.14,18.07,18.08,18.09,52067,2020-02-10
BGH,18.19,18.1,18.12,18.1,49098,2020-02-11
BGH,18.2,17.93,18.2,17.96,110037,2020-02-12
BGH,17.98,17.88,17.96,17.88,45115,2020-02-13
BGH,18.07,17.88,17.88,18.07,62699,2020-02-14
BGH,18.19,18.01,18.03,18.16,102641,2020-02-18
BGH,18.15,18.05,18.08,18.08,72138,2020-02-19
BGH,18.2,18.1101,18.15,18.14,47609,2020-02-20
BGH,18.16,18.09,18.14,18.13,66777,2020-02-21
BGH,18,17.7501,17.99,17.77,87924,2020-02-24
BGH,17.89,16.985,17.79,17.01,131805,2020-02-25
BGH,17.3,17.1126,17.13,17.17,58805,2020-02-26
BGH,17,16.51,17,16.51,141060,2020-02-27
BGH,16.39,16,16.34,16.25,174007,2020-02-28
BGH,16.755,16.2601,16.33,16.52,131782,2020-03-02
BGH,16.93,16.58,16.66,16.82,100170,2020-03-03
BGH,17.1,16.91,17.04,17.1,86437,2020-03-04
BGH,17.16,16.46,16.77,16.48,130180,2020-03-05
BGH,16.26,16,16.06,16.18,103816,2020-03-06
BGH,15.68,14.72,15.68,14.85,221863,2020-03-09
BGH,15.17,14.51,15.17,14.82,149741,2020-03-10
BGH,14.75,14,14.75,14.23,199500,2020-03-11
BGH,13.73,12.19,13.73,12.96,214612,2020-03-12
BGH,13.61,12.62,13.35,13.6,160743,2020-03-13
BGH,12.54,11.369,12,12.17,182283,2020-03-16
BGH,12.256,11.745,12.21,11.97,166736,2020-03-17
BGH,11.47,9.5234,11.47,9.75,288314,2020-03-18
BGH,10.34,9.27,9.67,9.99,253832,2020-03-19
BGH,10.89,9.82,10.03,10.1,308972,2020-03-20
BGH,10,9.14,10,9.17,189277,2020-03-23
BGH,10.05,9.5,9.5,9.98,252052,2020-03-24
BGH,11.19,9.98,10.12,10.9,194201,2020-03-25
BGH,11.31,10.68,10.68,11.11,224337,2020-03-26
BGH,11.08,10.44,10.95,10.94,107105,2020-03-27
BGH,11.12,10.78,10.94,11.07,111668,2020-03-30
BGH,11.35,10.85,10.85,11.13,225795,2020-03-31
BGH,10.99,10.44,10.98,10.6,173109,2020-04-01
BGH,10.65,10.36,10.57,10.54,128796,2020-04-02
BGH,10.68,9.91,10.68,10.08,186301,2020-04-03
BGH,10.46,10.12,10.35,10.14,183465,2020-04-06
BGH,10.59,10.4,10.52,10.54,143285,2020-04-07
BGH,11.06,10.51,10.51,11.04,185767,2020-04-08
BGH,11.9,11.355,11.37,11.74,303514,2020-04-09
BGH,11.77,11.05,11.74,11.28,160812,2020-04-13
BGH,11.75,11.47,11.5,11.52,133923,2020-04-14
BGH,11.52,11.29,11.37,11.43,87982,2020-04-15
BGH,11.61,11.2101,11.47,11.33,103292,2020-04-16
BGH,11.67,11.35,11.67,11.48,100425,2020-04-17
BGH,11.64,11.32,11.43,11.41,137498,2020-04-20
BGH,11.25,10.95,11.25,11.06,88327,2020-04-21
BGH,11.26,11.12,11.12,11.19,88728,2020-04-22
BGH,11.46,11.22,11.22,11.28,96640,2020-04-23
BGH,11.3471,11.08,11.29,11.13,73134,2020-04-24
BGH,11.25,10.94,11.25,10.97,106899,2020-04-27
BGH,10.99,10.8482,10.99,10.91,71463,2020-04-28
BGH,11.0979,10.945,11,11.04,159816,2020-04-29
BGH,11.02,10.8935,11.02,11,53311,2020-04-30
BGH,10.97,10.75,10.94,10.82,81549,2020-05-01
BGH,10.88,10.74,10.8,10.8,155908,2020-05-04
BGH,10.99,10.81,10.81,10.89,156184,2020-05-05
BGH,10.98,10.77,10.96,10.85,108563,2020-05-06
BGH,10.98,10.88,10.89,10.9,129443,2020-05-07
BGH,11.06,10.92,10.97,11.06,101714,2020-05-08
BGH,11.06,10.95,10.95,10.99,106606,2020-05-11
BGH,11.1073,10.98,11.05,10.98,100052,2020-05-12
BGH,11,10.83,10.98,10.91,122533,2020-05-13
BGH,10.87,10.75,10.87,10.86,53526,2020-05-14
BGH,10.87,10.72,10.72,10.8,129201,2020-05-15
BGH,11.12,10.94,10.94,11.1,53483,2020-05-18
BGH,11.08,10.93,10.95,11.04,71401,2020-05-19
BGH,11.22,11.025,11.06,11.22,124578,2020-05-20
BGH,11.32,11.13,11.25,11.22,65968,2020-05-21
BGH,11.29,11.16,11.27,11.27,85647,2020-05-22
BGH,11.53,11.36,11.36,11.43,65317,2020-05-26
BGH,11.67,11.445,11.46,11.66,128000,2020-05-27
BGH,11.79,11.645,11.66,11.72,118084,2020-05-28
BGH,11.9,11.69,11.69,11.85,124769,2020-05-29
BGH,12.16,11.85,11.85,12.14,123342,2020-06-01
BGH,12.48,12.14,12.14,12.41,187077,2020-06-02
BGH,12.69,12.47,12.47,12.61,112413,2020-06-03
BGH,12.7,12.425,12.6,12.57,105688,2020-06-04
BGH,12.95,12.73,12.73,12.77,115891,2020-06-05
BGH,12.93,12.85,12.86,12.89,60561,2020-06-08
BGH,13,12.8,12.86,12.96,70532,2020-06-09
BGH,13.1,12.94,13.06,13.1,92234,2020-06-10
BGH,12.88,12.3301,12.8,12.42,197923,2020-06-11
BGH,12.73,12.38,12.61,12.56,139522,2020-06-12
BGH,12.59,12.3,12.32,12.5,130665,2020-06-15
BGH,12.8432,12.57,12.68,12.7,129554,2020-06-16
BGH,12.7705,12.68,12.75,12.69,76047,2020-06-17
BGH,12.7498,12.68,12.7,12.72,77082,2020-06-18
BGH,12.7611,12.57,12.75,12.57,77037,2020-06-19
BGH,12.65,12.55,12.61,12.56,52563,2020-06-22
BGH,12.73,12.6152,12.65,12.73,40120,2020-06-23
BGH,12.7,12.5,12.7,12.55,57880,2020-06-24
BGH,12.54,12.38,12.48,12.5,49750,2020-06-25
BGH,12.46,12.2901,12.41,12.32,57131,2020-06-26
BGH,12.4851,12.35,12.42,12.46,36930,2020-06-29
BGH,12.57,12.485,12.53,12.57,78725,2020-06-30
BGH,12.7229,12.56,12.66,12.61,65482,2020-07-01
BGH,12.7603,12.62,12.7,12.66,49784,2020-07-02
BGH,12.745,12.66,12.67,12.69,53597,2020-07-06
BGH,12.78,12.64,12.67,12.66,47109,2020-07-07
BGH,12.75,12.63,12.74,12.71,34664,2020-07-08
BGH,12.68,12.48,12.67,12.52,85514,2020-07-09
BGH,12.56,12.43,12.43,12.55,50618,2020-07-10
BGH,12.62,12.54,12.58,12.58,50651,2020-07-13
BGH,12.5863,12.51,12.54,12.51,44984,2020-07-14
BGH,12.69,12.52,12.52,12.65,36304,2020-07-15
BGH,12.65,12.57,12.57,12.65,24249,2020-07-16
BGH,12.69,12.61,12.65,12.64,39067,2020-07-17
BGH,12.7,12.64,12.67,12.65,48336,2020-07-20
BGH,12.79,12.7009,12.74,12.74,70794,2020-07-21
BGH,12.7,12.59,12.64,12.59,56996,2020-07-22
BGH,12.63,12.53,12.63,12.56,64661,2020-07-23
BGH,12.62,12.52,12.52,12.62,55369,2020-07-24
BGH,12.65,12.57,12.63,12.57,51644,2020-07-27
BGH,12.625,12.57,12.58,12.6,53308,2020-07-28
BGH,12.77,12.62,12.62,12.755,39170,2020-07-29
BGH,12.7699,12.6601,12.74,12.71,58068,2020-07-30
BGH,12.79,12.667,12.75,12.79,74374,2020-07-31
BGH,12.87,12.79,12.87,12.82,37424,2020-08-03
BGH,12.92,12.83,12.84,12.89,62995,2020-08-04
BGH,13.06,12.9337,12.95,13.06,40775,2020-08-05
BGH,13.13,13.03,13.06,13.13,60208,2020-08-06
BGH,13.18,13.04,13.11,13.18,70188,2020-08-07
BGH,13.33,13.2361,13.24,13.32,43638,2020-08-10
BGH,13.39,13.26,13.34,13.28,55459,2020-08-11
BGH,13.4,13.29,13.4,13.32,33464,2020-08-12
BGH,13.47,13.3,13.37,13.4,77600,2020-08-13
BGH,13.4553,13.37,13.44,13.42,50312,2020-08-14
BGH,13.47,13.38,13.43,13.45,46122,2020-08-17
BGH,13.5,13.41,13.41,13.49,79892,2020-08-18
BGH,13.58,13.5101,13.53,13.57,59807,2020-08-19
BGH,13.52,13.42,13.52,13.46,51237,2020-08-20
BGH,13.4796,13.2,13.46,13.2,50018,2020-08-21
BGH,13.3699,13.27,13.27,13.31,65910,2020-08-24
BGH,13.36,13.27,13.27,13.36,69381,2020-08-25
BGH,13.36,13.29,13.36,13.34,41167,2020-08-26
BGH,13.35,13.28,13.35,13.32,48928,2020-08-27
BGH,13.35,13.25,13.25,13.33,72682,2020-08-28
BGH,13.39,13.26,13.28,13.36,56439,2020-08-31
BGH,13.46,13.315,13.42,13.46,61585,2020-09-01
BGH,13.58,13.37,13.46,13.52,75915,2020-09-02
BGH,13.73,13.334,13.41,13.73,60610,2020-09-03
BGH,13.55,13.22,13.55,13.4,93827,2020-09-04
BGH,13.31,13.19,13.31,13.26,81483,2020-09-08
BGH,13.41,13.26,13.3,13.3898,54955,2020-09-09
BGH,13.47,13.39,13.42,13.43,61969,2020-09-10
BGH,13.52,13.4,13.5,13.51,53211,2020-09-11
BGH,13.55,13.44,13.52,13.54,58893,2020-09-14
BGH,13.66,13.5663,13.6,13.66,41127,2020-09-15
BGH,13.72,13.62,13.68,13.66,57494,2020-09-16
BGH,13.7,13.6,13.63,13.66,36715,2020-09-17
BGH,13.71,13.6,13.7,13.69,51246,2020-09-18
BGH,13.54,13.42,13.54,13.51,54661,2020-09-21
BGH,13.549,13.49,13.49,13.53,49846,2020-09-22
BGH,13.56,13.3,13.55,13.3,118724,2020-09-23
BGH,13.3962,13.2,13.33,13.35,71105,2020-09-24
BGH,13.26,13.19,13.26,13.22,74633,2020-09-25
BGH,13.4,13.25,13.25,13.4,77812,2020-09-28
BGH,13.39,13.3246,13.35,13.38,93533,2020-09-29
BGH,13.41,13.32,13.35,13.32,99614,2020-09-30
BGH,13.44,13.315,13.44,13.39,52040,2020-10-01
BGH,13.42,13.2901,13.32,13.41,43109,2020-10-02
BGH,13.4324,13.34,13.41,13.43,54294,2020-10-05
BGH,13.49,13.4,13.43,13.45,65730,2020-10-06
BGH,13.57,13.47,13.55,13.5,62007,2020-10-07
BGH,13.612,13.53,13.57,13.53,57357,2020-10-08
BGH,13.6458,13.55,13.55,13.59,39279,2020-10-09
BGH,13.645,13.5801,13.62,13.64,43568,2020-10-12
BGH,13.64,13.55,13.64,13.56,45388,2020-10-13
BGH,13.605,13.48,13.56,13.55,43508,2020-10-14
BGH,13.54,13.42,13.54,13.44,45984,2020-10-15
BGH,13.48,13.31,13.48,13.32,55091,2020-10-16
BGH,13.385,13.22,13.33,13.22,55954,2020-10-19
BGH,13.3335,13.22,13.22,13.3,54736,2020-10-20
BGH,13.29,13.14,13.21,13.16,106188,2020-10-21
BGH,13.18,13.0818,13.18,13.17,92947,2020-10-22
BGH,13.2,13.13,13.17,13.13,46358,2020-10-23
BGH,13.097,13,13.09,13.02,62329,2020-10-26
BGH,13.08,13.02,13.02,13.02,38926,2020-10-27
BGH,12.98,12.7501,12.97,12.76,68149,2020-10-28
BGH,12.85,12.77,12.78,12.81,52486,2020-10-29
BGH,12.85,12.78,12.79,12.82,47096,2020-10-30
BGH,12.94,12.86,12.88,12.9,51507,2020-11-02
BGH,13.02,12.93,12.93,12.96,58384,2020-11-03
BGH,13.18,13,13,13.1,62770,2020-11-04
BGH,13.31,13.17,13.17,13.26,63293,2020-11-05
BGH,13.3396,13.27,13.27,13.32,44406,2020-11-06
BGH,13.61,13.37,13.61,13.39,48322,2020-11-09
BGH,13.714,13.48,13.49,13.7,101753,2020-11-10
BGH,13.81,13.69,13.69,13.77,51942,2020-11-11
BGH,13.74,13.65,13.73,13.65,66577,2020-11-12
BGH,13.76,13.705,13.72,13.71,62484,2020-11-13
BGH,13.85,13.72,13.73,13.85,114654,2020-11-16
BGH,14.015,13.8171,13.84,14.01,137763,2020-11-17
BGH,14.05,13.86,13.86,13.93,114468,2020-11-18
BGH,14.029,13.91,13.93,13.98,120829,2020-11-19
BGH,14.04,13.92,13.92,13.96,76930,2020-11-20
BGH,14.0899,14.009,14.06,14.06,75397,2020-11-23
BGH,14.25,14.07,14.07,14.22,114164,2020-11-24
BGH,14.35,14.22,14.28,14.3,81005,2020-11-25
BGH,14.4,14.29,14.29,14.4,63881,2020-11-27
BGH,14.47,14.33,14.38,14.46,87759,2020-11-30
BGH,14.64,14.5057,14.56,14.61,78685,2020-12-01
BGH,14.78,14.58,14.58,14.73,100501,2020-12-02
BGH,14.84,14.73,14.73,14.82,72498,2020-12-03
BGH,14.88,14.8,14.81,14.81,78012,2020-12-04
BGH,14.85,14.72,14.73,14.8,70737,2020-12-07
BGH,14.8608,14.77,14.79,14.82,80969,2020-12-08
BGH,14.91,14.79,14.91,14.84,62289,2020-12-09
BGH,14.9499,14.83,14.87,14.92,87218,2020-12-10
BGH,14.98,14.9,14.94,14.92,76151,2020-12-11
BGH,15.04,14.8887,14.95,14.9,75880,2020-12-14
BGH,15.05,14.8991,14.91,14.99,69676,2020-12-15
BGH,15.029,14.89,14.99,14.925,108645,2020-12-16
BGH,15.01,14.93,14.94,14.98,87421,2020-12-17
BGH,15.06,14.9,14.97,14.98,206329,2020-12-18
BGH,14.835,14.78,14.8,14.83,85359,2020-12-21
BGH,14.86,14.8,14.83,14.82,79719,2020-12-22
BGH,14.84,14.69,14.8,14.82,63286,2020-12-23
BGH,14.86,14.82,14.82,14.86,21883,2020-12-24
BGH,14.93,14.87,14.9,14.9,63803,2020-12-28
BGH,14.97,14.89,14.92,14.92,62409,2020-12-29
BGH,15.01,14.93,14.93,14.94,47662,2020-12-30
BGH,15.09,14.94,14.97,15.09,86007,2020-12-31
BGH,15.115,14.88,15.1,14.95,65669,2021-01-04
BGH,15.06,14.95,14.97,15,49041,2021-01-05
BGH,15.0799,14.9101,14.96,15,43807,2021-01-06
BGH,15.12,14.93,15.06,15.05,105050,2021-01-07
BGH,15.1011,15.01,15.05,15.05,87140,2021-01-08
BGH,15.06,14.98,15.04,15.05,83159,2021-01-11
BGH,15.15,15.02,15.02,15.14,69410,2021-01-12
BGH,15.29,15.14,15.19,15.28,53715,2021-01-13
BGH,15.39,15.23,15.32,15.35,68268,2021-01-14
BGH,15.36,15.25,15.36,15.29,57079,2021-01-15
BGH,15.34,15.24,15.3,15.31,79050,2021-01-19
BGH,15.27,15.2,15.27,15.21,50533,2021-01-20
BGH,15.28,15.21,15.25,15.23,76510,2021-01-21
BGH,15.215,15.14,15.14,15.18,73182,2021-01-22
BGH,15.23,15.09,15.14,15.23,56221,2021-01-25
BGH,15.25,15.13,15.25,15.23,89272,2021-01-26
BGH,15.17,15.07,15.08,15.09,43549,2021-01-27
BGH,15.22,15.09,15.15,15.16,111996,2021-01-28
BGH,15.15,15.06,15.14,15.11,46858,2021-01-29
BGH,15.234,15.13,15.21,15.16,40382,2021-02-01
BGH,15.36,15.2,15.22,15.36,91926,2021-02-02
BGH,15.4,15.3,15.4,15.37,32173,2021-02-03
BGH,15.47,15.35,15.35,15.46,64533,2021-02-04
BGH,15.48,15.37,15.48,15.37,55103,2021-02-05
BGH,15.5199,15.43,15.43,15.49,46322,2021-02-08
BGH,15.62,15.46,15.46,15.57,45568,2021-02-09
BGH,15.66,15.56,15.6,15.61,66159,2021-02-10
BGH,15.9,15.59,15.65,15.63,76103,2021-02-11
BGH,15.76,15.64,15.67,15.68,93280,2021-02-12
BGH,15.74,15.64,15.67,15.72,91063,2021-02-16
BGH,15.7,15.52,15.63,15.59,47915,2021-02-17
BGH,15.61,15.5475,15.57,15.59,29017,2021-02-18
BGH,15.64,15.5,15.63,15.51,57107,2021-02-19
BGH,15.59,15.49,15.49,15.56,68789,2021-02-22
BGH,15.56,15.49,15.55,15.52,57307,2021-02-23
BGH,15.655,15.52,15.52,15.57,36416,2021-02-24
BGH,15.61,15.33,15.57,15.4,116944,2021-02-25
BGH,15.57,15.4,15.4,15.57,52148,2021-02-26
BGH,15.76,15.6,15.68,15.7,60076,2021-03-01
BGH,15.7099,15.64,15.64,15.66,44598,2021-03-02
BGH,15.7111,15.58,15.66,15.59,74563,2021-03-03
BGH,15.7,15.51,15.59,15.58,107145,2021-03-04
BGH,15.6639,15.5,15.6,15.65,44932,2021-03-05
BGH,15.73,15.55,15.57,15.62,85764,2021-03-08
BGH,15.85,15.65,15.65,15.78,106207,2021-03-09
BGH,15.89,15.79,15.86,15.87,68228,2021-03-10
BGH,16,15.87,15.89,15.9298,61232,2021-03-11
BGH,15.93,15.81,15.89,15.81,40614,2021-03-12
BGH,15.95,15.81,15.81,15.88,60980,2021-03-15
BGH,15.99,15.8895,15.94,15.93,88177,2021-03-16
BGH,15.97,15.87,15.87,15.9,27469,2021-03-17
BGH,15.8936,15.76,15.87,15.81,35162,2021-03-18
BGH,15.87,15.72,15.77,15.83,66204,2021-03-19
BGH,15.8,15.71,15.72,15.76,66812,2021-03-22
BGH,15.8098,15.74,15.75,15.74,48180,2021-03-23
BGH,15.84,15.77,15.79,15.77,32341,2021-03-24
BGH,15.79,15.65,15.66,15.75,50226,2021-03-25
BGH,15.91,15.75,15.75,15.79,53855,2021-03-26
BGH,15.88,15.82,15.83,15.85,34518,2021-03-29
BGH,15.95,15.8742,15.88,15.93,55591,2021-03-30
BGH,16.08,15.9,15.91,16.08,103231,2021-03-31
BGH,16.11,16.04,16.09,16.1,73141,2021-04-01
BGH,16.12,15.96,16.07,15.96,57280,2021-04-05
BGH,16.12,15.96,15.98,16.06,59768,2021-04-06
BGH,16.16,16.07,16.08,16.1,53595,2021-04-07
BGH,16.102,16.05,16.1,16.05,76028,2021-04-08
BGH,16.17,16.1,16.12,16.16,93458,2021-04-09
BGH,16.3,16.16,16.3,16.27,128695,2021-04-12
BGH,16.37,16.27,16.3,16.37,56429,2021-04-13
BGH,16.4675,16.36,16.39,16.4,59171,2021-04-14
BGH,16.47,16.35,16.46,16.42,107666,2021-04-15
BGH,16.48,16.35,16.48,16.35,54932,2021-04-16
BGH,16.45,16.31,16.31,16.35,46798,2021-04-19
BGH,16.43,16.31,16.38,16.38,94947,2021-04-20
BGH,16.3,16.22,16.3,16.26,49685,2021-04-21
BGH,16.26,16.13,16.26,16.17,71898,2021-04-22
BGH,16.24,16.16,16.22,16.17,42426,2021-04-23
BGH,16.25,16.1701,16.18,16.24,71505,2021-04-26
BGH,16.25,16.22,16.22,16.245,58259,2021-04-27
BGH,16.25,16.21,16.24,16.23,88711,2021-04-28
BGH,16.33,16.23,16.26,16.33,54999,2021-04-29
BGH,16.39,16.3258,16.36,16.39,44623,2021-04-30
BGH,16.53,16.41,16.5,16.48,46894,2021-05-03
BGH,16.56,16.45,16.47,16.47,85111,2021-05-04
BGH,16.65,16.54,16.58,16.54,65415,2021-05-05
BGH,16.67,16.5749,16.6,16.65,65072,2021-05-06
BGH,16.6999,16.61,16.69,16.63,60511,2021-05-07
BGH,16.71,16.63,16.7,16.66,74015,2021-05-10
BGH,16.675,16.56,16.66,16.61,57876,2021-05-11
BGH,16.625,16.3,16.6,16.31,132487,2021-05-12
BGH,16.55,16.37,16.37,16.52,59202,2021-05-13
BGH,16.65,16.55,16.6,16.58,36276,2021-05-14
BGH,16.65,16.58,16.6,16.62,62564,2021-05-17
BGH,16.6589,16.58,16.6,16.65,88455,2021-05-18
BGH,16.52,16.4,16.52,16.43,70431,2021-05-19
BGH,16.4499,16.4,16.43,16.43,81465,2021-05-20
BGH,16.47,16.38,16.44,16.4,57589,2021-05-21
BGH,16.48,16.41,16.48,16.43,54549,2021-05-24
BGH,16.5,16.43,16.46,16.48,81629,2021-05-25
BGH,16.58,16.4601,16.49,16.58,78338,2021-05-26
BGH,16.66,16.5603,16.64,16.6,72580,2021-05-27
BGH,16.65,16.57,16.63,16.59,36277,2021-05-28
BGH,16.72,16.63,16.65,16.66,68001,2021-06-01
BGH,16.77,16.6,16.7,16.74,78773,2021-06-02
BGH,16.83,16.73,16.74,16.75,73870,2021-06-03
BGH,16.82,16.76,16.76,16.79,66378,2021-06-04
BGH,16.79,16.64,16.75,16.69,84767,2021-06-07
BGH,16.825,16.71,16.72,16.81,70003,2021-06-08
BGH,16.91,16.74,16.91,16.82,76112,2021-06-09
BGH,16.89,16.72,16.85,16.73,44720,2021-06-10
BGH,16.8,16.64,16.78,16.64,81210,2021-06-11
BGH,16.73,16.61,16.69,16.64,79727,2021-06-14
BGH,16.76,16.65,16.65,16.72,83517,2021-06-15
BGH,16.88,16.72,16.72,16.78,121537,2021-06-16
BGH,16.81,16.67,16.76,16.6786,78614,2021-06-17
BGH,16.75,16.66,16.66,16.68,93300,2021-06-18
BGH,16.63,16.55,16.63,16.55,71400,2021-06-21
BGH,16.66,16.5,16.5,16.66,118800,2021-06-22
BGH,16.74,16.58,16.58,16.73,92900,2021-06-23
BGH,16.78,16.73,16.78,16.78,59600,2021-06-24
BGH,16.78,16.67,16.75,16.73,72200,2021-06-25
BGH,16.81,16.66,16.72,16.79,53900,2021-06-28
BGH,17.04,16.8,16.8,17,106700,2021-06-29
BGH,17.15,16.91,16.93,17.08,135100,2021-06-30
BGH,17.23,17.14,17.18,17.14,102700,2021-07-01
BGH,17.25,17.15,17.16,17.24,87200,2021-07-02
BGH,17.25,17.13,17.25,17.18,67000,2021-07-06
BGH,17.24,17.17,17.24,17.23,55500,2021-07-07
BGH,17.2,17.04,17.18,17.2,49800,2021-07-08
BGH,17.24,17.23,17.24,17.24,67400,2021-07-09
BGH,17.3,17.2,17.25,17.27,77400,2021-07-12
BGH,17.33,17.17,17.17,17.3,99169,2021-07-13
