BTCS-USD,0.119,0.089,0.0892,0.1112,40053,2017-10-27
BTCS-USD,0.1044,0.047,0.1042,0.0815,7011,2017-10-28
BTCS-USD,0.0815,0.0158,0.0814,0.0422,54743,2017-10-29
BTCS-USD,0.0519,0.029,0.0422,0.0318,22262,2017-10-30
BTCS-USD,0.0368,0.0085,0.0318,0.0145,47018,2017-10-31
BTCS-USD,0.0197,0.0143,0.0145,0.018,9806,2017-11-01
BTCS-USD,0.0183,0.0026,0.0181,0.0053,36486,2017-11-02
BTCS-USD,0.0056,0.004,0.0053,0.0049,19660,2017-11-03
BTCS-USD,0.0049,0.0036,0.0049,0.0044,6611,2017-11-04
BTCS-USD,0.0049,0.0036,0.0044,0.0049,9737,2017-11-05
BTCS-USD,0.0052,0.0035,0.0049,0.0043,12252,2017-11-06
BTCS-USD,0.0043,0.0033,0.0043,0.0039,13941,2017-11-07
BTCS-USD,0.0041,0.0024,0.0039,0.0027,27441,2017-11-08
BTCS-USD,0.0034,0.0025,0.0027,0.003,11553,2017-11-09
BTCS-USD,0.0031,0.0023,0.003,0.0026,7152,2017-11-10
BTCS-USD,0.0043,0.0024,0.0026,0.0027,15442,2017-11-11
BTCS-USD,0.0027,0.0017,0.0027,0.002,5347,2017-11-12
BTCS-USD,0.0031,0.0017,0.002,0.0017,3851,2017-11-13
BTCS-USD,0.004,0.0016,0.0017,0.0023,2895,2017-11-14
BTCS-USD,0.0035,0.0023,0.0023,0.0032,7645,2017-11-15
BTCS-USD,0.0032,0.0021,0.0032,0.0023,6167,2017-11-16
BTCS-USD,0.0032,0.0017,0.0022,0.0026,16388,2017-11-17
BTCS-USD,0.0029,0.0018,0.0026,0.0027,7117,2017-11-18
BTCS-USD,0.0029,0.0014,0.0026,0.0026,1465,2017-11-19
BTCS-USD,0.0035,0.0018,0.0026,0.0035,6449,2017-11-20
BTCS-USD,0.0045,0.0024,0.0035,0.0035,8794,2017-11-21
BTCS-USD,0.0036,0.0022,0.0035,0.0032,11921,2017-11-22
BTCS-USD,0.0036,0.0024,0.0032,0.0035,9819,2017-11-23
BTCS-USD,0.0048,0.0025,0.0035,0.0032,27159,2017-11-24
BTCS-USD,0.0038,0.0028,0.0032,0.0037,7697,2017-11-25
BTCS-USD,0.0044,0.0032,0.0037,0.0038,11806,2017-11-26
BTCS-USD,0.0044,0.0031,0.0038,0.0033,6557,2017-11-27
BTCS-USD,0.004,0.0026,0.0033,0.0039,6740,2017-11-28
BTCS-USD,0.004,0.002,0.0039,0.0023,3676,2017-11-29
BTCS-USD,0.0029,0.0017,0.0024,0.0021,4035,2017-11-30
BTCS-USD,0.0028,0.0017,0.0021,0.0018,5055,2017-12-01
BTCS-USD,0.003,0.0016,0.0018,0.0028,15383,2017-12-02
BTCS-USD,0.0049,0.0028,0.0028,0.0047,29399,2017-12-03
BTCS-USD,0.0176,0.0046,0.0048,0.0172,64671,2017-12-04
BTCS-USD,0.0175,0.0122,0.0172,0.0155,58718,2017-12-05
BTCS-USD,0.0157,0.0044,0.0155,0.0044,24379,2017-12-06
BTCS-USD,0.0096,0.0046,0.0066,0.0072,6457,2017-12-07
BTCS-USD,0.0074,0.0041,0.0072,0.0068,17782,2017-12-08
BTCS-USD,0.008,0.0046,0.0068,0.0048,5506,2017-12-09
BTCS-USD,0.0051,0.0044,0.0048,0.0044,1581,2017-12-10
BTCS-USD,0.0104,0.0039,0.0044,0.0103,5287,2017-12-11
BTCS-USD,0.0103,0.0058,0.0102,0.0073,7200,2017-12-12
BTCS-USD,0.0091,0.0064,0.0073,0.0091,5076,2017-12-13
BTCS-USD,0.0091,0.006,0.0091,0.0076,1563,2017-12-14
BTCS-USD,0.0082,0.0042,0.0076,0.0082,7488,2017-12-15
BTCS-USD,0.0085,0.0045,0.0082,0.0045,6630,2017-12-16
BTCS-USD,0.0059,0.004,0.0045,0.0049,6351,2017-12-17
BTCS-USD,0.0056,0.0043,0.0049,0.0045,3394,2017-12-18
BTCS-USD,0.0059,0.0039,0.0045,0.0041,1094,2017-12-19
BTCS-USD,0.0046,0.0036,0.0041,0.0046,316,2017-12-20
BTCS-USD,0.0107,0.0043,0.0046,0.0044,1541,2017-12-21
BTCS-USD,0.007,0.0033,0.0044,0.0052,688,2017-12-22
BTCS-USD,0.0056,0.0038,0.0053,0.0042,9413,2017-12-23
BTCS-USD,0.0044,0.0025,0.0042,0.0044,2449,2017-12-24
BTCS-USD,0.006,0.0028,0.0044,0.0044,2516,2017-12-25
BTCS-USD,0.0065,0.0029,0.0043,0.0053,1204,2017-12-26
BTCS-USD,0.0047,0.0034,0.0044,0.0046,2566,2017-12-27
BTCS-USD,0.0046,0.0032,0.0046,0.0041,1820,2017-12-28
BTCS-USD,0.0058,0.0035,0.0042,0.0041,5022,2017-12-29
BTCS-USD,0.0055,0.0037,0.0041,0.0044,4380,2017-12-30
BTCS-USD,0.0053,0.0036,0.0044,0.005,3951,2017-12-31
BTCS-USD,0.005,0.0037,0.005,0.0048,2228,2018-01-01
BTCS-USD,0.0056,0.0039,0.0048,0.0055,6031,2018-01-02
BTCS-USD,0.0115,0.0047,0.0055,0.0075,4629,2018-01-03
BTCS-USD,0.0093,0.0074,0.0075,0.0079,1582,2018-01-04
BTCS-USD,0.0085,0.0075,0.0079,0.0077,1099,2018-01-05
BTCS-USD,0.0081,0.0074,0.0077,0.0078,1626,2018-01-06
BTCS-USD,0.0088,0.0078,0.0078,0.0086,7687,2018-01-07
BTCS-USD,0.0212,0.0087,0.0087,0.0159,25252,2018-01-08
BTCS-USD,0.0165,0.0104,0.0158,0.0105,2762,2018-01-09
BTCS-USD,0.0129,0.0098,0.0105,0.0112,9122,2018-01-10
BTCS-USD,0.0125,0.0105,0.0112,0.0106,7215,2018-01-11
BTCS-USD,0.0168,0.0102,0.0107,0.014,10152,2018-01-12
BTCS-USD,0.0176,0.0124,0.014,0.0169,7127,2018-01-13
BTCS-USD,0.0175,0.0131,0.0169,0.0161,10078,2018-01-14
BTCS-USD,0.0164,0.0098,0.0161,0.0147,3532,2018-01-15
BTCS-USD,0.0147,0.0093,0.0147,0.012,6502,2018-01-16
BTCS-USD,0.0126,0.0065,0.0119,0.0111,5875,2018-01-17
BTCS-USD,0.0133,0.0086,0.0112,0.0113,9025,2018-01-18
BTCS-USD,0.0137,0.0092,0.0112,0.0115,16090,2018-01-19
BTCS-USD,0.0165,0.0095,0.0115,0.0161,11188,2018-01-20
BTCS-USD,0.0161,0.0099,0.0161,0.0101,10400,2018-01-21
BTCS-USD,0.0119,0.0089,0.0101,0.0098,2201,2018-01-22
BTCS-USD,0.0122,0.0088,0.0098,0.0096,1606,2018-01-23
BTCS-USD,0.0118,0.0094,0.0096,0.0101,3468,2018-01-24
BTCS-USD,0.0115,0.0101,0.0102,0.0115,5509,2018-01-25
BTCS-USD,0.0114,0.0093,0.0114,0.0095,3634,2018-01-26
BTCS-USD,0.0105,0.0058,0.0095,0.0095,2220,2018-01-27
BTCS-USD,0.0105,0.0064,0.0096,0.0095,4880,2018-01-28
BTCS-USD,0.0098,0.0069,0.0095,0.0082,1275,2018-01-29
BTCS-USD,0.0082,0.0066,0.0082,0.0067,644,2018-01-30
BTCS-USD,0.0076,0.0065,0.0068,0.0072,976,2018-01-31
BTCS-USD,0.0073,0.0049,0.0072,0.0062,1661,2018-02-01
BTCS-USD,0.0062,0.0043,0.0062,0.0047,973,2018-02-02
BTCS-USD,0.0068,0.0044,0.0048,0.0067,535,2018-02-03
BTCS-USD,0.0067,0.0039,0.0067,0.0044,209,2018-02-04
BTCS-USD,0.0048,0.002,0.0043,0.0045,390,2018-02-05
BTCS-USD,0.0052,0.0034,0.0045,0.0051,101,2018-02-06
BTCS-USD,0.0052,0.003,0.0051,0.0048,1029,2018-02-07
BTCS-USD,0.0052,0.0034,0.0048,0.0049,888,2018-02-08
BTCS-USD,0.0049,0.0047,0.0049,0.0048,58,2018-02-09
BTCS-USD,0.8368,0.6899,0.8368,0.7267,0,2018-08-01
BTCS-USD,0.9522,0.5022,0.7267,0.6027,0,2018-08-02
BTCS-USD,0.7634,0.5924,0.6027,0.6296,0,2018-08-03
BTCS-USD,0.8761,0.6296,0.6296,0.8748,0,2018-08-04
BTCS-USD,1.1888,0.8699,0.8748,1.1788,0,2018-08-05
BTCS-USD,1.1906,0.629,1.1788,0.629,0,2018-08-06
BTCS-USD,1.1774,0.6286,0.629,1.1178,0,2018-08-07
BTCS-USD,1.4379,1.0405,1.1178,1.4379,0,2018-08-08
BTCS-USD,1.4379,0.6389,1.4379,0.9138,0,2018-08-09
BTCS-USD,1.0783,0.8743,0.9138,1.0156,7,2018-08-10
BTCS-USD,1.0189,0.3483,1.0156,0.3814,1,2018-08-11
BTCS-USD,0.74,0.3483,0.3814,0.3684,0,2018-08-12
BTCS-USD,0.4238,0.4057,0.4133,0.409,0,2018-08-13
BTCS-USD,0.4509,0.3817,0.409,0.4341,16,2018-08-14
BTCS-USD,0.4577,0.4192,0.4341,0.4192,1,2018-08-15
BTCS-USD,0.9127,0.3004,0.4192,0.91,9,2018-08-16
BTCS-USD,0.9303,0.3979,0.91,0.4017,0,2018-08-17
BTCS-USD,0.9313,0.3244,0.402,0.333,0,2018-08-18
BTCS-USD,0.4477,0.333,0.333,0.4477,3,2018-08-19
BTCS-USD,0.4551,0.4406,0.4477,0.4463,8,2018-08-20
BTCS-USD,0.4534,0.4428,0.4463,0.4532,2,2018-08-21
BTCS-USD,0.4405,0.4401,0.4405,0.4401,0,2018-08-23
BTCS-USD,0.4425,0.3333,0.4401,0.3385,0,2018-08-24
BTCS-USD,0.4471,0.3385,0.3385,0.4471,0,2018-08-25
BTCS-USD,0.4471,0.4471,0.4471,0.4471,0,2018-08-26
BTCS-USD,0.4471,0.4453,0.4471,0.4453,0,2018-08-27
BTCS-USD,0.4814,0.4225,0.4445,0.4814,2,2018-08-28
BTCS-USD,0.4961,0.4762,0.4814,0.4934,1,2018-08-29
BTCS-USD,0.4735,0.4398,0.4463,0.4398,0,2018-08-30
BTCS-USD,0.4451,0.4257,0.4398,0.4306,0,2018-08-31
BTCS-USD,0.4944,0.4299,0.4307,0.4941,4,2018-09-01
BTCS-USD,0.4968,0.4443,0.4941,0.4896,16,2018-09-02
BTCS-USD,0.5114,0.3731,0.4896,0.5095,1,2018-09-03
BTCS-USD,0.5109,0.3635,0.5095,0.3635,3,2018-09-04
BTCS-USD,0.4386,0.3635,0.3635,0.4386,0,2018-09-05
BTCS-USD,0.4399,0.3949,0.4386,0.4154,0,2018-09-06
BTCS-USD,0.4353,0.305,0.4156,0.4291,0,2018-09-07
BTCS-USD,0.9701,0.4291,0.4291,0.8812,2,2018-09-08
BTCS-USD,0.8924,0.4291,0.8812,0.4302,0,2018-09-09
BTCS-USD,0.4302,0.3543,0.4302,0.425,0,2018-09-10
BTCS-USD,0.426,0.27,0.425,0.2743,0,2018-09-11
BTCS-USD,0.4688,0.2538,0.2739,0.4688,1,2018-09-12
BTCS-USD,0.6404,0.4379,0.4688,0.6398,25,2018-09-13
BTCS-USD,0.6568,0.3564,0.6398,0.3564,0,2018-09-14
BTCS-USD,0.361,0.3532,0.3564,0.3541,0,2018-09-15
BTCS-USD,0.4593,0.3524,0.3549,0.4466,19,2018-09-16
BTCS-USD,0.4476,0.4144,0.4465,0.4406,0,2018-09-17
BTCS-USD,0.4914,0.3167,0.4406,0.4906,6,2018-09-18
BTCS-USD,0.844,0.4479,0.4906,0.8271,3,2018-09-19
BTCS-USD,0.8441,0.4508,0.8271,0.4587,2,2018-09-20
BTCS-USD,1.0026,0.4588,0.4594,0.8084,17,2018-09-21
BTCS-USD,0.8197,0.4667,0.8084,0.467,40,2018-09-22
BTCS-USD,0.4726,0.4498,0.4675,0.4506,4,2018-09-23
BTCS-USD,0.5985,0.4484,0.4506,0.532,4,2018-09-24
BTCS-USD,0.5323,0.3324,0.5323,0.3336,0,2018-09-25
BTCS-USD,0.6073,0.3293,0.3336,0.6073,1,2018-09-26
BTCS-USD,0.6128,0.3454,0.6068,0.4199,1,2018-09-27
BTCS-USD,0.4204,0.4152,0.4199,0.42,11,2018-09-28
BTCS-USD,0.4289,0.3565,0.42,0.4288,2,2018-09-29
BTCS-USD,0.5697,0.4274,0.4288,0.5697,1,2018-09-30
BTCS-USD,0.5721,0.4342,0.5701,0.4378,0,2018-10-01
BTCS-USD,0.4412,0.4078,0.4378,0.4082,0,2018-10-02
BTCS-USD,0.4567,0.3606,0.4081,0.4395,8,2018-10-03
BTCS-USD,0.4456,0.3325,0.4396,0.3329,0,2018-10-04
BTCS-USD,0.4038,0.3282,0.3331,0.4021,0,2018-10-05
BTCS-USD,0.4042,0.3286,0.403,0.3311,0,2018-10-06
BTCS-USD,0.4466,0.3266,0.3312,0.4465,0,2018-10-07
BTCS-USD,0.452,0.446,0.4465,0.4491,3,2018-10-08
BTCS-USD,0.4491,0.3288,0.4491,0.4259,0,2018-10-09
BTCS-USD,0.5628,0.4208,0.4259,0.5534,1,2018-10-10
BTCS-USD,0.5535,0.4305,0.5532,0.4313,20,2018-10-11
BTCS-USD,1.0392,0.3922,0.9048,0.3928,1,2018-10-24
BTCS-USD,0.5508,0.3919,0.3928,0.548,0,2018-10-25
BTCS-USD,1.078,0.5455,0.548,1.0768,125,2018-10-26
BTCS-USD,1.3938,1.0717,1.0768,1.1674,23,2018-10-27
BTCS-USD,1.4892,0.5426,1.1674,0.5428,0,2018-10-28
BTCS-USD,0.6897,0.5415,0.5428,0.667,1,2018-10-29
BTCS-USD,0.6925,0.6657,0.667,0.6913,2,2018-10-30
BTCS-USD,1.1703,0.5418,0.6913,1.17,1,2018-10-31
BTCS-USD,1.1737,0.5428,1.17,0.6162,57,2018-11-01
BTCS-USD,0.6713,0.539,0.6162,0.5396,0,2018-11-02
BTCS-USD,0.618,0.5229,0.5396,0.6171,12,2018-11-03
BTCS-USD,0.6796,0.5396,0.617,0.6791,1,2018-11-04
BTCS-USD,0.6823,0.6756,0.6801,0.6766,5,2018-11-05
BTCS-USD,1.0423,0.5404,0.6766,0.687,2,2018-11-06
BTCS-USD,1.0634,0.6831,0.687,1.0617,5,2018-11-07
BTCS-USD,1.0618,0.5376,1.0617,0.6798,3,2018-11-08
BTCS-USD,0.6801,0.4098,0.6798,0.4111,1,2018-11-09
BTCS-USD,0.5256,0.4106,0.4108,0.5256,0,2018-11-10
BTCS-USD,0.5265,0.5256,0.5256,0.5259,0,2018-11-11
BTCS-USD,0.6709,0.5259,0.5259,0.599,5,2018-11-12
BTCS-USD,0.9951,0.5971,0.599,0.9706,4,2018-11-13
BTCS-USD,0.9752,0.526,0.9706,0.532,1,2018-11-14
BTCS-USD,0.5418,0.5313,0.532,0.5418,0,2018-11-15
BTCS-USD,0.5428,0.4806,0.5418,0.4989,0,2018-11-16
BTCS-USD,0.7636,0.3728,0.4989,0.7634,1,2018-11-17
BTCS-USD,0.862,0.6819,0.7634,0.7694,11,2018-11-18
BTCS-USD,0.7714,0.4296,0.7697,0.5019,0,2018-11-19
BTCS-USD,0.7399,0.5019,0.5019,0.6217,3,2018-11-20
BTCS-USD,0.6455,0.4739,0.6215,0.4948,1,2018-11-21
BTCS-USD,0.7224,0.4844,0.4948,0.6946,30,2018-11-22
BTCS-USD,0.6991,0.6469,0.6946,0.6705,8,2018-11-23
BTCS-USD,0.6762,0.2712,0.6707,0.2714,0,2018-11-24
BTCS-USD,0.279,0.2617,0.2714,0.2782,1,2018-11-25
BTCS-USD,0.2789,0.2652,0.2782,0.2655,0,2018-11-26
BTCS-USD,0.5955,0.2655,0.2655,0.5896,5,2018-11-27
BTCS-USD,0.7712,0.4255,0.5896,0.7602,123,2018-11-28
BTCS-USD,0.7842,0.4319,0.7606,0.5936,2,2018-11-29
BTCS-USD,0.7175,0.5849,0.594,0.6296,24,2018-11-30
BTCS-USD,0.6704,0.6191,0.6297,0.6591,27,2018-12-01
BTCS-USD,0.727,0.6428,0.6586,0.6903,3,2018-12-02
BTCS-USD,0.7052,0.4491,0.6904,0.7046,0,2018-12-03
BTCS-USD,0.7215,0.6226,0.7046,0.625,4,2018-12-04
BTCS-USD,0.628,0.5892,0.626,0.5908,1,2018-12-05
BTCS-USD,0.6175,0.5559,0.5893,0.5559,2,2018-12-06
BTCS-USD,0.5543,0.4783,0.5543,0.5023,24,2018-12-07
BTCS-USD,0.5108,0.2577,0.5027,0.2613,0,2018-12-08
BTCS-USD,0.2682,0.2607,0.2612,0.2674,0,2018-12-09
BTCS-USD,0.4597,0.2659,0.2679,0.4548,1,2018-12-10
BTCS-USD,0.4562,0.4436,0.4546,0.4449,1,2018-12-11
BTCS-USD,0.565,0.432,0.5634,0.433,1,2018-12-12
BTCS-USD,0.4341,0.3728,0.434,0.4142,5,2018-12-13
BTCS-USD,0.478,0.4124,0.4148,0.474,3,2018-12-14
BTCS-USD,0.4784,0.2823,0.4738,0.3196,67,2018-12-15
BTCS-USD,0.3864,0.2952,0.3193,0.3775,1,2018-12-16
BTCS-USD,0.4034,0.3679,0.3781,0.4025,0,2018-12-17
BTCS-USD,0.5177,0.3964,0.4025,0.5088,3,2018-12-18
BTCS-USD,0.5148,0.2631,0.5083,0.4331,3,2018-12-19
BTCS-USD,0.4865,0.4295,0.432,0.4792,15,2018-12-20
BTCS-USD,0.4867,0.2712,0.4795,0.3697,0,2018-12-21
BTCS-USD,0.6529,0.4291,0.6428,0.4439,2,2018-12-22
BTCS-USD,0.4843,0.4343,0.4434,0.4784,5,2018-12-23
BTCS-USD,0.5126,0.4782,0.4782,0.4906,4,2018-12-24
BTCS-USD,0.4639,0.1649,0.1831,0.4127,2,2018-12-25
BTCS-USD,0.4214,0.4046,0.4133,0.4058,1,2018-12-26
BTCS-USD,0.4069,0.2563,0.4059,0.2563,0,2018-12-27
BTCS-USD,0.2567,0.2561,0.2563,0.2567,0,2018-12-28
BTCS-USD,0.3576,0.3442,0.3493,0.3442,0,2018-12-29
BTCS-USD,0.3474,0.2566,0.3397,0.2626,0,2018-12-30
BTCS-USD,0.3616,0.2605,0.2623,0.3607,0,2018-12-31
BTCS-USD,0.2576,0.2558,0.2576,0.2564,0,2019-01-01
BTCS-USD,0.5762,0.2559,0.2564,0.5762,1,2019-01-02
BTCS-USD,0.2602,0.2572,0.2583,0.2589,0,2019-01-03
BTCS-USD,0.3438,0.2587,0.2589,0.3398,0,2019-01-04
BTCS-USD,0.343,0.3393,0.3398,0.3425,0,2019-01-05
BTCS-USD,0.2655,0.2533,0.2655,0.2533,0,2019-01-06
BTCS-USD,0.4748,0.2529,0.2531,0.4746,2,2019-01-07
BTCS-USD,0.4802,0.266,0.4746,0.2667,0,2019-01-08
BTCS-USD,0.4512,0.2599,0.2667,0.2767,0,2019-01-09
BTCS-USD,0.48,0.2773,0.2773,0.4283,1,2019-01-10
BTCS-USD,0.4317,0.2659,0.4274,0.2667,0,2019-01-11
BTCS-USD,0.2875,0.2667,0.2667,0.2842,0,2019-01-12
BTCS-USD,0.2841,0.2834,0.2841,0.2841,0,2019-01-13
BTCS-USD,0.2841,0.2824,0.2841,0.2835,0,2019-01-14
BTCS-USD,0.2847,0.1979,0.2835,0.199,0,2019-01-15
BTCS-USD,0.4359,0.1943,0.1988,0.3409,0,2019-01-16
BTCS-USD,0.4395,0.3393,0.3409,0.4151,0,2019-01-17
BTCS-USD,0.4275,0.3903,0.4151,0.4266,2,2019-01-18
BTCS-USD,0.4509,0.3928,0.4266,0.4509,4,2019-01-19
BTCS-USD,0.4526,0.397,0.4509,0.4067,5,2019-01-20
BTCS-USD,0.4301,0.2874,0.4066,0.2876,0,2019-01-21
BTCS-USD,0.2751,0.2501,0.2577,0.2742,0,2019-01-22
BTCS-USD,0.3339,0.2741,0.2742,0.3249,0,2019-01-23
BTCS-USD,0.4334,0.2532,0.3251,0.2532,7,2019-01-24
BTCS-USD,0.4859,0.2502,0.2533,0.4834,31,2019-01-25
BTCS-USD,0.4972,0.3332,0.4963,0.34,0,2019-01-26
BTCS-USD,0.4859,0.2483,0.4855,0.2505,6,2019-01-27
BTCS-USD,0.3195,0.2387,0.2503,0.2673,0,2019-01-28
BTCS-USD,0.2775,0.1733,0.2673,0.1733,0,2019-01-29
BTCS-USD,0.4532,0.1732,0.1733,0.4174,1,2019-01-30
BTCS-USD,0.4526,0.413,0.4172,0.421,10,2019-01-31
BTCS-USD,0.423,0.2979,0.4208,0.34,0,2019-02-01
BTCS-USD,0.34,0.2918,0.34,0.2918,0,2019-02-02
BTCS-USD,0.2918,0.1703,0.2918,0.1715,0,2019-02-03
BTCS-USD,0.2931,0.1713,0.1714,0.2924,0,2019-02-04
BTCS-USD,0.2988,0.2891,0.2924,0.2899,0,2019-02-05
BTCS-USD,0.4474,0.2783,0.2913,0.4418,2,2019-02-06
BTCS-USD,0.4511,0.3722,0.4415,0.3727,1,2019-02-07
BTCS-USD,0.4402,0.3279,0.3726,0.4397,1,2019-02-08
BTCS-USD,0.442,0.3832,0.4402,0.3909,0,2019-02-09
BTCS-USD,0.4374,0.2918,0.3914,0.4358,1,2019-02-10
BTCS-USD,0.4363,0.2689,0.4361,0.2971,1,2019-02-11
BTCS-USD,0.4383,0.2898,0.2967,0.4361,11,2019-02-12
BTCS-USD,0.4969,0.1721,0.4358,0.4969,1,2019-02-13
BTCS-USD,0.4995,0.4257,0.4958,0.4262,0,2019-02-14
BTCS-USD,0.4357,0.3419,0.4261,0.4352,2,2019-02-15
BTCS-USD,0.4364,0.2863,0.4352,0.4158,0,2019-02-16
BTCS-USD,0.4657,0.4158,0.4158,0.4653,1,2019-02-17
BTCS-USD,0.4778,0.2809,0.4654,0.2812,7,2019-02-18
BTCS-USD,0.3201,0.2801,0.2812,0.3073,1,2019-02-19
BTCS-USD,0.4853,0.2999,0.3072,0.4785,1,2019-02-20
BTCS-USD,0.4791,0.4415,0.4791,0.4679,1,2019-02-21
BTCS-USD,0.4821,0.4674,0.4682,0.481,0,2019-02-22
BTCS-USD,0.4813,0.2952,0.2952,0.4808,1,2019-02-23
BTCS-USD,0.5773,0.2947,0.4809,0.2947,0,2019-02-24
BTCS-USD,0.5422,0.2947,0.2947,0.5349,27,2019-02-25
BTCS-USD,0.5347,0.3395,0.5347,0.394,1,2019-02-26
BTCS-USD,0.4353,0.2934,0.3939,0.2935,0,2019-02-27
BTCS-USD,0.2937,0.2826,0.2935,0.2897,11,2019-02-28
BTCS-USD,0.4965,0.2025,0.2896,0.4965,0,2019-03-01
BTCS-USD,0.4965,0.4961,0.4965,0.4961,0,2019-03-02
BTCS-USD,0.2899,0.2897,0.2897,0.2899,0,2019-03-03
BTCS-USD,0.2909,0.2888,0.2899,0.2906,0,2019-03-04
BTCS-USD,0.3389,0.2905,0.2907,0.3368,2,2019-03-05
BTCS-USD,0.3378,0.2893,0.337,0.2895,0,2019-03-06
BTCS-USD,0.2899,0.2882,0.2895,0.2882,0,2019-03-07
BTCS-USD,0.3089,0.2849,0.2882,0.2923,0,2019-03-08
BTCS-USD,0.3049,0.2879,0.2928,0.2879,0,2019-03-09
BTCS-USD,0.351,0.2879,0.2879,0.3324,1,2019-03-10
BTCS-USD,0.4994,0.3122,0.332,0.3553,0,2019-03-11
BTCS-USD,0.3557,0.328,0.3555,0.3375,6,2019-03-12
BTCS-USD,0.3385,0.3359,0.3374,0.3372,1,2019-03-13
BTCS-USD,0.5098,0.4715,0.5097,0.4715,5,2019-03-17
BTCS-USD,0.3026,0.2678,0.2684,0.2969,0,2019-03-18
BTCS-USD,0.5024,0.2965,0.2969,0.2967,0,2019-03-19
BTCS-USD,0.2997,0.2967,0.2967,0.2992,0,2019-03-20
BTCS-USD,0.3102,0.2388,0.2992,0.2466,0,2019-03-21
BTCS-USD,0.3419,0.2451,0.2467,0.3406,2,2019-03-22
BTCS-USD,0.3626,0.2021,0.3406,0.2026,0,2019-03-23
BTCS-USD,0.2955,0.2011,0.2025,0.2955,0,2019-03-24
BTCS-USD,0.2955,0.2229,0.2955,0.2246,0,2019-03-25
BTCS-USD,0.2967,0.2007,0.2242,0.2967,0,2019-03-26
BTCS-USD,0.2969,0.2944,0.2967,0.2948,0,2019-03-27
BTCS-USD,0.5104,0.2138,0.5089,0.2161,0,2019-03-28
BTCS-USD,0.2913,0.208,0.2159,0.2913,0,2019-03-29
BTCS-USD,0.2913,0.2913,0.2913,0.2913,0,2019-03-30
BTCS-USD,0.3692,0.2913,0.2913,0.3692,8,2019-03-31
BTCS-USD,0.5688,0.2485,0.3692,0.3193,5,2019-04-01
BTCS-USD,0.3728,0.2917,0.3194,0.3705,1,2019-04-02
BTCS-USD,0.4106,0.2687,0.3711,0.3819,2,2019-04-03
BTCS-USD,0.4507,0.279,0.3811,0.441,1,2019-04-04
BTCS-USD,0.4928,0.4167,0.4404,0.4927,5,2019-04-05
BTCS-USD,0.4982,0.2959,0.4927,0.2959,0,2019-04-06
BTCS-USD,0.3189,0.2959,0.2959,0.3167,0,2019-04-07
BTCS-USD,0.4757,0.298,0.3175,0.4757,1,2019-04-08
BTCS-USD,0.4757,0.3005,0.4757,0.3005,0,2019-04-09
BTCS-USD,0.3357,0.3004,0.3005,0.3318,0,2019-04-10
BTCS-USD,0.3325,0.3042,0.3307,0.3045,0,2019-04-11
BTCS-USD,0.5645,0.2903,0.3045,0.5641,3,2019-04-12
BTCS-USD,0.5762,0.5241,0.5638,0.525,0,2019-04-13
BTCS-USD,0.5441,0.4583,0.5441,0.4583,1,2019-04-14
BTCS-USD,0.563,0.4597,0.4603,0.558,1,2019-04-15
BTCS-USD,0.5589,0.2967,0.558,0.5152,3,2019-04-16
BTCS-USD,0.5158,0.3174,0.5152,0.3174,0,2019-04-17
BTCS-USD,0.4786,0.3173,0.3174,0.4759,3,2019-04-18
BTCS-USD,0.4793,0.4699,0.4759,0.4752,1,2019-04-19
BTCS-USD,0.5112,0.3115,0.4752,0.3204,1,2019-04-20
BTCS-USD,0.5025,0.3198,0.3204,0.4982,7,2019-04-21
BTCS-USD,0.4995,0.3177,0.4995,0.33,0,2019-04-22
BTCS-USD,0.5036,0.2907,0.3301,0.4981,2,2019-04-23
BTCS-USD,0.647,0.3168,0.4981,0.646,2,2019-04-24
BTCS-USD,0.9283,0.301,0.646,0.4266,1,2019-04-25
BTCS-USD,0.4662,0.3129,0.4266,0.313,0,2019-04-26
BTCS-USD,0.313,0.313,0.313,0.313,0,2019-04-27
BTCS-USD,0.3293,0.3181,0.3293,0.3181,0,2019-04-28
BTCS-USD,0.3188,0.3153,0.3181,0.3164,0,2019-04-29
BTCS-USD,0.5627,0.3151,0.3164,0.5522,0,2019-04-30
BTCS-USD,0.3141,0.3122,0.314,0.3127,0,2019-05-01
BTCS-USD,0.3127,0.237,0.3127,0.2373,0,2019-05-02
BTCS-USD,0.3555,0.263,0.2643,0.3517,1,2019-05-03
BTCS-USD,0.5249,0.3517,0.3517,0.5132,1,2019-05-04
BTCS-USD,0.6456,0.2948,0.5141,0.521,9,2019-05-05
BTCS-USD,0.551,0.3155,0.5195,0.5424,5,2019-05-06
BTCS-USD,0.5695,0.4503,0.5424,0.4524,2,2019-05-07
BTCS-USD,0.4524,0.3683,0.4524,0.372,2,2019-05-08
BTCS-USD,0.3762,0.3147,0.3728,0.3159,0,2019-05-09
BTCS-USD,0.4497,0.3155,0.3159,0.4485,2,2019-05-10
BTCS-USD,0.6947,0.2779,0.4485,0.2884,0,2019-05-11
BTCS-USD,0.6947,0.3194,0.6947,0.3194,0,2019-05-12
BTCS-USD,0.6888,0.292,0.3194,0.6574,5,2019-05-13
BTCS-USD,0.6726,0.2843,0.6574,0.5816,18,2019-05-14
BTCS-USD,0.5985,0.3214,0.5816,0.5865,0,2019-05-15
BTCS-USD,0.6,0.3253,0.5865,0.3253,2,2019-05-16
BTCS-USD,0.5971,0.3013,0.3253,0.5492,2,2019-05-17
BTCS-USD,0.6476,0.5277,0.5495,0.6473,8,2019-05-18
BTCS-USD,0.7181,0.3251,0.6442,0.3251,0,2019-05-19
BTCS-USD,0.693,0.3251,0.3251,0.5566,0,2019-05-20
BTCS-USD,0.7557,0.3261,0.5566,0.5588,1,2019-05-21
BTCS-USD,0.63,0.4519,0.5588,0.4519,0,2019-05-22
BTCS-USD,0.5385,0.3348,0.4519,0.5379,1,2019-05-23
BTCS-USD,0.5645,0.3345,0.5379,0.5603,3,2019-05-24
BTCS-USD,0.5734,0.5323,0.5603,0.5579,1,2019-05-25
BTCS-USD,0.602,0.3393,0.5577,0.601,2,2019-05-26
BTCS-USD,0.6189,0.5829,0.601,0.584,5,2019-05-27
BTCS-USD,0.6148,0.5813,0.5831,0.6143,2,2019-05-28
BTCS-USD,0.6144,0.5711,0.6144,0.5782,13,2019-05-29
BTCS-USD,0.5824,0.4054,0.5785,0.5395,1,2019-05-30
BTCS-USD,0.5558,0.4121,0.5394,0.5556,3,2019-05-31
BTCS-USD,0.5733,0.3989,0.5553,0.4002,0,2019-06-01
BTCS-USD,0.6048,0.334,0.3998,0.5945,14,2019-06-02
BTCS-USD,0.5941,0.3324,0.5941,0.3372,0,2019-06-03
BTCS-USD,0.5461,0.5119,0.5453,0.5216,2,2019-06-04
BTCS-USD,0.7523,0.5224,0.5224,0.6635,2,2019-06-05
BTCS-USD,0.6725,0.6359,0.6627,0.6701,0,2019-06-06
BTCS-USD,0.6986,0.6662,0.6715,0.6959,0,2019-06-07
BTCS-USD,0.5536,0.5499,0.5499,0.5531,3,2019-06-08
BTCS-USD,0.5532,0.5355,0.5531,0.5371,0,2019-06-09
BTCS-USD,0.6092,0.3376,0.3376,0.6089,0,2019-06-10
BTCS-USD,0.6107,0.3975,0.6089,0.5756,1,2019-06-11
BTCS-USD,0.5965,0.3758,0.5756,0.377,0,2019-06-12
BTCS-USD,0.5571,0.3752,0.3771,0.5512,0,2019-06-13
BTCS-USD,0.5531,0.3415,0.5518,0.3425,0,2019-06-14
BTCS-USD,0.6109,0.3425,0.3425,0.6109,0,2019-06-15
BTCS-USD,0.6366,0.6033,0.6109,0.6072,11,2019-06-16
BTCS-USD,0.6141,0.3425,0.6074,0.3432,0,2019-06-17
BTCS-USD,0.35,0.3427,0.3434,0.3488,0,2019-06-18
BTCS-USD,0.5226,0.3482,0.3487,0.5226,0,2019-06-19
BTCS-USD,0.5473,0.3525,0.5226,0.3571,0,2019-06-20
BTCS-USD,0.7968,0.3571,0.3571,0.6839,4,2019-06-21
BTCS-USD,0.8356,0.6552,0.6867,0.6699,20,2019-06-22
BTCS-USD,0.7001,0.6402,0.6698,0.7001,1,2019-06-23
BTCS-USD,0.3508,0.3449,0.3508,0.35,0,2019-06-24
BTCS-USD,0.3517,0.3488,0.35,0.3505,0,2019-06-25
BTCS-USD,1.2083,0.3505,0.3505,1.2056,12,2019-06-26
BTCS-USD,1.2062,0.5265,1.2057,0.5632,20,2019-06-27
BTCS-USD,0.5814,0.4277,0.5661,0.4326,6,2019-06-28
BTCS-USD,0.5,0.3486,0.4336,0.5,1,2019-06-29
BTCS-USD,1.7686,0.5,0.5,1.7205,0,2019-06-30
BTCS-USD,1.7178,0.4606,1.7157,0.5411,7,2019-07-01
BTCS-USD,0.6515,0.287,0.541,0.5496,7,2019-07-02
BTCS-USD,0.7522,0.5505,0.5505,0.7522,32,2019-07-03
BTCS-USD,0.7548,0.5657,0.7519,0.5657,8,2019-07-04
BTCS-USD,0.6693,0.4275,0.5662,0.6254,2,2019-07-05
BTCS-USD,0.6727,0.3835,0.6268,0.5594,0,2019-07-06
BTCS-USD,0.6167,0.5061,0.5606,0.5108,0,2019-07-07
BTCS-USD,0.5151,0.4702,0.5134,0.4711,0,2019-07-08
BTCS-USD,0.7636,0.6085,0.7636,0.6256,6,2019-07-10
BTCS-USD,0.6251,0.5627,0.6251,0.5731,2,2019-07-11
BTCS-USD,0.603,0.5647,0.5741,0.6004,2,2019-07-12
BTCS-USD,0.6196,0.4234,0.6006,0.5492,0,2019-07-13
BTCS-USD,0.6405,0.5388,0.5486,0.6116,16,2019-07-14
BTCS-USD,0.8964,0.5966,0.6138,0.8964,134,2019-07-15
BTCS-USD,0.9038,0.5066,0.8952,0.5066,2,2019-07-16
BTCS-USD,1.9215,0.504,0.504,1.8673,607,2019-07-17
BTCS-USD,1.9046,0.7104,1.8726,0.9368,0,2019-07-18
BTCS-USD,0.8521,0.7051,0.7136,0.8368,15,2019-07-19
BTCS-USD,0.8475,0.4622,0.8377,0.4622,0,2019-07-20
BTCS-USD,0.7381,0.4622,0.4622,0.7367,7,2019-07-21
BTCS-USD,0.7399,0.6202,0.7362,0.6202,0,2019-07-22
BTCS-USD,0.6235,0.4609,0.6204,0.4609,0,2019-07-23
BTCS-USD,0.4623,0.4609,0.4609,0.4619,0,2019-07-24
BTCS-USD,0.5247,0.4605,0.4605,0.5179,0,2019-07-25
BTCS-USD,0.5761,0.4591,0.5183,0.4599,0,2019-07-26
BTCS-USD,0.4599,0.4599,0.4599,0.4599,0,2019-07-27
BTCS-USD,0.4818,0.4599,0.4599,0.4818,0,2019-07-28
BTCS-USD,0.7672,0.4813,0.4817,0.7481,2,2019-07-29
BTCS-USD,0.7642,0.635,0.7484,0.6442,0,2019-07-30
BTCS-USD,0.6392,0.4588,0.4593,0.639,2,2019-07-31
BTCS-USD,0.745,0.4526,0.6396,0.453,0,2019-08-01
BTCS-USD,0.7286,0.4483,0.453,0.7285,0,2019-08-02
BTCS-USD,0.8232,0.7269,0.7285,0.8199,0,2019-08-03
BTCS-USD,0.6404,0.6343,0.6403,0.6394,4,2019-08-05
BTCS-USD,0.7447,0.6265,0.6388,0.7145,2,2019-08-06
BTCS-USD,0.7257,0.713,0.7145,0.7172,1,2019-08-07
BTCS-USD,0.6828,0.5685,0.6711,0.5841,0,2019-08-08
BTCS-USD,0.6141,0.5437,0.5843,0.5998,0,2019-08-09
BTCS-USD,0.6161,0.6,0.6,0.6161,0,2019-08-10
BTCS-USD,1.4654,0.5,1.4654,0.5,2,2019-08-11
BTCS-USD,0.5,0.5,0.5,0.5,0,2019-08-12
BTCS-USD,0.5951,0.4729,0.5934,0.4729,0,2019-08-14
BTCS-USD,0.5442,0.4396,0.4731,0.4403,0,2019-08-15
BTCS-USD,0.4384,0.4377,0.4381,0.4377,0,2019-08-16
BTCS-USD,0.4377,0.4377,0.4377,0.4377,0,2019-08-17
BTCS-USD,0.5908,0.4377,0.4377,0.5866,0,2019-08-18
BTCS-USD,0.5968,0.4994,0.5865,0.507,0,2019-08-19
BTCS-USD,0.5053,0.3294,0.5053,0.4788,0,2019-08-20
BTCS-USD,0.505,0.4788,0.4788,0.5032,1,2019-08-21
BTCS-USD,0.6338,0.5032,0.5032,0.6246,0,2019-08-22
BTCS-USD,0.7325,0.6108,0.6235,0.7061,0,2019-08-23
BTCS-USD,0.7211,0.5251,0.7061,0.5251,0,2019-08-24
BTCS-USD,0.5861,0.5139,0.5352,0.579,1,2019-08-25
BTCS-USD,0.594,0.5793,0.5793,0.5902,1,2019-08-26
BTCS-USD,0.6945,0.6369,0.6945,0.6369,0,2019-08-28
BTCS-USD,0.6382,0.4651,0.6373,0.5751,0,2019-08-29
BTCS-USD,0.7356,0.5703,0.5751,0.7276,0,2019-08-30
BTCS-USD,0.7333,0.505,0.7277,0.5115,1,2019-08-31
BTCS-USD,0.5128,0.4059,0.5115,0.408,0,2019-09-01
BTCS-USD,0.4363,0.4343,0.4348,0.4362,0,2019-09-03
BTCS-USD,0.6573,0.4362,0.4362,0.6312,2,2019-09-04
BTCS-USD,0.6317,0.5185,0.6311,0.5278,0,2019-09-05
BTCS-USD,0.5923,0.5029,0.5267,0.5647,0,2019-09-06
BTCS-USD,0.6059,0.5628,0.5645,0.603,3,2019-09-07
BTCS-USD,0.6075,0.4428,0.6025,0.4428,0,2019-09-08
BTCS-USD,0.5039,0.4427,0.4428,0.5034,0,2019-09-09
BTCS-USD,0.5851,0.5034,0.5034,0.567,0,2019-09-10
BTCS-USD,0.5719,0.5543,0.5669,0.5606,0,2019-09-11
BTCS-USD,0.5098,0.5049,0.5049,0.5095,0,2019-09-12
BTCS-USD,0.5392,0.5094,0.5095,0.5392,0,2019-09-13
BTCS-USD,0.5403,0.5,0.5388,0.5,0,2019-09-14
BTCS-USD,0.5,0.5,0.5,0.5,0,2019-09-15
BTCS-USD,0.5873,0.5146,0.5162,0.5835,6,2019-09-16
BTCS-USD,0.5842,0.5643,0.5839,0.5725,2,2019-09-17
BTCS-USD,0.6145,0.5688,0.5725,0.6117,0,2019-09-18
BTCS-USD,0.6115,0.5388,0.6115,0.5504,0,2019-09-19
BTCS-USD,0.5501,0.5151,0.5497,0.5159,0,2019-09-20
BTCS-USD,0.555,0.5155,0.5155,0.5548,1,2019-09-21
BTCS-USD,0.5654,0.5486,0.5545,0.5654,0,2019-09-22
BTCS-USD,0.5698,0.5167,0.5666,0.517,0,2019-09-23
BTCS-USD,0.5209,0.4336,0.517,0.4889,0,2019-09-24
BTCS-USD,0.493,0.4705,0.4888,0.4804,1,2019-09-25
BTCS-USD,0.4839,0.3427,0.4801,0.4823,4,2019-09-26
BTCS-USD,0.4908,0.4782,0.4819,0.4864,13,2019-09-27
BTCS-USD,0.4873,0.4649,0.4864,0.4721,2,2019-09-28
BTCS-USD,0.4734,0.3782,0.4729,0.3806,0,2019-09-29
BTCS-USD,0.4184,0.2603,0.3808,0.4131,0,2019-09-30
BTCS-USD,0.4782,0.4111,0.4139,0.447,6,2019-10-01
BTCS-USD,0.4479,0.3378,0.4474,0.3378,0,2019-10-02
BTCS-USD,0.4554,0.4509,0.4509,0.4533,0,2019-10-03
BTCS-USD,0.4844,0.3624,0.4528,0.3625,0,2019-10-04
BTCS-USD,0.4708,0.3611,0.3623,0.468,0,2019-10-05
BTCS-USD,0.4733,0.4608,0.4688,0.4615,0,2019-10-06
BTCS-USD,0.4686,0.2923,0.461,0.4204,0,2019-10-07
BTCS-USD,0.4624,0.4184,0.4198,0.4576,0,2019-10-08
BTCS-USD,0.4937,0.4279,0.4578,0.4935,1,2019-10-09
BTCS-USD,0.4949,0.4587,0.4934,0.4647,0,2019-10-10
BTCS-USD,0.4657,0.418,0.4647,0.419,0,2019-10-11
BTCS-USD,0.426,0.4189,0.4189,0.4198,1,2019-10-12
BTCS-USD,0.4332,0.4192,0.4196,0.4317,1,2019-10-13
BTCS-USD,1.0351,0.429,0.4313,1.0347,2,2019-10-14
BTCS-USD,1.0347,0.4437,1.0346,0.4478,3,2019-10-15
BTCS-USD,0.4601,0.4261,0.4478,0.4601,3,2019-10-16
BTCS-USD,0.4757,0.3959,0.4597,0.4052,2,2019-10-17
BTCS-USD,0.4558,0.3305,0.4054,0.4543,1,2019-10-18
BTCS-USD,0.4546,0.3456,0.4542,0.3456,0,2019-10-19
BTCS-USD,0.3468,0.3456,0.3456,0.3462,0,2019-10-20
BTCS-USD,0.4715,0.3461,0.3462,0.4715,2,2019-10-21
BTCS-USD,0.4936,0.3461,0.4714,0.3462,0,2019-10-22
BTCS-USD,0.4166,0.3449,0.3462,0.4138,0,2019-10-23
BTCS-USD,0.4161,0.405,0.4141,0.4143,0,2019-10-24
BTCS-USD,0.4864,0.3457,0.4141,0.4813,2,2019-10-25
BTCS-USD,0.5445,0.4817,0.4819,0.5405,16,2019-10-26
BTCS-USD,0.568,0.5377,0.5406,0.544,0,2019-10-27
BTCS-USD,0.5441,0.5026,0.544,0.5032,0,2019-10-28
BTCS-USD,0.5577,0.3469,0.5032,0.3469,0,2019-10-29
BTCS-USD,0.347,0.3443,0.3469,0.3456,0,2019-10-30
BTCS-USD,0.519,0.3455,0.3456,0.4208,1,2019-10-31
BTCS-USD,0.541,0.3288,0.4204,0.539,7,2019-11-01
BTCS-USD,0.5426,0.5358,0.5397,0.5414,1,2019-11-02
BTCS-USD,0.5396,0.528,0.5389,0.5348,2,2019-11-03
BTCS-USD,0.5349,0.4906,0.5349,0.4919,0,2019-11-04
BTCS-USD,0.5464,0.4907,0.4915,0.5264,0,2019-11-05
BTCS-USD,0.6587,0.5058,0.5258,0.6587,1,2019-11-06
BTCS-USD,0.671,0.5352,0.6587,0.5533,6,2019-11-07
BTCS-USD,0.5531,0.4994,0.5531,0.5013,2,2019-11-08
BTCS-USD,0.5466,0.5003,0.501,0.5358,0,2019-11-09
BTCS-USD,0.686,0.3606,0.5353,0.6856,0,2019-11-10
BTCS-USD,0.6856,0.6184,0.6856,0.6192,1,2019-11-11
BTCS-USD,0.6241,0.3586,0.6198,0.5974,1,2019-11-12
BTCS-USD,0.6151,0.4138,0.5972,0.4145,5,2019-11-13
BTCS-USD,0.4436,0.4107,0.4147,0.4436,3,2019-11-14
BTCS-USD,0.346,0.3458,0.3458,0.3459,0,2019-11-15
BTCS-USD,0.3459,0.3459,0.3459,0.3459,0,2019-11-16
BTCS-USD,0.0163,0.0139,0.0139,0.0163,0,2019-11-19
BTCS-USD,0.5559,0.0163,0.0163,0.2872,0,2019-11-20
BTCS-USD,0.4159,0.2756,0.2872,0.3952,2,2019-11-21
BTCS-USD,0.4482,0.269,0.3955,0.287,0,2019-11-22
BTCS-USD,0.2883,0.2765,0.2873,0.2867,0,2019-11-23
BTCS-USD,0.4804,0.4019,0.4113,0.4751,1,2019-11-24
BTCS-USD,0.4756,0.2519,0.4751,0.2519,0,2019-11-25
BTCS-USD,0.4434,0.2494,0.2518,0.3631,17,2019-11-26
BTCS-USD,0.4838,0.3495,0.3615,0.4768,4,2019-11-27
BTCS-USD,0.4787,0.4706,0.4773,0.4752,4,2019-11-28
BTCS-USD,0.3317,0.2636,0.2736,0.3254,0,2019-11-30
BTCS-USD,0.3886,0.3238,0.3256,0.3882,0,2019-12-01
BTCS-USD,0.3905,0.3245,0.3879,0.3275,0,2019-12-02
BTCS-USD,0.3772,0.3257,0.3275,0.3718,0,2019-12-03
BTCS-USD,0.3779,0.3021,0.354,0.3758,3,2019-12-05
BTCS-USD,0.3781,0.2008,0.3761,0.201,0,2019-12-06
BTCS-USD,0.3662,0.201,0.201,0.3625,0,2019-12-07
BTCS-USD,0.3625,0.3478,0.3625,0.3615,0,2019-12-08
BTCS-USD,0.4027,0.3908,0.4024,0.3941,2,2019-12-10
BTCS-USD,0.4736,0.3142,0.3935,0.315,0,2019-12-11
BTCS-USD,0.4546,0.3109,0.3149,0.4512,0,2019-12-12
BTCS-USD,0.4677,0.4421,0.4511,0.4593,0,2019-12-13
BTCS-USD,0.4561,0.4413,0.4507,0.4516,1,2019-12-14
BTCS-USD,0.4538,0.4389,0.4511,0.448,2,2019-12-15
BTCS-USD,0.5105,0.4128,0.4473,0.4716,15,2019-12-16
BTCS-USD,0.521,0.4476,0.4707,0.4479,0,2019-12-17
BTCS-USD,0.4623,0.4027,0.452,0.4589,0,2019-12-18
BTCS-USD,0.4784,0.4263,0.4592,0.4471,0,2019-12-19
BTCS-USD,0.4471,0.435,0.4465,0.4379,0,2019-12-20
BTCS-USD,0.5388,0.3276,0.4378,0.4464,0,2019-12-21
BTCS-USD,0.5218,0.4193,0.4501,0.5218,4,2019-12-22
BTCS-USD,0.5358,0.4336,0.5221,0.4356,0,2019-12-23
BTCS-USD,0.4363,0.3217,0.4357,0.4121,0,2019-12-24
BTCS-USD,0.4604,0.4121,0.4128,0.4585,0,2019-12-25
BTCS-USD,0.465,0.2072,0.2072,0.4392,0,2019-12-26
BTCS-USD,0.457,0.4348,0.4397,0.456,0,2019-12-27
BTCS-USD,0.4358,0.2062,0.2062,0.4325,0,2019-12-28
BTCS-USD,0.5185,0.2062,0.4302,0.4155,1,2019-12-29
BTCS-USD,0.543,0.3603,0.4153,0.527,0,2019-12-30
BTCS-USD,0.534,0.5024,0.5271,0.5064,0,2019-12-31
BTCS-USD,0.515,0.5053,0.5059,0.5138,0,2020-01-01
BTCS-USD,0.431,0.3968,0.4287,0.3968,0,2020-01-02
BTCS-USD,0.5021,0.3867,0.396,0.4781,0,2020-01-03
BTCS-USD,0.4819,0.4769,0.4781,0.481,0,2020-01-04
BTCS-USD,0.2105,0.209,0.2095,0.2103,0,2020-01-06
BTCS-USD,0.2103,0.2103,0.2103,0.2103,0,2020-01-07
BTCS-USD,0.6273,0.3449,0.5709,0.3618,10,2020-01-08
BTCS-USD,0.6069,0.2597,0.3615,0.6043,12,2020-01-09
BTCS-USD,0.6149,0.3721,0.6039,0.4419,0,2020-01-10
BTCS-USD,0.6412,0.3234,0.4422,0.64,5,2020-01-11
BTCS-USD,0.6484,0.4959,0.64,0.4971,1,2020-01-12
BTCS-USD,0.5119,0.4942,0.4967,0.5119,1,2020-01-13
BTCS-USD,0.4588,0.4197,0.4235,0.458,0,2020-01-14
BTCS-USD,0.4651,0.44,0.4569,0.4443,0,2020-01-15
BTCS-USD,0.6873,0.3998,0.4451,0.6857,1,2020-01-16
BTCS-USD,0.9365,0.492,0.6859,0.7253,14,2020-01-17
BTCS-USD,0.905,0.7215,0.725,0.904,10,2020-01-18
BTCS-USD,0.9069,0.5544,0.9038,0.5631,3,2020-01-19
BTCS-USD,0.5683,0.4832,0.5635,0.4832,1,2020-01-20
BTCS-USD,0.4493,0.4413,0.4465,0.4435,1,2020-01-22
BTCS-USD,0.4437,0.4392,0.4437,0.44,1,2020-01-23
BTCS-USD,0.364,0.2907,0.2907,0.3162,0,2020-01-24
BTCS-USD,1.4701,0.3146,0.3161,0.7274,4990,2020-01-25
BTCS-USD,0.7927,0.6251,0.7261,0.7921,16,2020-01-26
BTCS-USD,0.7992,0.4844,0.793,0.4919,48,2020-01-27
BTCS-USD,0.6694,0.4916,0.4916,0.572,4,2020-01-28
BTCS-USD,0.5741,0.4846,0.5735,0.4864,37,2020-01-29
BTCS-USD,0.5005,0.4774,0.4859,0.4981,7,2020-01-30
BTCS-USD,0.4991,0.4712,0.4987,0.4802,18,2020-01-31
BTCS-USD,0.5122,0.4801,0.4801,0.5041,23,2020-02-01
BTCS-USD,0.5443,0.5005,0.5039,0.5233,1,2020-02-02
BTCS-USD,0.537,0.4903,0.5232,0.493,21,2020-02-03
BTCS-USD,0.5046,0.4919,0.4928,0.504,0,2020-02-04
BTCS-USD,0.694,0.4987,0.5037,0.6158,15,2020-02-05
BTCS-USD,0.6178,0.5363,0.6162,0.5394,5,2020-02-06
BTCS-USD,2.3441,0.4467,0.5399,2.3441,1280,2020-02-07
BTCS-USD,3.594,2.3307,2.3446,3.4955,907,2020-02-08
BTCS-USD,4.7086,3.0231,3.493,4.7007,626,2020-02-09
BTCS-USD,4.845,3.3074,4.7032,4.2226,482,2020-02-10
BTCS-USD,4.8381,3.0776,4.2165,3.1639,267,2020-02-11
BTCS-USD,5.1601,2.3796,3.1623,4.4365,64,2020-02-12
BTCS-USD,5.098,4.0806,4.4346,4.4978,115,2020-02-13
BTCS-USD,5.4609,3.1695,4.4985,5.2699,465,2020-02-14
BTCS-USD,5.5505,4.269,5.2701,4.2695,989,2020-02-15
BTCS-USD,5.3291,3.6342,4.2702,3.8122,145,2020-02-16
BTCS-USD,3.802,2.6897,3.8012,2.7095,235,2020-02-17
BTCS-USD,3.611,2.6945,2.708,3.6033,18,2020-02-18
BTCS-USD,3.6048,2.7828,3.6048,2.7828,9,2020-02-19
BTCS-USD,2.9556,2.7629,2.7812,2.9429,4,2020-02-20
BTCS-USD,2.9685,2.4611,2.9407,2.4702,23,2020-02-21
BTCS-USD,2.4735,2.2424,2.4691,2.341,2,2020-02-22
BTCS-USD,3.092,2.1808,2.341,2.1977,6,2020-02-23
BTCS-USD,2.282,1.61,2.2004,2.0895,0,2020-02-24
BTCS-USD,2.0902,1.3563,2.0895,1.3569,15,2020-02-25
BTCS-USD,2.7209,1.3531,1.3538,2.7083,30,2020-02-26
BTCS-USD,2.8722,2.4607,2.7045,2.8719,3,2020-02-27
BTCS-USD,1.7969,1.4832,1.7969,1.5544,4,2020-02-28
BTCS-USD,2.2746,1.3636,1.5534,1.3636,0,2020-02-29
BTCS-USD,2.0839,1.3636,1.3636,2.0601,0,2020-03-01
BTCS-USD,2.2513,2.0511,2.0571,2.2375,4,2020-03-02
BTCS-USD,2.2835,2.1012,2.2395,2.1076,0,2020-03-03
BTCS-USD,2.1682,2.0753,2.108,2.1186,0,2020-03-04
BTCS-USD,2.2005,1.1299,2.1216,1.1552,1,2020-03-05
BTCS-USD,1.4147,1.149,1.1567,1.1902,1,2020-03-06
BTCS-USD,1.2005,1.1666,1.1904,1.169,1,2020-03-07
BTCS-USD,1.3328,1.1337,1.1694,1.281,0,2020-03-08
BTCS-USD,1.925,0.9819,1.281,1.9228,79,2020-03-09
BTCS-USD,1.9453,1.2132,1.9353,1.2132,1,2020-03-10
BTCS-USD,1.266,1.076,1.2148,1.1136,2,2020-03-11
BTCS-USD,1.3942,0.7051,1.1134,0.7051,6,2020-03-12
BTCS-USD,0.8161,0.6344,0.7098,0.761,0,2020-03-13
BTCS-USD,0.7933,0.6311,0.7649,0.7557,5,2020-03-14
BTCS-USD,0.797,0.6084,0.7544,0.6255,0,2020-03-15
BTCS-USD,0.6255,0.5129,0.6255,0.5155,0,2020-03-16
BTCS-USD,0.9551,0.5155,0.5155,0.9482,7,2020-03-17
BTCS-USD,0.9621,0.8804,0.9405,0.9306,1,2020-03-18
BTCS-USD,1.0625,0.4758,0.9283,0.687,1,2020-03-19
BTCS-USD,0.7564,0.6146,0.6868,0.644,0,2020-03-20
BTCS-USD,0.6709,0.4808,0.6457,0.4808,0,2020-03-21
BTCS-USD,0.4822,0.4808,0.4808,0.4822,0,2020-03-22
BTCS-USD,0.4828,0.4747,0.4822,0.4825,0,2020-03-23
BTCS-USD,0.763,0.7422,0.7588,0.7584,2,2020-03-24
BTCS-USD,0.7709,0.7453,0.7585,0.7527,2,2020-03-25
BTCS-USD,1.0972,0.7461,0.7526,1.0747,0,2020-03-26
BTCS-USD,1.0842,1.0701,1.0701,1.0745,0,2020-03-27
BTCS-USD,1.0332,0.8601,1.0103,0.8806,0,2020-03-28
BTCS-USD,0.8898,0.5846,0.8811,0.5867,0,2020-03-29
BTCS-USD,0.6811,0.6499,0.6507,0.6769,0,2020-03-30
BTCS-USD,0.7683,0.6279,0.6762,0.7439,0,2020-03-31
BTCS-USD,0.7452,0.7386,0.7439,0.7411,0,2020-04-01
BTCS-USD,0.7175,0.6795,0.6796,0.6912,0,2020-04-02
BTCS-USD,0.7066,0.6816,0.6928,0.6912,0,2020-04-03
BTCS-USD,0.7651,0.6869,0.6913,0.7651,0,2020-04-04
BTCS-USD,0.6754,0.6522,0.6649,0.6753,0,2020-04-05
BTCS-USD,1.1623,0.6642,0.6752,1.0657,10,2020-04-06
BTCS-USD,1.0736,0.7924,1.0663,0.7924,3,2020-04-07
BTCS-USD,1.0601,0.8103,0.9833,0.8122,2,2020-04-08
BTCS-USD,0.8211,0.8029,0.8118,0.8195,3,2020-04-09
BTCS-USD,1,0.8029,0.8189,0.8358,0,2020-04-10
BTCS-USD,0.9664,0.7464,0.8372,0.7516,4,2020-04-11
BTCS-USD,0.8556,0.7283,0.7517,0.8388,1,2020-04-12
BTCS-USD,0.8341,0.6212,0.8341,0.6937,0,2020-04-13
BTCS-USD,0.7304,0.7147,0.7247,0.7226,0,2020-04-14
BTCS-USD,0.7281,0.6795,0.7217,0.6809,0,2020-04-15
BTCS-USD,0.7578,0.6693,0.6805,0.7459,0,2020-04-16
BTCS-USD,0.7109,0.6913,0.7,0.705,2,2020-04-17
BTCS-USD,0.822,0.662,0.7049,0.818,8,2020-04-18
BTCS-USD,0.8196,0.7118,0.8182,0.7127,1,2020-04-19
BTCS-USD,0.8547,0.7026,0.712,0.8187,3,2020-04-20
BTCS-USD,0.8738,0.5056,0.8179,0.7002,6,2020-04-21
BTCS-USD,0.7258,0.6987,0.7002,0.7069,2,2020-04-22
BTCS-USD,0.9976,0.9738,0.9792,0.9867,0,2020-04-25
BTCS-USD,1.0222,0.5991,0.9872,0.778,1,2020-04-26
BTCS-USD,0.8039,0.7781,0.7782,0.7964,0,2020-04-27
BTCS-USD,0.8016,0.7378,0.7964,0.801,0,2020-04-28
BTCS-USD,0.8284,0.6213,0.801,0.6885,18,2020-04-29
BTCS-USD,1.2822,0.6878,0.6882,0.8224,8,2020-04-30
BTCS-USD,0.8878,0.5347,0.8228,0.8863,2,2020-05-01
BTCS-USD,0.8886,0.5175,0.8847,0.5175,0,2020-05-02
BTCS-USD,0.5175,0.4744,0.5175,0.4783,0,2020-05-03
BTCS-USD,0.8304,0.454,0.4785,0.8304,0,2020-05-04
BTCS-USD,0.8428,0.8289,0.8304,0.8419,0,2020-05-05
BTCS-USD,0.7294,0.7237,0.724,0.7253,0,2020-05-06
BTCS-USD,1.0224,0.7234,0.725,1.0217,1,2020-05-07
BTCS-USD,4.5062,0.9763,1.0134,1.7147,223,2020-05-08
BTCS-USD,2.279,0.9001,1.7136,0.9001,0,2020-05-09
BTCS-USD,0.9001,0.9001,0.9001,0.9001,0,2020-05-10
BTCS-USD,0.9372,0.8872,0.8872,0.9371,0,2020-05-11
BTCS-USD,0.943,0.937,0.9371,0.943,0,2020-05-12
BTCS-USD,2.2474,0.9067,1.7272,2.2402,45,2020-05-13
BTCS-USD,2.2456,2.0618,2.2388,2.07,4,2020-05-14
BTCS-USD,2.0796,0.8224,2.0704,0.9434,0,2020-05-15
BTCS-USD,0.9434,0.9434,0.9434,0.9434,0,2020-05-16
BTCS-USD,1.0231,0.9434,0.9434,1.012,5,2020-05-17
BTCS-USD,1.0265,0.7399,1.0119,0.7457,0,2020-05-18
BTCS-USD,1.1433,0.7329,0.7447,1.1433,2,2020-05-19
BTCS-USD,2.0454,1.1381,1.1444,2.0433,0,2020-05-20
BTCS-USD,0.9376,0.9363,0.9376,0.9365,3,2020-05-21
BTCS-USD,0.9694,0.9211,0.9365,0.9694,0,2020-05-22
BTCS-USD,0.9694,0.9694,0.9694,0.9694,0,2020-05-23
BTCS-USD,0.9694,0.8246,0.9694,0.8248,14,2020-05-24
BTCS-USD,0.8286,0.6544,0.8239,0.751,0,2020-05-25
BTCS-USD,0.9817,0.7475,0.7511,0.9807,0,2020-05-26
BTCS-USD,0.981,0.5623,0.9807,0.5638,0,2020-05-27
BTCS-USD,0.5696,0.5621,0.5638,0.5673,0,2020-05-28
BTCS-USD,0.8415,0.5651,0.5673,0.8411,0,2020-05-29
BTCS-USD,0.9827,0.8396,0.841,0.98,0,2020-05-30
BTCS-USD,0.8924,0.5702,0.5702,0.8895,0,2020-05-31
BTCS-USD,1.014,0.8895,0.8895,1.0117,1,2020-06-01
BTCS-USD,1.0146,0.8318,1.0115,0.8383,0,2020-06-02
BTCS-USD,1.9301,0.5831,0.8406,1.8379,0,2020-06-03
BTCS-USD,2.0214,0.5788,1.8371,0.5788,0,2020-06-04
BTCS-USD,0.9495,0.5537,0.5788,0.9241,0,2020-06-05
BTCS-USD,1.3961,0.9237,0.9241,1.2483,0,2020-06-06
BTCS-USD,1.2556,0.5899,1.2484,0.5899,0,2020-06-07
BTCS-USD,0.954,0.6852,0.6854,0.9512,0,2020-06-09
BTCS-USD,1.2313,0.9361,0.9511,1.2254,3,2020-06-10
BTCS-USD,1.242,0.9199,1.2259,0.9205,0,2020-06-11
BTCS-USD,0.6701,0.6615,0.6615,0.668,0,2020-06-12
BTCS-USD,0.8544,0.6638,0.6687,0.8534,12,2020-06-13
BTCS-USD,0.8541,0.8424,0.8541,0.8469,12,2020-06-14
BTCS-USD,0.5957,0.5915,0.5917,0.5925,0,2020-06-16
BTCS-USD,0.5937,0.5911,0.5925,0.5925,0,2020-06-17
BTCS-USD,0.9674,0.5906,0.5925,0.9664,0,2020-06-18
BTCS-USD,1.1719,0.9476,0.9656,1.1719,0,2020-06-19
BTCS-USD,0.5949,0.5942,0.5945,0.5946,0,2020-06-21
BTCS-USD,1.1806,0.5925,0.5946,1.1782,0,2020-06-22
BTCS-USD,1.2016,0.5995,1.177,0.6003,0,2020-06-23
BTCS-USD,1.044,0.5968,0.6003,0.8532,1,2020-06-24
BTCS-USD,1.4135,0.8322,0.8537,1.4134,3,2020-06-25
BTCS-USD,1.5,1.4129,1.4133,1.5,2,2020-06-26
BTCS-USD,0.9331,0.882,0.9217,0.8894,1,2020-06-27
BTCS-USD,0.8899,0.8726,0.8896,0.8838,0,2020-06-28
BTCS-USD,0.61,0.6087,0.6099,0.61,0,2020-07-02
BTCS-USD,0.9657,0.6095,0.61,0.9615,0,2020-07-03
BTCS-USD,0.9654,0.6018,0.9606,0.6018,0,2020-07-04
BTCS-USD,1.0277,0.6018,0.6018,1.0041,0,2020-07-05
BTCS-USD,1.0446,0.6155,1.0042,0.6169,0,2020-07-06
BTCS-USD,1.117,0.6001,0.6169,0.602,0,2020-07-07
BTCS-USD,1.1834,0.6012,0.602,1.0987,5,2020-07-08
BTCS-USD,1.3856,0.6066,1.1036,0.6069,0,2020-07-09
BTCS-USD,0.6081,0.6038,0.6069,0.6079,0,2020-07-10
BTCS-USD,0.6079,0.6079,0.6079,0.6079,0,2020-07-11
BTCS-USD,0.6079,0.6068,0.6079,0.6075,0,2020-07-12
BTCS-USD,0.9461,0.6075,0.6075,0.9409,3,2020-07-13
BTCS-USD,0.9401,0.6035,0.9401,0.6051,0,2020-07-14
BTCS-USD,1.4113,0.7273,1.2547,1.4099,18,2020-07-15
BTCS-USD,1.4393,1.2957,1.41,1.3285,0,2020-07-16
BTCS-USD,1.4246,0.7886,1.3249,1.4146,1,2020-07-17
BTCS-USD,1.671,1.4051,1.4156,1.6346,0,2020-07-18
BTCS-USD,1.5308,0.6302,0.6306,1.5308,0,2020-07-20
BTCS-USD,1.5402,0.6343,1.5308,0.6364,0,2020-07-21
BTCS-USD,0.6365,0.6317,0.6364,0.6318,0,2020-07-22
BTCS-USD,1.5734,0.6318,0.6318,1.5677,7,2020-07-23
BTCS-USD,1.5701,0.6292,1.5683,0.6294,0,2020-07-24
BTCS-USD,1.4965,1.0657,1.493,1.0869,2,2020-07-25
BTCS-USD,1.4926,0.7605,1.0836,1.4922,2,2020-07-26
BTCS-USD,1.497,0.7104,1.4922,0.7187,0,2020-07-27
BTCS-USD,1.0895,0.6899,0.7187,0.8661,1,2020-07-28
BTCS-USD,0.9183,0.8481,0.8665,0.8499,1,2020-07-29
BTCS-USD,1.4828,0.8442,0.8505,1.4616,6,2020-07-30
BTCS-USD,1.4626,0.6946,1.4619,1.0636,1,2020-07-31
BTCS-USD,1.1513,0.6721,1.0631,0.9822,0,2020-08-01
BTCS-USD,1.0916,0.7897,0.9844,0.8392,0,2020-08-02
BTCS-USD,1.1395,0.837,0.8409,1.1203,11,2020-08-03
BTCS-USD,1.1339,0.6764,1.1194,0.681,0,2020-08-04
BTCS-USD,1.7175,0.6809,0.681,1.7175,9,2020-08-05
BTCS-USD,1.7601,0.9661,1.7165,1.0293,8,2020-08-06
BTCS-USD,1.0711,0.8268,1.0297,0.8519,0,2020-08-07
BTCS-USD,1.8855,1.7813,1.8307,1.7864,0,2020-08-08
BTCS-USD,1.8178,0.6783,1.8013,0.6842,0,2020-08-09
BTCS-USD,0.9581,0.6797,0.684,0.7333,0,2020-08-10
BTCS-USD,0.9594,0.7332,0.7338,0.9107,0,2020-08-11
BTCS-USD,0.8023,0.7934,0.7947,0.8015,2,2020-08-12
BTCS-USD,1.0481,0.7587,0.8013,0.9714,4,2020-08-13
BTCS-USD,1.1176,0.6987,0.9705,0.7001,0,2020-08-14
BTCS-USD,1.5623,0.7001,0.7001,1.5509,7,2020-08-15
BTCS-USD,1.5642,1.2433,1.5504,1.2508,0,2020-08-16
BTCS-USD,1.9034,1.2264,1.2511,1.8533,6,2020-08-17
BTCS-USD,1.9454,0.7862,1.8516,0.8411,0,2020-08-18
BTCS-USD,0.8468,0.7084,0.8406,0.7106,0,2020-08-19
BTCS-USD,0.7049,0.7025,0.7046,0.7037,0,2020-08-20
BTCS-USD,0.7046,0.7003,0.7037,0.7003,0,2020-08-21
BTCS-USD,0.9599,0.9376,0.9484,0.9593,0,2020-08-22
BTCS-USD,1.4571,0.9586,0.9586,1.4571,1,2020-08-23
BTCS-USD,1.8821,0.6972,1.4571,1.8781,20,2020-08-24
BTCS-USD,3.0312,1.0673,1.8772,1.1068,37,2020-08-25
BTCS-USD,1.1373,0.8797,1.1049,0.8826,0,2020-08-26
BTCS-USD,0.8874,0.6921,0.8832,0.693,0,2020-08-27
BTCS-USD,0.7023,0.6929,0.693,0.7019,0,2020-08-28
BTCS-USD,1.0071,0.7019,0.7019,1.0036,3,2020-08-29
BTCS-USD,1.0166,0.8402,1.0031,0.9444,1,2020-08-30
BTCS-USD,2.9999,0.9442,0.9444,1.2794,15,2020-08-31
BTCS-USD,3.0758,1.2697,1.2787,2.6828,2,2020-09-01
BTCS-USD,2.6846,1.0731,2.6803,1.9539,26,2020-09-02
BTCS-USD,2.4603,1.7265,1.9522,2.3412,3,2020-09-03
BTCS-USD,2.3662,0.7678,2.3335,0.7889,0,2020-09-04
BTCS-USD,0.7033,0.7033,0.7033,0.7033,0,2020-09-05
BTCS-USD,0.7813,0.6623,0.7033,0.7763,0,2020-09-06
BTCS-USD,0.781,0.6995,0.7759,0.6997,0,2020-09-07
BTCS-USD,0.8151,0.693,0.6997,0.8151,0,2020-09-08
BTCS-USD,0.85,0.7734,0.8151,0.7754,0,2020-09-09
BTCS-USD,0.7912,0.7632,0.7754,0.7659,0,2020-09-10
BTCS-USD,0.7681,0.7057,0.7667,0.7077,0,2020-09-11
BTCS-USD,1.203,1.203,1.203,1.203,0,2020-09-12
BTCS-USD,1.203,0.7647,1.203,1.1454,0,2020-09-13
BTCS-USD,1.2881,1.0782,1.1465,1.2793,8,2020-09-14
BTCS-USD,1.2951,0.7503,1.2804,1.2298,0,2020-09-15
BTCS-USD,1.6955,0.989,1.2301,1.6694,20,2020-09-16
BTCS-USD,1.6949,1.1762,1.6677,1.1783,5,2020-09-17
BTCS-USD,1.1816,1.0134,1.1788,1.0134,1,2020-09-18
BTCS-USD,2.0119,1.8332,2.0112,1.8531,15,2020-09-19
BTCS-USD,1.9772,1.2272,1.8531,1.2393,0,2020-09-20
BTCS-USD,1.2506,1.2354,1.2401,1.2468,0,2020-09-21
BTCS-USD,1.1549,1.1297,1.1364,1.1481,0,2020-09-22
BTCS-USD,1.2341,1.09,1.149,1.1067,0,2020-09-23
BTCS-USD,1.8315,1.1005,1.1058,1.829,0,2020-09-24
BTCS-USD,1.8358,1.4162,1.829,1.42,13,2020-09-25
BTCS-USD,4.0066,1.417,1.4204,4.0058,313,2020-09-26
BTCS-USD,5.1761,4.0026,4.0034,5.1761,273,2020-09-27
BTCS-USD,5.7606,4.9602,5.1779,5.6847,259,2020-09-28
BTCS-USD,6.3829,5.2892,5.6812,6.3107,159,2020-09-29
BTCS-USD,6.3127,4.9995,6.311,5.4859,74,2020-09-30
BTCS-USD,5.5748,5.3604,5.487,5.4273,12,2020-10-01
BTCS-USD,5.4485,5.24,5.4314,5.2667,73,2020-10-02
BTCS-USD,5.2697,4.8248,5.2665,4.913,0,2020-10-03
BTCS-USD,4.9181,4.6972,4.9131,4.7081,122,2020-10-04
BTCS-USD,5.6806,4.6014,4.7105,5.5533,19,2020-10-05
BTCS-USD,6.129,4.5675,5.5527,4.5708,18,2020-10-06
BTCS-USD,5.9199,4.5668,4.5693,5.4055,26,2020-10-07
BTCS-USD,6.1574,5.3453,5.4063,6.0843,21,2020-10-08
BTCS-USD,6.222,4.8069,6.0972,5.3645,96,2020-10-09
BTCS-USD,6.8691,5.3606,5.3606,6.1544,74,2020-10-10
BTCS-USD,7.164,6.0341,6.1564,7.1617,82,2020-10-11
BTCS-USD,7.1586,4.2919,7.1586,4.3011,54,2020-10-12
BTCS-USD,6.852,4.2766,4.2996,6.1049,210,2020-10-13
BTCS-USD,6.8469,5.1002,6.1036,6.8469,120,2020-10-14
BTCS-USD,7.5259,5.8589,6.8458,7.52,92,2020-10-15
BTCS-USD,8.3015,7.5126,7.5216,8.2685,201,2020-10-16
BTCS-USD,8.7167,8.2463,8.2673,8.7167,32,2020-10-17
BTCS-USD,9.3851,8.465,8.7162,9.3624,133,2020-10-18
BTCS-USD,9.941,8.1763,9.3658,9.9275,52,2020-10-19
BTCS-USD,10.1392,8.5627,9.9286,9.9783,57,2020-10-20
BTCS-USD,10.87,8.6012,9.9786,10.375,54,2020-10-21
BTCS-USD,10.7168,7.915,10.3735,7.915,41,2020-10-22
BTCS-USD,9.5604,6.5355,7.9188,6.549,60,2020-10-23
BTCS-USD,6.5922,5.5184,6.5622,5.5637,17,2020-10-24
BTCS-USD,7.3676,4.7934,7.1481,4.8652,22,2020-10-25
BTCS-USD,9.3924,4.8597,4.866,6.2632,2,2020-10-26
BTCS-USD,6.3266,4.8721,6.2649,5.0148,31,2020-10-27
BTCS-USD,5.0583,4.4118,5.013,4.5942,3,2020-10-28
BTCS-USD,4.819,4.5183,4.5933,4.5611,0,2020-10-29
BTCS-USD,10.8099,3.0684,4.5611,10.7679,145,2020-10-30
BTCS-USD,11.521,8.3034,10.7526,8.3678,25,2020-10-31
BTCS-USD,9.6319,6.1231,8.3683,9.5911,95,2020-11-01
BTCS-USD,10.7697,6.1096,9.6071,9.5828,18,2020-11-02
BTCS-USD,9.6089,5.0454,9.5745,5.0454,5,2020-11-03
BTCS-USD,11.4803,10.155,10.1878,10.6795,39,2020-11-04
BTCS-USD,10.7071,7.9184,10.6754,7.9877,23,2020-11-05
BTCS-USD,11.2205,7.95,7.9849,11.1661,26,2020-11-06
BTCS-USD,11.6853,7.2517,11.1764,8.0269,8,2020-11-07
BTCS-USD,11.4055,5.9132,8.0268,11.3978,263,2020-11-08
BTCS-USD,11.9868,5.9442,11.3847,7.9026,370,2020-11-09
BTCS-USD,8.3458,7.521,7.9002,7.9268,2,2020-11-10
BTCS-USD,14.9584,4.4006,7.9297,6.94,23,2020-11-11
BTCS-USD,8.486,6.2747,6.9416,6.3449,104,2020-11-12
BTCS-USD,7.1252,5.9503,6.3456,7.1217,3,2020-11-13
BTCS-USD,10.943,4.45,7.1227,5.6437,24,2020-11-14
BTCS-USD,5.6612,5.2402,5.6389,5.2674,2,2020-11-15
BTCS-USD,10.4919,5.25,5.2637,8.1924,17,2020-11-16
BTCS-USD,8.6815,6.0531,8.1873,6.0953,7,2020-11-17
BTCS-USD,6.1253,5.293,6.0909,5.3641,3,2020-11-18
BTCS-USD,5.4701,5.2357,5.3615,5.2661,6,2020-11-19
BTCS-USD,5.515,4.4582,5.265,4.5634,34,2020-11-20
BTCS-USD,5.0534,4.0525,4.5655,4.9709,90,2020-11-21
BTCS-USD,5.0292,3.3604,4.9604,3.5063,7,2020-11-22
BTCS-USD,4.8752,3.4567,3.5003,4.3735,23,2020-11-23
BTCS-USD,5.0482,3.5632,4.3744,3.6481,27,2020-11-24
BTCS-USD,6.8684,3.3958,3.6557,5.4049,10,2020-11-25
BTCS-USD,5.4292,3.1241,5.3893,3.2672,1,2020-11-26
BTCS-USD,3.2875,3.1904,3.2686,3.2151,0,2020-11-27
BTCS-USD,3.3702,3.1989,3.2192,3.3702,0,2020-11-28
BTCS-USD,3.4704,3.3702,3.3702,3.4335,1,2020-11-29
BTCS-USD,3.4747,3.149,3.4329,3.3229,4,2020-11-30
BTCS-USD,3.5991,3.2124,3.3236,3.4574,8,2020-12-01
BTCS-USD,3.6082,2.5665,3.5595,2.9719,91,2020-12-02
BTCS-USD,5.7908,2.867,2.9723,4.9984,23,2020-12-03
BTCS-USD,5.59,1.8325,5.0009,2.0585,68,2020-12-04
BTCS-USD,2.9511,2.0067,2.0551,2.9317,0,2020-12-05
BTCS-USD,4.9491,2.0102,2.9372,2.1934,1,2020-12-06
BTCS-USD,3.1312,2.1331,2.1922,3.1283,29,2020-12-07
BTCS-USD,3.9542,2.7893,3.126,2.7893,20,2020-12-08
BTCS-USD,2.8642,1.8762,2.7878,1.8835,1,2020-12-09
BTCS-USD,2.9271,1.8611,1.8814,2.8694,9,2020-12-10
BTCS-USD,4.8276,2.19,2.8685,4.8084,14,2020-12-11
BTCS-USD,4.9091,4.7424,4.8071,4.8801,251,2020-12-12
BTCS-USD,5.0186,2.2623,4.8785,3.2109,13,2020-12-13
BTCS-USD,5.5471,2.2108,3.2106,5.532,85,2020-12-14
BTCS-USD,5.7006,5.1798,5.5406,5.5082,5,2020-12-15
BTCS-USD,5.9217,5.3165,5.5069,5.6138,21,2020-12-16
BTCS-USD,6.5979,5.6125,5.6174,6.3006,31,2020-12-17
BTCS-USD,6.6324,4.4492,6.3,5.6593,22,2020-12-18
BTCS-USD,6.9957,5.6572,5.6657,6.7177,49,2020-12-19
BTCS-USD,6.8118,4.3335,6.7158,5.8478,5,2020-12-20
BTCS-USD,6.2639,4.6063,5.8334,4.6078,52,2020-12-21
BTCS-USD,4.6848,3.4849,4.589,3.5558,11,2020-12-22
BTCS-USD,3.5869,2.6698,3.5604,2.7192,0,2020-12-23
BTCS-USD,2.9538,2.4391,2.7144,2.9494,0,2020-12-24
BTCS-USD,3.7003,2.9447,2.9494,3.6955,27,2020-12-25
BTCS-USD,8.9155,2.762,3.6934,8.9104,7,2020-12-26
BTCS-USD,8.9104,3.3413,8.9103,3.4886,7,2020-12-27
BTCS-USD,3.7067,2.7587,3.4809,3.019,2,2020-12-28
BTCS-USD,4.0438,2.9648,3.0187,4.0241,8,2020-12-29
BTCS-USD,5.2475,3.181,4.0252,5.2416,52,2020-12-30
BTCS-USD,5.3222,4.7552,5.2491,5.1657,4,2020-12-31
BTCS-USD,5.4485,3.8944,5.1536,4.1098,6,2021-01-01
BTCS-USD,4.1948,3.5305,4.1097,3.6513,105,2021-01-02
BTCS-USD,3.8687,3.4684,3.6563,3.5477,9,2021-01-03
BTCS-USD,4.0101,3.1748,3.5427,3.4147,65,2021-01-04
BTCS-USD,3.5466,2.8218,3.4185,3.0748,10,2021-01-05
BTCS-USD,3.2104,2.6544,3.0697,2.774,9,2021-01-06
BTCS-USD,4.2336,2.6767,2.7794,3.259,114,2021-01-07
BTCS-USD,3.2579,2.4664,3.2579,2.5469,98,2021-01-08
BTCS-USD,2.7584,2.0668,2.544,2.2219,33,2021-01-09
BTCS-USD,2.4068,1.7227,2.221,2.1588,10,2021-01-10
BTCS-USD,2.155,1.537,2.155,1.5551,9,2021-01-11
BTCS-USD,1.9557,1.4644,1.5548,1.6412,68,2021-01-12
BTCS-USD,1.9512,1.5527,1.6457,1.9167,2,2021-01-13
BTCS-USD,1.9662,1.6965,1.9173,1.9642,0,2021-01-14
BTCS-USD,1.9649,1.6568,1.9642,1.8597,15,2021-01-15
BTCS-USD,2.6929,1.7285,1.8608,2.2383,7,2021-01-16
BTCS-USD,2.2613,1.311,2.2326,1.311,53,2021-01-17
BTCS-USD,1.9895,1.3032,1.31,1.3317,7,2021-01-18
BTCS-USD,2.0045,1.2905,1.3286,2.0031,5,2021-01-19
BTCS-USD,2.003,1.2034,2.0026,1.2208,27,2021-01-20
BTCS-USD,2.6225,1.071,1.2197,2.4619,24,2021-01-21
BTCS-USD,2.5427,1.2579,2.4506,1.2937,1,2021-01-22
BTCS-USD,2.1709,0.9001,1.294,0.9029,15,2021-01-23
BTCS-USD,1.2671,0.9028,0.9029,1.2652,1,2021-01-24
BTCS-USD,2.1376,1.1162,1.265,1.1225,0,2021-01-25
BTCS-USD,1.8391,0.8993,1.1225,1.5608,47,2021-01-26
BTCS-USD,1.5599,1.3526,1.5599,1.5086,0,2021-01-27
BTCS-USD,2.2962,0.9392,1.5086,1.0847,82,2021-01-28
BTCS-USD,2.4252,0.8973,1.1508,1.0293,2,2021-01-29
BTCS-USD,1.9282,1.0291,1.0297,1.8618,0,2021-01-30
BTCS-USD,1.8991,0.8561,1.8674,0.865,13,2021-01-31
BTCS-USD,1.704,0.8571,0.8647,1.2513,48,2021-02-01
BTCS-USD,1.2678,0.6972,1.2522,0.7764,119,2021-02-02
BTCS-USD,0.8489,0.6864,0.7742,0.755,46,2021-02-03
BTCS-USD,1.0778,0.6011,0.7506,0.6039,1,2021-02-04
BTCS-USD,0.8421,0.6037,0.6037,0.7973,1,2021-02-05
BTCS-USD,0.8614,0.6028,0.7959,0.7636,0,2021-02-06
BTCS-USD,1.5685,0.7636,0.7636,1.4643,2,2021-02-07
BTCS-USD,1.4405,0.5993,1.4405,0.6474,49,2021-02-08
BTCS-USD,5.5555,0.6342,0.6487,5.2546,985,2021-02-09
BTCS-USD,5.597,1.6178,5.2826,1.6178,64,2021-02-10
BTCS-USD,2.0804,1.5157,1.6178,2.0788,19,2021-02-11
BTCS-USD,2.1384,1.6396,2.0789,2.0945,232,2021-02-12
BTCS-USD,2.3517,1.7377,2.0936,2.1879,40,2021-02-13
BTCS-USD,2.5024,2.1171,2.1893,2.4124,33,2021-02-14
BTCS-USD,2.5197,2.3745,2.4099,2.3798,79,2021-02-15
BTCS-USD,3.0183,2.0551,2.3787,2.1366,34,2021-02-16
BTCS-USD,2.2713,2.1347,2.1349,2.2502,10,2021-02-17
BTCS-USD,2.2645,1.7917,2.2502,1.9352,0,2021-02-18
BTCS-USD,2.4448,1.9093,1.9352,2.4316,28,2021-02-19
BTCS-USD,2.488,1.6831,2.4343,2.2613,23,2021-02-20
BTCS-USD,3.4785,2.0076,2.2614,2.0153,38,2021-02-21
BTCS-USD,2.0154,1.6724,2.0154,1.6818,1,2021-02-22
BTCS-USD,1.7408,1.2122,1.6818,1.2661,64,2021-02-23
BTCS-USD,1.7958,1.2418,1.2713,1.4703,9,2021-02-24
BTCS-USD,1.4951,1.2213,1.4711,1.2213,0,2021-02-25
BTCS-USD,1.51,1.2213,1.2213,1.5078,17,2021-02-26
BTCS-USD,1.7058,1.5078,1.5078,1.7058,0,2021-02-27
BTCS-USD,1.8255,1.2221,1.7058,1.2531,75,2021-02-28
BTCS-USD,1.4976,0.9318,1.2542,1.495,71,2021-03-01
BTCS-USD,1.9037,0.8364,1.4936,1.9004,0,2021-03-02
BTCS-USD,2.5664,0.9977,1.9004,1.6306,124,2021-03-03
BTCS-USD,1.6265,1.4508,1.6265,1.4685,88,2021-03-04
BTCS-USD,2.2308,1.413,1.4662,1.5205,1,2021-03-05
BTCS-USD,2.2508,1.5205,1.5205,2.2454,90,2021-03-06
BTCS-USD,2.2532,0.9852,2.2478,1.4868,44,2021-03-07
BTCS-USD,1.6093,1.1822,1.4867,1.3912,1,2021-03-08
BTCS-USD,2.2403,1.3309,1.3912,2.1002,26,2021-03-09
BTCS-USD,2.4497,1.1413,2.1019,1.9938,113,2021-03-10
BTCS-USD,2.0065,1.7231,1.9924,2.0048,0,2021-03-11
BTCS-USD,2.0057,1.5513,2.0048,1.5525,1,2021-03-12
BTCS-USD,2.0474,1.4611,1.5525,1.6638,1,2021-03-13
BTCS-USD,2.2847,1.2063,1.6638,2.1851,44,2021-03-14
BTCS-USD,2.3542,2.1233,2.1803,2.2902,10,2021-03-15
BTCS-USD,2.2952,1.6449,2.2928,1.6789,3,2021-03-16
BTCS-USD,1.6829,0.7265,1.6788,0.7265,1,2021-03-17
BTCS-USD,2.0093,1.7108,2.0086,1.7118,1,2021-03-18
BTCS-USD,1.7168,0.9746,1.7118,1.0059,127,2021-03-19
BTCS-USD,1.0442,0.9697,1.0056,0.9697,0,2021-03-20
BTCS-USD,1.792,0.9697,0.9697,1.792,0,2021-03-21
BTCS-USD,1.792,1.7754,1.792,1.7771,0,2021-03-22
BTCS-USD,1.7771,0.943,1.7771,0.9434,0,2021-03-23
BTCS-USD,0.9488,0.9367,0.9434,0.9394,0,2021-03-24
BTCS-USD,0.95,0.9389,0.9394,0.9447,0,2021-03-25
BTCS-USD,0.9508,0.9447,0.9447,0.9507,0,2021-03-26
BTCS-USD,1.4985,1.0034,1.0069,1.4949,2,2021-03-27
BTCS-USD,1.4953,0.8492,1.4949,0.8623,1,2021-03-28
BTCS-USD,1.0541,0.8608,0.8635,1.0541,1,2021-03-29
BTCS-USD,3.9597,1.0541,1.0541,3.6934,560,2021-03-30
BTCS-USD,3.7111,1.2034,3.6945,1.2064,146,2021-03-31
BTCS-USD,2.7884,0.6345,1.2063,0.6399,1,2021-04-01
BTCS-USD,1.1441,0.6341,0.6395,1.0417,14,2021-04-02
BTCS-USD,1.1233,1.0187,1.0415,1.0911,0,2021-04-03
BTCS-USD,1.4217,1.0858,1.0905,1.4215,0,2021-04-04
BTCS-USD,1.425,1.1589,1.4215,1.1623,91,2021-04-05
BTCS-USD,1.1733,1.1513,1.1648,1.1667,102,2021-04-06
BTCS-USD,1.2564,1.0755,1.1665,1.0873,1,2021-04-07
BTCS-USD,2.3476,1.0858,1.0861,2.3043,2,2021-04-08
BTCS-USD,2.3043,0.9728,2.3043,1.053,38,2021-04-09
BTCS-USD,1.1309,0.9541,1.0528,0.9618,60,2021-04-10
BTCS-USD,1.0999,0.93,0.9617,0.93,0,2021-04-11
BTCS-USD,0.9328,0.9012,0.93,0.9012,5,2021-04-12
BTCS-USD,0.9884,0.3285,0.9012,0.9675,20,2021-04-13
BTCS-USD,1.58,0.9561,0.964,1.1489,3,2021-04-14
BTCS-USD,1.3735,0.7929,1.1502,0.9152,297,2021-04-15
BTCS-USD,1.364,0.8189,0.9152,0.8191,41,2021-04-16
BTCS-USD,0.9794,0.4706,0.8192,0.7906,6,2021-04-17
BTCS-USD,1.0316,0.6969,0.7907,0.7174,5,2021-04-18
BTCS-USD,1.0208,0.6551,0.7174,1.0205,0,2021-04-19
BTCS-USD,1.0222,0.6235,1.0205,0.6248,0,2021-04-20
BTCS-USD,0.6279,0.6232,0.6248,0.6268,0,2021-04-21
BTCS-USD,1.1,0.6262,0.6268,1.0965,6,2021-04-22
BTCS-USD,1.0965,0.6292,1.0965,0.9512,90,2021-04-23
BTCS-USD,0.9529,0.8,0.9529,0.8,8,2021-04-24
BTCS-USD,0.8,0.6492,0.8,0.663,48,2021-04-25
BTCS-USD,0.7998,0.6635,0.6635,0.6934,242,2021-04-26
BTCS-USD,0.7042,0.6627,0.6937,0.6995,41,2021-04-27
BTCS-USD,0.7129,0.6022,0.7001,0.7129,1,2021-04-28
BTCS-USD,0.7179,0.6413,0.7129,0.6413,0,2021-04-29
BTCS-USD,0.7677,0.6391,0.6413,0.767,77,2021-04-30
BTCS-USD,0.8157,0.5722,0.767,0.6021,327,2021-05-01
BTCS-USD,1.1872,0.5902,0.6021,1.1771,417,2021-05-02
BTCS-USD,2.819,0.6993,1.1775,0.7389,45,2021-05-03
BTCS-USD,1.2472,0.7333,0.7386,0.7669,55,2021-05-04
BTCS-USD,1.2964,0.3206,0.7654,0.3206,103,2021-05-05
BTCS-USD,1.3504,0.3524,0.4993,1.3484,316,2021-05-06
BTCS-USD,1.5042,1.2862,1.3473,1.3873,120,2021-05-07
BTCS-USD,1.509,1.2316,1.3872,1.4928,10,2021-05-08
BTCS-USD,1.7287,1.4928,1.4928,1.7249,14,2021-05-09
BTCS-USD,1.7639,0.6874,1.7251,0.6874,0,2021-05-10
BTCS-USD,0.6911,0.6198,0.6874,0.6324,0,2021-05-11
BTCS-USD,0.6892,0.538,0.5418,0.6838,0,2021-05-12
BTCS-USD,1.4128,0.6838,0.6838,1.4128,4,2021-05-13
BTCS-USD,1.4995,0.7798,1.4128,0.7798,1,2021-05-14
BTCS-USD,0.78,0.7798,0.7798,0.78,0,2021-05-15
BTCS-USD,0.78,0.5459,0.78,0.6744,268,2021-05-16
BTCS-USD,1.1579,0.5196,0.6754,0.5538,2317,2021-05-17
BTCS-USD,0.7486,0.5371,0.5533,0.5453,16,2021-05-18
BTCS-USD,0.5502,0.4551,0.5439,0.4983,16,2021-05-19
BTCS-USD,0.9776,0.4973,0.4973,0.9313,5,2021-05-20
BTCS-USD,0.9423,0.6385,0.9346,0.6657,0,2021-05-21
BTCS-USD,0.6657,0.5224,0.6657,0.5224,0,2021-05-22
BTCS-USD,0.6657,0.5224,0.5224,0.6393,0,2021-05-23
BTCS-USD,0.6836,0.5233,0.6392,0.5233,0,2021-05-24
BTCS-USD,0.5243,0.4879,0.5233,0.5078,17,2021-05-25
BTCS-USD,0.5406,0.5046,0.5097,0.5227,0,2021-05-26
BTCS-USD,0.6671,0.522,0.5227,0.6669,0,2021-05-27
BTCS-USD,0.667,0.5926,0.6669,0.6334,0,2021-05-28
BTCS-USD,0.6365,0.4489,0.6336,0.4597,5,2021-05-29
BTCS-USD,0.6241,0.4464,0.46,0.6182,6,2021-05-30
BTCS-USD,0.6682,0.4572,0.6189,0.5516,77,2021-05-31
BTCS-USD,0.6249,0.2013,0.5518,0.2013,188,2021-06-01
BTCS-USD,0.5255,0.1986,0.2013,0.3383,185,2021-06-02
BTCS-USD,0.6726,0.3377,0.3377,0.6716,180,2021-06-03
BTCS-USD,0.6719,0.5,0.6719,0.5,1,2021-06-04
BTCS-USD,0.6726,0.4419,0.5,0.6726,0,2021-06-05
BTCS-USD,0.6726,0.4419,0.6726,0.4419,0,2021-06-06
BTCS-USD,0.6728,0.4411,0.4419,0.6728,1,2021-06-07
BTCS-USD,0.6742,0.4771,0.6728,0.4854,2,2021-06-08
BTCS-USD,0.487,0.4742,0.4855,0.4748,1,2021-06-09
BTCS-USD,0.5,0.5,0.5,0.5,0,2021-06-10
BTCS-USD,0.5,0.4513,0.5,0.4808,30,2021-06-11
BTCS-USD,0.4991,0.4377,0.4807,0.499,26,2021-06-12
BTCS-USD,0.6532,0.4377,0.499,0.6518,0,2021-06-13
BTCS-USD,0.6529,0.4433,0.6518,0.4434,2,2021-06-14
BTCS-USD,0.6789,0.4434,0.4434,0.6782,15,2021-06-15
BTCS-USD,0.6806,0.6782,0.6782,0.6806,15,2021-06-16
BTCS-USD,0.4456,0.4442,0.4442,0.4452,0,2021-06-17
BTCS-USD,0.4461,0.4421,0.4452,0.4421,0,2021-06-18
BTCS-USD,0.4423,0.4423,0.4423,0.4423,0,2021-06-19
BTCS-USD,0.4423,0.441,0.4423,0.441,0,2021-06-20
BTCS-USD,0.441,0.4402,0.441,0.4403,0,2021-06-21
BTCS-USD,0.535,0.4401,0.4403,0.5349,0,2021-06-22
BTCS-USD,0.6167,0.5236,0.5349,0.53,8,2021-06-23
BTCS-USD,0.5401,0.5177,0.5299,0.5393,0,2021-06-24
BTCS-USD,0.5409,0.5391,0.5393,0.5401,0,2021-06-25
BTCS-USD,0.544,0.5304,0.5401,0.544,44,2021-06-26
BTCS-USD,0.5597,0.5401,0.5459,0.5401,16,2021-06-27
BTCS-USD,0.4427,0.441,0.441,0.4427,0,2021-06-28
BTCS-USD,0.5388,0.4426,0.4427,0.5383,0,2021-06-29
BTCS-USD,0.5337,0.5328,0.5328,0.5337,0,2021-06-30
BTCS-USD,0.5355,0.5313,0.5337,0.5313,0,2021-07-01
BTCS-USD,0.5328,0.5322,0.5328,0.5325,0,2021-07-04
BTCS-USD,0.5325,0.5315,0.5325,0.5317,0,2021-07-05
BTCS-USD,0.5293,0.5235,0.5293,0.5236,0,2021-07-06
BTCS-USD,0.5268,0.5218,0.5236,0.5218,0,2021-07-07
BTCS-USD,0.5666,0.5565,0.562,0.5635,44,2021-07-08
BTCS-USD,0.5693,0.551,0.5637,0.5638,44,2021-07-09
BTCS-USD,1.0151,0.5239,1.0116,1.007,1,2021-07-12
BTCS-USD,1.011,0.5247,1.0075,0.5249,0,2021-07-13
