CHMI,19.2,18.06,18.5,18.5,5532565,2013-10-04
CHMI,18.6,17.9,18.21,18.1,526822,2013-10-07
CHMI,18.18,17.4,18.1,17.56,712670,2013-10-08
CHMI,17.739,17.35,17.4,17.42,102741,2013-10-09
CHMI,17.71,17.42,17.47,17.56,400835,2013-10-10
CHMI,18.24,17.58,17.58,18.06,280786,2013-10-11
CHMI,18.18,18,18.06,18.15,44094,2013-10-14
CHMI,18.14,17.8,18.1,18.05,83719,2013-10-15
CHMI,18.02,17.8499,18,18,52600,2013-10-16
CHMI,18,17.65,17.97,17.87,69352,2013-10-17
CHMI,17.8699,17.68,17.76,17.85,75543,2013-10-18
CHMI,17.83,17.51,17.76,17.82,54200,2013-10-21
CHMI,17.89,17.82,17.82,17.83,57977,2013-10-22
CHMI,17.9,17.8,17.87,17.85,31571,2013-10-23
CHMI,18.14,17.82,17.86,18.09,50036,2013-10-24
CHMI,18.2,17.85,17.87,18.2,35223,2013-10-25
CHMI,18.23,17.85,18.15,17.95,12301,2013-10-28
CHMI,18.2,17.85,18.2,17.86,43310,2013-10-29
CHMI,17.99,17.85,17.99,17.85,22284,2013-10-30
CHMI,17.95,17.85,17.85,17.95,192150,2013-10-31
CHMI,18.05,17.8,18,17.88,68974,2013-11-01
CHMI,17.95,17.72,17.88,17.85,35800,2013-11-04
CHMI,17.9,17.7,17.88,17.84,25396,2013-11-05
CHMI,17.9,17.44,17.88,17.65,95663,2013-11-06
CHMI,17.69,17.41,17.67,17.56,40460,2013-11-07
CHMI,17.64,17.35,17.6,17.45,30712,2013-11-08
CHMI,17.71,17.132,17.6,17.64,81387,2013-11-11
CHMI,17.9,17.25,17.71,17.9,61445,2013-11-12
CHMI,17.93,17.6,17.9,17.71,41793,2013-11-13
CHMI,17.72,17.32,17.71,17.72,88808,2013-11-14
CHMI,17.73,17.5,17.61,17.68,39171,2013-11-15
CHMI,17.6975,17.614,17.66,17.63,2654,2013-11-18
CHMI,17.61,17.5,17.61,17.58,48600,2013-11-19
CHMI,17.58,17.4,17.53,17.52,41091,2013-11-20
CHMI,17.63,17.4,17.5,17.61,69178,2013-11-21
CHMI,17.67,17.55,17.6,17.56,40855,2013-11-22
CHMI,17.72,17.52,17.585,17.55,40378,2013-11-25
CHMI,17.5499,17.45,17.45,17.5,78708,2013-11-26
CHMI,17.7,17.48,17.6,17.55,35817,2013-11-27
CHMI,17.75,17.51,17.68,17.65,10678,2013-11-29
CHMI,17.62,17.3601,17.58,17.5,38761,2013-12-02
CHMI,17.57,17.4,17.51,17.54,53393,2013-12-03
CHMI,17.525,17.45,17.492,17.5,27032,2013-12-04
CHMI,17.58,17.45,17.51,17.55,51606,2013-12-05
CHMI,17.705,17.53,17.59,17.64,42883,2013-12-06
CHMI,17.62,17.4,17.62,17.5,115218,2013-12-09
CHMI,17.47,17.14,17.41,17.47,184709,2013-12-10
CHMI,17.71,17.25,17.29,17.45,55102,2013-12-11
CHMI,17.554,17.34,17.52,17.4,178693,2013-12-12
CHMI,17.62,17.35,17.47,17.62,184183,2013-12-13
CHMI,17.75,17.59,17.65,17.71,98938,2013-12-16
CHMI,18.35,17.54,17.65,18.13,64779,2013-12-17
CHMI,18.45,18.0201,18.15,18.21,119026,2013-12-18
CHMI,18.49,18.0701,18.31,18.35,279431,2013-12-19
CHMI,18.48,18.03,18.27,18.2,248029,2013-12-20
CHMI,18.46,18,18.13,18.3,44011,2013-12-23
CHMI,18.11,17.76,17.76,18.03,74681,2013-12-24
CHMI,18.17,17.86,18,18.04,48148,2013-12-26
CHMI,18.065,17.75,18,17.94,51554,2013-12-27
CHMI,17.99,17.5,17.99,17.61,69316,2013-12-30
CHMI,17.94,17.4692,17.6,17.8,73368,2013-12-31
CHMI,18.55,17.84,17.84,18.5,70343,2014-01-02
CHMI,18.771,18.5,18.57,18.6,49014,2014-01-03
CHMI,18.88,18.51,18.73,18.59,61946,2014-01-06
CHMI,18.77,18.45,18.6,18.51,183428,2014-01-07
CHMI,18.64,18.45,18.51,18.5,84677,2014-01-08
CHMI,18.61,18.4,18.6,18.45,55597,2014-01-09
CHMI,18.55,18.27,18.5,18.46,25736,2014-01-10
CHMI,18.55,18.45,18.49,18.51,81786,2014-01-13
CHMI,19.09,18.5,18.648,18.93,365468,2014-01-14
CHMI,19.01,18.83,18.84,18.95,130395,2014-01-15
CHMI,19.06,18.8,19,19.06,101768,2014-01-16
CHMI,19.08,18.74,18.97,18.88,36929,2014-01-17
CHMI,19.03,18.7,18.91,18.88,37281,2014-01-21
CHMI,19.006,18.75,18.83,18.8,13882,2014-01-22
CHMI,18.898,18.5,18.75,18.64,22765,2014-01-23
CHMI,18.9,18.29,18.64,18.4,36236,2014-01-24
CHMI,18.45,17.68,18.4,18.13,30830,2014-01-27
CHMI,18.2,17.88,18.03,18.13,35874,2014-01-28
CHMI,18.17,17.91,18.13,18.02,32083,2014-01-29
CHMI,18.2,17.95,18.12,18.06,21148,2014-01-30
CHMI,18.18,18,18.02,18.05,10265,2014-01-31
CHMI,18.31,18.05,18.05,18.22,48415,2014-02-03
CHMI,18.47,18.13,18.3,18.19,43857,2014-02-04
CHMI,18.42,18.05,18.29,18.17,48361,2014-02-05
CHMI,18.65,18.18,18.19,18.32,34716,2014-02-06
CHMI,18.66,18.3,18.43,18.37,27302,2014-02-07
CHMI,18.49,18.3,18.38,18.31,6259,2014-02-10
CHMI,18.6,18.3501,18.4,18.55,22290,2014-02-11
CHMI,18.68,18.38,18.6,18.57,44276,2014-02-12
CHMI,18.74,18.39,18.686,18.4,11785,2014-02-13
CHMI,18.6892,18.45,18.45,18.54,9180,2014-02-14
CHMI,18.75,18.45,18.67,18.59,41017,2014-02-18
CHMI,18.72,18.49,18.64,18.51,37551,2014-02-19
CHMI,18.592,18.27,18.497,18.34,32535,2014-02-20
CHMI,18.48,17.98,18.35,18.15,22991,2014-02-21
CHMI,18.24,18.14,18.16,18.24,19354,2014-02-24
CHMI,18.44,18.12,18.26,18.17,26718,2014-02-25
CHMI,18.59,18.16,18.19,18.38,50481,2014-02-26
CHMI,18.37,18.201,18.291,18.33,11962,2014-02-27
CHMI,18.37,18.15,18.37,18.18,8125,2014-02-28
CHMI,18.23,17.9,18.18,17.92,26968,2014-03-03
CHMI,18.23,17.995,18.08,18.23,61850,2014-03-04
CHMI,18.49,18.23,18.23,18.23,24494,2014-03-05
CHMI,18.29,18.07,18.24,18.23,17781,2014-03-06
CHMI,18.28,17.7,18.28,17.9,97741,2014-03-07
CHMI,18.52,17.8,17.8,18.41,98862,2014-03-10
CHMI,18.61,18.26,18.45,18.35,139317,2014-03-11
CHMI,18.35,18.25,18.35,18.35,35541,2014-03-12
CHMI,18.44,18.201,18.4,18.33,68430,2014-03-13
CHMI,18.421,18.26,18.4,18.3,53363,2014-03-14
CHMI,18.55,18.05,18.46,18.25,79759,2014-03-17
CHMI,18.289,18.07,18.225,18.27,44359,2014-03-18
CHMI,18.52,18.35,18.4,18.36,100058,2014-03-19
CHMI,18.44,18.3,18.3,18.4,40755,2014-03-20
CHMI,18.64,18.29,18.41,18.3,87432,2014-03-21
CHMI,18.6036,18.32,18.3799,18.4,50870,2014-03-24
CHMI,18.69,18.43,18.49,18.69,54042,2014-03-25
CHMI,19.32,18.73,18.76,18.96,248976,2014-03-26
CHMI,19.15,18.89,18.97,19.1,93363,2014-03-27
CHMI,19.45,19.09,19.45,19.13,107462,2014-03-28
CHMI,18.9899,18.6,18.75,18.75,93381,2014-03-31
CHMI,18.9,18.65,18.84,18.8,99221,2014-04-01
CHMI,19.05,18.69,18.69,18.95,193463,2014-04-02
CHMI,19.18,18.7547,18.91,18.94,100589,2014-04-03
CHMI,19.21,18.78,19.21,18.8,70453,2014-04-04
CHMI,18.9,18.69,18.72,18.74,51685,2014-04-07
CHMI,18.75,18.51,18.71,18.61,40512,2014-04-08
CHMI,18.75,18.62,18.65,18.68,37102,2014-04-09
CHMI,18.7,18.33,18.68,18.54,80646,2014-04-10
CHMI,18.74,18.395,18.45,18.69,24546,2014-04-11
CHMI,18.74,18.54,18.74,18.55,24343,2014-04-14
CHMI,18.64,18.15,18.64,18.51,29420,2014-04-15
CHMI,18.9,18.47,18.58,18.88,99020,2014-04-16
CHMI,18.99,18.85,18.85,18.98,14032,2014-04-17
CHMI,19.33,19.03,19.08,19.12,65345,2014-04-21
CHMI,19.47,19.14,19.25,19.34,38245,2014-04-22
CHMI,19.69,19.244,19.43,19.39,29405,2014-04-23
CHMI,19.58,19.351,19.58,19.47,16042,2014-04-24
CHMI,19.51,19.31,19.5,19.4,21158,2014-04-25
CHMI,19.69,19.36,19.41,19.41,72979,2014-04-28
CHMI,19.5339,19.06,19.51,19.08,39587,2014-04-29
CHMI,19.21,18.9,19.13,18.98,18631,2014-04-30
CHMI,19.52,18.95,18.95,19.4,24336,2014-05-01
CHMI,19.46,19.15,19.4,19.3,20540,2014-05-02
CHMI,19.45,19.27,19.29,19.3,17574,2014-05-05
CHMI,19.33,19,19.3,19.07,29075,2014-05-06
CHMI,19.31,19,19.07,19.21,12942,2014-05-07
CHMI,19.389,19.19,19.389,19.19,9430,2014-05-08
CHMI,19.67,19.09,19.31,19.34,33928,2014-05-09
CHMI,19.505,19.35,19.48,19.45,43119,2014-05-12
CHMI,19.55,19.13,19.35,19.44,47884,2014-05-13
CHMI,19.36,19.08,19.36,19.18,27966,2014-05-14
CHMI,19.23,18.76,19.07,18.87,30242,2014-05-15
CHMI,19.07,18.75,19.07,18.98,45846,2014-05-16
CHMI,19.33,18.99,19.07,19.26,36213,2014-05-19
CHMI,19.2,19.13,19.19,19.18,14136,2014-05-20
CHMI,19.17,19.03,19.17,19.06,12702,2014-05-21
CHMI,19.16,18.86,19.12,19.01,23640,2014-05-22
CHMI,19.2,19.1,19.13,19.16,14454,2014-05-23
CHMI,19.46,19.08,19.2,19.23,41777,2014-05-27
CHMI,19.45,19.21,19.25,19.32,22150,2014-05-28
CHMI,19.4901,19.3201,19.41,19.45,149580,2014-05-29
CHMI,19.7,19.351,19.45,19.4,110119,2014-05-30
CHMI,19.6497,19.4,19.54,19.42,38948,2014-06-02
CHMI,19.42,19.2561,19.4,19.28,18342,2014-06-03
CHMI,19.405,19.29,19.35,19.35,32773,2014-06-04
CHMI,19.42,19.29,19.41,19.35,47783,2014-06-05
CHMI,19.5,19.3,19.46,19.46,23216,2014-06-06
CHMI,19.46,19.29,19.46,19.35,33168,2014-06-09
CHMI,19.38,19.32,19.35,19.33,36928,2014-06-10
CHMI,19.44,19.251,19.39,19.35,33772,2014-06-11
CHMI,19.5,19.355,19.4,19.46,53874,2014-06-12
CHMI,19.5661,19.2,19.5,19.32,58241,2014-06-13
CHMI,19.68,19.41,19.68,19.5,107943,2014-06-16
CHMI,19.6875,19.48,19.5,19.6,66065,2014-06-17
CHMI,19.71,19.55,19.6,19.69,36335,2014-06-18
CHMI,19.89,19.6533,19.85,19.83,63753,2014-06-19
CHMI,19.92,19.8,19.92,19.89,47180,2014-06-20
CHMI,20.11,19.89,19.96,19.98,89934,2014-06-23
CHMI,20.56,20,20.08,20.4,207632,2014-06-24
CHMI,20.5,20.05,20.5,20.16,60901,2014-06-25
CHMI,20,19.59,19.79,19.95,56876,2014-06-26
CHMI,20.4,19.82,20,20.17,63522,2014-06-27
CHMI,20.2,19.8,20.2,20.05,46925,2014-06-30
CHMI,20.4,19.8,20.21,20.04,131513,2014-07-01
CHMI,20.18,19.87,20.11,20.11,49839,2014-07-02
CHMI,20.22,19.61,20.2,19.78,71574,2014-07-03
CHMI,19.82,19.52,19.82,19.8,114157,2014-07-07
CHMI,19.93,19.672,19.93,19.82,51502,2014-07-08
CHMI,19.98,19.65,19.98,19.86,23981,2014-07-09
CHMI,20.01,19.71,19.87,19.9,35779,2014-07-10
CHMI,19.99,19.61,19.99,19.72,38377,2014-07-11
CHMI,19.89,19.64,19.89,19.76,25227,2014-07-14
CHMI,20.04,19.735,19.84,19.99,32090,2014-07-15
CHMI,20.2127,20.0001,20.14,20.19,19601,2014-07-16
CHMI,20.23,20.04,20.23,20.15,45305,2014-07-17
CHMI,20.34,20.06,20.23,20.09,10496,2014-07-18
CHMI,20.17,19.92,20.15,20.15,27582,2014-07-21
CHMI,20.1599,19.82,20.14,20.08,37529,2014-07-22
CHMI,20.27,20.08,20.14,20.15,21091,2014-07-23
CHMI,20.39,20.068,20.2,20.28,21674,2014-07-24
CHMI,20.3347,20.13,20.32,20.2,14296,2014-07-25
CHMI,20.22,20.109,20.17,20.19,31090,2014-07-28
CHMI,20.36,20.04,20.36,20.09,26523,2014-07-29
CHMI,20.12,19.87,20.12,19.9,19932,2014-07-30
CHMI,19.99,19.6,19.99,19.73,49004,2014-07-31
CHMI,19.85,19.61,19.69,19.75,55062,2014-08-01
CHMI,19.98,19.64,19.87,19.97,26256,2014-08-04
CHMI,20.02,19.644,19.94,19.71,21140,2014-08-05
CHMI,19.9,19.57,19.72,19.65,44774,2014-08-06
CHMI,19.7958,19.37,19.73,19.59,52151,2014-08-07
CHMI,19.71,19.34,19.58,19.62,49339,2014-08-08
CHMI,19.675,19.54,19.54,19.62,26667,2014-08-11
CHMI,19.65,19.51,19.65,19.56,24262,2014-08-12
CHMI,19.69,19.5,19.67,19.59,71329,2014-08-13
CHMI,19.67,19.52,19.67,19.55,68774,2014-08-14
CHMI,19.68,19.43,19.68,19.43,37677,2014-08-15
CHMI,19.6401,19.39,19.47,19.57,38345,2014-08-18
CHMI,19.76,19.6,19.67,19.7,23533,2014-08-19
CHMI,19.77,19.54,19.77,19.68,67074,2014-08-20
CHMI,19.88,19.61,19.72,19.82,39389,2014-08-21
CHMI,19.85,19.65,19.85,19.74,43738,2014-08-22
CHMI,20.02,19.77,19.8,19.91,37392,2014-08-25
CHMI,20.16,19.93,20.05,20.13,50287,2014-08-26
CHMI,20.2,20.019,20.2,20.06,14798,2014-08-27
CHMI,20.11,19.79,20.02,20.04,38604,2014-08-28
CHMI,20.2,19.9101,20.2,19.99,26628,2014-08-29
CHMI,20.11,19.83,20.11,19.86,61184,2014-09-02
CHMI,20.1,19.75,19.97,19.85,62732,2014-09-03
CHMI,19.96,19.7,19.96,19.81,42819,2014-09-04
CHMI,19.99,19.71,19.89,19.98,60964,2014-09-05
CHMI,20.02,19.826,20,19.93,21070,2014-09-08
CHMI,20,19.89,20,19.92,26233,2014-09-09
CHMI,19.97,19.73,19.97,19.87,31044,2014-09-10
CHMI,20.02,19.75,19.78,19.92,17574,2014-09-11
CHMI,20,19.7,20,19.7,23240,2014-09-12
CHMI,19.67,19.51,19.64,19.59,15556,2014-09-15
CHMI,19.6,19.15,19.53,19.52,191234,2014-09-16
CHMI,19.51,19.33,19.45,19.48,21648,2014-09-17
CHMI,19.46,19.3144,19.42,19.4,25785,2014-09-18
CHMI,19.81,19.34,19.4,19.61,97020,2014-09-19
CHMI,19.59,19.32,19.52,19.34,47473,2014-09-22
CHMI,19.38,19.2,19.38,19.26,26930,2014-09-23
CHMI,19.37,19.21,19.21,19.35,43696,2014-09-24
CHMI,19.47,19.24,19.32,19.44,26656,2014-09-25
CHMI,19.17,18.69,19.15,18.79,44881,2014-09-26
CHMI,18.9,18.67,18.67,18.9,22086,2014-09-29
CHMI,18.82,18.67,18.79,18.7,51640,2014-09-30
CHMI,18.72,18.3625,18.6,18.57,42839,2014-10-01
CHMI,18.54,18.14,18.48,18.42,56489,2014-10-02
CHMI,18.5198,18.32,18.43,18.38,22217,2014-10-03
CHMI,18.5,18.31,18.32,18.34,71017,2014-10-06
CHMI,18.6,18.3269,18.37,18.42,44385,2014-10-07
CHMI,18.5,18.35,18.46,18.49,37215,2014-10-08
CHMI,18.56,18.39,18.54,18.39,44561,2014-10-09
CHMI,18.44,18.13,18.38,18.13,60973,2014-10-10
CHMI,18.2,17.79,18.1,17.8,79954,2014-10-13
CHMI,18.07,17.795,17.91,17.85,57844,2014-10-14
CHMI,17.85,17.29,17.7,17.58,44341,2014-10-15
CHMI,17.64,17.25,17.4,17.59,67252,2014-10-16
CHMI,17.87,17.67,17.75,17.74,39818,2014-10-17
CHMI,17.96,17.63,17.63,17.95,30100,2014-10-20
CHMI,18.528,17.91,17.91,18.46,106463,2014-10-21
CHMI,18.79,18.38,18.57,18.55,65484,2014-10-22
CHMI,18.7656,18.58,18.65,18.65,19494,2014-10-23
CHMI,18.83,18.65,18.75,18.69,17242,2014-10-24
CHMI,18.76,18.59,18.75,18.66,30568,2014-10-27
CHMI,18.7,18.6,18.69,18.68,15397,2014-10-28
CHMI,18.69,18.52,18.66,18.6,20141,2014-10-29
CHMI,19,18.4,18.48,18.69,71800,2014-10-30
CHMI,18.78,18.49,18.75,18.62,16561,2014-10-31
CHMI,18.92,18.6,18.73,18.86,37151,2014-11-03
CHMI,18.8922,18.61,18.8922,18.88,66171,2014-11-04
CHMI,18.925,18.71,18.89,18.8,42102,2014-11-05
CHMI,18.85,18.7,18.85,18.72,7518,2014-11-06
CHMI,18.83,18.66,18.81,18.75,8779,2014-11-07
CHMI,18.89,18.67,18.81,18.77,20894,2014-11-10
CHMI,18.89,18.6823,18.8,18.8,34401,2014-11-11
CHMI,18.87,18.7,18.7,18.73,10137,2014-11-12
CHMI,18.6,17.6399,18.56,17.86,211797,2014-11-13
CHMI,18.4099,17.92,17.92,18.25,55302,2014-11-14
CHMI,18.65,18.29,18.29,18.59,59253,2014-11-17
CHMI,18.7199,18.57,18.67,18.67,20943,2014-11-18
CHMI,18.74,18.57,18.71,18.72,28671,2014-11-19
CHMI,18.8,18.7,18.7,18.75,14946,2014-11-20
CHMI,18.95,18.69,18.79,18.86,38677,2014-11-21
CHMI,18.96,18.77,18.9,18.91,23942,2014-11-24
CHMI,19.02,18.88,18.97,18.92,18326,2014-11-25
CHMI,19.09,18.95,18.99,19.06,12440,2014-11-26
CHMI,19.06,18.82,19.03,18.9,4256,2014-11-28
CHMI,18.83,18.65,18.82,18.78,29831,2014-12-01
CHMI,18.92,18.6601,18.7,18.92,36671,2014-12-02
CHMI,19.0095,18.52,19.0095,18.75,65634,2014-12-03
CHMI,18.76,18.53,18.75,18.56,17328,2014-12-04
CHMI,18.66,18.55,18.58,18.63,25557,2014-12-05
CHMI,18.71,18.28,18.6,18.35,26113,2014-12-08
CHMI,18.66,18.06,18.06,18.57,15852,2014-12-09
CHMI,18.71,18.52,18.57,18.55,26696,2014-12-10
CHMI,18.87,18.5,18.62,18.84,34340,2014-12-11
CHMI,18.79,18.36,18.79,18.43,22046,2014-12-12
CHMI,18.61,18.11,18.61,18.42,35412,2014-12-15
CHMI,18.59,18.2665,18.43,18.46,29451,2014-12-16
CHMI,18.67,18.27,18.58,18.67,33093,2014-12-17
CHMI,18.74,18.415,18.66,18.68,30244,2014-12-18
CHMI,18.9,18.45,18.61,18.45,89229,2014-12-19
CHMI,18.69,18.47,18.52,18.63,35039,2014-12-22
CHMI,18.8325,18.39,18.45,18.63,29826,2014-12-23
CHMI,18.71,18.5,18.71,18.67,17122,2014-12-24
CHMI,18.38,18.1,18.23,18.37,15556,2014-12-26
CHMI,18.62,18.25,18.25,18.48,19721,2014-12-29
CHMI,18.43,18.15,18.41,18.34,17840,2014-12-30
CHMI,18.49,18.16,18.44,18.49,49853,2014-12-31
CHMI,18.45,18.3,18.42,18.41,25591,2015-01-02
CHMI,18.45,18.29,18.44,18.44,38135,2015-01-05
CHMI,18.44,18.02,18.44,18.14,25661,2015-01-06
CHMI,18.18,18,18.17,18.11,19964,2015-01-07
CHMI,18.11,18,18.09,18.08,15649,2015-01-08
CHMI,18.13,18,18.07,18.06,17223,2015-01-09
CHMI,18.1,18,18,18.07,18239,2015-01-12
CHMI,18.11,17.79,18.01,17.82,63656,2015-01-13
CHMI,17.83,17.385,17.82,17.51,66731,2015-01-14
CHMI,17.49,16.87,17.45,17.12,173998,2015-01-15
CHMI,17.1399,16.92,17.01,16.97,79555,2015-01-16
CHMI,17.22,16.8407,17.22,16.9,64516,2015-01-20
CHMI,17,16.9,16.95,17,49665,2015-01-21
CHMI,17.22,16.86,17.22,17.01,109359,2015-01-22
CHMI,17.08,16.93,16.93,17.02,38638,2015-01-23
CHMI,17.18,16.905,17.18,17.01,121407,2015-01-26
CHMI,17.15,16.9,17.04,17,44949,2015-01-27
CHMI,17.07,16.76,17.01,16.99,44068,2015-01-28
CHMI,16.99,16.65,16.99,16.97,40361,2015-01-29
CHMI,17,16.83,16.88,16.92,25637,2015-01-30
CHMI,16.89,16.63,16.89,16.74,22270,2015-02-02
CHMI,16.92,16.69,16.92,16.74,61777,2015-02-03
CHMI,16.93,16.71,16.81,16.82,29898,2015-02-04
CHMI,17,16.81,16.98,16.99,21070,2015-02-05
CHMI,17.17,16.95,17.17,17.11,32523,2015-02-06
CHMI,17.17,16.76,17.17,16.81,49580,2015-02-09
CHMI,17.05,16.74,16.74,16.79,47256,2015-02-10
CHMI,17.2499,16.843,17,17.01,47629,2015-02-11
CHMI,17.4,17.0099,17.0099,17.38,17435,2015-02-12
CHMI,17.43,17.02,17.32,17.1,45635,2015-02-13
CHMI,17.34,17.1,17.1,17.28,23712,2015-02-17
CHMI,17.35,17.1,17.22,17.35,22320,2015-02-18
CHMI,17.49,17.3235,17.46,17.46,22852,2015-02-19
CHMI,17.63,17.42,17.46,17.56,26636,2015-02-20
CHMI,17.75,17.56,17.62,17.68,19229,2015-02-23
CHMI,17.68,17.54,17.65,17.63,32517,2015-02-24
CHMI,17.84,17.55,17.81,17.69,44844,2015-02-25
CHMI,17.69,17.55,17.64,17.67,35628,2015-02-26
CHMI,17.76,17.62,17.74,17.7,24962,2015-02-27
CHMI,17.7,17.6,17.64,17.62,16064,2015-03-02
CHMI,17.9,17.5601,17.62,17.86,23539,2015-03-03
CHMI,18.03,17.7101,17.73,18.03,21714,2015-03-04
CHMI,18.15,17.96,18,18.05,31182,2015-03-05
CHMI,18.1999,17.8024,18.07,17.98,24212,2015-03-06
CHMI,18.13,17.86,18.13,18.03,34470,2015-03-09
CHMI,18.09,17.7332,18.09,17.86,24116,2015-03-10
CHMI,17.71,17.41,17.51,17.55,60097,2015-03-11
CHMI,17.65,17.44,17.6,17.64,23521,2015-03-12
CHMI,17.61,17.52,17.52,17.57,35682,2015-03-13
CHMI,17.73,17.57,17.57,17.67,29434,2015-03-16
CHMI,17.97,17.7,17.7,17.93,25107,2015-03-17
CHMI,18.24,17.79,17.79,18.22,43005,2015-03-18
CHMI,18.32,18.06,18.11,18.06,35385,2015-03-19
CHMI,18.31,18.09,18.2,18.09,24504,2015-03-20
CHMI,18.49,18.2,18.2,18.37,38784,2015-03-23
CHMI,18.48,18.22,18.37,18.37,21335,2015-03-24
CHMI,18.44,18.22,18.38,18.3,27311,2015-03-25
CHMI,18.34,18.16,18.17,18.31,17801,2015-03-26
CHMI,17.8843,17.65,17.79,17.82,20637,2015-03-27
CHMI,17.84,17.55,17.8,17.72,27675,2015-03-30
CHMI,17.7194,17.52,17.52,17.63,14465,2015-03-31
CHMI,17.84,17.5,17.61,17.82,48617,2015-04-01
CHMI,18,17.62,17.76,17.77,11725,2015-04-02
CHMI,17.8,17.6,17.79,17.61,33101,2015-04-06
CHMI,17.75,17.6,17.6,17.7,10805,2015-04-07
CHMI,17.75,17.6,17.75,17.71,29405,2015-04-08
CHMI,17.6788,17.57,17.62,17.63,20757,2015-04-09
CHMI,17.71,17.52,17.68,17.64,18920,2015-04-10
CHMI,17.75,17.65,17.65,17.66,18182,2015-04-13
CHMI,17.72,17.65,17.65,17.7,3814,2015-04-14
CHMI,17.7399,17.58,17.63,17.66,15416,2015-04-15
CHMI,17.73,17.51,17.73,17.51,15603,2015-04-16
CHMI,17.61,17.49,17.5,17.49,11792,2015-04-17
CHMI,17.6085,17.46,17.54,17.475,13465,2015-04-20
CHMI,17.59,17.44,17.44,17.48,17293,2015-04-21
CHMI,17.53,17.32,17.53,17.38,25669,2015-04-22
CHMI,17.5,17.41,17.42,17.49,12052,2015-04-23
CHMI,17.65,17.44,17.47,17.579,29157,2015-04-24
CHMI,17.6105,17.5,17.6,17.51,6635,2015-04-27
CHMI,17.71,17.42,17.58,17.44,11065,2015-04-28
CHMI,17.55,17.35,17.39,17.47,16043,2015-04-29
CHMI,17.66,17.46,17.54,17.59,16641,2015-04-30
CHMI,17.74,17.56,17.56,17.73,23048,2015-05-01
CHMI,17.72,17.67,17.7,17.6716,8723,2015-05-04
CHMI,17.75,17.5,17.65,17.5,27050,2015-05-05
CHMI,17.65,17.45,17.59,17.57,14735,2015-05-06
CHMI,17.69,17.57,17.67,17.64,5007,2015-05-07
CHMI,17.71,17.5202,17.71,17.6,10907,2015-05-08
CHMI,17.6,17.45,17.6,17.5,25445,2015-05-11
CHMI,17.78,17.42,17.42,17.78,16140,2015-05-12
CHMI,17.83,17.73,17.75,17.81,9225,2015-05-13
CHMI,17.98,17.62,17.81,17.74,17396,2015-05-14
CHMI,17.9101,17.74,17.79,17.87,7806,2015-05-15
CHMI,17.93,17.8,17.93,17.8,7113,2015-05-18
CHMI,17.9,17.8001,17.8001,17.84,13570,2015-05-19
CHMI,17.9,17.81,17.86,17.83,4973,2015-05-20
CHMI,17.88,17.7,17.87,17.72,11397,2015-05-21
CHMI,17.75,17.443,17.61,17.72,16736,2015-05-22
CHMI,17.7299,17.52,17.72,17.6,15896,2015-05-26
CHMI,17.67,17.48,17.67,17.48,47928,2015-05-27
CHMI,17.51,17.34,17.42,17.37,24537,2015-05-28
CHMI,17.45,17.27,17.44,17.31,19195,2015-05-29
CHMI,17.4699,17.19,17.25,17.37,11657,2015-06-01
CHMI,17.5299,17.3971,17.5299,17.4,4821,2015-06-02
CHMI,17.44,17.3101,17.4,17.36,163406,2015-06-03
CHMI,17.44,17.27,17.32,17.43,83854,2015-06-04
CHMI,17.44,17.35,17.35,17.4,90177,2015-06-05
CHMI,17.48,17.34,17.42,17.4,40396,2015-06-08
CHMI,17.49,17.4,17.44,17.4,14565,2015-06-09
CHMI,17.6,17.4,17.4,17.5,10896,2015-06-10
CHMI,17.64,17.41,17.42,17.51,7208,2015-06-11
CHMI,17.5275,17.41,17.41,17.44,11477,2015-06-12
CHMI,17.5,17.4,17.4,17.42,10986,2015-06-15
CHMI,17.5,17.4,17.4,17.41,9505,2015-06-16
CHMI,17.48,17.4,17.4,17.4,8650,2015-06-17
CHMI,17.4501,17.4,17.4,17.45,10679,2015-06-18
CHMI,17.49,17.11,17.41,17.45,72547,2015-06-19
CHMI,17.78,17.3,17.78,17.3,44395,2015-06-22
CHMI,17.36,17.22,17.23,17.25,30668,2015-06-23
CHMI,17.4,17.16,17.235,17.16,7883,2015-06-24
CHMI,17.215,17,17.18,17.02,61252,2015-06-25
CHMI,17,16.61,17,16.88,61612,2015-06-26
CHMI,16.69,16.07,16.69,16.19,38710,2015-06-29
CHMI,16.44,16.17,16.23,16.22,34873,2015-06-30
CHMI,16.42,16.15,16.2,16.4,22433,2015-07-01
CHMI,16.4104,16.15,16.15,16.3,33290,2015-07-02
CHMI,16.39,16.16,16.16,16.38,8177,2015-07-06
CHMI,16.51,16.35,16.36,16.49,31169,2015-07-07
CHMI,16.52,16.4,16.4,16.4,13940,2015-07-08
CHMI,16.46,16.243,16.4,16.3,27698,2015-07-09
CHMI,16.44,16.25,16.26,16.41,9741,2015-07-10
CHMI,16.48,16.305,16.39,16.34,12394,2015-07-13
CHMI,17.26,16.3,16.3,16.48,32733,2015-07-14
CHMI,16.49,16.34,16.36,16.36,9790,2015-07-15
CHMI,16.4995,16.32,16.32,16.39,8709,2015-07-16
CHMI,16.51,16.35,16.37,16.48,18448,2015-07-17
CHMI,16.53,16.3601,16.43,16.42,19626,2015-07-20
CHMI,16.44,16.36,16.36,16.43,5056,2015-07-21
CHMI,16.66,16.36,16.36,16.58,20772,2015-07-22
CHMI,16.72,16.4,16.6,16.53,9900,2015-07-23
CHMI,16.44,16.2,16.44,16.3,47415,2015-07-24
CHMI,16.42,16.23,16.25,16.34,10416,2015-07-27
CHMI,16.47,16.27,16.27,16.39,13005,2015-07-28
CHMI,16.62,16.28,16.36,16.46,12905,2015-07-29
CHMI,16.5,16.29,16.4,16.39,9105,2015-07-30
CHMI,16.415,16.26,16.32,16.27,10121,2015-07-31
CHMI,16.41,16.28,16.28,16.31,12846,2015-08-03
CHMI,16.38,16.28,16.38,16.28,10697,2015-08-04
CHMI,16.34,16.28,16.28,16.32,6995,2015-08-05
CHMI,16.38,16.25,16.38,16.29,11100,2015-08-06
CHMI,16.3,16.25,16.26,16.26,13071,2015-08-07
CHMI,16.2916,16.15,16.25,16.21,27889,2015-08-10
CHMI,16.28,16.1,16.1,16.25,28364,2015-08-11
CHMI,16.32,16.16,16.16,16.2,14194,2015-08-12
CHMI,16.37,16.2,16.2,16.34,7649,2015-08-13
CHMI,16.32,16.17,16.26,16.3,44009,2015-08-14
CHMI,16.79,16.25,16.25,16.79,13060,2015-08-17
CHMI,16.895,16.42,16.69,16.81,16476,2015-08-18
CHMI,17.1,16.69,16.69,16.86,12193,2015-08-19
CHMI,16.89,16.727,16.81,16.8132,15091,2015-08-20
CHMI,16.86,16.33,16.86,16.33,24548,2015-08-21
CHMI,16.15,15.65,15.65,15.91,122154,2015-08-24
CHMI,16.3,15.97,16.3,16,17036,2015-08-25
CHMI,16.17,15.95,15.95,16.04,36361,2015-08-26
CHMI,16.21,15.9501,15.99,16.09,27597,2015-08-27
CHMI,16.37,15.98,15.98,16.16,10013,2015-08-28
CHMI,16.27,15.957,16,16.16,15555,2015-08-31
CHMI,16.13,15.95,16.03,15.98,16096,2015-09-01
CHMI,16.17,15.96,15.96,16.04,6088,2015-09-02
CHMI,16.16,16,16.03,16,10170,2015-09-03
CHMI,16,15.96,16,15.99,16757,2015-09-04
CHMI,16.05,15.95,16.05,15.98,15461,2015-09-08
CHMI,16.03,15.7,15.98,15.8,26524,2015-09-09
CHMI,15.74,15.58,15.69,15.6,34842,2015-09-10
CHMI,15.85,15.6,15.6,15.82,7909,2015-09-11
CHMI,16,15.9,15.9,15.95,6805,2015-09-14
CHMI,15.97,15.93,15.94,15.93,4802,2015-09-15
CHMI,16.59,16.09,16.09,16.4,75822,2015-09-16
CHMI,16.54,16.2423,16.36,16.38,11434,2015-09-17
CHMI,16.85,16.23,16.31,16.85,16039,2015-09-18
CHMI,16.9,16.52,16.89,16.56,7966,2015-09-21
CHMI,16.6,16.51,16.51,16.57,5975,2015-09-22
CHMI,16.57,16.4,16.501,16.48,6160,2015-09-23
CHMI,16.55,16.32,16.46,16.55,7383,2015-09-24
CHMI,16.55,16.22,16.55,16.22,15422,2015-09-25
CHMI,16,15.3,15.95,15.41,31011,2015-09-28
CHMI,15.463,15.1,15.4,15.13,21126,2015-09-29
CHMI,15.345,14.94,15.16,15.23,31283,2015-09-30
CHMI,15.34,15.01,15.18,15.09,16934,2015-10-01
CHMI,15.13,15.01,15.03,15.03,15525,2015-10-02
CHMI,15.37,15.04,15.04,15.18,9268,2015-10-05
CHMI,15.34,15.21,15.31,15.22,10780,2015-10-06
CHMI,15.45,15.29,15.29,15.4,3860,2015-10-07
CHMI,15.46,15.38,15.46,15.42,6093,2015-10-08
CHMI,15.65,15.48,15.48,15.53,5518,2015-10-09
CHMI,15.65,15.51,15.51,15.52,3117,2015-10-12
CHMI,15.64,15.49,15.54,15.59,6463,2015-10-13
CHMI,15.62,15.44,15.57,15.46,7205,2015-10-14
CHMI,15.61,15.4113,15.4113,15.59,3637,2015-10-15
CHMI,15.59,15.51,15.534,15.56,2610,2015-10-16
CHMI,15.53,15.32,15.46,15.38,9425,2015-10-19
CHMI,15.38,15.34,15.38,15.35,3538,2015-10-20
CHMI,15.38,15.2,15.31,15.26,3740,2015-10-21
CHMI,15.3,15.1088,15.2,15.2,12835,2015-10-22
CHMI,15.23,15.171,15.202,15.23,4615,2015-10-23
CHMI,15.23,15,15.19,15.04,4301,2015-10-26
CHMI,15.0048,14.66,15,14.66,16341,2015-10-27
CHMI,14.91,14.65,14.65,14.88,36420,2015-10-28
CHMI,15.24,14.88,14.96,14.97,26945,2015-10-29
CHMI,14.88,14.66,14.88,14.7,18750,2015-10-30
CHMI,14.77,14.5,14.66,14.5,35135,2015-11-02
CHMI,15.3,14.89,14.89,14.92,52047,2015-11-03
CHMI,15.01,14.94,14.97,14.97,2500,2015-11-04
CHMI,14.9125,14.65,14.9125,14.84,10286,2015-11-05
CHMI,15.29,14.52,14.84,14.75,95523,2015-11-06
CHMI,14.98,14.7,14.82,14.75,22572,2015-11-09
CHMI,14.875,14.22,14.36,14.69,30892,2015-11-10
CHMI,14.97,14.8362,14.8362,14.92,7931,2015-11-11
CHMI,14.97,14.75,14.84,14.87,13629,2015-11-12
CHMI,15,14.86,14.91,14.95,13317,2015-11-13
CHMI,14.99,14.78,14.86,14.97,37089,2015-11-16
CHMI,14.98,14.65,14.89,14.68,21237,2015-11-17
CHMI,14.87,14.59,14.7,14.68,12679,2015-11-18
CHMI,14.875,14.67,14.68,14.68,11840,2015-11-19
CHMI,14.76,14.6,14.64,14.61,10426,2015-11-20
CHMI,14.68,14.61,14.67,14.67,14158,2015-11-23
CHMI,14.6377,14.28,14.54,14.44,31050,2015-11-24
CHMI,14.54,14.27,14.32,14.33,89090,2015-11-25
CHMI,14.85,14.29,14.29,14.85,4559,2015-11-27
CHMI,14.95,14.65,14.91,14.74,58036,2015-11-30
CHMI,14.945,14.61,14.73,14.63,57742,2015-12-01
CHMI,14.864,14.53,14.53,14.59,7804,2015-12-02
CHMI,14.75,14.55,14.55,14.61,14297,2015-12-03
CHMI,14.78,14.55,14.6,14.55,14213,2015-12-04
CHMI,14.66,14.44,14.66,14.47,25263,2015-12-07
CHMI,14.44,14.3,14.395,14.35,24983,2015-12-08
CHMI,14.71,14.2,14.46,14.2,118315,2015-12-09
CHMI,14.39,14.2,14.2,14.3,5717,2015-12-10
CHMI,14.432,14,14.3,14,17386,2015-12-11
CHMI,14.025,13.7125,13.94,13.72,18823,2015-12-14
CHMI,13.77,13.5,13.72,13.66,61454,2015-12-15
CHMI,13.7995,13.35,13.62,13.5,64115,2015-12-16
CHMI,13.72,13.25,13.42,13.27,74811,2015-12-17
CHMI,13.66,13.2,13.2,13.55,30356,2015-12-18
CHMI,13.7,13.46,13.68,13.6,27882,2015-12-21
CHMI,13.93,13.56,13.56,13.64,33468,2015-12-22
CHMI,13.86,13.63,13.72,13.71,20462,2015-12-23
CHMI,13.75,13.62,13.7,13.62,16499,2015-12-24
CHMI,13.7356,13.48,13.69,13.6,9847,2015-12-28
CHMI,13.1584,12.94,12.99,13,37231,2015-12-29
CHMI,12.99,12.82,12.93,12.95,33703,2015-12-30
CHMI,13.05,12.85,12.85,13,22073,2015-12-31
CHMI,13.04,12.83,12.87,12.96,24870,2016-01-04
CHMI,13.14,12.92,13.04,12.95,21346,2016-01-05
CHMI,13.12,12.96,12.96,13,7132,2016-01-06
CHMI,12.99,12.61,12.88,12.68,13425,2016-01-07
CHMI,12.79,12.65,12.79,12.65,8412,2016-01-08
CHMI,13.29,12.65,13.29,12.75,64921,2016-01-11
CHMI,12.84,12.65,12.84,12.66,25774,2016-01-12
CHMI,12.72,12.6,12.65,12.72,87445,2016-01-13
CHMI,13.58,12.625,12.77,13.48,180002,2016-01-14
CHMI,13.448,12.89,13.09,13.35,66659,2016-01-15
CHMI,13.54,13.3001,13.36,13.44,87939,2016-01-19
CHMI,13.51,13.1008,13.29,13.4,51638,2016-01-20
CHMI,14.23,13.27,13.37,13.4,70760,2016-01-21
CHMI,14,13.54,13.54,14,27837,2016-01-22
CHMI,13.91,12.95,13.91,13.15,93565,2016-01-25
CHMI,13.64,13.2801,13.29,13.4,10687,2016-01-26
CHMI,13.56,13.25,13.38,13.31,30983,2016-01-27
CHMI,13.57,13.35,13.38,13.42,29472,2016-01-28
CHMI,13.7,13.28,13.44,13.61,53353,2016-01-29
CHMI,13.77,13.53,13.53,13.68,11514,2016-02-01
CHMI,13.75,13.04,13.55,13.7,49915,2016-02-02
CHMI,14,13.59,13.7,13.61,27291,2016-02-03
CHMI,13.7,13.445,13.7,13.59,10478,2016-02-04
CHMI,13.7,13.4,13.54,13.42,22697,2016-02-05
CHMI,13.49,13.19,13.28,13.45,146069,2016-02-08
CHMI,13.5349,13.22,13.29,13.25,11292,2016-02-09
CHMI,13.44,13.13,13.13,13.33,20962,2016-02-10
CHMI,13.23,13.14,13.14,13.17,14445,2016-02-11
CHMI,13.38,13.16,13.191,13.36,23372,2016-02-12
CHMI,13.66,13.35,13.46,13.49,10676,2016-02-16
CHMI,13.82,13.47,13.59,13.53,27800,2016-02-17
CHMI,13.69,13.495,13.495,13.56,14891,2016-02-18
CHMI,13.73,13.55,13.55,13.56,6335,2016-02-19
CHMI,13.74,13.55,13.58,13.58,6975,2016-02-22
CHMI,13.7,13.55,13.62,13.55,3932,2016-02-23
CHMI,13.77,13.55,13.55,13.64,8676,2016-02-24
CHMI,13.97,13.58,13.76,13.91,19311,2016-02-25
CHMI,14.37,13.82,13.97,14.29,71934,2016-02-26
CHMI,14.25,14.02,14.2,14.23,11041,2016-02-29
CHMI,14.41,14.0242,14.21,14.34,24624,2016-03-01
CHMI,14.4,14.265,14.31,14.35,25748,2016-03-02
CHMI,14.49,14.27,14.407,14.34,19817,2016-03-03
CHMI,14.56,14.3101,14.3115,14.45,17804,2016-03-04
CHMI,14.55,14.28,14.38,14.39,6281,2016-03-07
CHMI,14.42,14.17,14.17,14.21,13373,2016-03-08
CHMI,14.5299,14.13,14.17,14.25,22511,2016-03-09
CHMI,14.46,14,14.26,14.13,8651,2016-03-10
CHMI,14.34,14.22,14.24,14.34,5496,2016-03-11
CHMI,14.48,14.24,14.24,14.38,11540,2016-03-14
CHMI,14.405,14.22,14.32,14.23,6525,2016-03-15
CHMI,14.4,14.2,14.225,14.29,17149,2016-03-16
CHMI,14.6099,14.34,14.35,14.47,20073,2016-03-17
CHMI,14.57,14.27,14.31,14.28,59394,2016-03-18
CHMI,14.594,14.35,14.38,14.55,13987,2016-03-21
CHMI,14.56,14.41,14.45,14.41,13392,2016-03-22
CHMI,14.5,14.16,14.46,14.17,19104,2016-03-23
CHMI,14.49,14.2,14.2,14.41,13302,2016-03-24
CHMI,14.63,14.3308,14.5,14.5,31329,2016-03-28
CHMI,14.23,14.05,14.05,14.2,12602,2016-03-29
CHMI,14.29,14.2,14.2,14.24,11408,2016-03-30
CHMI,14.28,14.11,14.28,14.16,24676,2016-03-31
CHMI,14.25,14.07,14.12,14.23,10414,2016-04-01
CHMI,14.25,14.0801,14.25,14.17,19604,2016-04-04
CHMI,14.19,14.01,14.07,14.18,9107,2016-04-05
CHMI,14.18,14.06,14.084,14.15,4015,2016-04-06
CHMI,14.22,14.05,14.15,14.14,1922,2016-04-07
CHMI,14.242,14.05,14.22,14.12,2642,2016-04-08
CHMI,14.19,14.05,14.18,14.12,15726,2016-04-11
CHMI,14.24,14.1,14.12,14.19,14786,2016-04-12
CHMI,14.25,14.17,14.23,14.24,9038,2016-04-13
CHMI,14.26,14.07,14.25,14.07,15787,2016-04-14
CHMI,14.25,14.01,14.13,14.24,22714,2016-04-15
CHMI,14.3,14.09,14.13,14.2,9235,2016-04-18
CHMI,14.28,14.03,14.14,14.27,5931,2016-04-19
CHMI,14.3,14.1301,14.1301,14.21,4782,2016-04-20
CHMI,14.25,14.15,14.15,14.23,4438,2016-04-21
CHMI,14.3,14.18,14.2,14.2,8515,2016-04-22
CHMI,14.25,14.15,14.18,14.24,7024,2016-04-25
CHMI,14.3,14.18,14.19,14.27,26234,2016-04-26
CHMI,14.3299,14.21,14.21,14.27,15624,2016-04-27
CHMI,14.2501,14.19,14.19,14.23,21583,2016-04-28
CHMI,14.26,14.15,14.25,14.21,13523,2016-04-29
CHMI,14.35,14.22,14.25,14.32,5605,2016-05-02
CHMI,14.29,14.15,14.29,14.19,8736,2016-05-03
CHMI,14.26,14.15,14.18,14.15,11084,2016-05-04
CHMI,14.355,14.15,14.15,14.29,26628,2016-05-05
CHMI,14.4,14.14,14.14,14.4,10785,2016-05-06
CHMI,14.43,14.31,14.31,14.39,11502,2016-05-09
CHMI,14.45,14.3675,14.3976,14.4,5929,2016-05-10
CHMI,14.54,14.38,14.45,14.49,35926,2016-05-11
CHMI,14.6,14.52,14.54,14.59,35501,2016-05-12
CHMI,14.74,14.58,14.58,14.74,34726,2016-05-13
CHMI,14.9725,14.76,14.77,14.96,31367,2016-05-16
CHMI,15.1,14.94,14.98,15.05,29358,2016-05-17
CHMI,15.15,15.05,15.11,15.05,45205,2016-05-18
CHMI,15.08,14.808,15.06,14.98,25607,2016-05-19
CHMI,15.1525,14.97,15.05,15.13,30540,2016-05-20
CHMI,15.28,15.11,15.19,15.23,55659,2016-05-23
CHMI,15.32,15.17,15.22,15.21,21308,2016-05-24
CHMI,15.29,15.11,15.21,15.21,31526,2016-05-25
CHMI,15.31,15.16,15.16,15.22,33189,2016-05-26
CHMI,15.4,15.23,15.23,15.4,40426,2016-05-27
CHMI,15.6,15.48,15.5,15.57,40682,2016-05-31
CHMI,15.63,15.45,15.57,15.58,23569,2016-06-01
CHMI,15.84,15.58,15.58,15.77,25869,2016-06-02
CHMI,15.78,15.47,15.72,15.48,24188,2016-06-03
CHMI,15.61,15.2111,15.36,15.57,51074,2016-06-06
CHMI,15.65,15.33,15.33,15.65,13954,2016-06-07
CHMI,15.8,15.605,15.785,15.8,53084,2016-06-08
CHMI,15.8,15.68,15.8,15.76,27018,2016-06-09
CHMI,15.8,15.6942,15.72,15.74,24748,2016-06-10
CHMI,15.79,15.65,15.65,15.67,19719,2016-06-13
CHMI,15.94,15.68,15.72,15.89,56371,2016-06-14
CHMI,15.95,15.79,15.95,15.85,62936,2016-06-15
CHMI,15.89,15.8,15.8,15.84,23033,2016-06-16
CHMI,15.95,15.805,15.87,15.93,81140,2016-06-17
CHMI,16.04,15.93,15.93,16.04,31365,2016-06-20
CHMI,16.09,15.9,16,16.01,40176,2016-06-21
CHMI,16.08,15.96,16.03,15.99,46440,2016-06-22
CHMI,16.09,15.9211,16,16.01,49080,2016-06-23
CHMI,16.04,15.77,15.85,15.88,60536,2016-06-24
CHMI,15.99,15.86,15.96,15.94,77303,2016-06-27
CHMI,15.7,15.54,15.7,15.61,55550,2016-06-28
CHMI,15.72,15.55,15.66,15.58,58589,2016-06-29
CHMI,15.69,15.5,15.62,15.57,66648,2016-06-30
CHMI,15.68,15.37,15.57,15.59,27391,2016-07-01
CHMI,15.67,15.39,15.67,15.48,38730,2016-07-05
CHMI,15.55,15.4,15.42,15.48,53901,2016-07-06
CHMI,15.52,15.25,15.52,15.3,46372,2016-07-07
CHMI,15.49,15.19,15.33,15.22,54911,2016-07-08
CHMI,15.35,15.21,15.31,15.25,35793,2016-07-11
CHMI,15.39,15.2,15.39,15.25,73793,2016-07-12
CHMI,15.37,15.1,15.25,15.24,52496,2016-07-13
CHMI,15.27,15.0701,15.27,15.14,64036,2016-07-14
CHMI,15.26,14.941,15.19,14.99,99179,2016-07-15
CHMI,15.29,14.98,15.1,15.07,120785,2016-07-18
CHMI,15.5,15.175,15.28,15.39,78345,2016-07-19
CHMI,15.5,15.275,15.49,15.35,115707,2016-07-20
CHMI,15.45,15.2562,15.43,15.31,28091,2016-07-21
CHMI,15.5,15.16,15.42,15.36,139382,2016-07-22
CHMI,15.48,15.31,15.47,15.42,10581,2016-07-25
CHMI,15.58,15.3876,15.44,15.48,31133,2016-07-26
CHMI,15.6,15.36,15.6,15.5,22837,2016-07-27
CHMI,15.55,15.29,15.55,15.42,14023,2016-07-28
CHMI,15.57,15.325,15.49,15.42,25623,2016-07-29
CHMI,15.67,15.4301,15.48,15.58,22204,2016-08-01
CHMI,15.63,15.5,15.59,15.59,9375,2016-08-02
CHMI,15.64,15.4716,15.6,15.62,16207,2016-08-03
CHMI,15.57,15.32,15.57,15.33,16483,2016-08-04
CHMI,15.57,15.32,15.32,15.56,30398,2016-08-05
CHMI,15.6783,15.54,15.62,15.55,34110,2016-08-08
CHMI,15.71,15.522,15.55,15.64,41360,2016-08-09
CHMI,16,15.7,15.7,15.98,77799,2016-08-10
CHMI,16.06,15.86,16.06,15.89,31631,2016-08-11
CHMI,16.04,15.87,15.934,16,57194,2016-08-12
CHMI,16.0699,15.9,16,15.99,45667,2016-08-15
CHMI,16.05,15.97,16,16.02,39646,2016-08-16
CHMI,16.05,15.95,16.05,15.99,32644,2016-08-17
CHMI,16.03,15.94,15.94,15.94,22831,2016-08-18
CHMI,16.01,15.9,15.9,15.96,19630,2016-08-19
CHMI,16.1,15.97,15.99,16.03,31427,2016-08-22
CHMI,16.11,15.96,15.99,15.97,58629,2016-08-23
CHMI,16.16,15.97,16.16,16,16517,2016-08-24
CHMI,16.14,15.99,16.067,16.02,29731,2016-08-25
CHMI,16.14,15.9701,16.1,16.01,33032,2016-08-26
CHMI,16.2399,16.0547,16.21,16.11,25338,2016-08-29
CHMI,16.425,16.13,16.24,16.41,57658,2016-08-30
CHMI,16.6,16.46,16.6,16.52,34204,2016-08-31
CHMI,16.65,16.291,16.52,16.4,21220,2016-09-01
CHMI,16.65,16.39,16.39,16.61,17612,2016-09-02
CHMI,16.73,16.615,16.65,16.72,32526,2016-09-06
CHMI,16.87,16.72,16.75,16.86,36374,2016-09-07
CHMI,17.01,16.85,16.91,16.97,22825,2016-09-08
CHMI,16.98,16.6,16.98,16.63,37938,2016-09-09
CHMI,16.7,16.32,16.5,16.59,25956,2016-09-12
CHMI,16.75,16.501,16.61,16.55,12189,2016-09-13
CHMI,16.71,16.5,16.5,16.66,15193,2016-09-14
CHMI,17.1,16.639,16.66,17.09,50348,2016-09-15
CHMI,17.2499,16.95,17.14,16.96,58987,2016-09-16
CHMI,17.29,17,17,17.23,35099,2016-09-19
CHMI,17.25,17.15,17.25,17.25,20041,2016-09-20
CHMI,17.39,17.24,17.29,17.31,27184,2016-09-21
CHMI,17.54,17.4378,17.49,17.48,40641,2016-09-22
CHMI,17.72,17.5033,17.53,17.65,43473,2016-09-23
CHMI,17.89,17.5525,17.65,17.56,74524,2016-09-26
CHMI,18.02,17.6,17.6,17.94,80392,2016-09-27
CHMI,17.51,17.06,17.48,17.28,44328,2016-09-28
CHMI,17.37,17.11,17.34,17.16,15147,2016-09-29
CHMI,17.319,17.031,17.24,17.11,15406,2016-09-30
CHMI,17.21,16.994,17.21,17.09,28008,2016-10-03
CHMI,17.02,16.2101,17.02,16.5,82435,2016-10-04
CHMI,16.71,16.46,16.512,16.48,29133,2016-10-05
CHMI,16.48,16.39,16.48,16.4,25088,2016-10-06
CHMI,16.52,16.4,16.423,16.4,16243,2016-10-07
CHMI,16.64,16.37,16.37,16.44,15128,2016-10-10
CHMI,16.46,16.36,16.46,16.38,29136,2016-10-11
CHMI,16.43,16.13,16.43,16.21,65272,2016-10-12
CHMI,16.31,16.18,16.21,16.18,69273,2016-10-13
CHMI,16.35,16.1201,16.24,16.19,13897,2016-10-14
CHMI,16.33,16.12,16.2,16.17,20513,2016-10-17
CHMI,16.19,16.04,16.19,16.1,42080,2016-10-18
CHMI,16.19,16.1,16.17,16.11,7568,2016-10-19
CHMI,16.17,16.1,16.17,16.1,17948,2016-10-20
CHMI,16.2,16.09,16.14,16.2,9683,2016-10-21
CHMI,16.32,16.15,16.2,16.18,20569,2016-10-24
CHMI,16.4,16.18,16.18,16.3,47157,2016-10-25
CHMI,16.44,16.245,16.25,16.29,17825,2016-10-26
CHMI,16.33,16.11,16.27,16.14,13960,2016-10-27
CHMI,16.23,16.02,16.11,16.04,26175,2016-10-28
CHMI,16.23,16,16.04,16.16,20758,2016-10-31
CHMI,16.23,16.05,16.23,16.06,11483,2016-11-01
CHMI,16.35,16.01,16.05,16.18,42978,2016-11-02
CHMI,16.4,16.04,16.14,16.11,29026,2016-11-03
CHMI,16.37,16.08,16.1,16.14,16851,2016-11-04
CHMI,16.29,16.0651,16.14,16.09,16389,2016-11-07
CHMI,16.31,16.08,16.08,16.31,12348,2016-11-08
CHMI,16.44,16.001,16.23,16.33,32056,2016-11-09
CHMI,16.73,16.354,16.49,16.5,42411,2016-11-10
CHMI,16.75,16.46,16.56,16.7,43367,2016-11-11
CHMI,16.89,16.6,16.79,16.6,47612,2016-11-14
CHMI,16.7,16.29,16.7,16.62,51830,2016-11-15
CHMI,17.08,16.61,16.61,16.97,101859,2016-11-16
CHMI,17.12,16.88,16.88,17,50942,2016-11-17
CHMI,17.25,16.99,17.12,17.21,42895,2016-11-18
CHMI,17.53,17.1902,17.21,17.5,58063,2016-11-21
CHMI,17.75,17.53,17.53,17.75,39285,2016-11-22
CHMI,17.88,17.535,17.69,17.55,50887,2016-11-23
CHMI,17.89,17.6,17.6,17.89,39689,2016-11-25
CHMI,17.9,17.8,17.8,17.84,90295,2016-11-28
CHMI,18.085,17.81,17.9,18,70679,2016-11-29
CHMI,18.03,17.71,17.9,17.71,51249,2016-11-30
CHMI,17.95,17.65,17.8,17.83,66037,2016-12-01
CHMI,17.97,17.735,17.82,17.97,50020,2016-12-02
CHMI,18.25,17.95,18.11,18.19,64133,2016-12-05
CHMI,18.44,18.14,18.2,18.39,53591,2016-12-06
CHMI,18.6499,18.33,18.33,18.54,81507,2016-12-07
CHMI,18.75,18.45,18.54,18.72,34833,2016-12-08
CHMI,18.92,18.65,18.8,18.65,64464,2016-12-09
CHMI,18.89,18.66,18.67,18.85,43780,2016-12-12
CHMI,18.95,18.57,18.85,18.61,37578,2016-12-13
CHMI,18.72,18.39,18.56,18.52,50253,2016-12-14
CHMI,18.61,18.13,18.61,18.4,97206,2016-12-15
CHMI,18.77,18.35,18.35,18.48,42999,2016-12-16
CHMI,18.58,18.4626,18.58,18.49,55469,2016-12-19
CHMI,18.62,18.5,18.5,18.6,48288,2016-12-20
CHMI,18.66,18.52,18.52,18.61,58415,2016-12-21
CHMI,18.65,18.5,18.6,18.65,57384,2016-12-22
CHMI,18.75,18.64,18.72,18.75,41837,2016-12-23
CHMI,18.8,18.65,18.66,18.79,78281,2016-12-27
CHMI,18.26,18.08,18.21,18.16,31150,2016-12-28
CHMI,18.29,18.11,18.23,18.24,32404,2016-12-29
CHMI,18.31,18.0881,18.25,18.19,35263,2016-12-30
CHMI,18.35,18.2593,18.31,18.27,161045,2017-01-03
CHMI,18.65,18.39,18.39,18.55,95166,2017-01-04
CHMI,18.65,18.29,18.59,18.37,54824,2017-01-05
CHMI,18.65,18.4,18.4,18.51,36097,2017-01-06
CHMI,18.785,18.54,18.64,18.72,58719,2017-01-09
CHMI,18.85,18.53,18.79,18.85,61272,2017-01-10
CHMI,18.9,18.6101,18.75,18.84,24641,2017-01-11
CHMI,18.9,18.61,18.8,18.62,19172,2017-01-12
CHMI,18.65,18.43,18.62,18.56,25966,2017-01-13
CHMI,18.77,18.45,18.45,18.67,26020,2017-01-17
CHMI,18.93,18.5,18.63,18.68,39573,2017-01-18
CHMI,18.82,18.62,18.74,18.75,18369,2017-01-19
CHMI,18.78,18.63,18.753,18.66,15496,2017-01-20
CHMI,18.66,18.25,18.56,18.29,76429,2017-01-23
CHMI,18.39,18.11,18.15,18.12,46118,2017-01-24
CHMI,18.2516,17.64,18.15,17.66,137192,2017-01-25
CHMI,18.29,17.7378,17.74,18.24,67381,2017-01-26
CHMI,18.15,17.96,18.15,18.02,37637,2017-01-27
CHMI,18.02,17.74,18.02,17.85,56080,2017-01-30
CHMI,18.05,17.65,17.94,17.9,50885,2017-01-31
CHMI,18,17.491,17.9,17.64,61273,2017-02-01
CHMI,17.93,17.65,17.65,17.93,35053,2017-02-02
CHMI,18.155,17.9047,18,18.08,19605,2017-02-03
CHMI,18.14,17.91,18.02,18.14,41598,2017-02-06
CHMI,18.157,18.01,18.01,18.12,16508,2017-02-07
CHMI,18.14,17.9326,18.06,18.04,15154,2017-02-08
CHMI,18.05,17.92,17.99,17.92,25688,2017-02-09
CHMI,18.13,17.9,17.9,18.06,36329,2017-02-10
CHMI,18.24,18.02,18.12,18.14,34171,2017-02-13
CHMI,18.18,17.92,18.11,17.98,29769,2017-02-14
CHMI,18.04,17.85,17.92,17.99,62785,2017-02-15
CHMI,18.17,17.9664,18.04,18.08,43982,2017-02-16
CHMI,18.24,17.84,18.16,17.98,27751,2017-02-17
CHMI,18.41,18.01,18.13,18.4,52334,2017-02-21
CHMI,18.38,18.065,18.33,18.25,46716,2017-02-22
CHMI,18.49,18.2189,18.25,18.49,30283,2017-02-23
CHMI,18.67,18.4899,18.49,18.66,24527,2017-02-24
CHMI,18.64,18.47,18.55,18.6,21747,2017-02-27
CHMI,18.6639,18.5,18.61,18.55,14270,2017-02-28
CHMI,18.6,18.3301,18.44,18.35,31488,2017-03-01
CHMI,18.49,18.31,18.489,18.37,19808,2017-03-02
CHMI,18.48,18.31,18.47,18.46,24286,2017-03-03
CHMI,18.49,18.22,18.45,18.27,29709,2017-03-06
CHMI,18.48,18.27,18.27,18.32,14257,2017-03-07
CHMI,18.3701,18.0201,18.3701,18.15,23867,2017-03-08
CHMI,18.54,18.05,18.3,18.09,26710,2017-03-09
CHMI,18.3,18.11,18.21,18.23,17659,2017-03-10
CHMI,18.41,18.12,18.41,18.12,34635,2017-03-13
CHMI,18.2344,17.94,18.21,18.16,39402,2017-03-14
CHMI,19,18.58,18.6,18.98,48356,2017-03-15
CHMI,18.64,18.33,18.64,18.62,35348,2017-03-16
CHMI,19.14,18.5,18.5,19.13,89159,2017-03-17
CHMI,19.05,18.9,18.99,18.99,57367,2017-03-20
CHMI,18.99,18.57,18.99,18.59,102519,2017-03-21
CHMI,18.75,18.25,18.6,18.42,106986,2017-03-22
CHMI,17.68,16.75,17.49,16.93,1106310,2017-03-23
CHMI,16.89,16.4,16.46,16.56,4500132,2017-03-24
CHMI,16.75,16.51,16.69,16.7,381898,2017-03-27
CHMI,16.91,16.61,16.7,16.84,365882,2017-03-28
CHMI,17.08,16.77,16.8,16.95,225433,2017-03-29
CHMI,17.12,16.93,17,17.09,284755,2017-03-30
CHMI,17.14,16.98,17.1,17.09,159484,2017-03-31
CHMI,17.28,17.04,17.05,17.26,291843,2017-04-03
CHMI,17.48,17.24,17.25,17.48,344292,2017-04-04
CHMI,17.5,17.25,17.37,17.25,161627,2017-04-05
CHMI,17.4,17.17,17.25,17.27,190631,2017-04-06
CHMI,17.4,17,17.21,17,280314,2017-04-07
CHMI,17.34,17.02,17.04,17.27,165143,2017-04-10
CHMI,17.43,17.2876,17.32,17.34,196993,2017-04-11
CHMI,17.39,17.21,17.35,17.35,142529,2017-04-12
CHMI,17.42,17.2701,17.31,17.36,114196,2017-04-13
CHMI,17.45,17.28,17.35,17.39,139311,2017-04-17
CHMI,17.53,17.37,17.4,17.44,234748,2017-04-18
CHMI,17.52,17.425,17.45,17.46,148616,2017-04-19
CHMI,17.54,17.31,17.5,17.45,223298,2017-04-20
CHMI,17.54,17.45,17.45,17.47,125954,2017-04-21
CHMI,17.6,17.48,17.59,17.49,169815,2017-04-24
CHMI,17.589,17.5,17.57,17.55,106616,2017-04-25
CHMI,17.59,17.535,17.55,17.58,174289,2017-04-26
CHMI,17.69,17.56,17.56,17.67,173267,2017-04-27
CHMI,17.7,17.34,17.68,17.39,123380,2017-04-28
CHMI,17.71,17.39,17.4,17.65,106924,2017-05-01
CHMI,17.75,17.51,17.75,17.6,101741,2017-05-02
CHMI,17.72,17.435,17.6,17.58,309604,2017-05-03
CHMI,17.62,17.23,17.54,17.4,179352,2017-05-04
CHMI,17.5,17.21,17.39,17.33,108267,2017-05-05
CHMI,17.38,17.15,17.32,17.25,140179,2017-05-08
CHMI,17.3246,16.57,17.22,16.63,386670,2017-05-09
CHMI,17.43,16.85,16.85,17.38,347288,2017-05-10
CHMI,17.48,17.25,17.35,17.38,123086,2017-05-11
CHMI,17.66,17.379,17.38,17.5,208802,2017-05-12
CHMI,17.74,17.35,17.41,17.74,206071,2017-05-15
CHMI,17.81,17.65,17.75,17.79,169761,2017-05-16
CHMI,17.84,17.73,17.8,17.79,114624,2017-05-17
CHMI,17.87,17.7255,17.75,17.83,165102,2017-05-18
CHMI,18,17.87,17.89,17.94,346346,2017-05-19
CHMI,18.1,17.95,17.95,18.08,261693,2017-05-22
CHMI,18.25,18.0701,18.12,18.2,220599,2017-05-23
CHMI,18.33,18.2,18.2,18.25,197131,2017-05-24
CHMI,18.38,18.26,18.29,18.35,161198,2017-05-25
CHMI,18.37,18.24,18.37,18.33,110235,2017-05-26
CHMI,18.37,18.19,18.37,18.22,164571,2017-05-30
CHMI,18.3,17.97,18.3,18.09,135016,2017-05-31
CHMI,18.19,17.89,18.18,18.05,127233,2017-06-01
CHMI,18.09,17.93,18.04,18.04,126451,2017-06-02
CHMI,18,17.61,18,17.78,200206,2017-06-05
CHMI,17.84,17.52,17.83,17.83,144886,2017-06-06
CHMI,17.96,17.8,17.89,17.85,140284,2017-06-07
CHMI,17.88,17.74,17.85,17.82,106917,2017-06-08
CHMI,18.32,17.82,17.9,18.17,150375,2017-06-09
CHMI,18.49,18.18,18.18,18.33,223795,2017-06-12
CHMI,18.4,18.14,18.4,18.35,235832,2017-06-13
CHMI,18.38,18.06,18.35,18.3,179135,2017-06-14
CHMI,18.48,18.28,18.32,18.42,175110,2017-06-15
CHMI,18.94,18.437,18.5,18.94,507006,2017-06-16
CHMI,19,18.79,19,18.86,243924,2017-06-19
CHMI,18.91,18.6394,18.79,18.81,145737,2017-06-20
CHMI,18.94,18.4,18.8,18.5,196869,2017-06-21
CHMI,18.7803,18.49,18.5,18.58,181033,2017-06-22
CHMI,18.96,18.555,18.7,18.86,1526941,2017-06-23
CHMI,19.09,18.7628,18.88,19.01,338161,2017-06-26
CHMI,19.09,18.78,18.97,18.8,360842,2017-06-27
CHMI,19.13,18.28,18.49,18.97,306630,2017-06-28
CHMI,18.95,18.37,18.95,18.59,225265,2017-06-29
CHMI,18.64,18.38,18.64,18.47,135004,2017-06-30
CHMI,18.79,18.388,18.43,18.69,105306,2017-07-03
CHMI,18.7275,18.4,18.68,18.63,175580,2017-07-05
CHMI,18.59,18.37,18.53,18.45,165028,2017-07-06
CHMI,18.52,18.27,18.38,18.51,152010,2017-07-07
CHMI,18.69,18.39,18.52,18.62,137249,2017-07-10
CHMI,18.78,18.47,18.62,18.78,226326,2017-07-11
CHMI,19.09,18.7531,18.89,18.97,269471,2017-07-12
CHMI,18.99,18.575,18.97,18.73,155109,2017-07-13
CHMI,18.93,18.665,18.67,18.86,94555,2017-07-14
CHMI,19,18.78,18.85,18.92,127336,2017-07-17
CHMI,18.94,18.69,18.86,18.78,162551,2017-07-18
CHMI,18.915,18.72,18.86,18.8,150898,2017-07-19
CHMI,19.14,18.78,18.85,19.03,162861,2017-07-20
CHMI,19.17,18.86,19.17,19.01,172275,2017-07-21
CHMI,19.07,18.9,19.01,18.99,146591,2017-07-24
CHMI,19.08,18.76,19.08,18.89,159402,2017-07-25
CHMI,19.01,18.84,18.99,18.95,108317,2017-07-26
CHMI,19.1,18.9,18.95,19.06,102993,2017-07-27
CHMI,19.0796,18.87,19.05,18.96,71394,2017-07-28
CHMI,19.24,18.96,18.96,19.19,195598,2017-07-31
CHMI,19.33,19.0652,19.22,19.32,89329,2017-08-01
CHMI,19.32,19.2,19.32,19.27,83280,2017-08-02
CHMI,19.29,19.12,19.28,19.17,83466,2017-08-03
CHMI,19.28,19.1,19.28,19.2,99911,2017-08-04
CHMI,19.32,19.1,19.31,19.31,128850,2017-08-07
CHMI,19.43,19.23,19.24,19.35,82465,2017-08-08
CHMI,19.26,18.98,19.06,19.02,157995,2017-08-09
CHMI,19.15,18.54,19.03,18.63,248080,2017-08-10
CHMI,18.5505,18,18.5,18.35,209100,2017-08-11
CHMI,18.72,18.3,18.41,18.71,202117,2017-08-14
CHMI,18.88,18.49,18.75,18.82,148017,2017-08-15
CHMI,18.95,18.79,18.91,18.84,87825,2017-08-16
CHMI,18.9,18.59,18.74,18.59,118814,2017-08-17
CHMI,18.75,18.3473,18.51,18.61,149256,2017-08-18
CHMI,18.73,18.53,18.6,18.61,89332,2017-08-21
CHMI,18.85,18.62,18.66,18.82,101958,2017-08-22
CHMI,18.85,18.65,18.76,18.67,137389,2017-08-23
CHMI,18.85,18.68,18.68,18.83,109516,2017-08-24
CHMI,18.85,18.66,18.85,18.77,76951,2017-08-25
CHMI,18.83,18.7,18.74,18.74,75108,2017-08-28
CHMI,18.7178,18.41,18.7,18.42,136714,2017-08-29
CHMI,18.5278,18.355,18.41,18.46,91853,2017-08-30
CHMI,18.6,18.45,18.46,18.48,74546,2017-08-31
CHMI,18.68,18.5199,18.52,18.67,55731,2017-09-01
CHMI,18.75,18.2,18.64,18.32,129254,2017-09-05
CHMI,18.4721,18.12,18.39,18.3,144087,2017-09-06
CHMI,18.46,18.24,18.32,18.44,93219,2017-09-07
CHMI,18.46,18.33,18.43,18.34,51261,2017-09-08
CHMI,18.48,18.23,18.31,18.31,113524,2017-09-11
CHMI,18.5,18.3,18.3,18.42,61789,2017-09-12
CHMI,18.43,18.17,18.43,18.17,131997,2017-09-13
CHMI,18.21,18.06,18.09,18.15,105586,2017-09-14
CHMI,18.2216,18.02,18.09,18.11,250649,2017-09-15
CHMI,18.32,18.17,18.3,18.2,116223,2017-09-18
CHMI,18.49,18.24,18.24,18.37,87362,2017-09-19
CHMI,18.42,18.19,18.42,18.26,63920,2017-09-20
CHMI,18.42,18.2,18.3,18.24,62846,2017-09-21
CHMI,18.49,18.25,18.25,18.45,123704,2017-09-22
CHMI,18.57,18.43,18.5,18.55,155016,2017-09-25
CHMI,18.6,18.47,18.59,18.48,105844,2017-09-26
CHMI,18.6,18.3115,18.51,18.46,198219,2017-09-27
CHMI,18.23,17.87,17.98,18.22,189565,2017-09-28
CHMI,18.25,17.96,18.25,18.1,94659,2017-09-29
CHMI,18.2,17.93,18,18.18,93749,2017-10-02
CHMI,18.25,18.185,18.19,18.19,89704,2017-10-03
CHMI,18.2,18.09,18.2,18.1,86757,2017-10-04
CHMI,18.2705,18.06,18.15,18.15,105490,2017-10-05
CHMI,18.15,17.96,18.14,18.07,84986,2017-10-06
CHMI,18.31,18.11,18.15,18.23,129864,2017-10-09
CHMI,18.59,18.2602,18.29,18.4,197911,2017-10-10
CHMI,18.5799,18.405,18.45,18.53,96882,2017-10-11
CHMI,18.63,18.51,18.51,18.57,99918,2017-10-12
CHMI,18.6,18.51,18.58,18.58,104737,2017-10-13
CHMI,18.7601,18.58,18.6,18.66,93217,2017-10-16
CHMI,18.6927,18.52,18.65,18.6,110042,2017-10-17
CHMI,18.72,18.56,18.58,18.68,61265,2017-10-18
CHMI,18.8,18.58,18.72,18.76,80359,2017-10-19
CHMI,19.05,18.71,18.89,19.04,132940,2017-10-20
CHMI,19.04,18.63,19.04,18.71,101729,2017-10-23
CHMI,18.8062,18.63,18.76,18.7,90765,2017-10-24
CHMI,18.69,18.285,18.69,18.49,141190,2017-10-25
CHMI,18.6596,18.16,18.6,18.28,178638,2017-10-26
CHMI,18.54,18.07,18.18,18.51,210804,2017-10-27
CHMI,18.58,18.22,18.58,18.31,127093,2017-10-30
CHMI,18.34,18.2,18.34,18.21,187481,2017-10-31
CHMI,18.37,18.1844,18.33,18.27,115900,2017-11-01
CHMI,18.285,18.01,18.27,18.14,119078,2017-11-02
CHMI,18.14,18.01,18.14,18.02,101628,2017-11-03
CHMI,18.1,17.5545,18.1,17.74,233357,2017-11-06
CHMI,18.01,17.7,17.8,17.95,124178,2017-11-07
CHMI,18.11,17.86,18.1,18.02,124531,2017-11-08
CHMI,18.04,17.8138,18.02,18.01,70064,2017-11-09
CHMI,18.11,17.86,17.97,17.87,120628,2017-11-10
CHMI,17.81,17.57,17.8,17.72,141973,2017-11-13
CHMI,18.06,17.65,17.65,17.94,82212,2017-11-14
CHMI,17.99,17.78,17.81,17.78,92700,2017-11-15
CHMI,18.02,17.77,17.77,17.9,91929,2017-11-16
CHMI,18.0909,17.84,17.86,17.98,72200,2017-11-17
CHMI,18.2,18.03,18.03,18.18,77932,2017-11-20
CHMI,18.46,18.26,18.26,18.45,83596,2017-11-21
CHMI,18.61,18.445,18.49,18.51,63655,2017-11-22
CHMI,18.56,18.35,18.49,18.41,87568,2017-11-24
CHMI,18.5,18.26,18.41,18.26,112969,2017-11-27
CHMI,18.511,18.32,18.38,18.5,99660,2017-11-28
CHMI,18.65,18.39,18.55,18.5,74986,2017-11-29
CHMI,18.53,18.15,18.53,18.22,126410,2017-11-30
CHMI,18.49,18.07,18.16,18.44,103575,2017-12-01
CHMI,18.7,18.49,18.53,18.52,105097,2017-12-04
CHMI,18.65,18.44,18.52,18.51,92109,2017-12-05
CHMI,18.55,18.38,18.52,18.41,51818,2017-12-06
CHMI,18.59,18.38,18.4,18.45,64851,2017-12-07
CHMI,18.54,18.37,18.52,18.45,58620,2017-12-08
CHMI,18.58,18.4,18.44,18.44,83053,2017-12-11
CHMI,18.54,18.44,18.44,18.46,84916,2017-12-12
CHMI,18.57,18.45,18.49,18.47,151310,2017-12-13
CHMI,18.51,18.32,18.48,18.32,144649,2017-12-14
CHMI,18.75,18.39,18.39,18.54,206825,2017-12-15
CHMI,18.76,18.46,18.65,18.47,145439,2017-12-18
CHMI,18.59,18.1,18.47,18.1,162714,2017-12-19
CHMI,18.2924,18.1,18.1,18.19,146361,2017-12-20
CHMI,18.565,18.19,18.25,18.43,176570,2017-12-21
CHMI,18.51,18.32,18.5,18.42,101730,2017-12-22
CHMI,18.56,18.38,18.38,18.48,98963,2017-12-26
CHMI,18.55,18.35,18.55,18.45,177891,2017-12-27
CHMI,18.27,17.86,17.86,18.18,174122,2017-12-28
CHMI,18.27,17.98,18.18,17.99,88991,2017-12-29
CHMI,18.1,17.83,18.1,18,220218,2018-01-02
CHMI,18.068,17.56,17.97,17.64,205536,2018-01-03
CHMI,17.72,17.55,17.68,17.55,167772,2018-01-04
CHMI,17.769,17.57,17.63,17.7,92412,2018-01-05
CHMI,17.81,17.62,17.69,17.71,110335,2018-01-08
CHMI,17.75,17.62,17.72,17.73,83033,2018-01-09
CHMI,17.8,17.52,17.73,17.61,105464,2018-01-10
CHMI,17.7,17.55,17.65,17.64,141443,2018-01-11
CHMI,17.76,17.52,17.64,17.62,115638,2018-01-12
CHMI,17.79,17.43,17.7,17.44,137900,2018-01-16
CHMI,17.51,17.34,17.41,17.46,112081,2018-01-17
CHMI,17.449,17.2,17.4,17.22,128719,2018-01-18
CHMI,17.4,17.18,17.18,17.31,85918,2018-01-19
CHMI,17.52,17.25,17.25,17.44,130468,2018-01-22
CHMI,17.61,17.38,17.42,17.55,68479,2018-01-23
CHMI,17.67,17.46,17.55,17.49,85833,2018-01-24
CHMI,17.67,17.55,17.55,17.62,158705,2018-01-25
CHMI,17.66,17.37,17.66,17.54,109583,2018-01-26
CHMI,17.48,17.1,17.48,17.21,169542,2018-01-29
CHMI,17.32,17.15,17.16,17.17,103834,2018-01-30
CHMI,17.3299,16.83,17.24,16.96,123753,2018-01-31
CHMI,17.15,16.88,16.95,16.97,150503,2018-02-01
CHMI,16.95,16.66,16.91,16.71,166547,2018-02-02
CHMI,16.62,16.07,16.61,16.26,314725,2018-02-05
CHMI,16.61,16.01,16.04,16.5,164840,2018-02-06
CHMI,16.82,16.42,16.55,16.51,99816,2018-02-07
CHMI,16.73,16.43,16.5,16.44,151200,2018-02-08
CHMI,16.61,16.25,16.53,16.38,201091,2018-02-09
CHMI,16.68,16.35,16.45,16.65,96704,2018-02-12
CHMI,16.81,16.51,16.6,16.7,82569,2018-02-13
CHMI,16.82,16.64,16.65,16.8,74885,2018-02-14
CHMI,17.09,16.8,16.89,17.09,73639,2018-02-15
CHMI,17.35,17.05,17.05,17.13,99225,2018-02-16
CHMI,17.18,16.625,16.98,16.64,97615,2018-02-20
CHMI,17.02,16.54,16.68,16.55,88646,2018-02-21
CHMI,16.6363,16.48,16.57,16.5,53046,2018-02-22
CHMI,16.75,16.58,16.6,16.71,49697,2018-02-23
CHMI,16.93,16.73,16.93,16.85,52304,2018-02-26
CHMI,16.86,16.42,16.79,16.46,72487,2018-02-27
CHMI,16.45,16.12,16.45,16.12,95993,2018-02-28
CHMI,16.31,16.04,16.12,16.12,130192,2018-03-01
CHMI,16.3,16.03,16.03,16.26,82494,2018-03-02
CHMI,16.54,16.23,16.23,16.39,62335,2018-03-05
CHMI,16.52,16.3,16.4,16.51,61763,2018-03-06
CHMI,16.62,16.47,16.47,16.55,51813,2018-03-07
CHMI,16.66,16.4601,16.59,16.6,43604,2018-03-08
CHMI,16.76,16.52,16.73,16.73,57709,2018-03-09
CHMI,16.97,16.74,16.74,16.95,83478,2018-03-12
CHMI,17.18,16.75,17,16.96,94874,2018-03-13
CHMI,17.25,16.79,16.95,17.14,191639,2018-03-14
CHMI,17.21,16.8,17.21,16.94,152623,2018-03-15
CHMI,17.85,17,17,17.7,218541,2018-03-16
CHMI,17.83,17.51,17.68,17.69,134351,2018-03-19
CHMI,17.68,17.49,17.66,17.49,88034,2018-03-20
CHMI,17.7,17.49,17.49,17.52,73468,2018-03-21
CHMI,17.71,17.48,17.49,17.52,98120,2018-03-22
CHMI,17.68,17.38,17.55,17.39,73641,2018-03-23
CHMI,17.71,17.39,17.4,17.66,92997,2018-03-26
CHMI,17.89,17.52,17.67,17.72,159928,2018-03-27
CHMI,17.4,17.1411,17.21,17.36,144560,2018-03-28
CHMI,17.66,17.37,17.37,17.54,206674,2018-03-29
CHMI,17.58,17.23,17.52,17.36,65377,2018-04-02
CHMI,17.51,17.32,17.4,17.51,78134,2018-04-03
CHMI,17.6,17.39,17.39,17.56,51519,2018-04-04
CHMI,17.6,17.48,17.58,17.55,52073,2018-04-05
CHMI,17.65,17.47,17.56,17.55,55457,2018-04-06
CHMI,17.69,17.55,17.6,17.58,64833,2018-04-09
CHMI,17.7,17.58,17.7,17.62,55820,2018-04-10
CHMI,17.62,17.4708,17.6,17.58,39325,2018-04-11
CHMI,17.61,17.45,17.58,17.49,49109,2018-04-12
CHMI,17.59,17.36,17.59,17.42,36089,2018-04-13
CHMI,17.56,17.3804,17.52,17.5,48311,2018-04-16
CHMI,17.66,17.4319,17.55,17.6,59453,2018-04-17
CHMI,17.75,17.6,17.65,17.63,31692,2018-04-18
CHMI,17.72,17.47,17.64,17.5,81933,2018-04-19
CHMI,17.5286,17.43,17.43,17.45,145028,2018-04-20
CHMI,17.6,17.42,17.56,17.57,38597,2018-04-23
CHMI,17.6899,17.46,17.58,17.63,41916,2018-04-24
CHMI,17.7,17.4,17.66,17.62,67047,2018-04-25
CHMI,17.76,17.55,17.63,17.64,44632,2018-04-26
CHMI,17.835,17.66,17.67,17.8,68607,2018-04-27
CHMI,17.8584,17.58,17.84,17.62,101355,2018-04-30
CHMI,17.72,17.47,17.6,17.66,42381,2018-05-01
CHMI,17.68,17.51,17.65,17.54,71472,2018-05-02
CHMI,17.7,17.39,17.52,17.7,86649,2018-05-03
CHMI,17.87,17.67,17.73,17.84,56071,2018-05-04
CHMI,18.08,17.81,17.82,18.01,127344,2018-05-07
CHMI,18,17.85,17.97,17.92,83047,2018-05-08
CHMI,18.04,17.7178,17.96,17.96,97711,2018-05-09
CHMI,18.44,18.03,18.05,18.31,155956,2018-05-10
CHMI,18.59,18.375,18.4,18.57,129136,2018-05-11
CHMI,18.78,18.57,18.63,18.64,85225,2018-05-14
CHMI,18.75,18.62,18.62,18.69,46355,2018-05-15
CHMI,18.88,18.7,18.75,18.84,61343,2018-05-16
CHMI,18.88,18.8014,18.84,18.86,35948,2018-05-17
CHMI,18.92,18.8,18.86,18.86,42424,2018-05-18
CHMI,19.13,18.84,18.94,19.03,96618,2018-05-21
CHMI,19.05,18.93,19.05,18.93,43138,2018-05-22
CHMI,19.1,18.77,18.93,19.06,66719,2018-05-23
CHMI,19.05,18.83,19.05,18.83,44978,2018-05-24
CHMI,19.06,18.82,18.82,19.03,41504,2018-05-25
CHMI,19.1,18.95,18.95,19.06,73486,2018-05-29
CHMI,19.2,19.045,19.08,19.18,100407,2018-05-30
CHMI,18.275,17.93,18.11,17.98,1803971,2018-05-31
CHMI,18.15,17.97,18.04,17.98,506085,2018-06-01
CHMI,18.05,17.92,18.04,17.95,320819,2018-06-04
CHMI,18.04,17.88,18,17.94,253800,2018-06-05
CHMI,18.12,17.909,17.94,18.09,259492,2018-06-06
CHMI,18.28,18.06,18.1,18.11,274088,2018-06-07
CHMI,18.59,18.09,18.09,18.39,474652,2018-06-08
CHMI,18.489,18.34,18.45,18.37,127781,2018-06-11
CHMI,18.38,18.1899,18.34,18.23,179014,2018-06-12
CHMI,18.27,18.1475,18.21,18.17,159064,2018-06-13
CHMI,18.48,18.18,18.29,18.35,172998,2018-06-14
CHMI,18.43,18.29,18.34,18.43,507094,2018-06-15
CHMI,18.75,18.44,18.75,18.53,318480,2018-06-18
CHMI,18.62,18.45,18.53,18.62,239094,2018-06-19
CHMI,18.67,18.495,18.57,18.65,231123,2018-06-20
CHMI,18.72,18.5,18.72,18.5,172016,2018-06-21
CHMI,18.61,18.41,18.5,18.43,434108,2018-06-22
CHMI,18.52,18.41,18.45,18.45,154357,2018-06-25
CHMI,18.6,18.4,18.47,18.4,229856,2018-06-26
CHMI,18.45,18.14,18.45,18.14,237673,2018-06-27
CHMI,17.99,17.5411,17.69,17.94,205395,2018-06-28
CHMI,18,17.83,17.94,17.86,147237,2018-06-29
CHMI,18.05,17.78,17.79,17.99,190362,2018-07-02
CHMI,18.245,17.99,17.99,18.15,96147,2018-07-03
CHMI,18.31,18.1,18.17,18.25,120310,2018-07-05
CHMI,18.322,18.23,18.23,18.25,91974,2018-07-06
CHMI,18.37,18.141,18.25,18.31,109284,2018-07-09
CHMI,18.31,18.13,18.31,18.19,109124,2018-07-10
CHMI,18.31,18.14,18.14,18.2,55445,2018-07-11
CHMI,18.22,17.98,18.22,18.04,128053,2018-07-12
CHMI,18.097,17.96,18.01,18,88039,2018-07-13
CHMI,18,17.91,18,17.97,56873,2018-07-16
CHMI,18.07,17.94,17.98,18,57641,2018-07-17
CHMI,18.015,17.87,17.97,17.98,71254,2018-07-18
CHMI,18.22,18.02,18.11,18.18,128399,2018-07-19
CHMI,18.36,18.11,18.25,18.29,168066,2018-07-20
CHMI,18.29,18.15,18.29,18.15,66176,2018-07-23
CHMI,18.23,18.06,18.23,18.13,102291,2018-07-24
CHMI,18.25,18.08,18.2,18.21,87238,2018-07-25
CHMI,18.37,18.1573,18.21,18.32,111321,2018-07-26
CHMI,18.33,18.17,18.32,18.23,122892,2018-07-27
CHMI,18.49,18.18,18.21,18.42,166150,2018-07-30
CHMI,18.63,18.34,18.49,18.42,153097,2018-07-31
CHMI,18.46,18.18,18.46,18.32,90262,2018-08-01
CHMI,18.4,18.27,18.29,18.31,88146,2018-08-02
CHMI,18.45,18.28,18.33,18.31,62758,2018-08-03
CHMI,18.41,18.17,18.28,18.28,65388,2018-08-06
CHMI,18.27,18.07,18.27,18.09,84457,2018-08-07
CHMI,18.2,18.01,18.07,18.14,58877,2018-08-08
CHMI,18.09,17.565,18,17.99,166821,2018-08-09
CHMI,18.08,17.8,17.93,17.99,79233,2018-08-10
CHMI,18.01,17.85,18.01,17.95,83302,2018-08-13
CHMI,18.1465,17.97,18.02,18.11,56953,2018-08-14
CHMI,18.2,18.02,18.04,18.17,73871,2018-08-15
CHMI,18.36,18.17,18.17,18.33,114771,2018-08-16
CHMI,18.47,18.29,18.31,18.43,87182,2018-08-17
CHMI,18.49,18.34,18.43,18.34,77544,2018-08-20
CHMI,18.59,18.34,18.42,18.45,85023,2018-08-21
CHMI,18.5,18.39,18.42,18.46,97209,2018-08-22
CHMI,18.49,18.37,18.49,18.43,50167,2018-08-23
CHMI,18.43,18.32,18.43,18.39,43970,2018-08-24
CHMI,18.44,18.35,18.4,18.42,81973,2018-08-27
CHMI,18.52,18.3841,18.42,18.51,79156,2018-08-28
CHMI,18.5738,18.45,18.5,18.55,49489,2018-08-29
CHMI,18.78,18.51,18.6,18.72,133179,2018-08-30
CHMI,18.69,18.52,18.6,18.6,145311,2018-08-31
CHMI,18.82,18.58,18.65,18.62,95321,2018-09-04
CHMI,18.87,18.62,18.62,18.85,119567,2018-09-05
CHMI,18.93,18.82,18.85,18.86,117679,2018-09-06
CHMI,18.86,18.63,18.86,18.76,94640,2018-09-07
CHMI,18.93,18.78,18.8,18.87,127533,2018-09-10
CHMI,18.93,18.73,18.84,18.8,149852,2018-09-11
CHMI,18.75,18.37,18.75,18.58,162167,2018-09-12
CHMI,18.76,18.49,18.63,18.6,130728,2018-09-13
CHMI,18.66,18.41,18.64,18.55,124111,2018-09-14
CHMI,18.62,18.47,18.59,18.5,189136,2018-09-17
CHMI,18.53,18.36,18.53,18.47,112961,2018-09-18
CHMI,18.51,18.41,18.5,18.44,116372,2018-09-19
CHMI,18.49,18.27,18.45,18.47,145903,2018-09-20
CHMI,18.66,18.44,18.48,18.54,544791,2018-09-21
CHMI,18.6,18.36,18.53,18.47,123615,2018-09-24
CHMI,18.6399,18.44,18.5,18.47,158302,2018-09-25
CHMI,18.51,18.3238,18.5,18.38,166569,2018-09-26
CHMI,18.13,17.81,17.89,18.03,114799,2018-09-27
CHMI,18.131,18.01,18.03,18.1,130970,2018-09-28
CHMI,18.17,17.9359,18.08,18.04,114338,2018-10-01
CHMI,18.1633,17.93,18.06,18.09,105197,2018-10-02
CHMI,18.2,18.03,18.09,18.11,87733,2018-10-03
CHMI,18.12,17.801,18.11,17.85,135167,2018-10-04
CHMI,17.9149,17.655,17.8,17.73,104781,2018-10-05
CHMI,17.95,17.62,17.75,17.93,103306,2018-10-08
CHMI,18.08,17.86,17.9,18.07,92388,2018-10-09
CHMI,18.25,17.81,18.09,17.83,149542,2018-10-10
CHMI,17.85,17.45,17.77,17.51,138791,2018-10-11
CHMI,17.75,17.1,17.6,17.16,153358,2018-10-12
CHMI,17.67,17.16,17.17,17.44,120573,2018-10-15
CHMI,17.89,17.45,17.49,17.81,64385,2018-10-16
CHMI,17.93,17.67,17.77,17.9,77505,2018-10-17
CHMI,18.05,17.69,17.9,17.78,58921,2018-10-18
CHMI,17.89,17.67,17.77,17.76,93245,2018-10-19
CHMI,17.94,17.63,17.82,17.66,82506,2018-10-22
CHMI,17.688,17.33,17.53,17.55,83435,2018-10-23
CHMI,17.73,17.49,17.56,17.58,76297,2018-10-24
CHMI,17.9,17.52,17.66,17.82,112725,2018-10-25
CHMI,17.85,17.51,17.71,17.73,93734,2018-10-26
CHMI,18.0218,17.73,17.84,17.83,57668,2018-10-29
CHMI,18.05,17.7527,17.9,17.92,84225,2018-10-30
CHMI,18.01,17.81,17.99,17.91,139085,2018-10-31
CHMI,18.02,17.79,17.92,17.91,135424,2018-11-01
CHMI,18.17,17.83,17.97,17.99,127891,2018-11-02
CHMI,18.23,17.91,18.02,17.99,92832,2018-11-05
CHMI,18.24,17.9,17.99,18.21,50437,2018-11-06
CHMI,18.42,18.09,18.25,18.41,98375,2018-11-07
CHMI,18.88,18.42,18.5,18.88,298420,2018-11-08
CHMI,18.99,18.68,18.88,18.97,202701,2018-11-09
CHMI,19.05,18.73,19,18.85,198859,2018-11-12
CHMI,19.18,18.77,18.97,19.11,250731,2018-11-13
CHMI,19.17,19,19.16,19.09,162390,2018-11-14
CHMI,19.09,18.7458,19.05,19.01,180611,2018-11-15
CHMI,19.03,18.85,18.95,19.02,96304,2018-11-16
CHMI,19.24,18.96,19.07,19.14,176998,2018-11-19
CHMI,19.18,18.8267,19.06,18.98,139508,2018-11-20
CHMI,19.1748,18.92,19.08,19.07,149080,2018-11-21
CHMI,19.15,18.94,19.02,19,51256,2018-11-23
CHMI,19.15,18.94,19.14,19.01,140436,2018-11-26
CHMI,19.089,18.97,19.02,19.01,115146,2018-11-27
CHMI,19.185,18.91,19,19.13,132020,2018-11-28
CHMI,19.19,19.01,19.08,19.12,138152,2018-11-29
CHMI,19.17,18.85,19.14,19.01,192891,2018-11-30
CHMI,19.35,18.9751,19.35,19,189598,2018-12-03
CHMI,19.04,18.76,19.01,18.79,131923,2018-12-04
CHMI,18.88,18.58,18.72,18.86,118868,2018-12-06
CHMI,19.04,18.81,18.93,18.88,124819,2018-12-07
CHMI,18.98,18.62,18.9,18.8,155988,2018-12-10
CHMI,18.89,18.72,18.88,18.83,117246,2018-12-11
CHMI,18.88,18.58,18.87,18.59,130934,2018-12-12
CHMI,18.69,18.56,18.58,18.68,102519,2018-12-13
CHMI,18.9201,18.66,18.73,18.8,109181,2018-12-14
CHMI,18.85,18.0671,18.85,18.08,226990,2018-12-17
CHMI,18.37,18.15,18.21,18.26,174722,2018-12-18
CHMI,18.45,17.94,18.38,17.99,187624,2018-12-19
CHMI,18.05,17.36,18,17.44,252755,2018-12-20
CHMI,18.1,17.45,17.45,17.55,287067,2018-12-21
CHMI,17.51,17.0607,17.51,17.14,98265,2018-12-24
CHMI,17.9,17.21,17.25,17.88,203189,2018-12-26
CHMI,17.94,17.43,17.78,17.92,209281,2018-12-27
CHMI,17.77,17.36,17.36,17.66,247943,2018-12-28
CHMI,17.77,17.38,17.77,17.54,188286,2018-12-31
CHMI,17.65,17.16,17.4,17.64,156089,2019-01-02
CHMI,18.02,17.61,17.72,17.98,188769,2019-01-03
CHMI,18.49,17.89,18.07,18.47,166245,2019-01-04
CHMI,18.7746,18.3,18.56,18.66,231873,2019-01-07
CHMI,18.72,18.38,18.67,18.55,212996,2019-01-08
CHMI,18.5903,18.3,18.57,18.54,137761,2019-01-09
CHMI,18.52,18.32,18.52,18.45,159237,2019-01-10
CHMI,18.52,18.36,18.4,18.5,111164,2019-01-11
CHMI,18.59,18.38,18.43,18.46,133784,2019-01-14
CHMI,18.44,18.25,18.43,18.33,112300,2019-01-15
CHMI,18.59,18.36,18.36,18.5,218245,2019-01-16
CHMI,18.6,18.48,18.48,18.55,215757,2019-01-17
CHMI,18.6,18.47,18.56,18.51,116233,2019-01-18
CHMI,18.6,18.48,18.51,18.5,151606,2019-01-22
CHMI,18.65,18.52,18.57,18.64,129944,2019-01-23
CHMI,18.65,18.52,18.65,18.6,110546,2019-01-24
CHMI,18.67,18.61,18.65,18.63,186714,2019-01-25
CHMI,18.66,18.48,18.63,18.5,219903,2019-01-28
CHMI,18.5869,18.45,18.5,18.51,169675,2019-01-29
CHMI,18.565,18.46,18.55,18.53,283106,2019-01-30
CHMI,18.585,18.42,18.5,18.5,253847,2019-01-31
CHMI,18.6229,18.46,18.5,18.59,398361,2019-02-01
CHMI,18.63,18.55,18.61,18.6,205402,2019-02-04
CHMI,18.84,18.66,18.7,18.8,255062,2019-02-05
CHMI,18.83,18.65,18.77,18.81,144842,2019-02-06
CHMI,18.8,18.66,18.79,18.73,127736,2019-02-07
CHMI,18.81,18.67,18.67,18.74,59424,2019-02-08
CHMI,18.79,18.65,18.74,18.79,142548,2019-02-11
CHMI,18.81,18.7,18.8,18.71,99392,2019-02-12
CHMI,18.78,18.58,18.76,18.68,98847,2019-02-13
CHMI,18.69,18.52,18.68,18.54,62543,2019-02-14
CHMI,18.62,18.51,18.62,18.51,84054,2019-02-15
CHMI,18.62,18.5,18.52,18.58,110332,2019-02-19
CHMI,18.525,18.36,18.52,18.51,126445,2019-02-20
CHMI,18.6,18.45,18.5,18.58,155073,2019-02-21
CHMI,18.75,18.53,18.6,18.71,170348,2019-02-22
CHMI,18.775,18.65,18.73,18.67,109391,2019-02-25
CHMI,18.6854,18.59,18.68,18.63,154409,2019-02-26
CHMI,18.62,18.38,18.6,18.56,117938,2019-02-27
CHMI,18.58,18.46,18.58,18.54,140360,2019-02-28
CHMI,18.59,18.37,18.57,18.47,94397,2019-03-01
CHMI,18.6509,18.4,18.5,18.52,126894,2019-03-04
CHMI,18.57,18.44,18.52,18.52,76749,2019-03-05
CHMI,18.6193,18.41,18.6,18.46,154782,2019-03-06
CHMI,18.53,18.4,18.52,18.41,119041,2019-03-07
CHMI,18.555,18.42,18.43,18.48,138186,2019-03-08
CHMI,18.81,18.5,18.57,18.78,114305,2019-03-11
CHMI,18.84,18.66,18.84,18.72,175414,2019-03-12
CHMI,18.84,18.71,18.84,18.71,250641,2019-03-13
CHMI,18.9467,18.73,18.8,18.84,356140,2019-03-14
CHMI,18.45,18.22,18.45,18.23,482530,2019-03-15
CHMI,18.34,18.2,18.23,18.22,276656,2019-03-18
CHMI,17.85,16.3,17.85,17.39,1154016,2019-03-19
CHMI,17.56,17.24,17.38,17.3,372403,2019-03-20
CHMI,17.57,17.24,17.31,17.42,317758,2019-03-21
CHMI,17.4254,17.22,17.39,17.23,266554,2019-03-22
CHMI,17.37,17.11,17.23,17.21,207066,2019-03-25
CHMI,17.325,17.16,17.25,17.23,167074,2019-03-26
CHMI,17.33,17.07,17.24,17.14,272997,2019-03-27
CHMI,17.18,17.07,17.13,17.16,212290,2019-03-28
CHMI,17.24,17.05,17.16,17.22,357638,2019-03-29
CHMI,17.49,17.2244,17.23,17.47,258599,2019-04-01
CHMI,17.5,17.15,17.49,17.27,172545,2019-04-02
CHMI,17.37,17.17,17.31,17.23,141629,2019-04-03
CHMI,17.34,17.15,17.21,17.2,126417,2019-04-04
CHMI,17.3296,17.2,17.22,17.24,135438,2019-04-05
CHMI,17.42,17.2,17.22,17.41,138914,2019-04-08
CHMI,17.49,17.33,17.4,17.33,93919,2019-04-09
CHMI,17.415,17.25,17.37,17.37,106469,2019-04-10
CHMI,17.445,17.33,17.38,17.41,90441,2019-04-11
CHMI,17.47,17.325,17.46,17.4,161688,2019-04-12
CHMI,17.49,17.38,17.4,17.45,113808,2019-04-15
CHMI,17.51,17.4,17.42,17.47,118380,2019-04-16
CHMI,17.49,17.36,17.47,17.37,135839,2019-04-17
CHMI,17.43,17.27,17.35,17.31,140499,2019-04-18
CHMI,17.44,17.28,17.35,17.44,194243,2019-04-22
CHMI,17.6059,17.44,17.45,17.52,210391,2019-04-23
CHMI,17.7354,17.53,17.53,17.65,161272,2019-04-24
CHMI,17.63,17.41,17.63,17.42,134232,2019-04-25
CHMI,17.6,17.33,17.33,17.53,119036,2019-04-26
CHMI,17.62,17.39,17.5,17.41,166283,2019-04-29
CHMI,17.4667,17.19,17.44,17.26,186674,2019-04-30
CHMI,17.31,17.1527,17.26,17.22,215280,2019-05-01
CHMI,17.35,17.15,17.23,17.16,132699,2019-05-02
CHMI,17.3,17.1,17.26,17.14,157217,2019-05-03
CHMI,17.21,17.03,17.03,17.15,92932,2019-05-06
CHMI,17.19,16.96,17.06,17.05,133168,2019-05-07
CHMI,17.09,16.95,17.09,17.02,138550,2019-05-08
CHMI,17.145,16.93,17,17.09,128925,2019-05-09
CHMI,17.42,17.1,17.21,17.38,273515,2019-05-10
CHMI,17.33,17.11,17.28,17.16,177844,2019-05-13
CHMI,17.22,17.13,17.13,17.17,186608,2019-05-14
CHMI,17.38,17.2,17.2,17.27,230929,2019-05-15
CHMI,17.4,17.22,17.33,17.33,204087,2019-05-16
CHMI,17.3485,17.1,17.29,17.14,179184,2019-05-17
CHMI,17.23,17.115,17.12,17.14,118730,2019-05-20
CHMI,17.32,17.13,17.2,17.3,117644,2019-05-21
CHMI,17.36,17.07,17.32,17.11,139389,2019-05-22
CHMI,17.2197,17.03,17.1,17.19,125683,2019-05-23
CHMI,17.42,17.17,17.25,17.25,153239,2019-05-24
CHMI,17.32,16.98,17.25,17.04,306869,2019-05-28
CHMI,17.06,16.58,17.06,16.65,314565,2019-05-29
CHMI,16.69,16.33,16.67,16.44,278754,2019-05-30
CHMI,16.42,16.1397,16.31,16.3,287283,2019-05-31
CHMI,16.56,16.22,16.25,16.56,217041,2019-06-03
CHMI,16.76,16.41,16.69,16.53,174571,2019-06-04
CHMI,16.5406,16.27,16.5,16.31,248779,2019-06-05
CHMI,16.62,16.4,16.43,16.52,241862,2019-06-06
CHMI,16.68,16.37,16.58,16.46,187327,2019-06-07
CHMI,16.49,16.37,16.41,16.47,189600,2019-06-10
CHMI,16.48,16.35,16.44,16.37,152687,2019-06-11
CHMI,16.5,16.3,16.3,16.42,111087,2019-06-12
CHMI,16.5199,16.38,16.46,16.49,169068,2019-06-13
CHMI,16.739,16.51,16.51,16.64,204580,2019-06-14
CHMI,16.8,16.54,16.69,16.6,196546,2019-06-17
CHMI,16.74,16.51,16.61,16.6,254978,2019-06-18
CHMI,16.62,16.51,16.55,16.58,114234,2019-06-19
CHMI,16.6,16.27,16.6,16.37,307501,2019-06-20
CHMI,16.4,16.25,16.35,16.3,252427,2019-06-21
CHMI,16.43,16.245,16.31,16.32,261760,2019-06-24
CHMI,16.36,16.2197,16.25,16.24,285624,2019-06-25
CHMI,16.34,16.18,16.25,16.29,391367,2019-06-26
CHMI,16,15.84,15.93,15.89,356401,2019-06-27
CHMI,16.06,15.85,15.87,16,303939,2019-06-28
CHMI,16.0781,15.88,16.01,15.9,253812,2019-07-01
CHMI,15.98,15.705,15.87,15.79,298204,2019-07-02
CHMI,15.87,15.73,15.76,15.84,144648,2019-07-03
CHMI,15.84,15.71,15.8,15.84,181498,2019-07-05
CHMI,15.93,15.82,15.82,15.9,130098,2019-07-08
CHMI,15.96,15.795,15.92,15.86,133659,2019-07-09
CHMI,15.92,15.76,15.86,15.79,153877,2019-07-10
CHMI,15.8789,15.72,15.82,15.83,235437,2019-07-11
CHMI,15.97,15.79,15.79,15.92,234131,2019-07-12
CHMI,16.0299,15.83,15.92,16,121925,2019-07-15
CHMI,16.0801,15.92,16,16,270072,2019-07-16
CHMI,16.03,15.93,16.01,16,118885,2019-07-17
CHMI,16.07,15.82,16,15.85,361193,2019-07-18
CHMI,15.92,15.8,15.84,15.81,109586,2019-07-19
CHMI,15.86,15.6199,15.8,15.62,299082,2019-07-22
CHMI,15.6538,15.27,15.6,15.31,351709,2019-07-23
CHMI,15.47,15.18,15.3,15.39,199718,2019-07-24
CHMI,15.4699,15.14,15.42,15.28,314866,2019-07-25
CHMI,15.51,15.33,15.33,15.42,321379,2019-07-26
CHMI,15.57,15.4,15.4,15.45,113658,2019-07-29
CHMI,15.54,15.36,15.41,15.53,139337,2019-07-30
CHMI,15.66,15.3904,15.51,15.49,200951,2019-07-31
CHMI,15.6056,15.35,15.46,15.35,237266,2019-08-01
CHMI,15.36,15.16,15.3,15.3,192388,2019-08-02
CHMI,15.27,14.75,15.21,14.92,366549,2019-08-05
CHMI,15.06,14.81,14.92,14.86,200364,2019-08-06
CHMI,14.83,14.64,14.8,14.66,252116,2019-08-07
CHMI,14.955,14.5214,14.66,14.88,220301,2019-08-08
CHMI,14.36,13.71,13.8,14.33,819879,2019-08-09
CHMI,14.31,13.85,14.31,13.89,548774,2019-08-12
CHMI,13.99,13.74,13.88,13.81,397271,2019-08-13
CHMI,13.71,13.41,13.7,13.44,393618,2019-08-14
CHMI,13.465,13.01,13.44,13.24,446149,2019-08-15
CHMI,13.38,13.2,13.23,13.29,228122,2019-08-16
CHMI,13.39,13.183,13.3,13.27,289637,2019-08-19
CHMI,13.27,13.04,13.23,13.04,260892,2019-08-20
CHMI,13.05,12.28,13.05,12.49,567644,2019-08-21
CHMI,12.52,12.18,12.45,12.38,320211,2019-08-22
CHMI,12.32,11.96,12.32,12.06,487305,2019-08-23
CHMI,12.26,12.08,12.11,12.14,252622,2019-08-26
CHMI,12.1606,11.84,12.13,11.94,374220,2019-08-27
CHMI,12.07,11.81,11.9,11.95,271141,2019-08-28
CHMI,12.0599,11.81,11.97,11.92,249583,2019-08-29
CHMI,12.11,11.97,11.98,12.03,278585,2019-08-30
CHMI,12.1,11.94,11.99,12.05,221140,2019-09-03
CHMI,12.24,12.07,12.09,12.09,186505,2019-09-04
CHMI,12.89,12.3,12.34,12.74,550382,2019-09-05
CHMI,12.9,12.59,12.7,12.82,235421,2019-09-06
CHMI,13.23,12.8,12.86,13.2,281307,2019-09-09
CHMI,13.64,13.23,13.23,13.61,317338,2019-09-10
CHMI,13.71,13.52,13.7,13.66,226278,2019-09-11
CHMI,13.7,13.49,13.65,13.52,221284,2019-09-12
CHMI,13.675,13.52,13.6,13.63,166086,2019-09-13
CHMI,13.67,13.46,13.65,13.59,171172,2019-09-16
CHMI,13.65,13.37,13.56,13.58,120858,2019-09-17
CHMI,13.69,13.5099,13.55,13.58,168543,2019-09-18
CHMI,13.73,13.52,13.52,13.59,170852,2019-09-19
CHMI,13.73,13.55,13.59,13.62,277247,2019-09-20
CHMI,13.73,13.58,13.66,13.66,209231,2019-09-23
CHMI,13.76,13.51,13.66,13.54,207681,2019-09-24
CHMI,13.66,13.53,13.53,13.63,143505,2019-09-25
CHMI,13.72,13.54,13.58,13.64,299619,2019-09-26
CHMI,13.3,12.965,13.25,13.06,242405,2019-09-27
CHMI,13.15,13.0065,13.06,13.1,145874,2019-09-30
CHMI,13.22,12.91,13.1,13.02,121256,2019-10-01
CHMI,13.02,12.78,13.02,12.92,201986,2019-10-02
CHMI,13.05,12.81,12.9,12.91,107998,2019-10-03
CHMI,12.91,12.63,12.88,12.8,188922,2019-10-04
CHMI,13.07,12.72,12.78,12.98,168403,2019-10-07
CHMI,12.96,12.8,12.96,12.86,148300,2019-10-08
CHMI,12.98,12.81,12.93,12.83,113510,2019-10-09
CHMI,12.96,12.83,12.83,12.87,87513,2019-10-10
CHMI,13.15,12.9,12.9,12.93,107702,2019-10-11
CHMI,12.89,12.78,12.82,12.83,83830,2019-10-14
CHMI,13.0215,12.8,12.82,12.84,90362,2019-10-15
CHMI,12.94,12.795,12.85,12.86,93742,2019-10-16
CHMI,12.98,12.83,12.86,12.94,93571,2019-10-17
CHMI,13.1,12.89,12.89,13.04,91893,2019-10-18
CHMI,13.24,13.0845,13.09,13.21,75256,2019-10-21
CHMI,13.37,13.07,13.2,13.31,121454,2019-10-22
CHMI,13.42,13.2558,13.3,13.39,118737,2019-10-23
CHMI,13.39,13.17,13.39,13.29,121658,2019-10-24
CHMI,13.3856,13.26,13.3,13.27,84825,2019-10-25
CHMI,13.45,13.29,13.29,13.43,83914,2019-10-28
CHMI,13.56,13.37,13.44,13.49,136459,2019-10-29
CHMI,13.575,13.41,13.51,13.49,122817,2019-10-30
CHMI,13.53,13.37,13.48,13.52,99218,2019-10-31
CHMI,13.835,13.44,13.54,13.54,169211,2019-11-01
CHMI,13.8,13.55,13.64,13.79,193984,2019-11-04
CHMI,13.94,13.65,13.8,13.68,143982,2019-11-05
CHMI,13.8,13.6246,13.67,13.74,111778,2019-11-06
CHMI,13.86,13.67,13.8,13.81,88077,2019-11-07
CHMI,13.98,13.76,13.8,13.92,130227,2019-11-08
CHMI,14.06,13.855,13.86,14.02,165746,2019-11-11
CHMI,14.47,13.97,14.06,14.41,363025,2019-11-12
CHMI,14.735,14.1148,14.16,14.52,411280,2019-11-13
CHMI,14.53,14.22,14.51,14.25,168104,2019-11-14
CHMI,14.74,14.28,14.35,14.52,341931,2019-11-15
CHMI,14.5,14.3,14.49,14.38,199600,2019-11-18
CHMI,14.62,14.3,14.34,14.54,198413,2019-11-19
CHMI,14.603,14.32,14.48,14.48,137083,2019-11-20
CHMI,14.47,14.3,14.38,14.36,111965,2019-11-21
CHMI,14.59,14.37,14.39,14.51,129008,2019-11-22
CHMI,14.75,14.42,14.52,14.67,153563,2019-11-25
CHMI,14.94,14.6,14.6,14.81,146710,2019-11-26
CHMI,14.93,14.74,14.81,14.85,136063,2019-11-27
CHMI,15,14.73,14.85,14.98,80809,2019-11-29
CHMI,15,14.86,15,14.9,138448,2019-12-02
CHMI,14.91,14.66,14.91,14.82,160908,2019-12-03
CHMI,14.8502,14.66,14.82,14.7,110695,2019-12-04
CHMI,14.72,14.5413,14.68,14.6,100994,2019-12-05
CHMI,14.76,14.59,14.59,14.67,148999,2019-12-06
CHMI,14.69,14.55,14.55,14.66,139583,2019-12-09
CHMI,14.78,14.64,14.64,14.72,71181,2019-12-10
CHMI,14.76,14.645,14.69,14.7,74640,2019-12-11
CHMI,14.76,14.55,14.66,14.6,145761,2019-12-12
CHMI,14.76,14.42,14.49,14.75,216262,2019-12-13
CHMI,14.79,14.59,14.79,14.59,153187,2019-12-16
CHMI,14.76,14.62,14.63,14.71,153814,2019-12-17
CHMI,14.7303,14.51,14.65,14.61,179234,2019-12-18
CHMI,14.8,14.61,14.62,14.71,189278,2019-12-19
CHMI,14.73,14.62,14.73,14.62,202176,2019-12-20
CHMI,14.69,14.51,14.62,14.63,153773,2019-12-23
CHMI,14.77,14.61,14.61,14.75,64581,2019-12-24
CHMI,14.88,14.76,14.76,14.81,104119,2019-12-26
CHMI,14.92,14.72,14.81,14.77,218152,2019-12-27
CHMI,14.5102,14.32,14.45,14.37,271877,2019-12-30
CHMI,14.63,14.38,14.38,14.59,256537,2019-12-31
CHMI,14.57,14.38,14.53,14.55,167350,2020-01-02
CHMI,14.63,14.52,14.55,14.6,187760,2020-01-03
CHMI,14.76,14.6,14.6,14.67,134121,2020-01-06
CHMI,14.75,14.57,14.66,14.59,155256,2020-01-07
CHMI,14.67,14.54,14.59,14.56,166936,2020-01-08
CHMI,14.59,14.49,14.56,14.5,140107,2020-01-09
CHMI,14.54,14.41,14.5,14.45,182559,2020-01-10
CHMI,14.62,14.43,14.43,14.54,180654,2020-01-13
CHMI,14.69,14.51,14.54,14.58,106942,2020-01-14
CHMI,14.83,14.56,14.57,14.81,141191,2020-01-15
CHMI,14.92,14.69,14.84,14.73,177931,2020-01-16
CHMI,14.79,14.64,14.75,14.68,146276,2020-01-17
CHMI,14.865,14.65,14.7,14.79,132196,2020-01-21
CHMI,14.9,14.7,14.75,14.7,158661,2020-01-22
CHMI,14.91,14.67,14.68,14.87,155833,2020-01-23
CHMI,15,14.83,14.85,14.89,154472,2020-01-24
CHMI,14.87,14.5,14.76,14.59,233352,2020-01-27
CHMI,14.88,14.6558,14.68,14.87,120167,2020-01-28
CHMI,15.09,14.87,14.87,15.03,220024,2020-01-29
CHMI,15.28,14.99,14.99,15.23,158360,2020-01-30
CHMI,15.44,15.21,15.26,15.36,240045,2020-01-31
CHMI,15.52,15.25,15.4,15.46,146315,2020-02-03
CHMI,15.54,15.17,15.54,15.34,199424,2020-02-04
CHMI,15.555,15.26,15.43,15.51,176639,2020-02-05
CHMI,16.115,15.5,15.56,15.6,372740,2020-02-06
CHMI,15.73,15.5852,15.59,15.65,125924,2020-02-07
CHMI,15.85,15.64,15.64,15.78,87932,2020-02-10
CHMI,15.88,15.72,15.8,15.81,97184,2020-02-11
CHMI,15.96,15.76,15.86,15.87,125164,2020-02-12
CHMI,16.1,15.86,15.87,16.09,110066,2020-02-13
CHMI,16.18,15.91,16.11,16.04,96522,2020-02-14
CHMI,16.15,15.96,16.03,16.09,96400,2020-02-18
CHMI,16.22,16.0616,16.11,16.13,63596,2020-02-19
CHMI,16.32,16.1,16.13,16.31,117897,2020-02-20
CHMI,16.3434,16.06,16.3,16.1,142127,2020-02-21
CHMI,16.29,15.7,15.93,16.03,312402,2020-02-24
CHMI,16.05,14.56,16.03,14.98,596331,2020-02-25
CHMI,15.44,14.97,15,15.15,257421,2020-02-26
CHMI,15.26,14.82,15.02,14.83,377541,2020-02-27
CHMI,14.67,13.94,14.55,14.26,522187,2020-02-28
CHMI,15.07,14.18,14.21,15.05,210728,2020-03-02
CHMI,15.04,14.45,15.02,14.53,265171,2020-03-03
CHMI,14.82,14.53,14.67,14.69,155737,2020-03-04
CHMI,14.61,14.41,14.49,14.49,194073,2020-03-05
CHMI,14.18,13.6,14.12,13.92,233121,2020-03-06
CHMI,13.49,12.16,13.49,12.17,294506,2020-03-09
CHMI,12.66,11.77,12.38,12.19,254800,2020-03-10
CHMI,12.46,11.9,12.01,12.25,354937,2020-03-11
CHMI,11.77,9.23,11.6,9.58,475534,2020-03-12
CHMI,10.51,8.91,10.07,9.04,642367,2020-03-13
CHMI,9.25,7.957,8.02,8.01,287905,2020-03-16
CHMI,8.53,7.51,8.24,7.96,461706,2020-03-17
CHMI,7.65,4.12,7.65,4.75,743090,2020-03-18
CHMI,6.45,4.75,4.79,5.99,473183,2020-03-19
CHMI,7.24,5.77,6.08,5.86,497546,2020-03-20
CHMI,5.86,4.63,5.85,4.93,328034,2020-03-23
CHMI,5.65,5.02,5.1,5.3,260860,2020-03-24
CHMI,7.08,5.32,5.49,6.27,506884,2020-03-25
CHMI,9.13,6.42,6.52,8.25,713128,2020-03-26
CHMI,8.95,7.4,7.77,8.29,416262,2020-03-27
CHMI,8.29,6.7,8.25,6.72,454196,2020-03-30
CHMI,6.7699,5.94,6.6,6.2,437196,2020-03-31
CHMI,6.08,4.79,6.05,4.8,346627,2020-04-01
CHMI,5.22,3.97,4.85,4.07,575301,2020-04-02
CHMI,4,2.76,4,2.89,948030,2020-04-03
CHMI,4.48,3.3,3.36,4.09,793572,2020-04-06
CHMI,5.88,4.5,4.5,4.7,917158,2020-04-07
CHMI,6.255,5.14,5.17,6.11,817528,2020-04-08
CHMI,7.55,6,6.6,6.54,966743,2020-04-09
CHMI,7.35,6.1573,7.19,7.12,701517,2020-04-13
CHMI,8.56,6.76,7.38,6.87,942883,2020-04-14
CHMI,6.49,5.95,6.49,6.22,436880,2020-04-15
CHMI,6.42,5.86,6.3,6.09,301616,2020-04-16
CHMI,6.93,6.02,6.44,6.59,519445,2020-04-17
CHMI,6.5467,6.13,6.26,6.39,297785,2020-04-20
CHMI,6.66,6.1,6.1,6.64,334969,2020-04-21
CHMI,6.96,6.34,6.65,6.49,320553,2020-04-22
CHMI,6.87,6.365,6.49,6.59,272059,2020-04-23
CHMI,6.698,6.06,6.52,6.51,381312,2020-04-24
CHMI,6.88,6.31,6.57,6.62,289394,2020-04-27
CHMI,7.13,6.48,6.67,6.96,346745,2020-04-28
CHMI,7.76,7.1421,7.34,7.3,484198,2020-04-29
CHMI,7.35,6.82,7.35,6.96,284057,2020-04-30
CHMI,6.83,6.34,6.68,6.58,258934,2020-05-01
CHMI,6.75,6.15,6.4,6.62,183836,2020-05-04
CHMI,6.98,6.55,6.62,6.71,266000,2020-05-05
CHMI,7,6.32,6.75,6.41,270344,2020-05-06
CHMI,6.87,6.42,6.45,6.63,230555,2020-05-07
CHMI,6.84,6.46,6.5,6.59,219472,2020-05-08
CHMI,6.5,6.07,6.5,6.28,383755,2020-05-11
CHMI,7.3598,6.6,6.91,7.11,813733,2020-05-12
CHMI,7.125,6.38,7.11,6.81,426193,2020-05-13
CHMI,7.3,6.2889,6.65,7.21,319455,2020-05-14
CHMI,7.425,7.08,7.17,7.21,250638,2020-05-15
CHMI,7.74,7.25,7.45,7.46,379928,2020-05-18
CHMI,7.74,7.25,7.41,7.35,360699,2020-05-19
CHMI,8.37,7.44,7.56,8.34,432951,2020-05-20
CHMI,8.66,8.115,8.66,8.26,431683,2020-05-21
CHMI,8.64,8.01,8.26,8.6,270502,2020-05-22
CHMI,9.07,8.72,8.94,8.75,353201,2020-05-26
CHMI,9.18,8.56,8.95,9.11,248611,2020-05-27
CHMI,9.3498,8.8,9.26,8.88,225267,2020-05-28
CHMI,8.87,8.42,8.87,8.63,189945,2020-05-29
CHMI,9.12,8.54,8.54,8.83,296249,2020-06-01
CHMI,9.11,8.715,8.96,8.79,158828,2020-06-02
CHMI,9.375,8.83,8.83,9.3,296763,2020-06-03
CHMI,9.82,9.095,9.17,9.75,304307,2020-06-04
CHMI,10.7,9.85,10.3,9.97,441904,2020-06-05
CHMI,10.89,10.145,10.4,10.83,626124,2020-06-08
CHMI,11.04,10.37,10.7,10.45,361593,2020-06-09
CHMI,10.44,9.52,10.44,9.71,485050,2020-06-10
CHMI,9.289,8.51,9.06,8.84,488734,2020-06-11
CHMI,9.5961,8.825,9.31,9.41,303357,2020-06-12
CHMI,9.92,8.82,8.85,9.6,281474,2020-06-15
CHMI,10.18,9.63,10,9.78,422992,2020-06-16
CHMI,10.18,9.43,9.86,9.45,213154,2020-06-17
CHMI,9.5309,9.17,9.27,9.18,304450,2020-06-18
CHMI,9.83,9.22,9.34,9.22,482774,2020-06-19
CHMI,9.28,8.9,9.08,9.17,308996,2020-06-22
CHMI,9.7521,9.31,9.36,9.67,250090,2020-06-23
CHMI,9.59,8.83,9.48,9.31,339529,2020-06-24
CHMI,9.4447,9.0563,9.13,9.29,194829,2020-06-25
CHMI,9.19,8.81,9.19,9,384829,2020-06-26
CHMI,9.42,8.4,8.79,9.15,428344,2020-06-29
CHMI,9.29,8.9401,9.04,9.02,171095,2020-06-30
CHMI,9.33,8.78,9,8.8,276223,2020-07-01
CHMI,9.08,8.61,9.03,8.61,269852,2020-07-02
CHMI,9.04,8.6747,8.9,8.9,226799,2020-07-06
CHMI,9.09,8.78,9.09,8.8,263886,2020-07-07
CHMI,8.96,8.59,8.8,8.84,280314,2020-07-08
CHMI,8.76,8.29,8.76,8.31,483446,2020-07-09
CHMI,8.7,8.22,8.32,8.7,361508,2020-07-10
CHMI,8.85,8.45,8.85,8.46,338942,2020-07-13
CHMI,8.87,8.32,8.4,8.74,195974,2020-07-14
CHMI,9.39,8.79,8.79,9.31,461479,2020-07-15
CHMI,9.67,9.1053,9.25,9.42,249262,2020-07-16
CHMI,9.5,9.16,9.41,9.27,227294,2020-07-17
CHMI,9.37,8.97,9.15,9.07,266146,2020-07-20
CHMI,9.4,9.08,9.15,9.23,161257,2020-07-21
CHMI,9.44,8.95,9.15,9.16,285840,2020-07-22
CHMI,9.33,9.11,9.11,9.23,115744,2020-07-23
CHMI,9.38,9.04,9.2,9.05,122406,2020-07-24
CHMI,9.16,9,9,9.13,90650,2020-07-27
CHMI,9.27,9.0201,9.15,9.15,161688,2020-07-28
CHMI,9.32,9.08,9.23,9.29,206402,2020-07-29
CHMI,9.445,9.07,9.16,9.35,161429,2020-07-30
CHMI,9.6,9.04,9.25,9.23,370825,2020-07-31
CHMI,9.33,9.12,9.24,9.24,159709,2020-08-03
CHMI,9.32,8.95,9.21,9.03,322230,2020-08-04
CHMI,9.535,9.06,9.2,9.51,316512,2020-08-05
CHMI,9.91,9.5,9.51,9.67,283304,2020-08-06
CHMI,9.99,9.58,9.73,9.96,173375,2020-08-07
CHMI,10.68,9.97,10.05,10.04,423720,2020-08-10
CHMI,10.48,10.12,10.25,10.13,363211,2020-08-11
CHMI,10.35,9.75,10.34,9.8,371727,2020-08-12
CHMI,9.91,9.5501,9.65,9.61,216283,2020-08-13
CHMI,10.04,9.53,9.61,9.98,168635,2020-08-14
CHMI,9.9918,9.685,9.99,9.74,168123,2020-08-17
CHMI,9.94,9.57,9.74,9.82,253103,2020-08-18
CHMI,9.9,9.61,9.82,9.69,162166,2020-08-19
CHMI,9.77,9.55,9.58,9.56,108902,2020-08-20
CHMI,9.67,9.46,9.55,9.46,162342,2020-08-21
CHMI,9.83,9.44,9.5,9.81,153624,2020-08-24
CHMI,9.85,9.56,9.85,9.74,121006,2020-08-25
CHMI,9.71,9.52,9.63,9.52,93233,2020-08-26
CHMI,9.74,9.51,9.52,9.58,84824,2020-08-27
CHMI,9.77,9.5807,9.69,9.76,92308,2020-08-28
CHMI,9.82,9.52,9.82,9.56,120767,2020-08-31
CHMI,9.7,9.44,9.46,9.59,78953,2020-09-01
CHMI,9.66,9.43,9.53,9.48,122623,2020-09-02
CHMI,9.81,9.47,9.47,9.53,233352,2020-09-03
CHMI,9.67,9.2,9.66,9.48,285508,2020-09-04
CHMI,9.67,9.34,9.48,9.45,165770,2020-09-08
CHMI,9.55,9.38,9.5,9.47,91141,2020-09-09
CHMI,9.51,9.36,9.46,9.37,92788,2020-09-10
CHMI,9.33,9.09,9.33,9.2,108250,2020-09-11
CHMI,9.64,9.23,9.29,9.48,115678,2020-09-14
CHMI,9.68,9.5,9.5,9.57,137503,2020-09-15
CHMI,9.69,9.51,9.63,9.63,149349,2020-09-16
CHMI,9.78,9.495,9.53,9.76,89207,2020-09-17
CHMI,9.91,9.68,9.88,9.84,212824,2020-09-18
CHMI,9.76,9.4,9.72,9.53,138718,2020-09-21
CHMI,9.79,9.44,9.54,9.67,160717,2020-09-22
CHMI,9.71,9.25,9.68,9.29,186181,2020-09-23
CHMI,9.34,8.93,9.34,9.22,226081,2020-09-24
CHMI,9.56,9.1101,9.16,9.44,144146,2020-09-25
CHMI,9.75,9.47,9.56,9.54,297573,2020-09-28
CHMI,9.35,8.97,9.2,9.05,137444,2020-09-29
CHMI,9.14,8.92,9,8.98,100750,2020-09-30
CHMI,9.22,8.85,8.99,9.21,135111,2020-10-01
CHMI,9.39,9.01,9.09,9.32,123316,2020-10-02
CHMI,9.45,9.27,9.45,9.39,131276,2020-10-05
CHMI,9.6501,9.35,9.41,9.36,160323,2020-10-06
CHMI,9.47,9.23,9.47,9.41,101143,2020-10-07
CHMI,9.7846,9.44,9.46,9.68,114949,2020-10-08
CHMI,9.8,9.55,9.8,9.57,70580,2020-10-09
CHMI,9.61,9.43,9.57,9.51,64142,2020-10-12
CHMI,9.5286,9.34,9.46,9.47,89015,2020-10-13
CHMI,9.55,9.3816,9.49,9.48,73627,2020-10-14
CHMI,9.47,9.32,9.46,9.45,80234,2020-10-15
CHMI,9.44,9.29,9.39,9.33,65644,2020-10-16
CHMI,9.4,9.04,9.4,9.04,89299,2020-10-19
CHMI,9.185,9,9.15,9.02,114460,2020-10-20
CHMI,9.065,8.88,8.99,8.99,92578,2020-10-21
CHMI,9.07,8.9,8.93,8.98,83512,2020-10-22
CHMI,9.27,9.0235,9.04,9.12,59652,2020-10-23
CHMI,9.06,8.88,9.04,8.9,112338,2020-10-26
CHMI,9.13,8.85,9.04,8.88,155198,2020-10-27
CHMI,9.33,8.75,8.8,9.22,551266,2020-10-28
CHMI,9.5,9.1,9.32,9.47,308227,2020-10-29
CHMI,9.53,9.13,9.49,9.16,198306,2020-10-30
CHMI,9.5,9.28,9.28,9.46,137269,2020-11-02
CHMI,9.99,9.5,9.5,9.94,238072,2020-11-03
CHMI,10.22,9.84,10.05,10.07,165052,2020-11-04
CHMI,10.29,10.05,10.05,10.28,117849,2020-11-05
CHMI,10.32,9.75,10.3,9.79,171139,2020-11-06
CHMI,10.2,9.9,10.19,9.92,282395,2020-11-09
CHMI,9.3601,8.62,9.15,8.67,940684,2020-11-10
CHMI,8.62,8.31,8.47,8.51,683025,2020-11-11
CHMI,8.685,8.37,8.51,8.65,304193,2020-11-12
CHMI,9.14,8.67,8.7,9.06,273054,2020-11-13
CHMI,9.3,9.1,9.19,9.25,222210,2020-11-16
CHMI,9.22,8.83,9.18,8.9,309687,2020-11-17
CHMI,9.28,8.88,8.94,8.88,200574,2020-11-18
CHMI,9.01,8.7,8.91,9,235958,2020-11-19
CHMI,9.09,8.87,8.96,9.03,165065,2020-11-20
CHMI,9.25,9,9.05,9.11,211230,2020-11-23
CHMI,9.45,9.21,9.21,9.34,248724,2020-11-24
CHMI,9.49,9.18,9.32,9.29,174898,2020-11-25
CHMI,9.33,9.15,9.24,9.27,84077,2020-11-27
CHMI,9.3,8.91,9.2,9.06,253078,2020-11-30
CHMI,9.2801,9.01,9.1,9.09,180430,2020-12-01
CHMI,9.24,9.02,9.02,9.14,124682,2020-12-02
CHMI,9.39,9.1,9.1,9.27,179597,2020-12-03
CHMI,9.48,9.27,9.27,9.46,136632,2020-12-04
CHMI,9.51,9.14,9.51,9.34,142852,2020-12-07
CHMI,9.55,9.34,9.34,9.46,144574,2020-12-08
CHMI,9.75,9.47,9.64,9.64,221895,2020-12-09
CHMI,9.6013,9.37,9.54,9.55,142446,2020-12-10
CHMI,9.64,9.38,9.61,9.63,99746,2020-12-11
CHMI,9.87,9.6,9.71,9.72,137488,2020-12-14
CHMI,9.76,9.58,9.66,9.62,206523,2020-12-15
CHMI,9.75,9.54,9.6,9.56,117352,2020-12-16
CHMI,9.68,9.52,9.55,9.62,105455,2020-12-17
CHMI,9.7201,9.46,9.63,9.46,285118,2020-12-18
CHMI,9.61,9.33,9.43,9.49,221745,2020-12-21
CHMI,9.56,9.28,9.56,9.33,150361,2020-12-22
CHMI,9.48,9.25,9.28,9.38,122034,2020-12-23
CHMI,9.45,9.25,9.45,9.32,56117,2020-12-24
CHMI,9.64,9.35,9.49,9.52,211658,2020-12-28
CHMI,9.58,9.3,9.54,9.35,229221,2020-12-29
CHMI,9.27,8.99,9.15,9.01,218300,2020-12-30
CHMI,9.18,8.91,8.99,9.14,201032,2020-12-31
CHMI,9.18,8.69,9.13,8.81,271385,2021-01-04
CHMI,8.88,8.7,8.77,8.74,228210,2021-01-05
CHMI,9.1,8.75,8.81,8.93,175232,2021-01-06
CHMI,9.08,8.85,8.98,8.99,136468,2021-01-07
CHMI,9.04,8.89,8.99,9,143438,2021-01-08
CHMI,9.07,8.89,8.93,8.96,139891,2021-01-11
CHMI,9.04,8.91,8.94,8.95,114454,2021-01-12
CHMI,8.99,8.8564,8.96,8.9,132526,2021-01-13
CHMI,8.98,8.84,8.92,8.9,172574,2021-01-14
CHMI,8.93,8.8,8.86,8.8,148588,2021-01-15
CHMI,8.85,8.71,8.85,8.73,205574,2021-01-19
CHMI,9.04,8.72,8.74,9.02,163283,2021-01-20
CHMI,9.2,8.97,9,9.12,155579,2021-01-21
CHMI,9.27,8.97,9.1,9.27,157333,2021-01-22
CHMI,9.34,9.1,9.29,9.28,138043,2021-01-25
CHMI,9.4595,9.22,9.32,9.37,226849,2021-01-26
CHMI,9.27,8.95,9.27,8.99,261322,2021-01-27
CHMI,9.14,8.85,9.1,9,162418,2021-01-28
CHMI,9,8.8,9,8.8,205534,2021-01-29
CHMI,8.89,8.65,8.85,8.81,245031,2021-02-01
CHMI,9.148,8.8201,8.88,9.09,157170,2021-02-02
CHMI,9.23,9.02,9.11,9.09,88384,2021-02-03
CHMI,9.35,9.09,9.09,9.32,103073,2021-02-04
CHMI,9.5,9.32,9.33,9.45,163311,2021-02-05
CHMI,9.48,9.32,9.44,9.39,196609,2021-02-08
CHMI,9.4,9.22,9.39,9.29,218367,2021-02-09
CHMI,9.44,9.26,9.29,9.3,112678,2021-02-10
CHMI,9.45,9.28,9.34,9.4,131838,2021-02-11
CHMI,9.68,9.34,9.34,9.59,124821,2021-02-12
CHMI,9.87,9.62,9.68,9.74,209248,2021-02-16
CHMI,9.8,9.53,9.8,9.62,163583,2021-02-17
CHMI,9.6375,9.36,9.62,9.45,104482,2021-02-18
CHMI,9.7899,9.45,9.45,9.7,113637,2021-02-19
CHMI,9.8,9.63,9.64,9.72,225964,2021-02-22
CHMI,9.78,9.53,9.78,9.66,95768,2021-02-23
CHMI,9.96,9.72,9.74,9.93,207983,2021-02-24
CHMI,10.1799,9.62,10.02,9.63,183173,2021-02-25
CHMI,9.97,9.55,9.72,9.82,162418,2021-02-26
CHMI,10.18,9.89,10.09,10.04,184953,2021-03-01
CHMI,10.4316,9.94,10,10.17,216882,2021-03-02
CHMI,10.42,10.13,10.19,10.25,188498,2021-03-03
CHMI,10.36,9.83,10.29,10.04,254463,2021-03-04
CHMI,10.1,9.54,10.1,10.07,176545,2021-03-05
CHMI,10.51,9.94,10.02,10.47,239403,2021-03-08
CHMI,10.66,10.38,10.5,10.61,171533,2021-03-09
CHMI,10.49,9.75,9.8,10.18,609611,2021-03-10
CHMI,10.27,10.11,10.2,10.2,204488,2021-03-11
CHMI,10.37,10.09,10.23,10.09,252038,2021-03-12
CHMI,10.1793,9.97,10.14,10.07,286554,2021-03-15
CHMI,10.14,9.975,10.14,10.02,229690,2021-03-16
CHMI,10.22,9.95,10.07,10.21,184280,2021-03-17
CHMI,10.28,10.03,10.25,10.06,140514,2021-03-18
CHMI,10.2,9.92,10.02,10.11,326923,2021-03-19
CHMI,10.1,9.92,10.1,10.02,154734,2021-03-22
CHMI,10.13,9.95,10.05,9.99,238085,2021-03-23
CHMI,10.31,9.92,10.01,9.92,199610,2021-03-24
CHMI,10.17,9.72,9.9,10.01,248523,2021-03-25
CHMI,10.13,9.93,10.1,10.02,222454,2021-03-26
CHMI,10.09,9.93,10,9.94,373180,2021-03-29
CHMI,9.82,9.52,9.71,9.67,243742,2021-03-30
CHMI,9.7413,9.34,9.69,9.34,483537,2021-03-31
CHMI,9.56,9.35,9.41,9.54,213943,2021-04-01
CHMI,9.64,9.37,9.61,9.46,189339,2021-04-05
CHMI,9.57,9.45,9.46,9.53,153527,2021-04-06
CHMI,9.59,9.4,9.56,9.5,199415,2021-04-07
CHMI,9.6,9.46,9.51,9.59,155301,2021-04-08
CHMI,9.69,9.5,9.61,9.55,152351,2021-04-09
CHMI,9.6081,9.54,9.55,9.57,84607,2021-04-12
CHMI,9.76,9.44,9.56,9.76,214644,2021-04-13
CHMI,9.77,9.6,9.75,9.63,209299,2021-04-14
CHMI,9.69,9.4784,9.69,9.58,164937,2021-04-15
CHMI,9.58,9.46,9.53,9.53,130834,2021-04-16
CHMI,9.53,9.28,9.53,9.37,260345,2021-04-19
CHMI,9.46,9.25,9.46,9.43,204812,2021-04-20
CHMI,9.54,9.3556,9.43,9.49,145320,2021-04-21
CHMI,9.58,9.375,9.58,9.43,203686,2021-04-22
CHMI,9.9499,9.56,9.58,9.84,438209,2021-04-23
CHMI,10.18,9.93,9.99,9.95,499789,2021-04-26
CHMI,10.21,10.04,10.11,10.21,271906,2021-04-27
CHMI,10.34,10.19,10.25,10.3,313333,2021-04-28
CHMI,10.42,10.155,10.38,10.18,284512,2021-04-29
CHMI,10.235,10.09,10.18,10.12,179637,2021-04-30
CHMI,10.35,10.13,10.21,10.31,162949,2021-05-03
CHMI,10.31,10.05,10.3,10.13,248756,2021-05-04
CHMI,10.29,10.01,10.15,10.28,143662,2021-05-05
CHMI,10.27,9.88,10.24,10.12,304602,2021-05-06
CHMI,10.239,10.08,10.11,10.15,225632,2021-05-07
CHMI,10.21,9.89,10.19,9.89,324928,2021-05-10
CHMI,9.76,9.1,9.76,9.37,684486,2021-05-11
CHMI,9.43,8.8,9.4,8.8,602128,2021-05-12
CHMI,9.29,8.85,8.89,9.29,313531,2021-05-13
CHMI,9.62,9.265,9.38,9.53,303645,2021-05-14
CHMI,9.69,9.43,9.58,9.66,177795,2021-05-17
CHMI,9.8,9.631,9.66,9.71,205236,2021-05-18
CHMI,9.77,9.46,9.59,9.75,182746,2021-05-19
CHMI,9.79,9.61,9.79,9.73,131563,2021-05-20
CHMI,9.79,9.63,9.75,9.69,162649,2021-05-21
CHMI,9.77,9.65,9.69,9.74,162649,2021-05-24
CHMI,10,9.72,9.75,9.72,236799,2021-05-25
CHMI,9.8699,9.71,9.76,9.83,127051,2021-05-26
CHMI,9.9151,9.81,9.85,9.83,116210,2021-05-27
CHMI,9.9101,9.777,9.88,9.82,109662,2021-05-28
CHMI,10.03,9.81,9.83,9.98,163910,2021-06-01
CHMI,10.05,9.97,9.99,10,174961,2021-06-02
CHMI,10.1,9.95,10,10.05,112847,2021-06-03
CHMI,10.17,10.01,10.13,10.12,135195,2021-06-04
CHMI,10.35,10.12,10.12,10.33,312044,2021-06-07
CHMI,10.46,10.32,10.32,10.42,316840,2021-06-08
CHMI,10.675,10.47,10.51,10.48,352080,2021-06-09
CHMI,10.57,10.42,10.55,10.46,187359,2021-06-10
CHMI,10.51,10.36,10.5,10.45,198909,2021-06-11
CHMI,10.59,10.36,10.5,10.48,184407,2021-06-14
CHMI,10.58,10.27,10.58,10.31,389592,2021-06-15
CHMI,10.44,10.211,10.25,10.39,268340,2021-06-16
CHMI,10.48,10.06,10.45,10.19,235894,2021-06-17
CHMI,10.13,9.91,10.09,10.13,424503,2021-06-18
CHMI,10.4,10.14,10.14,10.35,267444,2021-06-21
CHMI,10.44,10.25,10.37,10.43,208580,2021-06-22
CHMI,10.52,10.355,10.45,10.38,256240,2021-06-23
CHMI,10.6,10.37,10.43,10.56,266648,2021-06-24
CHMI,10.615,10.5,10.59,10.52,2406322,2021-06-25
CHMI,10.61,10.24,10.57,10.28,390294,2021-06-28
CHMI,9.95,9.73,9.73,9.83,331193,2021-06-29
CHMI,9.88,9.75,9.81,9.86,206409,2021-06-30
CHMI,9.98,9.89,9.91,9.91,148617,2021-07-01
CHMI,9.94,9.765,9.92,9.78,213764,2021-07-02
CHMI,9.82,9.58,9.82,9.69,276000,2021-07-06
CHMI,9.74,9.52,9.68,9.6,180400,2021-07-07
CHMI,9.55,9.21,9.52,9.48,252900,2021-07-08
CHMI,9.79,9.52,9.54,9.75,217700,2021-07-09
CHMI,9.86,9.72,9.76,9.81,179800,2021-07-12
CHMI,9.85,9.42,9.85,9.43,258741,2021-07-13
