DEUS-USD,0.2217,0.2212,0.2217,0.2212,7115,2017-04-20
DEUS-USD,0.2316,0.2071,0.2213,0.2083,5463,2017-04-21
DEUS-USD,0.231,0.2013,0.2084,0.2094,7853,2017-04-22
DEUS-USD,0.2297,0.1963,0.2095,0.1964,4101,2017-04-23
DEUS-USD,0.2446,0.1944,0.1968,0.2188,17165,2017-04-24
DEUS-USD,0.2381,0.1191,0.2188,0.2215,23939,2017-04-25
DEUS-USD,0.2236,0.1649,0.2215,0.1928,5472,2017-04-26
DEUS-USD,0.2187,0.1713,0.1929,0.1714,3777,2017-04-27
DEUS-USD,0.2292,0.1643,0.1976,0.2199,4981,2017-04-28
DEUS-USD,0.2222,0.1848,0.2201,0.1852,4312,2017-04-29
DEUS-USD,0.1925,0.1711,0.1852,0.1887,4001,2017-04-30
DEUS-USD,0.1916,0.1393,0.1888,0.1393,7794,2017-05-01
DEUS-USD,0.1843,0.0459,0.1393,0.1519,7419,2017-05-02
DEUS-USD,0.2202,0.152,0.152,0.171,9592,2017-05-03
DEUS-USD,0.1769,0.0914,0.1711,0.0984,8648,2017-05-04
DEUS-USD,0.1528,0.0921,0.0986,0.1014,1591,2017-05-05
DEUS-USD,0.1563,0.1015,0.1015,0.1153,4723,2017-05-06
DEUS-USD,0.1157,0.1145,0.1153,0.1147,4700,2017-05-07
DEUS-USD,0.1434,0.12,0.1412,0.1207,24022,2017-05-08
DEUS-USD,0.1443,0.1202,0.1208,0.1246,13453,2017-05-09
DEUS-USD,0.1302,0.1114,0.1247,0.1162,4372,2017-05-10
DEUS-USD,0.1551,0.1115,0.1164,0.1174,14343,2017-05-11
DEUS-USD,0.1178,0.1045,0.1175,0.1066,7154,2017-05-12
DEUS-USD,0.1112,0.0999,0.1064,0.1109,10852,2017-05-13
DEUS-USD,0.1124,0.1075,0.1113,0.1102,5484,2017-05-14
DEUS-USD,0.1104,0.1052,0.1102,0.1077,2983,2017-05-15
DEUS-USD,0.1093,0.0861,0.1075,0.1061,6894,2017-05-16
DEUS-USD,0.1093,0.0747,0.1061,0.0961,2709,2017-05-17
DEUS-USD,0.1504,0.0391,0.096,0.1207,28805,2017-05-18
DEUS-USD,0.1339,0.1008,0.1207,0.1277,18016,2017-05-19
DEUS-USD,0.1454,0.1236,0.1276,0.1342,25398,2017-05-20
DEUS-USD,0.1456,0.1261,0.1432,0.1361,8337,2017-05-21
DEUS-USD,0.1432,0.1099,0.1366,0.1256,7020,2017-05-22
DEUS-USD,0.1286,0.0906,0.1254,0.0976,5350,2017-05-23
DEUS-USD,0.1021,0.0769,0.0977,0.0927,5862,2017-05-24
DEUS-USD,0.1579,0.0788,0.0925,0.1153,14429,2017-05-25
DEUS-USD,0.129,0.0976,0.1144,0.1048,11456,2017-05-26
DEUS-USD,0.1083,0.0851,0.1051,0.0918,1894,2017-05-27
DEUS-USD,0.107,0.0924,0.0924,0.0995,2074,2017-05-28
DEUS-USD,0.1016,0.0726,0.0993,0.0858,7030,2017-05-29
DEUS-USD,0.0999,0.0788,0.0859,0.0829,5620,2017-05-30
DEUS-USD,0.0927,0.0779,0.0832,0.0823,4170,2017-05-31
DEUS-USD,0.0904,0.0823,0.0823,0.0845,5391,2017-06-01
DEUS-USD,0.0916,0.0835,0.0845,0.0898,6969,2017-06-02
DEUS-USD,0.0905,0.0634,0.0898,0.0828,8973,2017-06-03
DEUS-USD,0.0966,0.0807,0.0826,0.0893,4347,2017-06-04
DEUS-USD,0.0975,0.0845,0.0893,0.0975,4372,2017-06-05
DEUS-USD,0.1062,0.0978,0.0978,0.1004,4503,2017-06-06
DEUS-USD,0.0688,0.0668,0.068,0.068,1111,2017-06-07
DEUS-USD,0.0844,0.0663,0.0683,0.0791,4292,2017-06-08
DEUS-USD,0.0859,0.0718,0.079,0.0842,3930,2017-06-09
DEUS-USD,0.0869,0.0776,0.0843,0.0868,2894,2017-06-10
DEUS-USD,0.0893,0.0858,0.0867,0.0886,2956,2017-06-11
DEUS-USD,0.1086,0.1022,0.1038,0.1076,5242,2017-06-12
DEUS-USD,0.1094,0.0799,0.1072,0.0822,6175,2017-06-13
DEUS-USD,0.1343,0.0821,0.0821,0.1294,4226,2017-06-14
DEUS-USD,0.1364,0.1099,0.1294,0.1256,2119,2017-06-15
DEUS-USD,0.1296,0.1012,0.1255,0.1224,2381,2017-06-16
DEUS-USD,0.1224,0.1102,0.1224,0.1124,781,2017-06-17
DEUS-USD,0.1124,0.0975,0.1124,0.1061,1017,2017-06-18
DEUS-USD,0.1137,0.0999,0.1061,0.0999,2378,2017-06-19
DEUS-USD,0.1747,0.0999,0.0999,0.1649,10351,2017-06-20
DEUS-USD,0.1649,0.1403,0.1649,0.1636,3675,2017-06-21
DEUS-USD,0.1638,0.1277,0.1636,0.1549,4035,2017-06-22
DEUS-USD,0.1897,0.1549,0.1549,0.1883,6316,2017-06-23
DEUS-USD,0.1897,0.1331,0.1883,0.1633,2886,2017-06-24
DEUS-USD,0.1708,0.1392,0.1629,0.1567,5207,2017-06-25
DEUS-USD,0.1586,0.1007,0.1566,0.1422,1067,2017-06-26
DEUS-USD,0.1475,0.1183,0.1456,0.1266,1007,2017-06-27
DEUS-USD,0.1275,0.1227,0.1274,0.1274,1013,2017-06-28
DEUS-USD,0.1383,0.1309,0.1324,0.1348,2865,2017-07-04
DEUS-USD,0.1541,0.1298,0.1347,0.1403,3435,2017-07-05
DEUS-USD,0.1457,0.1173,0.1404,0.1233,3240,2017-07-06
DEUS-USD,0.1323,0.1203,0.1234,0.1215,952,2017-07-07
DEUS-USD,0.128,0.1189,0.1216,0.1212,539,2017-07-08
DEUS-USD,0.1279,0.1153,0.1214,0.125,589,2017-07-09
DEUS-USD,0.1258,0.1096,0.1252,0.1194,1891,2017-07-10
DEUS-USD,0.128,0.1064,0.1191,0.1184,1958,2017-07-11
DEUS-USD,0.1418,0.1113,0.1182,0.1311,5229,2017-07-12
DEUS-USD,0.1406,0.1188,0.1312,0.1359,3607,2017-07-13
DEUS-USD,0.1706,0.1083,0.1358,0.1254,10912,2017-07-14
DEUS-USD,0.1252,0.1005,0.1252,0.1127,2397,2017-07-15
DEUS-USD,0.1323,0.1002,0.1124,0.1097,1772,2017-07-16
DEUS-USD,0.1299,0.1023,0.1096,0.1296,5234,2017-07-17
DEUS-USD,0.138,0.111,0.13,0.1271,2610,2017-07-18
DEUS-USD,0.1322,0.1232,0.1273,0.1269,3034,2017-07-19
DEUS-USD,0.1706,0.1265,0.1265,0.1546,5277,2017-07-20
DEUS-USD,0.2169,0.1417,0.1558,0.2014,127976,2017-07-21
DEUS-USD,0.2293,0.1674,0.2014,0.1698,10973,2017-07-22
DEUS-USD,0.2139,0.1617,0.1698,0.1952,1037,2017-07-23
DEUS-USD,0.211,0.1725,0.1949,0.211,4788,2017-07-24
DEUS-USD,0.2122,0.1613,0.211,0.1676,3833,2017-07-25
DEUS-USD,0.1939,0.1605,0.1677,0.1888,2330,2017-07-26
DEUS-USD,0.1923,0.1683,0.1894,0.1752,1207,2017-07-27
DEUS-USD,0.1916,0.1748,0.1757,0.1843,4086,2017-07-28
DEUS-USD,0.2184,0.1614,0.1836,0.2174,8360,2017-07-29
DEUS-USD,0.2236,0.1763,0.2174,0.2019,33073,2017-07-30
DEUS-USD,0.2294,0.1958,0.2021,0.2204,26517,2017-07-31
DEUS-USD,0.2385,0.2065,0.2205,0.2263,6654,2017-08-01
DEUS-USD,0.2311,0.1789,0.2262,0.2235,15421,2017-08-02
DEUS-USD,0.4452,0.2169,0.2239,0.4435,109600,2017-08-03
DEUS-USD,0.4445,0.2505,0.4434,0.4144,63924,2017-08-04
DEUS-USD,0.45,0.2893,0.4142,0.2893,23638,2017-08-05
DEUS-USD,0.4167,0.2509,0.2894,0.3614,16915,2017-08-06
DEUS-USD,0.3684,0.2672,0.3606,0.367,10478,2017-08-07
DEUS-USD,0.3673,0.285,0.3673,0.3524,10288,2017-08-08
DEUS-USD,0.353,0.2777,0.3521,0.3376,24060,2017-08-09
DEUS-USD,0.3589,0.3006,0.3376,0.3447,16840,2017-08-10
DEUS-USD,0.3658,0.3027,0.3447,0.3653,20909,2017-08-11
DEUS-USD,0.3959,0.3356,0.365,0.3871,11049,2017-08-12
DEUS-USD,0.4963,0.3829,0.3867,0.4141,97981,2017-08-13
DEUS-USD,0.4749,0.4013,0.4143,0.4574,31948,2017-08-14
DEUS-USD,0.4723,0.3985,0.4587,0.4274,26985,2017-08-15
DEUS-USD,0.4811,0.4198,0.4278,0.481,55717,2017-08-16
DEUS-USD,0.5182,0.4433,0.4805,0.472,70987,2017-08-17
DEUS-USD,0.4721,0.3674,0.4706,0.4339,29076,2017-08-18
DEUS-USD,0.4598,0.4152,0.4401,0.449,34298,2017-08-19
DEUS-USD,0.4469,0.4233,0.4469,0.4269,37649,2017-08-20
DEUS-USD,0.4292,0.4164,0.4252,0.4172,22945,2017-08-21
DEUS-USD,0.6837,0.3825,0.4217,0.52,149625,2017-08-22
DEUS-USD,0.6104,0.4755,0.5211,0.6066,108924,2017-08-23
DEUS-USD,0.6783,0.6069,0.6069,0.6634,112439,2017-08-24
DEUS-USD,0.6996,0.653,0.6623,0.6832,53868,2017-08-25
DEUS-USD,0.6942,0.6434,0.6845,0.6911,75675,2017-08-26
DEUS-USD,0.6974,0.6536,0.6928,0.6893,71153,2017-08-27
DEUS-USD,0.6966,0.6512,0.69,0.6815,89406,2017-08-28
DEUS-USD,0.7429,0.6801,0.6803,0.7245,53324,2017-08-29
DEUS-USD,0.7325,0.7076,0.7236,0.7271,947,2017-08-30
DEUS-USD,0.76,0.7238,0.7258,0.7509,31346,2017-08-31
DEUS-USD,0.7883,0.7459,0.751,0.7883,77367,2017-09-01
DEUS-USD,0.7967,0.717,0.7893,0.7401,40177,2017-09-02
DEUS-USD,0.757,0.7094,0.7405,0.7319,45225,2017-09-03
DEUS-USD,0.7395,0.6667,0.7322,0.6894,50338,2017-09-04
DEUS-USD,0.7152,0.6448,0.693,0.702,38520,2017-09-05
DEUS-USD,0.7555,0.6835,0.7028,0.7195,56797,2017-09-06
DEUS-USD,0.7384,0.6986,0.7164,0.7185,32612,2017-09-07
DEUS-USD,0.7335,0.6215,0.7186,0.6671,48659,2017-09-08
DEUS-USD,0.6804,0.643,0.6684,0.666,15957,2017-09-09
DEUS-USD,0.6707,0.615,0.6667,0.662,32452,2017-09-10
DEUS-USD,0.6822,0.6455,0.6637,0.657,48939,2017-09-11
DEUS-USD,0.6917,0.6489,0.6567,0.6598,49308,2017-09-12
DEUS-USD,0.6597,0.601,0.6573,0.6123,48402,2017-09-13
DEUS-USD,0.627,0.5012,0.6123,0.5022,32564,2017-09-14
DEUS-USD,0.6018,0.4634,0.5062,0.5783,26723,2017-09-15
DEUS-USD,0.6209,0.5619,0.5823,0.5856,29282,2017-09-16
DEUS-USD,0.6075,0.5489,0.5852,0.5855,7729,2017-09-17
DEUS-USD,0.6544,0.5843,0.5843,0.6487,9103,2017-09-18
DEUS-USD,0.6514,0.6031,0.6503,0.6106,4370,2017-09-19
DEUS-USD,0.6359,0.5992,0.6098,0.6066,13125,2017-09-20
DEUS-USD,0.6149,0.5525,0.6036,0.5583,9022,2017-09-21
DEUS-USD,0.5856,0.514,0.5576,0.5256,15521,2017-09-22
DEUS-USD,0.6039,0.5191,0.5241,0.5947,33559,2017-09-23
DEUS-USD,0.5946,0.5323,0.5946,0.555,12569,2017-09-24
DEUS-USD,0.5891,0.5329,0.5545,0.5822,23948,2017-09-25
DEUS-USD,0.5835,0.5222,0.5821,0.5428,19106,2017-09-26
DEUS-USD,0.6281,0.5413,0.5413,0.5892,23280,2017-09-27
DEUS-USD,0.59,0.5348,0.5892,0.5498,15712,2017-09-28
DEUS-USD,0.5868,0.5273,0.5494,0.5465,28287,2017-09-29
DEUS-USD,0.5769,0.4984,0.5465,0.4994,12710,2017-09-30
DEUS-USD,0.6437,0.4729,0.4997,0.5503,54497,2017-10-01
DEUS-USD,0.5748,0.4976,0.55,0.5459,12047,2017-10-02
DEUS-USD,0.606,0.5053,0.5449,0.526,30109,2017-10-03
DEUS-USD,0.6552,0.5176,0.5273,0.5771,37893,2017-10-04
DEUS-USD,0.5837,0.467,0.5776,0.5353,39639,2017-10-05
DEUS-USD,0.6178,0.5088,0.5353,0.5468,34474,2017-10-06
DEUS-USD,0.5477,0.4523,0.5469,0.495,16375,2017-10-07
DEUS-USD,0.5527,0.4921,0.4937,0.5152,25342,2017-10-08
DEUS-USD,0.5451,0.4789,0.5153,0.5051,16979,2017-10-09
DEUS-USD,0.5171,0.4528,0.505,0.4589,32655,2017-10-10
DEUS-USD,0.5049,0.4583,0.4588,0.4983,20299,2017-10-11
DEUS-USD,0.5379,0.4769,0.4987,0.5379,23850,2017-10-12
DEUS-USD,0.5828,0.5361,0.5396,0.5607,24862,2017-10-13
DEUS-USD,0.5665,0.4566,0.5609,0.5014,65631,2017-10-14
DEUS-USD,0.5039,0.3286,0.5023,0.4553,51594,2017-10-15
DEUS-USD,0.458,0.2684,0.4555,0.3871,53766,2017-10-16
DEUS-USD,0.4233,0.2932,0.3871,0.2946,30699,2017-10-17
DEUS-USD,0.3966,0.2763,0.2805,0.2971,37662,2017-10-18
DEUS-USD,0.3993,0.2968,0.3128,0.3422,31727,2017-10-19
DEUS-USD,0.3722,0.3324,0.3423,0.3659,10820,2017-10-20
DEUS-USD,0.4079,0.325,0.3651,0.3727,16628,2017-10-21
DEUS-USD,0.3742,0.3329,0.3728,0.3698,18742,2017-10-22
DEUS-USD,0.3682,0.3287,0.3538,0.34,6805,2017-10-23
DEUS-USD,0.3453,0.2367,0.3392,0.2438,19591,2017-10-24
DEUS-USD,0.36,0.2426,0.2439,0.3453,22979,2017-10-25
DEUS-USD,0.4763,0.3423,0.3448,0.3718,16130,2017-10-26
DEUS-USD,0.424,0.2924,0.4178,0.3334,59005,2017-10-27
DEUS-USD,0.3618,0.3343,0.3343,0.3447,10712,2017-10-28
DEUS-USD,0.4426,0.3362,0.3442,0.3747,31428,2017-10-29
DEUS-USD,0.6148,0.3606,0.3725,0.4907,101888,2017-10-30
DEUS-USD,0.5133,0.4855,0.489,0.4911,24316,2017-10-31
DEUS-USD,0.6007,0.4457,0.4907,0.533,28486,2017-11-01
DEUS-USD,0.5768,0.4102,0.5336,0.4782,32059,2017-11-02
DEUS-USD,0.5707,0.4153,0.4776,0.5032,40320,2017-11-03
DEUS-USD,0.5434,0.4625,0.506,0.5026,13340,2017-11-04
DEUS-USD,0.5454,0.4815,0.5016,0.482,16351,2017-11-05
DEUS-USD,0.5134,0.4785,0.4831,0.482,14252,2017-11-06
DEUS-USD,0.5043,0.461,0.4812,0.4994,14995,2017-11-07
DEUS-USD,0.5066,0.4415,0.4978,0.4713,25984,2017-11-08
DEUS-USD,0.4976,0.4303,0.4711,0.4442,22680,2017-11-09
DEUS-USD,0.4707,0.3968,0.4456,0.4025,62149,2017-11-10
DEUS-USD,0.4352,0.3871,0.4017,0.3944,20196,2017-11-11
DEUS-USD,0.4053,0.3437,0.3941,0.3599,32320,2017-11-12
DEUS-USD,0.413,0.3577,0.3605,0.4028,19759,2017-11-13
DEUS-USD,0.4157,0.3757,0.4036,0.3931,37230,2017-11-14
DEUS-USD,0.4325,0.3068,0.3934,0.3789,20073,2017-11-15
DEUS-USD,0.3975,0.312,0.3809,0.3557,26134,2017-11-16
DEUS-USD,0.4633,0.3322,0.3551,0.3979,18320,2017-11-17
DEUS-USD,0.4138,0.3543,0.3963,0.3895,19309,2017-11-18
DEUS-USD,0.4189,0.352,0.3888,0.3951,47486,2017-11-19
DEUS-USD,0.409,0.3664,0.4031,0.3854,18808,2017-11-20
DEUS-USD,0.3913,0.3647,0.3852,0.3702,15621,2017-11-21
DEUS-USD,0.3873,0.3662,0.3711,0.3854,4044,2017-11-22
DEUS-USD,0.3872,0.377,0.3853,0.377,3955,2017-11-23
DEUS-USD,0.3906,0.3693,0.3765,0.3853,4043,2017-11-24
DEUS-USD,0.4035,0.3655,0.3846,0.3884,21775,2017-11-25
DEUS-USD,0.416,0.3841,0.3882,0.4092,8701,2017-11-26
DEUS-USD,0.4215,0.3786,0.4092,0.3979,24317,2017-11-27
DEUS-USD,0.3989,0.2974,0.3989,0.3404,6256,2017-11-28
DEUS-USD,0.4767,0.3078,0.34,0.3675,13476,2017-11-29
DEUS-USD,0.3942,0.2958,0.3731,0.3676,12696,2017-11-30
DEUS-USD,0.3838,0.3369,0.3657,0.3653,5154,2017-12-01
DEUS-USD,0.3821,0.3533,0.365,0.3648,6812,2017-12-02
DEUS-USD,0.3895,0.3328,0.3651,0.3496,12154,2017-12-03
DEUS-USD,0.3777,0.3207,0.3507,0.3677,11457,2017-12-04
DEUS-USD,0.3885,0.3413,0.3685,0.3632,10427,2017-12-05
DEUS-USD,0.3684,0.2535,0.3624,0.2752,10089,2017-12-06
DEUS-USD,0.3026,0.1601,0.2747,0.1849,20206,2017-12-07
DEUS-USD,0.3389,0.1797,0.1951,0.2751,15004,2017-12-08
DEUS-USD,0.3167,0.2499,0.2766,0.2864,8258,2017-12-09
DEUS-USD,0.3017,0.2441,0.2875,0.2705,8619,2017-12-10
DEUS-USD,0.3119,0.2673,0.2685,0.2991,7022,2017-12-11
DEUS-USD,0.3165,0.293,0.3,0.3076,7223,2017-12-12
DEUS-USD,0.3119,0.2174,0.3079,0.2228,9551,2017-12-13
DEUS-USD,0.2542,0.2116,0.2293,0.2274,7665,2017-12-14
DEUS-USD,0.3232,0.2277,0.2277,0.2786,23360,2017-12-15
DEUS-USD,0.315,0.2729,0.279,0.3019,6184,2017-12-16
DEUS-USD,0.352,0.2975,0.3019,0.3101,12679,2017-12-17
DEUS-USD,0.7923,0.2971,0.3111,0.5288,168340,2017-12-18
DEUS-USD,0.6626,0.4638,0.5292,0.4797,31291,2017-12-19
DEUS-USD,0.4851,0.4288,0.4792,0.4472,29169,2017-12-20
DEUS-USD,0.4729,0.412,0.4483,0.4259,27782,2017-12-21
DEUS-USD,0.4316,0.3113,0.4274,0.3716,24237,2017-12-22
DEUS-USD,0.4259,0.3698,0.3751,0.393,25632,2017-12-23
DEUS-USD,0.3973,0.3418,0.3973,0.3792,24737,2017-12-24
DEUS-USD,0.3943,0.3096,0.3832,0.3158,5295,2017-12-25
DEUS-USD,0.5612,0.2979,0.3155,0.4295,11431,2017-12-26
DEUS-USD,0.4488,0.3446,0.4298,0.3596,12460,2017-12-27
DEUS-USD,0.3623,0.2691,0.3589,0.2721,5761,2017-12-28
DEUS-USD,0.3558,0.2728,0.2749,0.3209,608,2017-12-29
DEUS-USD,0.3202,0.2435,0.3201,0.2551,713,2017-12-30
DEUS-USD,0.3123,0.2499,0.2524,0.2827,483,2017-12-31
DEUS-USD,0.3003,0.2569,0.2838,0.2688,1084,2018-01-01
DEUS-USD,0.3013,0.2599,0.2688,0.2951,739,2018-01-02
DEUS-USD,0.3233,0.2908,0.294,0.3198,487,2018-01-03
DEUS-USD,0.3267,0.2888,0.3216,0.3037,1907,2018-01-04
DEUS-USD,0.3407,0.3,0.3038,0.3377,3586,2018-01-05
DEUS-USD,0.3455,0.3093,0.338,0.3254,1378,2018-01-06
DEUS-USD,0.3376,0.2949,0.3251,0.3027,1353,2018-01-07
DEUS-USD,0.3185,0.2606,0.3022,0.2729,2116,2018-01-08
DEUS-USD,0.2939,0.2604,0.2721,0.2643,569,2018-01-09
DEUS-USD,0.2677,0.2415,0.2646,0.2551,780,2018-01-10
DEUS-USD,0.2723,0.2241,0.2548,0.2547,1844,2018-01-11
DEUS-USD,0.2703,0.2382,0.2564,0.2389,2201,2018-01-12
DEUS-USD,0.2702,0.2299,0.2386,0.2301,845,2018-01-13
DEUS-USD,0.2566,0.2163,0.2302,0.2255,434,2018-01-14
DEUS-USD,0.2491,0.2224,0.2238,0.2225,717,2018-01-15
DEUS-USD,0.2359,0.1667,0.2227,0.1885,970,2018-01-16
DEUS-USD,0.2023,0.1493,0.1876,0.1945,1230,2018-01-17
DEUS-USD,0.2149,0.1783,0.1953,0.1912,1523,2018-01-18
DEUS-USD,0.1991,0.1843,0.1892,0.1904,972,2018-01-19
DEUS-USD,0.222,0.1924,0.1925,0.2172,662,2018-01-20
DEUS-USD,0.2221,0.1906,0.2177,0.1948,1776,2018-01-21
DEUS-USD,0.2013,0.141,0.1975,0.1795,1942,2018-01-22
DEUS-USD,0.1824,0.1444,0.179,0.1569,1771,2018-01-23
DEUS-USD,0.1938,0.1569,0.1569,0.1774,648,2018-01-24
DEUS-USD,0.1962,0.169,0.1803,0.1896,532,2018-01-25
DEUS-USD,0.3017,0.1561,0.1891,0.299,7717,2018-01-26
DEUS-USD,0.2982,0.2432,0.2982,0.2548,4291,2018-01-27
DEUS-USD,0.2628,0.2114,0.2561,0.2126,1492,2018-01-28
DEUS-USD,0.2401,0.2039,0.2124,0.2086,434,2018-01-29
DEUS-USD,0.2105,0.1763,0.2087,0.2043,936,2018-01-30
DEUS-USD,0.2275,0.1757,0.2046,0.1854,1105,2018-01-31
DEUS-USD,0.2124,0.1584,0.1858,0.1668,1409,2018-02-01
DEUS-USD,0.1857,0.1412,0.1665,0.1613,760,2018-02-02
DEUS-USD,0.1772,0.1498,0.1618,0.1682,1218,2018-02-03
DEUS-USD,0.1685,0.1043,0.1682,0.1462,4863,2018-02-04
DEUS-USD,0.1746,0.1088,0.1448,0.1132,1828,2018-02-05
DEUS-USD,0.1345,0.1006,0.1133,0.1325,1129,2018-02-06
DEUS-USD,0.1653,0.1277,0.1312,0.1445,2905,2018-02-07
DEUS-USD,0.1728,0.1437,0.1439,0.1513,2296,2018-02-08
DEUS-USD,0.2166,0.1427,0.1517,0.1868,6953,2018-02-09
DEUS-USD,0.2174,0.1697,0.1869,0.1738,902,2018-02-10
DEUS-USD,0.1829,0.1611,0.1736,0.1631,813,2018-02-11
DEUS-USD,0.2105,0.1642,0.1642,0.1867,1848,2018-02-12
DEUS-USD,0.207,0.1767,0.187,0.1796,923,2018-02-13
DEUS-USD,0.2014,0.179,0.179,0.1914,2855,2018-02-14
DEUS-USD,0.217,0.1893,0.1915,0.2027,1741,2018-02-15
DEUS-USD,0.2094,0.1786,0.2018,0.1835,3660,2018-02-16
DEUS-USD,0.1963,0.1811,0.1835,0.1887,1342,2018-02-17
DEUS-USD,0.1932,0.1748,0.1893,0.1784,874,2018-02-18
DEUS-USD,0.1915,0.1771,0.1776,0.1819,929,2018-02-19
DEUS-USD,0.2011,0.1798,0.1821,0.1922,1740,2018-02-20
DEUS-USD,0.1919,0.1713,0.1919,0.1794,3263,2018-02-21
DEUS-USD,0.1806,0.1485,0.1792,0.1721,3454,2018-02-22
DEUS-USD,0.1746,0.1662,0.1719,0.1716,368,2018-02-23
DEUS-USD,0.1854,0.155,0.1714,0.1602,1393,2018-02-24
DEUS-USD,0.1628,0.1429,0.16,0.1595,561,2018-02-25
DEUS-USD,0.1845,0.1475,0.1597,0.1693,2407,2018-02-26
DEUS-USD,0.1817,0.1602,0.1698,0.169,1299,2018-02-27
DEUS-USD,0.1809,0.1484,0.1688,0.1549,1733,2018-02-28
DEUS-USD,0.1855,0.1432,0.1551,0.1833,1119,2018-03-01
DEUS-USD,0.1833,0.1459,0.1829,0.1467,2172,2018-03-02
DEUS-USD,0.1742,0.1466,0.1466,0.1741,817,2018-03-03
DEUS-USD,0.1739,0.161,0.1738,0.1668,298,2018-03-04
DEUS-USD,0.1767,0.1423,0.1667,0.1446,1295,2018-03-05
DEUS-USD,0.1721,0.1285,0.1442,0.1373,650,2018-03-06
DEUS-USD,0.1556,0.1158,0.1371,0.1214,3378,2018-03-07
DEUS-USD,0.136,0.1121,0.1213,0.1161,2465,2018-03-08
DEUS-USD,0.1361,0.1023,0.1153,0.1287,1236,2018-03-09
DEUS-USD,0.1319,0.1047,0.1288,0.1179,271,2018-03-10
DEUS-USD,0.1197,0.0938,0.1175,0.1022,829,2018-03-11
DEUS-USD,0.1157,0.0858,0.1018,0.0914,1702,2018-03-12
DEUS-USD,0.1638,0.0885,0.0909,0.1309,3012,2018-03-13
DEUS-USD,0.164,0.1309,0.1309,0.1464,4486,2018-03-14
DEUS-USD,0.1509,0.1204,0.1463,0.126,1812,2018-03-15
DEUS-USD,0.1507,0.0851,0.126,0.1355,3403,2018-03-16
DEUS-USD,0.1357,0.0424,0.1357,0.1004,814,2018-03-17
DEUS-USD,0.105,0.07,0.1002,0.0857,1861,2018-03-18
DEUS-USD,0.1309,0.0853,0.0853,0.0989,1800,2018-03-19
DEUS-USD,0.1246,0.0979,0.1,0.1182,2099,2018-03-20
DEUS-USD,0.1427,0.1173,0.1184,0.1305,2275,2018-03-21
DEUS-USD,0.1468,0.1255,0.1302,0.1373,2216,2018-03-22
DEUS-USD,0.1255,0.1024,0.1251,0.1157,1589,2018-03-23
DEUS-USD,0.13,0.1153,0.1174,0.1156,321,2018-03-24
DEUS-USD,0.125,0.1127,0.114,0.1216,443,2018-03-25
DEUS-USD,0.1222,0.1021,0.1215,0.1064,1429,2018-03-26
DEUS-USD,0.1065,0.0768,0.1062,0.0915,2141,2018-03-27
DEUS-USD,0.1033,0.091,0.0915,0.1029,872,2018-03-28
DEUS-USD,0.1068,0.0823,0.103,0.0848,188,2018-03-29
DEUS-USD,0.103,0.0797,0.0846,0.0957,1061,2018-03-30
DEUS-USD,0.1118,0.0933,0.0957,0.0959,844,2018-03-31
DEUS-USD,0.1071,0.0876,0.0959,0.0945,216,2018-04-01
DEUS-USD,0.0984,0.0896,0.0949,0.0916,249,2018-04-02
DEUS-USD,0.0998,0.0913,0.0916,0.0963,1070,2018-04-03
DEUS-USD,0.1009,0.0744,0.0963,0.0849,4682,2018-04-04
DEUS-USD,0.0939,0.0716,0.0849,0.0848,3817,2018-04-05
DEUS-USD,0.0852,0.0812,0.0844,0.0824,59,2018-04-06
DEUS-USD,0.0932,0.0799,0.0799,0.0905,746,2018-04-07
DEUS-USD,0.0946,0.0785,0.0906,0.0855,464,2018-04-08
DEUS-USD,0.0913,0.0827,0.0856,0.0854,406,2018-04-09
DEUS-USD,0.0856,0.0721,0.0855,0.0725,363,2018-04-10
DEUS-USD,0.096,0.0724,0.0726,0.096,1693,2018-04-11
DEUS-USD,0.1003,0.0799,0.0957,0.0996,1385,2018-04-12
DEUS-USD,0.1046,0.0865,0.0998,0.087,736,2018-04-13
DEUS-USD,0.1013,0.0867,0.087,0.0997,719,2018-04-14
DEUS-USD,0.1252,0.0921,0.0999,0.1162,5488,2018-04-15
DEUS-USD,0.1181,0.0967,0.1162,0.118,1308,2018-04-16
DEUS-USD,0.1494,0.1178,0.1181,0.1455,5677,2018-04-17
DEUS-USD,0.1858,0.1451,0.1579,0.1527,8782,2018-04-18
DEUS-USD,0.1651,0.1302,0.1528,0.1651,3832,2018-04-19
DEUS-USD,0.1995,0.1444,0.1652,0.174,10905,2018-04-20
DEUS-USD,0.1761,0.1442,0.1741,0.1578,4305,2018-04-21
DEUS-USD,0.158,0.1286,0.1578,0.1477,6583,2018-04-22
DEUS-USD,0.1488,0.1174,0.1474,0.1182,3575,2018-04-23
DEUS-USD,0.1612,0.1229,0.1308,0.1436,5709,2018-04-24
DEUS-USD,0.1472,0.1195,0.1427,0.1196,3463,2018-04-25
DEUS-USD,0.1303,0.0894,0.1206,0.1268,4420,2018-04-26
DEUS-USD,0.127,0.098,0.127,0.0987,626,2018-04-27
DEUS-USD,0.1092,0.0929,0.0983,0.1057,4536,2018-04-28
DEUS-USD,0.1079,0.0971,0.1057,0.1025,359,2018-04-29
DEUS-USD,0.107,0.0743,0.1025,0.0902,1265,2018-04-30
DEUS-USD,0.1637,0.068,0.0903,0.1637,7386,2018-05-01
DEUS-USD,0.1636,0.0933,0.1635,0.0973,2287,2018-05-02
DEUS-USD,0.1052,0.092,0.0973,0.0975,1437,2018-05-03
DEUS-USD,0.1031,0.0911,0.0975,0.1026,320,2018-05-04
DEUS-USD,0.1044,0.0925,0.1025,0.0935,778,2018-05-05
DEUS-USD,0.107,0.091,0.0936,0.0933,723,2018-05-06
DEUS-USD,0.0936,0.0882,0.0933,0.0915,1024,2018-05-07
DEUS-USD,0.0933,0.0865,0.0917,0.0875,128,2018-05-08
DEUS-USD,0.096,0.0666,0.0874,0.0672,2860,2018-05-09
DEUS-USD,0.0854,0.0663,0.0672,0.0747,2037,2018-05-10
DEUS-USD,0.1185,0.0727,0.0748,0.0974,4056,2018-05-11
DEUS-USD,0.0979,0.0626,0.0971,0.0742,1138,2018-05-12
DEUS-USD,0.0764,0.0574,0.0742,0.0715,1095,2018-05-13
DEUS-USD,0.0727,0.0624,0.0715,0.0673,595,2018-05-14
DEUS-USD,0.0708,0.059,0.0671,0.0677,1887,2018-05-15
DEUS-USD,0.0677,0.0562,0.0676,0.0575,995,2018-05-16
DEUS-USD,0.0628,0.0534,0.0575,0.0538,1063,2018-05-17
DEUS-USD,0.0588,0.053,0.0538,0.0575,1645,2018-05-18
DEUS-USD,0.0622,0.0553,0.0575,0.0569,914,2018-05-19
DEUS-USD,0.066,0.0566,0.057,0.0586,920,2018-05-20
DEUS-USD,0.0638,0.0544,0.0587,0.0588,1627,2018-05-21
DEUS-USD,0.089,0.0449,0.0588,0.055,4052,2018-05-22
DEUS-USD,0.0681,0.0459,0.0549,0.0576,936,2018-05-23
DEUS-USD,0.0583,0.0475,0.0574,0.0502,528,2018-05-24
DEUS-USD,0.0567,0.0483,0.0503,0.0491,974,2018-05-25
DEUS-USD,0.0554,0.0483,0.049,0.0486,321,2018-05-26
DEUS-USD,0.0664,0.048,0.0486,0.0551,903,2018-05-27
DEUS-USD,0.0553,0.0469,0.0551,0.047,345,2018-05-28
DEUS-USD,0.0549,0.0467,0.047,0.0545,314,2018-05-29
DEUS-USD,0.0589,0.0497,0.0546,0.0517,597,2018-05-30
DEUS-USD,0.0721,0.0513,0.0517,0.0711,420,2018-05-31
DEUS-USD,0.0738,0.0564,0.0712,0.0725,86,2018-06-01
DEUS-USD,0.0739,0.0624,0.0725,0.0726,1003,2018-06-02
DEUS-USD,0.0772,0.0639,0.0726,0.0771,869,2018-06-03
DEUS-USD,0.0787,0.0706,0.0771,0.0783,2996,2018-06-04
DEUS-USD,0.1664,0.0777,0.0783,0.1323,33815,2018-06-05
DEUS-USD,0.1398,0.0733,0.1275,0.0898,21580,2018-06-06
DEUS-USD,0.1515,0.0785,0.0899,0.0868,12176,2018-06-07
DEUS-USD,0.0957,0.0814,0.0882,0.0853,6794,2018-06-08
DEUS-USD,0.0964,0.0836,0.0853,0.0933,5138,2018-06-09
DEUS-USD,0.0934,0.0724,0.0934,0.0754,10400,2018-06-10
DEUS-USD,0.0755,0.0684,0.0755,0.0703,6215,2018-06-11
DEUS-USD,0.0703,0.056,0.0703,0.0646,8934,2018-06-12
DEUS-USD,0.0691,0.0515,0.0648,0.0559,5215,2018-06-13
DEUS-USD,0.0696,0.0528,0.0559,0.0564,4633,2018-06-14
DEUS-USD,0.0563,0.0516,0.0563,0.054,2938,2018-06-15
DEUS-USD,0.0545,0.0467,0.0538,0.0511,2733,2018-06-16
DEUS-USD,0.0647,0.0469,0.0512,0.0548,2780,2018-06-17
DEUS-USD,0.0558,0.0495,0.0546,0.0504,359,2018-06-18
DEUS-USD,0.0551,0.0471,0.0504,0.0528,1608,2018-06-19
DEUS-USD,0.053,0.0438,0.0528,0.0461,2473,2018-06-20
DEUS-USD,0.0477,0.0434,0.0461,0.0476,1702,2018-06-21
DEUS-USD,0.0476,0.0385,0.0475,0.0421,848,2018-06-22
DEUS-USD,0.0436,0.0405,0.0421,0.0413,215,2018-06-23
DEUS-USD,0.0413,0.034,0.0413,0.0379,2831,2018-06-24
DEUS-USD,0.0431,0.0356,0.0378,0.0399,1062,2018-06-25
DEUS-USD,0.0399,0.0348,0.0399,0.0348,711,2018-06-26
DEUS-USD,0.0409,0.026,0.0348,0.0359,2831,2018-06-27
DEUS-USD,0.0382,0.0256,0.0359,0.0288,2169,2018-06-28
DEUS-USD,0.029,0.0236,0.0288,0.0289,1378,2018-06-29
DEUS-USD,0.0348,0.0278,0.0289,0.0346,1449,2018-06-30
DEUS-USD,0.0404,0.0298,0.0346,0.0305,1465,2018-07-01
DEUS-USD,0.0358,0.0294,0.0305,0.0331,2499,2018-07-02
DEUS-USD,0.0359,0.03,0.0316,0.032,2876,2018-07-03
DEUS-USD,0.0343,0.0302,0.032,0.0306,666,2018-07-04
DEUS-USD,0.0551,0.0303,0.0306,0.0409,3206,2018-07-05
DEUS-USD,0.0453,0.0326,0.0409,0.0416,1417,2018-07-06
DEUS-USD,0.0416,0.0361,0.0415,0.0377,114,2018-07-07
DEUS-USD,0.0499,0.0347,0.0377,0.0499,1291,2018-07-08
DEUS-USD,0.05,0.0335,0.0498,0.0351,2795,2018-07-09
DEUS-USD,0.0402,0.0336,0.0351,0.0353,1784,2018-07-10
DEUS-USD,0.0399,0.0352,0.0353,0.0399,981,2018-07-11
DEUS-USD,0.0399,0.0357,0.0399,0.0379,1046,2018-07-12
DEUS-USD,0.0443,0.0369,0.038,0.0403,1192,2018-07-13
DEUS-USD,0.0441,0.0389,0.0402,0.0431,727,2018-07-14
DEUS-USD,0.0623,0.0398,0.0431,0.0534,5045,2018-07-15
DEUS-USD,0.0641,0.0412,0.0534,0.0526,3288,2018-07-16
DEUS-USD,0.0653,0.052,0.0526,0.0618,1301,2018-07-17
DEUS-USD,0.0661,0.0552,0.0617,0.0554,904,2018-07-18
DEUS-USD,0.0617,0.0526,0.0552,0.0609,1867,2018-07-19
DEUS-USD,0.0612,0.049,0.061,0.0592,2352,2018-07-20
DEUS-USD,0.0672,0.0551,0.0592,0.067,1799,2018-07-21
DEUS-USD,0.0697,0.0619,0.067,0.0643,2454,2018-07-22
DEUS-USD,0.0694,0.0632,0.0642,0.0647,1966,2018-07-23
DEUS-USD,0.0697,0.0617,0.0647,0.0626,2569,2018-07-24
DEUS-USD,0.0697,0.051,0.0626,0.056,3064,2018-07-25
DEUS-USD,0.0686,0.056,0.056,0.0657,2349,2018-07-26
DEUS-USD,0.0656,0.0558,0.0656,0.0635,4207,2018-07-27
DEUS-USD,0.0653,0.0572,0.0636,0.0613,1318,2018-07-28
DEUS-USD,0.0675,0.0553,0.0613,0.0556,1113,2018-07-29
DEUS-USD,0.0708,0.0581,0.0589,0.0602,5241,2018-07-30
DEUS-USD,0.0658,0.0595,0.0603,0.0641,3007,2018-07-31
DEUS-USD,0.0642,0.0595,0.0642,0.0611,2324,2018-08-01
DEUS-USD,0.0683,0.0554,0.0629,0.0565,5069,2018-08-02
DEUS-USD,0.0628,0.0497,0.0565,0.0499,2965,2018-08-03
DEUS-USD,0.0529,0.0417,0.0499,0.0485,1938,2018-08-04
DEUS-USD,0.0522,0.0381,0.0485,0.0395,2056,2018-08-05
DEUS-USD,0.0482,0.0364,0.0395,0.04,3841,2018-08-06
DEUS-USD,0.0486,0.0353,0.04,0.038,5494,2018-08-07
DEUS-USD,0.04,0.0345,0.0379,0.0347,1730,2018-08-08
DEUS-USD,0.0389,0.0334,0.0347,0.0385,1675,2018-08-09
DEUS-USD,0.0402,0.0324,0.0385,0.0348,6086,2018-08-10
DEUS-USD,0.0436,0.0294,0.0348,0.0393,3774,2018-08-11
DEUS-USD,0.0533,0.0338,0.0391,0.0445,4516,2018-08-12
DEUS-USD,0.0484,0.043,0.0445,0.0447,6093,2018-08-13
DEUS-USD,0.0447,0.0364,0.0447,0.0365,4115,2018-08-14
DEUS-USD,0.0409,0.0352,0.0365,0.0352,4722,2018-08-15
DEUS-USD,0.0397,0.0344,0.0352,0.0358,4279,2018-08-16
DEUS-USD,0.0389,0.0341,0.0358,0.0354,1854,2018-08-17
DEUS-USD,0.0429,0.034,0.0354,0.0372,4508,2018-08-18
DEUS-USD,0.0418,0.0347,0.0372,0.0407,4418,2018-08-19
DEUS-USD,0.0408,0.0354,0.0407,0.0354,1762,2018-08-20
DEUS-USD,0.0384,0.0324,0.0354,0.0347,5892,2018-08-21
DEUS-USD,0.036,0.03,0.0347,0.0301,2417,2018-08-22
DEUS-USD,0.0334,0.0299,0.0301,0.0318,696,2018-08-23
DEUS-USD,0.0361,0.031,0.0318,0.0341,2106,2018-08-24
DEUS-USD,0.0407,0.0322,0.0341,0.0396,8501,2018-08-25
DEUS-USD,0.0397,0.0339,0.0396,0.038,4130,2018-08-26
DEUS-USD,0.0429,0.0361,0.0381,0.0429,9072,2018-08-27
DEUS-USD,0.0468,0.036,0.0429,0.046,5806,2018-08-28
DEUS-USD,0.0737,0.0444,0.0459,0.0728,18265,2018-08-29
DEUS-USD,0.0836,0.0488,0.0728,0.0569,16129,2018-08-30
DEUS-USD,0.0839,0.0521,0.057,0.0592,15877,2018-08-31
DEUS-USD,0.0607,0.0504,0.0593,0.0545,7833,2018-09-01
DEUS-USD,0.0552,0.0348,0.0546,0.0437,15778,2018-09-02
DEUS-USD,0.0537,0.0434,0.0437,0.0477,6229,2018-09-03
DEUS-USD,0.0496,0.0368,0.0477,0.0384,8089,2018-09-04
DEUS-USD,0.0402,0.0303,0.0383,0.0322,8168,2018-09-05
DEUS-USD,0.0323,0.0272,0.0321,0.0288,3723,2018-09-06
DEUS-USD,0.0296,0.0261,0.0289,0.0276,2788,2018-09-07
DEUS-USD,0.0278,0.0255,0.0276,0.0255,490,2018-09-08
DEUS-USD,0.0256,0.0234,0.0255,0.0242,2079,2018-09-09
DEUS-USD,0.0251,0.0224,0.0242,0.0241,1940,2018-09-10
DEUS-USD,0.0242,0.0195,0.0241,0.0196,1226,2018-09-11
DEUS-USD,0.0213,0.0189,0.0196,0.0208,2247,2018-09-12
DEUS-USD,0.0209,0.0183,0.0208,0.0207,1129,2018-09-13
DEUS-USD,0.0256,0.0182,0.0207,0.019,5448,2018-09-14
DEUS-USD,0.0261,0.0169,0.0189,0.0216,7953,2018-09-15
DEUS-USD,0.0224,0.0191,0.0224,0.0192,2367,2018-09-16
DEUS-USD,0.0194,0.0164,0.0192,0.0166,5008,2018-09-17
DEUS-USD,0.0172,0.0134,0.0166,0.0142,3240,2018-09-18
DEUS-USD,0.0148,0.0123,0.0142,0.0128,2118,2018-09-19
DEUS-USD,0.018,0.0126,0.0128,0.015,3168,2018-09-20
DEUS-USD,0.0151,0.0084,0.015,0.0115,4648,2018-09-21
DEUS-USD,0.0153,0.0101,0.0115,0.0124,2881,2018-09-22
DEUS-USD,0.013,0.011,0.0124,0.0129,1538,2018-09-23
DEUS-USD,0.013,0.0099,0.0129,0.0099,1631,2018-09-24
DEUS-USD,0.011,0.0061,0.0099,0.0097,3188,2018-09-25
DEUS-USD,0.0097,0.0073,0.0097,0.0074,529,2018-09-26
DEUS-USD,0.0089,0.0072,0.0074,0.0081,1134,2018-09-27
DEUS-USD,0.009,0.0054,0.0081,0.0086,3197,2018-09-28
DEUS-USD,0.0087,0.0072,0.0086,0.0087,1144,2018-09-29
DEUS-USD,0.0087,0.0079,0.0087,0.0084,433,2018-09-30
DEUS-USD,0.0085,0.0063,0.0084,0.0077,1955,2018-10-01
DEUS-USD,0.0079,0.0069,0.0077,0.0077,1761,2018-10-02
DEUS-USD,0.0083,0.0066,0.0077,0.0072,1517,2018-10-03
DEUS-USD,0.0107,0.007,0.0072,0.0084,5511,2018-10-04
DEUS-USD,0.0084,0.0068,0.0084,0.0068,2799,2018-10-05
DEUS-USD,0.0073,0.0057,0.0068,0.0065,1525,2018-10-06
DEUS-USD,0.0076,0.0064,0.0065,0.0076,447,2018-10-07
DEUS-USD,0.0075,0.0065,0.0075,0.0067,421,2018-10-08
DEUS-USD,0.0079,0.0061,0.0067,0.0064,2304,2018-10-09
DEUS-USD,0.0071,0.0062,0.0064,0.0063,882,2018-10-10
DEUS-USD,0.0063,0.0055,0.0063,0.0059,1831,2018-10-11
DEUS-USD,0.0062,0.0049,0.0059,0.0053,694,2018-10-12
DEUS-USD,0.0054,0.0047,0.0052,0.0053,296,2018-10-13
DEUS-USD,0.0054,0.0047,0.0053,0.0047,134,2018-10-14
DEUS-USD,0.0054,0.0046,0.0047,0.0054,465,2018-10-15
DEUS-USD,0.0054,0.0044,0.0054,0.0045,344,2018-10-16
DEUS-USD,0.005,0.0042,0.0043,0.0049,491,2018-10-17
DEUS-USD,0.0053,0.0044,0.0049,0.0049,874,2018-10-18
DEUS-USD,0.0049,0.0046,0.0049,0.0049,65,2018-10-19
DEUS-USD,0.0069,0.0043,0.0049,0.0055,2046,2018-10-20
DEUS-USD,0.0055,0.0044,0.0055,0.0049,622,2018-10-21
DEUS-USD,0.0057,0.0048,0.0049,0.0049,472,2018-10-22
DEUS-USD,0.0052,0.0046,0.0049,0.0047,473,2018-10-23
DEUS-USD,0.0049,0.0045,0.0046,0.0048,480,2018-10-24
DEUS-USD,0.0049,0.0048,0.0048,0.0048,163,2018-10-25
DEUS-USD,0.0056,0.0048,0.0048,0.005,1360,2018-10-26
DEUS-USD,0.005,0.0049,0.005,0.0049,210,2018-10-27
DEUS-USD,0.0049,0.0048,0.0049,0.0049,107,2018-10-28
DEUS-USD,0.0049,0.004,0.0049,0.0043,394,2018-10-29
DEUS-USD,0.0044,0.0034,0.0043,0.0036,602,2018-10-30
DEUS-USD,0.0041,0.0036,0.0036,0.0039,298,2018-10-31
DEUS-USD,0.0039,0.0029,0.0039,0.0037,1345,2018-11-01
DEUS-USD,0.0045,0.0027,0.0037,0.0044,5017,2018-11-02
DEUS-USD,0.0047,0.0044,0.0044,0.0047,4120,2018-11-03
DEUS-USD,0.0048,0.0047,0.0047,0.0048,4266,2018-11-04
DEUS-USD,0.0048,0.0027,0.0048,0.003,443,2018-11-05
DEUS-USD,0.003,0.0025,0.003,0.0026,443,2018-11-06
DEUS-USD,0.0027,0.0022,0.0026,0.0026,983,2018-11-07
DEUS-USD,0.0027,0.0023,0.0026,0.0025,214,2018-11-08
DEUS-USD,0.0027,0.0022,0.0025,0.0023,238,2018-11-09
DEUS-USD,0.0024,0.0022,0.0023,0.0022,85,2018-11-10
DEUS-USD,0.0023,0.002,0.0022,0.0022,351,2018-11-11
DEUS-USD,0.0023,0.0021,0.0022,0.0023,224,2018-11-12
DEUS-USD,0.0023,0.0019,0.0023,0.002,320,2018-11-13
DEUS-USD,0.0021,0.0018,0.002,0.0021,202,2018-11-14
DEUS-USD,0.0021,0.0017,0.0021,0.0017,252,2018-11-15
DEUS-USD,0.0029,0.0017,0.0017,0.0022,793,2018-11-16
DEUS-USD,0.0037,0.0021,0.0022,0.0021,3512,2018-11-17
DEUS-USD,0.0032,0.002,0.0021,0.0029,5707,2018-11-18
DEUS-USD,0.0029,0.0017,0.0029,0.0022,1481,2018-11-19
DEUS-USD,0.0022,0.0013,0.0021,0.0018,510,2018-11-20
DEUS-USD,0.0022,0.0018,0.0018,0.0021,4070,2018-11-21
DEUS-USD,0.0022,0.0014,0.0021,0.0014,274,2018-11-22
DEUS-USD,0.0015,0.001,0.0014,0.0013,235,2018-11-23
DEUS-USD,0.0013,0.0012,0.0013,0.0012,74,2018-11-24
DEUS-USD,0.0012,0.001,0.0012,0.0011,39,2018-11-25
DEUS-USD,0.0012,0.0009,0.0011,0.0011,277,2018-11-26
DEUS-USD,0.0021,0.0011,0.0011,0.0015,794,2018-11-27
DEUS-USD,0.003,0.0015,0.0015,0.0025,1366,2018-11-28
DEUS-USD,0.0044,0.0024,0.0025,0.0044,2231,2018-11-29
DEUS-USD,0.0044,0.0032,0.0044,0.0034,342,2018-11-30
DEUS-USD,0.0039,0.0025,0.0034,0.0036,16,2018-12-01
DEUS-USD,0.0036,0.0029,0.0036,0.003,42,2018-12-02
DEUS-USD,0.0035,0.0029,0.003,0.0029,69,2018-12-03
DEUS-USD,0.0035,0.0029,0.0029,0.0034,74,2018-12-04
DEUS-USD,0.0034,0.0024,0.0034,0.0024,49,2018-12-05
DEUS-USD,0.0026,0.0021,0.0024,0.0021,37,2018-12-06
DEUS-USD,0.0021,0.0018,0.0021,0.002,16,2018-12-07
DEUS-USD,0.0024,0.002,0.002,0.0024,0,2018-12-08
DEUS-USD,0.0022,0.0022,0.0022,0.0022,4,2018-12-09
DEUS-USD,0.0022,0.0015,0.0022,0.0019,105,2018-12-10
DEUS-USD,0.002,0.0019,0.0019,0.002,32,2018-12-11
DEUS-USD,0.002,0.0013,0.002,0.0017,115,2018-12-12
DEUS-USD,0.0017,0.0015,0.0017,0.0015,22,2018-12-13
DEUS-USD,0.0015,0.0014,0.0015,0.0015,3,2018-12-14
DEUS-USD,0.0016,0.0015,0.0015,0.0015,11,2018-12-15
DEUS-USD,0.0017,0.0014,0.0015,0.0014,16,2018-12-16
DEUS-USD,0.0016,0.0014,0.0014,0.0016,48,2018-12-17
DEUS-USD,0.0016,0.0014,0.0016,0.0015,35,2018-12-18
DEUS-USD,0.0017,0.0015,0.0015,0.0016,91,2018-12-19
DEUS-USD,0.0017,0.0015,0.0016,0.0016,63,2018-12-20
DEUS-USD,0.0016,0.0013,0.0016,0.0014,70,2018-12-21
DEUS-USD,0.0015,0.0014,0.0014,0.0015,42,2018-12-22
DEUS-USD,0.0016,0.0015,0.0015,0.0015,30,2018-12-23
DEUS-USD,0.0017,0.0014,0.0015,0.0017,274,2018-12-24
DEUS-USD,0.0017,0.0014,0.0017,0.0014,8,2018-12-25
DEUS-USD,0.0015,0.0011,0.0014,0.0015,7,2018-12-26
DEUS-USD,0.0015,0.0014,0.0015,0.0014,4,2018-12-27
DEUS-USD,0.0016,0.0014,0.0014,0.0016,10,2018-12-28
DEUS-USD,0.0017,0.0015,0.0016,0.0016,1,2018-12-29
DEUS-USD,0.0016,0.0015,0.0016,0.0016,1,2018-12-30
DEUS-USD,0.0011,0.0011,0.0011,0.0011,3,2018-12-31
DEUS-USD,0.0015,0.0011,0.0011,0.0015,62,2019-01-01
DEUS-USD,0.0015,0.0013,0.0015,0.0015,33,2019-01-02
DEUS-USD,0.0015,0.0013,0.0015,0.0014,41,2019-01-03
DEUS-USD,0.0014,0.0013,0.0014,0.0014,108,2019-01-04
DEUS-USD,0.0015,0.0014,0.0014,0.0015,63,2019-01-05
DEUS-USD,0.0016,0.0014,0.0015,0.0016,199,2019-01-06
DEUS-USD,0.0016,0.0012,0.0016,0.0012,107,2019-01-07
DEUS-USD,0.0013,0.0012,0.0012,0.0012,13,2019-01-08
DEUS-USD,0.0013,0.0012,0.0012,0.0012,65,2019-01-09
DEUS-USD,0.0012,0.0011,0.0012,0.0011,7,2019-01-10
DEUS-USD,0.0011,0.0011,0.0011,0.0011,17,2019-01-11
DEUS-USD,0.0011,0.001,0.0011,0.0011,6,2019-01-12
DEUS-USD,0.0011,0.0011,0.0011,0.0011,2,2019-01-13
DEUS-USD,0.0011,0.0011,0.0011,0.0011,2,2019-01-14
DEUS-USD,3.1998,1.5234,2.9536,3.1971,193352,2021-01-13
DEUS-USD,3.4903,3.1766,3.1971,3.3782,49906,2021-01-14
DEUS-USD,3.4816,3.1268,3.3863,3.1943,161920,2021-01-15
DEUS-USD,3.6611,3.1934,3.1934,3.4515,258731,2021-01-16
DEUS-USD,3.4751,3.1467,3.4526,3.3468,93303,2021-01-17
DEUS-USD,3.3961,3.1651,3.3468,3.3338,199623,2021-01-18
DEUS-USD,4.0683,3.0289,3.3379,3.8087,776828,2021-01-19
DEUS-USD,3.9065,3.5345,3.8091,3.853,148892,2021-01-20
DEUS-USD,3.9535,3.2096,3.8547,3.2217,122689,2021-01-21
DEUS-USD,3.7819,2.914,3.2202,3.6675,213076,2021-01-22
DEUS-USD,3.7077,3.5312,3.6675,3.6335,90989,2021-01-23
DEUS-USD,4.2555,3.6283,3.6329,4.2286,443344,2021-01-24
DEUS-USD,4.4138,3.9763,4.2379,3.9967,171632,2021-01-25
DEUS-USD,4.1664,3.8215,3.9967,3.971,152151,2021-01-26
DEUS-USD,4.1791,3.7194,3.9709,3.7592,481159,2021-01-27
DEUS-USD,5.0025,3.6994,3.7588,4.9781,1058364,2021-01-28
DEUS-USD,5.5656,4.4987,4.9792,5.3046,1114402,2021-01-29
DEUS-USD,5.6454,4.566,5.3152,5.6162,1124905,2021-01-30
DEUS-USD,6.0699,5.1567,5.6089,5.6173,1908748,2021-01-31
DEUS-USD,6.024,5.3482,5.6113,5.7265,1481743,2021-02-01
DEUS-USD,6.5777,5.4777,5.7263,6.5424,1365723,2021-02-02
DEUS-USD,8.0391,6.5077,6.5355,7.5217,2699646,2021-02-03
DEUS-USD,7.838,6.7246,7.5226,6.9854,805141,2021-02-04
DEUS-USD,7.7166,6.9132,6.9838,7.4798,703783,2021-02-05
DEUS-USD,7.6566,6.6782,7.4797,6.956,594365,2021-02-06
DEUS-USD,6.9896,6.0891,6.9561,6.582,254293,2021-02-07
DEUS-USD,7.1638,6.3551,6.582,6.6906,469370,2021-02-08
DEUS-USD,7.5716,6.4489,6.6906,7.1611,1033392,2021-02-09
DEUS-USD,7.8697,6.6531,7.1611,7.0168,647002,2021-02-10
DEUS-USD,7.2751,6.7536,7.0166,7.0043,304775,2021-02-11
DEUS-USD,7.7015,6.6982,7.0047,6.9576,962422,2021-02-12
DEUS-USD,7.4793,6.9216,6.9576,7.3644,539834,2021-02-13
DEUS-USD,7.452,6.9626,7.3644,7.0296,316348,2021-02-14
DEUS-USD,7.4695,6.5349,7.0297,7.2328,857009,2021-02-15
DEUS-USD,7.4837,6.7739,7.2333,7.1023,355430,2021-02-16
DEUS-USD,8.0027,6.8665,7.1024,7.9484,539578,2021-02-17
DEUS-USD,8.1855,7.7785,7.9335,8.1459,375672,2021-02-18
DEUS-USD,8.3704,7.8044,8.1464,8.3353,436865,2021-02-19
DEUS-USD,8.5572,7.9163,8.3354,8.0083,321690,2021-02-20
DEUS-USD,8.0366,7.7357,8.0088,7.8016,386315,2021-02-21
DEUS-USD,8.0103,6.6767,7.8014,7.2323,632580,2021-02-22
DEUS-USD,7.6163,5.0855,7.2366,5.7514,2084959,2021-02-23
DEUS-USD,6.4094,5.6645,5.7578,6.1135,323663,2021-02-24
DEUS-USD,6.2398,5.5389,6.1146,5.5624,357612,2021-02-25
DEUS-USD,5.8488,5.332,5.5615,5.5446,244484,2021-02-26
DEUS-USD,5.9624,5.4609,5.5444,5.6498,399722,2021-02-27
DEUS-USD,5.6606,4.9525,5.6499,5.2994,277922,2021-02-28
DEUS-USD,5.913,5.2759,5.2993,5.913,169854,2021-03-01
DEUS-USD,6.2691,5.6998,5.9144,5.935,1035964,2021-03-02
DEUS-USD,6.9065,5.9224,5.944,6.5957,1820691,2021-03-03
DEUS-USD,7.9725,6.2256,6.5954,7.5027,8151085,2021-03-04
DEUS-USD,8.1,6.7349,7.5029,7.8228,4298054,2021-03-05
DEUS-USD,8.3833,7.4208,7.8228,8.0436,1496827,2021-03-06
DEUS-USD,8.7801,7.9639,8.0436,8.7108,1554325,2021-03-07
DEUS-USD,9.2177,8.1501,8.7106,9.2177,2567765,2021-03-08
DEUS-USD,9.9442,9.0529,9.2347,9.9442,1241650,2021-03-09
DEUS-USD,10.0039,8.9205,9.9463,9.8572,782552,2021-03-10
DEUS-USD,10.3744,9.5419,9.8573,10.0208,1794316,2021-03-11
DEUS-USD,10.3043,9.4061,10.0209,9.7171,598084,2021-03-12
DEUS-USD,10.6418,9.4147,9.72,10.6385,677382,2021-03-13
DEUS-USD,10.6696,9.9497,10.6473,10.2427,1266103,2021-03-14
DEUS-USD,10.3979,9.4056,10.2427,9.6305,601062,2021-03-15
DEUS-USD,10.0125,9.1212,9.6288,9.5504,841037,2021-03-16
DEUS-USD,10.0279,9.2644,9.5506,9.5216,384059,2021-03-17
DEUS-USD,9.7989,9.159,9.5229,9.3709,427536,2021-03-18
DEUS-USD,9.7436,9.2099,9.3686,9.3871,571362,2021-03-19
DEUS-USD,9.8801,8.9043,9.3899,9.3816,584153,2021-03-20
DEUS-USD,9.6528,9.0394,9.3642,9.0394,605863,2021-03-21
DEUS-USD,11.1085,8.5936,9.0499,8.9967,618058,2021-03-22
DEUS-USD,9.0563,8.427,8.9949,8.6073,359266,2021-03-23
DEUS-USD,9.0274,8.2447,8.6023,8.3119,549165,2021-03-24
DEUS-USD,8.5731,8.0034,8.3053,8.274,359047,2021-03-25
DEUS-USD,9.0801,8.2728,8.2728,8.5846,339977,2021-03-26
DEUS-USD,9.0297,8.5827,8.5827,8.6072,507923,2021-03-27
DEUS-USD,8.8624,8.3068,8.6065,8.4281,458048,2021-03-28
DEUS-USD,10.0398,8.4062,8.4299,9.1544,1028734,2021-03-29
DEUS-USD,9.769,9.0609,9.1541,9.7165,1351178,2021-03-30
DEUS-USD,10.1286,9.1756,9.7154,9.6927,812985,2021-03-31
DEUS-USD,10.108,9.4306,9.6924,9.8566,506091,2021-04-01
DEUS-USD,10.7987,9.7243,9.8737,10.6238,758615,2021-04-02
DEUS-USD,10.7737,9.9219,10.636,9.9621,539258,2021-04-03
DEUS-USD,10.5378,9.8459,9.9464,10.1825,573900,2021-04-04
DEUS-USD,10.3597,9.8169,10.1784,9.9309,391471,2021-04-05
DEUS-USD,10.5878,9.5899,9.9349,9.9399,1344065,2021-04-06
DEUS-USD,10.7112,8.9475,9.9404,9.3165,454026,2021-04-07
DEUS-USD,10.7115,9.1585,9.2953,9.5948,977177,2021-04-08
DEUS-USD,9.708,9.4193,9.6047,9.5384,386614,2021-04-09
DEUS-USD,10.0993,9.5335,9.5401,9.7237,433732,2021-04-10
DEUS-USD,10.1549,9.5253,9.7241,9.5823,400216,2021-04-11
DEUS-USD,9.7857,9.0155,9.5836,9.2691,931353,2021-04-12
DEUS-USD,10.1686,8.5109,8.5109,10.0044,474973,2021-04-13
DEUS-USD,10.7872,9.4799,10.0125,10.7554,965896,2021-04-14
DEUS-USD,11.4478,10.4451,10.7565,11.1563,670937,2021-04-15
DEUS-USD,11.2893,10.0953,11.1501,10.9368,735441,2021-04-16
DEUS-USD,11.116,10.1003,10.9366,10.3513,262449,2021-04-17
DEUS-USD,10.414,9.0203,10.3419,9.3729,408554,2021-04-18
DEUS-USD,10.1524,8.6775,9.3751,9.2331,993491,2021-04-19
DEUS-USD,9.9327,8.7713,9.2348,9.6511,237461,2021-04-20
DEUS-USD,10.6073,9.3633,9.676,10.0686,796245,2021-04-21
DEUS-USD,10.8961,9.1034,10.076,10.3014,1618725,2021-04-22
DEUS-USD,10.8434,9.278,10.2992,10.2661,364645,2021-04-23
DEUS-USD,10.2754,9.2081,10.2655,9.3777,376538,2021-04-24
DEUS-USD,9.8021,8.8072,9.3757,9.4855,646335,2021-04-25
DEUS-USD,11.3029,9.4864,9.4864,10.5324,1176042,2021-04-26
DEUS-USD,10.6374,10.0392,10.5317,10.5911,248797,2021-04-27
DEUS-USD,10.8927,10.3548,10.5906,10.796,258928,2021-04-28
DEUS-USD,10.9067,10.4602,10.798,10.6014,341504,2021-04-29
DEUS-USD,10.8498,10.5067,10.5976,10.7976,545723,2021-04-30
DEUS-USD,11.2899,10.5954,10.7961,11.2169,550015,2021-05-01
DEUS-USD,12.2394,10.7936,11.2198,11.065,327763,2021-05-02
DEUS-USD,14.3736,9.8699,11.2149,12.9223,5593596,2021-05-03
DEUS-USD,13.666,12.0829,12.9,12.2615,1992560,2021-05-04
DEUS-USD,13.0579,11.829,12.2584,13.0461,981442,2021-05-05
DEUS-USD,13.444,12.5649,13.0464,13.3419,956018,2021-05-06
DEUS-USD,13.5633,12.4565,13.3176,12.6759,1120917,2021-05-07
DEUS-USD,14.2635,12.2355,12.677,14.0181,518490,2021-05-08
DEUS-USD,14.8576,13.4584,13.9932,13.8382,501278,2021-05-09
DEUS-USD,15.2108,13.1739,13.8411,14.865,1566938,2021-05-10
DEUS-USD,15.263,13.615,14.8729,15.2146,704702,2021-05-11
DEUS-USD,16.0603,14.5112,15.2111,14.5112,824910,2021-05-12
DEUS-USD,15.1708,13.6306,14.4413,14.2438,343059,2021-05-13
DEUS-USD,16.3538,14.2469,14.2547,15.1703,1593353,2021-05-14
DEUS-USD,15.3265,13.1596,15.3265,13.1604,389445,2021-05-15
DEUS-USD,13.4801,11.8708,13.1401,12.4592,616343,2021-05-16
DEUS-USD,13.0743,10.5008,12.4673,11.5168,2437133,2021-05-17
DEUS-USD,13.3562,10.6849,11.5142,12.5985,1914019,2021-05-18
DEUS-USD,12.6604,6.1643,12.5961,9.8724,3312715,2021-05-19
DEUS-USD,10.7444,8.5619,9.8683,9.8151,1063128,2021-05-20
DEUS-USD,10.0887,7.5235,9.8117,8.2799,772714,2021-05-21
DEUS-USD,8.6883,7.6412,8.2829,7.7005,686164,2021-05-22
DEUS-USD,7.7472,5.6447,7.6977,6.06,1832849,2021-05-23
DEUS-USD,7.787,5.986,6.0622,7.7437,885037,2021-05-24
DEUS-USD,7.8997,6.9906,7.7439,7.7169,777694,2021-05-25
DEUS-USD,8.5321,7.66,7.7155,8.4397,291038,2021-05-26
DEUS-USD,8.4475,7.956,8.4407,8.0665,209489,2021-05-27
DEUS-USD,8.0803,6.8809,8.0689,6.8953,227760,2021-05-28
DEUS-USD,7.1974,6.362,6.9018,6.4821,272995,2021-05-29
DEUS-USD,7.2665,6.2761,6.5299,6.9105,239856,2021-05-30
DEUS-USD,7.5129,6.6028,6.9106,7.5121,119371,2021-05-31
DEUS-USD,7.6367,7.2643,7.5133,7.5366,152296,2021-06-01
DEUS-USD,7.8994,7.4416,7.5366,7.7932,162957,2021-06-02
DEUS-USD,8.0947,7.6661,7.7931,8.091,354432,2021-06-03
DEUS-USD,8.0944,7.2997,8.0944,7.504,166107,2021-06-04
DEUS-USD,7.8125,7.3344,7.4955,7.5331,121657,2021-06-05
DEUS-USD,7.8795,7.5112,7.5293,7.6275,174886,2021-06-06
DEUS-USD,7.9494,7.2337,7.6379,7.3196,226182,2021-06-07
DEUS-USD,7.3772,6.3664,7.3166,6.7622,1026735,2021-06-08
DEUS-USD,7.291,6.5369,6.7671,7.0327,204725,2021-06-09
DEUS-USD,7.105,6.7284,7.0276,6.8703,99459,2021-06-10
DEUS-USD,7.1653,6.1863,6.8694,6.2045,439637,2021-06-11
DEUS-USD,6.4452,5.9053,6.2043,6.3047,471488,2021-06-12
DEUS-USD,6.8005,6.1623,6.3044,6.7493,78625,2021-06-13
DEUS-USD,6.9793,6.5058,6.7516,6.8402,80548,2021-06-14
DEUS-USD,7.1216,6.9019,7.0306,7.093,444505,2021-06-15
DEUS-USD,7.0235,6.5255,6.9741,6.653,118941,2021-06-16
DEUS-USD,6.6529,6.1862,6.6528,6.3721,150143,2021-06-17
DEUS-USD,6.4283,5.9062,6.3717,5.983,259009,2021-06-18
DEUS-USD,6.045,5.6291,5.985,5.927,248832,2021-06-19
DEUS-USD,6.0719,5.6568,5.9277,5.9779,171121,2021-06-20
DEUS-USD,6.0011,4.9503,5.9784,4.9956,506581,2021-06-21
DEUS-USD,5.2162,4.2248,4.994,4.7555,585969,2021-06-22
DEUS-USD,5.1755,4.5876,4.7566,5.0853,187771,2021-06-23
DEUS-USD,5.4752,4.9701,5.1532,5.3707,119641,2021-06-24
DEUS-USD,5.398,4.7821,5.3713,4.8027,213802,2021-06-25
DEUS-USD,4.9242,4.5536,4.801,4.6242,167314,2021-06-26
DEUS-USD,5.0043,4.4864,4.6265,5.0043,957282,2021-06-27
DEUS-USD,5.4213,4.7542,5.0017,5.2913,653381,2021-06-28
DEUS-USD,5.5612,5.2639,5.2905,5.4541,56848,2021-06-29
DEUS-USD,5.6079,5.2326,5.454,5.5629,270156,2021-06-30
DEUS-USD,5.5757,5.0677,5.5649,5.0685,245908,2021-07-01
DEUS-USD,5.0985,4.83,5.0677,5.0468,97443,2021-07-02
DEUS-USD,5.3409,5.0042,5.0472,5.2263,81230,2021-07-03
DEUS-USD,5.5798,5.156,5.2273,5.5058,191606,2021-07-04
DEUS-USD,5.5888,5.1283,5.5058,5.2826,235992,2021-07-05
DEUS-USD,6.8615,3.7336,5.2826,5.328,2359232,2021-07-06
DEUS-USD,5.4244,5.0846,5.3288,5.2854,200064,2021-07-07
DEUS-USD,5.2905,4.8319,5.2844,4.9196,75093,2021-07-08
DEUS-USD,5.0211,4.7986,4.9208,4.9309,87364,2021-07-09
DEUS-USD,4.9757,4.772,4.9305,4.8794,58462,2021-07-10
DEUS-USD,4.8835,4.6128,4.8798,4.8073,130600,2021-07-11
DEUS-USD,4.8878,4.4088,4.8077,4.4185,84993,2021-07-12
DEUS-USD,4.4582,4.2866,4.4185,4.2925,37986,2021-07-13
