EVGN,10.94,10.88,10.94,10.88,842,2013-05-22
EVGN,11.2,11.2,11.2,11.2,50,2013-05-28
EVGN,12.7,12.7,12.7,12.7,500,2013-06-10
EVGN,12.8,12.8,12.8,12.8,698,2013-06-11
EVGN,12.4,12.4,12.4,12.4,4600,2013-07-01
EVGN,11.66,11.66,11.66,11.66,1250,2013-07-26
EVGN,11.5,11.5,11.5,11.5,1000,2013-07-31
EVGN,15.2,15.2,15.2,15.2,50,2013-09-30
EVGN,16.22,16.22,16.22,16.22,2701,2013-10-10
EVGN,16.88,16.44,16.44,16.88,300,2013-10-14
EVGN,18.1,18.1,18.1,18.1,1500,2013-10-17
EVGN,16.6,16.5138,16.5138,16.6,2850,2013-10-21
EVGN,17.8,17.32,17.34,17.8,1100,2013-10-22
EVGN,17.58,17.58,17.58,17.58,75,2013-10-24
EVGN,17.2,17.2,17.2,17.2,100,2013-10-28
EVGN,16.74,16.74,16.74,16.74,250,2013-10-30
EVGN,16.3,16.3,16.3,16.3,250,2013-10-31
EVGN,16.8516,16.8516,16.8516,16.8516,3750,2013-11-04
EVGN,16.84,16.8,16.8,16.84,1350,2013-11-05
EVGN,18,17.54,17.54,18,2375,2013-11-06
EVGN,17.4636,17.4636,17.4636,17.4636,3750,2013-11-12
EVGN,16.9838,16.9838,16.9838,16.9838,7500,2013-11-19
EVGN,16.619,16.619,16.619,16.619,7500,2013-11-20
EVGN,18.5,16.65,17.26,16.74,119513,2013-11-22
EVGN,17.58,17.02,17.29,17.02,142254,2013-11-25
EVGN,17,16.65,17,16.76,20126,2013-11-26
EVGN,17.5899,17.11,17.2,17.34,77750,2013-11-27
EVGN,17.29,16.91,17.29,17.03,34375,2013-11-29
EVGN,17.44,17.1,17.21,17.27,28837,2013-12-02
EVGN,17.8,17.3,17.44,17.49,22360,2013-12-03
EVGN,17.7299,17.45,17.5001,17.61,8920,2013-12-04
EVGN,18.7,17.71,17.8,18.64,24909,2013-12-05
EVGN,18.453,18,18.45,18.24,21986,2013-12-06
EVGN,19.5,18.41,18.54,18.99,62669,2013-12-09
EVGN,19.2,18.8,19.1,19.1,40125,2013-12-10
EVGN,19.72,18.85,19.18,19.63,26398,2013-12-11
EVGN,20.3899,19.12,19.35,19.99,76378,2013-12-12
EVGN,20.3,19.65,20.3,19.75,35533,2013-12-13
EVGN,19.45,18.68,19.365,18.75,52198,2013-12-16
EVGN,19.25,18.82,19.03,18.99,32949,2013-12-17
EVGN,19.24,18.66,19.08,18.8,11230,2013-12-18
EVGN,18.9975,18.7001,18.7001,18.81,8574,2013-12-19
EVGN,18.95,18.72,18.89,18.72,12902,2013-12-20
EVGN,19.19,18.95,19,18.95,6418,2013-12-23
EVGN,19.16,18.88,19,18.88,2485,2013-12-24
EVGN,19.65,19.1,19.17,19.62,10571,2013-12-26
EVGN,19.5971,19.2368,19.51,19.48,7194,2013-12-27
EVGN,19.5,19.01,19.4492,19.32,6190,2013-12-30
EVGN,19.7,19.55,19.55,19.65,15580,2013-12-31
EVGN,19.69,19.0401,19.69,19.2314,9169,2014-01-02
EVGN,19.31,19.1,19.31,19.24,4043,2014-01-03
EVGN,20.17,19.35,19.49,19.6,8333,2014-01-06
EVGN,19.85,19.65,19.72,19.8099,11723,2014-01-07
EVGN,19.89,19.25,19.85,19.49,17212,2014-01-08
EVGN,19.65,19.38,19.5,19.3801,6287,2014-01-09
EVGN,19.55,19.39,19.3945,19.52,10752,2014-01-10
EVGN,19.55,19.32,19.32,19.45,7536,2014-01-13
EVGN,19.75,19.27,19.48,19.5,20975,2014-01-14
EVGN,19.66,19.4021,19.5,19.48,7022,2014-01-15
EVGN,19.3999,19.25,19.3,19.38,3806,2014-01-16
EVGN,19.43,19.26,19.31,19.27,5896,2014-01-17
EVGN,19.26,18.76,19.13,18.8,9527,2014-01-21
EVGN,18.8018,18.55,18.8,18.6,8231,2014-01-22
EVGN,18.6,18.0101,18.6,18.24,16326,2014-01-23
EVGN,18.4,17.63,18.15,18.19,26767,2014-01-24
EVGN,17.9,17.26,17.85,17.41,18820,2014-01-27
EVGN,18,17.6,17.67,17.93,12292,2014-01-28
EVGN,17.93,17.5,17.7,17.55,11637,2014-01-29
EVGN,17.8875,17.25,17.69,17.5,12417,2014-01-30
EVGN,17.659,17.25,17.4,17.53,14830,2014-01-31
EVGN,18.29,17.62,17.65,17.74,21075,2014-02-03
EVGN,17.99,17.84,17.88,17.89,2975,2014-02-04
EVGN,17.82,17.61,17.79,17.78,5810,2014-02-05
EVGN,17.75,17.54,17.73,17.58,9376,2014-02-06
EVGN,17.9,17.641,17.7,17.87,2738,2014-02-07
EVGN,18.28,18.01,18.25,18.22,20752,2014-02-10
EVGN,18.73,18.29,18.53,18.72,7488,2014-02-11
EVGN,19.2,19.02,19.02,19.2,5295,2014-02-12
EVGN,19.12,18.95,19.12,19.05,5176,2014-02-13
EVGN,19.16,19.08,19.09,19.08,4551,2014-02-14
EVGN,19.29,19.122,19.29,19.27,17020,2014-02-18
EVGN,18.9,18.4,18.89,18.59,17644,2014-02-19
EVGN,18.48,18.06,18.48,18.21,4496,2014-02-20
EVGN,18.54,18.34,18.52,18.34,3200,2014-02-21
EVGN,18.6,18.51,18.52,18.5101,1950,2014-02-24
EVGN,18.89,18.7,18.7,18.8772,5475,2014-02-25
EVGN,18.85,18.5965,18.85,18.73,5045,2014-02-26
EVGN,19.09,18.7,18.7,18.96,13466,2014-02-27
EVGN,19.2,18.88,19.02,18.94,5936,2014-02-28
EVGN,19.06,18.75,19.06,18.86,9188,2014-03-03
EVGN,19.39,19.25,19.3,19.39,7020,2014-03-04
EVGN,19.5499,19.48,19.5,19.5499,3245,2014-03-05
EVGN,20,19.79,20,19.79,3038,2014-03-06
EVGN,19.85,19.71,19.79,19.71,2196,2014-03-07
EVGN,19.64,19.36,19.6,19.4986,2991,2014-03-10
EVGN,20,19.28,19.5,19.91,10930,2014-03-11
EVGN,19.61,19.5,19.56,19.61,4946,2014-03-12
EVGN,19.59,19.38,19.54,19.55,6936,2014-03-13
EVGN,19.8,19.5801,19.5801,19.8,1579,2014-03-14
EVGN,19.6164,19.55,19.6,19.6164,1310,2014-03-17
EVGN,19.9,19.59,19.7263,19.7999,4157,2014-03-18
EVGN,19.45,19.11,19.18,19.11,10489,2014-03-19
EVGN,19.64,19.5,19.61,19.56,54493,2014-03-20
EVGN,19.62,19.31,19.62,19.32,13757,2014-03-21
EVGN,19.71,19.42,19.7,19.54,16668,2014-03-24
EVGN,19.94,19.57,19.75,19.64,23017,2014-03-25
EVGN,19.6,19.3,19.6,19.3,2020,2014-03-26
EVGN,19.3499,19.17,19.22,19.3499,3882,2014-03-27
EVGN,19.5,19.25,19.29,19.25,2379,2014-03-28
EVGN,19.23,18.935,19.23,19.05,8177,2014-03-31
EVGN,19.3979,18.92,18.99,19.05,12163,2014-04-01
EVGN,19.3896,19.13,19.3896,19.21,5477,2014-04-02
EVGN,19.55,19.25,19.4,19.25,18009,2014-04-03
EVGN,19.429,19.0101,19.36,19.0101,4479,2014-04-04
EVGN,19.1799,18.75,19.1,18.9,19654,2014-04-07
EVGN,19,18.8812,18.92,18.99,2764,2014-04-08
EVGN,19.39,18.95,19,19.25,19289,2014-04-09
EVGN,19.21,17.6,19.16,18.2,49953,2014-04-10
EVGN,18.39,17.88,18.22,18,37651,2014-04-11
EVGN,18.151,17.79,18.151,17.9999,20093,2014-04-14
EVGN,18.24,17.54,18.1299,17.71,18896,2014-04-15
EVGN,17.7,17.55,17.62,17.6,15540,2014-04-16
EVGN,17,16.4,17,16.77,31657,2014-04-17
EVGN,16.8,16.6,16.64,16.8,13031,2014-04-21
EVGN,17.65,17.46,17.53,17.51,21078,2014-04-22
EVGN,17.85,17.68,17.81,17.7,36057,2014-04-23
EVGN,18.04,17.65,18.01,17.71,26225,2014-04-24
EVGN,17.69,17.52,17.65,17.6,1584,2014-04-25
EVGN,17.63,17.28,17.63,17.53,14359,2014-04-28
EVGN,17.685,17.51,17.6,17.61,6648,2014-04-29
EVGN,17.72,17.42,17.7,17.45,20413,2014-04-30
EVGN,17.445,17.25,17.41,17.25,15426,2014-05-01
EVGN,17.39,17.14,17.27,17.3792,4170,2014-05-02
EVGN,17.3,17.08,17.3,17.08,13216,2014-05-05
EVGN,17.09,17.01,17.08,17.04,1314,2014-05-06
EVGN,17.06,16.8,17.06,16.89,5554,2014-05-07
EVGN,16.9,16.55,16.89,16.62,4437,2014-05-08
EVGN,16.78,16.65,16.73,16.78,2828,2014-05-09
EVGN,17.19,16.93,17.16,17.05,22808,2014-05-12
EVGN,17.35,17.19,17.31,17.23,21736,2014-05-13
EVGN,17.48,17.26,17.33,17.26,19800,2014-05-14
EVGN,17,16.35,17,16.55,10852,2014-05-15
EVGN,16.68,16.4,16.58,16.6,6842,2014-05-16
EVGN,16.59,16.5,16.521,16.55,2839,2014-05-19
EVGN,16.62,16.15,16.55,16.2801,7913,2014-05-20
EVGN,16.54,16.45,16.54,16.49,4628,2014-05-21
EVGN,16.59,16.5,16.5,16.59,2404,2014-05-22
EVGN,16.6,16.53,16.6,16.53,270,2014-05-23
EVGN,16.88,16.6438,16.81,16.8652,4637,2014-05-27
EVGN,17.3,16.9,17,17.3,27438,2014-05-28
EVGN,17.25,17.11,17.25,17.11,17119,2014-05-29
EVGN,17.29,17.05,17.18,17.08,34013,2014-05-30
EVGN,16.96,16.785,16.9,16.955,8417,2014-06-02
EVGN,16.83,16.83,16.83,16.83,100,2014-06-03
EVGN,16.875,16.7,16.87,16.8,4375,2014-06-04
EVGN,16.7,16.56,16.6,16.675,4375,2014-06-05
EVGN,16.8276,16.74,16.74,16.8,1064,2014-06-06
EVGN,16.79,16.74,16.74,16.79,724,2014-06-09
EVGN,16.78,16.67,16.67,16.7,5340,2014-06-10
EVGN,16.675,16.5,16.65,16.56,8744,2014-06-11
EVGN,16.75,16.44,16.49,16.75,2110,2014-06-12
EVGN,16.7,16.61,16.62,16.629,823,2014-06-13
EVGN,16.816,16.73,16.75,16.79,2605,2014-06-16
EVGN,16.775,16.64,16.775,16.69,1377,2014-06-17
EVGN,16.77,16.57,16.68,16.6,2513,2014-06-18
EVGN,16.72,16.52,16.71,16.6,7718,2014-06-19
EVGN,16.64,16.55,16.63,16.55,932,2014-06-20
EVGN,16.47,16.11,16.46,16.37,10140,2014-06-23
EVGN,16.36,16.29,16.3,16.36,22026,2014-06-24
EVGN,16.39,16.06,16.12,16.35,12800,2014-06-25
EVGN,16.37,16.26,16.29,16.36,11011,2014-06-26
EVGN,16.42,16.35,16.35,16.4,10953,2014-06-27
EVGN,16.39,16.3,16.3,16.38,13279,2014-06-30
EVGN,16.21,16.01,16.19,16.16,12794,2014-07-01
EVGN,16.09,16,16,16.09,2100,2014-07-02
EVGN,16,15.7778,16,15.89,16763,2014-07-03
EVGN,15.45,15.05,15.29,15.09,10322,2014-07-07
EVGN,14.84,14.61,14.8,14.75,4680,2014-07-08
EVGN,14.99,14.94,14.95,14.9899,3338,2014-07-09
EVGN,14.99,14.76,14.76,14.99,1737,2014-07-10
EVGN,15.5,14.95,14.95,15.09,5023,2014-07-11
EVGN,15.3,15.22,15.2601,15.29,3230,2014-07-14
EVGN,15.5,15.4,15.4,15.4,3200,2014-07-15
EVGN,15.382,15.3,15.31,15.382,2038,2014-07-16
EVGN,15.36,15.296,15.35,15.296,1508,2014-07-17
EVGN,15.3,15.3,15.3,15.3,293,2014-07-18
EVGN,15.1,14.98,15.04,15.02,1581,2014-07-21
EVGN,15.3,15.1765,15.28,15.19,5724,2014-07-22
EVGN,14.95,14.79,14.95,14.93,4129,2014-07-23
EVGN,14.94,14.75,14.89,14.86,4555,2014-07-24
EVGN,14.93,14.76,14.78,14.81,4130,2014-07-25
EVGN,14.55,14.25,14.55,14.25,2664,2014-07-28
EVGN,14.06,14,14.03,14.03,4204,2014-07-29
EVGN,13.91,13.49,13.83,13.79,636873,2014-07-30
EVGN,13.47,13.26,13.42,13.4,4040,2014-07-31
EVGN,13.25,12.83,13.111,13.25,6802,2014-08-01
EVGN,13.23,13.1,13.19,13.11,15480,2014-08-04
EVGN,13.11,12.59,13.11,13,4012,2014-08-05
EVGN,13.0999,13,13.04,13.0999,1376,2014-08-06
EVGN,13.03,12.69,13.03,12.7,8474,2014-08-07
EVGN,12.91,12.67,12.88,12.9,1620,2014-08-08
EVGN,13.06,12.81,13.04,12.81,8247,2014-08-11
EVGN,12.99,12.8,12.92,12.93,2888,2014-08-12
EVGN,13.08,12.89,12.99,13.05,26449,2014-08-13
EVGN,13.19,13.07,13.07,13.09,4698,2014-08-14
EVGN,13.14,13.03,13.03,13.1,420,2014-08-15
EVGN,13.129,12.9,13.1,13.05,6532,2014-08-18
EVGN,13.3299,13.01,13.28,13.01,2873,2014-08-19
EVGN,13,12.39,12.45,13,27029,2014-08-20
EVGN,13.949,13.25,13.25,13.949,4687,2014-08-21
EVGN,14.1355,13.94,13.94,14.02,11065,2014-08-22
EVGN,13.37,13.0102,13.19,13.05,27796,2014-08-25
EVGN,13.1499,13.1,13.1156,13.1,2431,2014-08-26
EVGN,13.2299,13.1218,13.1218,13.2299,2530,2014-08-27
EVGN,13.1,13,13.04,13,1100,2014-08-28
EVGN,13.15,13.1,13.1,13.11,2356,2014-08-29
EVGN,13.05,12.45,12.51,13,63257,2014-09-02
EVGN,12.8,12.6,12.64,12.6,15538,2014-09-03
EVGN,13.17,12.66,12.73,13.17,7103,2014-09-04
EVGN,12.9786,12.75,12.78,12.75,6293,2014-09-05
EVGN,12.68,12.44,12.64,12.45,11758,2014-09-08
EVGN,13.48,13.22,13.4,13.4799,18722,2014-09-09
EVGN,13.15,13,13.09,13.03,11901,2014-09-10
EVGN,12.93,12.65,12.9,12.85,7078,2014-09-11
EVGN,13,12.79,13,12.86,1700,2014-09-12
EVGN,13.25,13.03,13.18,13.06,2774,2014-09-15
EVGN,13.45,13.08,13.1,13.3,5449,2014-09-16
EVGN,13.8,13.55,13.64,13.69,11042,2014-09-17
EVGN,14,13.9,13.95,13.9,3900,2014-09-18
EVGN,13.91,13.82,13.8742,13.91,850,2014-09-19
EVGN,13.7,13.36,13.68,13.63,5560,2014-09-22
EVGN,13.48,13.3,13.48,13.3,975,2014-09-23
EVGN,13.31,13.22,13.31,13.2298,1101,2014-09-25
EVGN,13.19,13.05,13.05,13.19,980,2014-09-26
EVGN,13.27,13.26,13.26,13.27,480,2014-09-29
EVGN,13.16,12.83,12.93,13.16,12005,2014-09-30
EVGN,12.99,12.84,12.94,12.84,7393,2014-10-01
EVGN,13.1996,13.0001,13.154,13.06,1085,2014-10-02
EVGN,13.09,13.06,13.06,13.09,214,2014-10-03
EVGN,13.21,13.05,13.21,13.07,4810,2014-10-06
EVGN,12.97,12.84,12.95,12.97,5077,2014-10-07
EVGN,12.99,12.99,12.99,12.99,505,2014-10-08
EVGN,13,12.98,13,12.98,600,2014-10-09
EVGN,12.93,12.74,12.9,12.74,7144,2014-10-10
EVGN,12.35,12.01,12.35,12.04,3970,2014-10-13
EVGN,11.75,11.06,11.75,11.15,6371,2014-10-14
EVGN,11.4,11.01,11.01,11.356,5025,2014-10-15
EVGN,11.444,11.29,11.3,11.29,1310,2014-10-16
EVGN,11.55,11.23,11.23,11.52,12621,2014-10-17
EVGN,11.52,11.4,11.46,11.49,7250,2014-10-20
EVGN,11.97,11.43,11.43,11.77,18624,2014-10-21
EVGN,11.9199,11.76,11.76,11.9199,9193,2014-10-22
EVGN,11.7899,11.55,11.6,11.63,2858,2014-10-23
EVGN,11.7301,11.69,11.7,11.69,1295,2014-10-24
EVGN,11.36,11.16,11.36,11.26,4716,2014-10-27
EVGN,11.3,11.2601,11.2601,11.3,551,2014-10-28
EVGN,11.42,11.18,11.28,11.18,2456,2014-10-29
EVGN,11.28,10.86,11.05,10.92,5982,2014-10-30
EVGN,11.59,11.26,11.59,11.43,3931,2014-10-31
EVGN,11.24,11.02,11.23,11.148,3913,2014-11-03
EVGN,11.316,11.11,11.26,11.11,2573,2014-11-04
EVGN,11.31,10.76,11.12,10.76,25372,2014-11-05
EVGN,11.141,10.51,11.11,10.51,15730,2014-11-06
EVGN,10.5899,10.45,10.551,10.5,22829,2014-11-07
EVGN,10.7,10.26,10.41,10.36,22087,2014-11-10
EVGN,10.4,10.15,10.26,10.24,21753,2014-11-11
EVGN,10.2,9.82,10.11,10,30040,2014-11-12
EVGN,10.19,9.85,10.19,10.07,31714,2014-11-13
EVGN,10.4,9.953,10.18,9.96,21022,2014-11-14
EVGN,9.82,9.6,9.82,9.745,10644,2014-11-17
EVGN,9.65,9.58,9.65,9.58,4809,2014-11-18
EVGN,9.6,9.5,9.58,9.5,3253,2014-11-19
EVGN,9.8,9.19,9.51,9.49,12279,2014-11-20
EVGN,9.56,9.2,9.49,9.26,11035,2014-11-21
EVGN,9.09,8.9,9.03,8.97,8264,2014-11-24
EVGN,8.88,8.74,8.88,8.74,6020,2014-11-25
EVGN,9.05,8.74,8.74,8.9,18393,2014-11-26
EVGN,9.3399,9.11,9.11,9.2,3966,2014-11-28
EVGN,9.21,9.01,9.21,9.01,4514,2014-12-01
EVGN,9.03,8.91,9,8.91,6051,2014-12-02
EVGN,9.47,9,9.06,9.3799,9949,2014-12-03
EVGN,9.92,9.65,9.7,9.92,8856,2014-12-04
EVGN,10.07,9.8001,9.8001,9.94,1388,2014-12-05
EVGN,10.62,10.43,10.46,10.47,4835,2014-12-08
EVGN,10.51,10.12,10.2,10.51,5233,2014-12-09
EVGN,10.38,10,10.26,10.22,11883,2014-12-10
EVGN,10.11,9.9,9.92,10.1,1564,2014-12-11
EVGN,10.24,9.95,9.95,10.24,1390,2014-12-12
EVGN,10.4068,10.28,10.28,10.35,3683,2014-12-15
EVGN,10.1399,9.96,10,10.1399,4804,2014-12-16
EVGN,9.78,9.598,9.78,9.72,2915,2014-12-17
EVGN,9.93,9.82,9.82,9.8348,2195,2014-12-18
EVGN,10,9.8,9.8,10,1671,2014-12-19
EVGN,10.04,9.82,9.88,9.95,6776,2014-12-22
EVGN,9.966,9.75,9.88,9.8,5483,2014-12-23
EVGN,9.47,9.3101,9.4,9.3101,2355,2014-12-24
EVGN,9.27,8.9994,9.11,9.23,9946,2014-12-26
EVGN,9.12,8.8,9.01,8.87,9582,2014-12-29
EVGN,9.19,8.5414,8.85,9.18,9438,2014-12-30
EVGN,9.33,9.18,9.18,9.21,6021,2014-12-31
EVGN,9.3,9.2,9.2899,9.22,6180,2015-01-02
EVGN,9.39,9.0001,9.22,9.39,491,2015-01-05
EVGN,9.08,8.85,8.99,8.85,3812,2015-01-06
EVGN,9.24,9.02,9.02,9.1527,2540,2015-01-07
EVGN,9.765,9.62,9.65,9.7399,6763,2015-01-08
EVGN,9.71,9.37,9.55,9.7,2024,2015-01-09
EVGN,9.93,9.8,9.93,9.9,3418,2015-01-12
EVGN,9.99,9.58,9.99,9.8,1815,2015-01-13
EVGN,9.7099,9.5,9.65,9.7099,2848,2015-01-14
EVGN,9.43,9.07,9.33,9.2,4208,2015-01-15
EVGN,9.21,9,9.1,9.07,22025,2015-01-16
EVGN,8.8999,8.6413,8.76,8.79,8567,2015-01-20
EVGN,8.66,8.24,8.66,8.55,3750,2015-01-21
EVGN,8.36,8.1001,8.36,8.2,4560,2015-01-22
EVGN,8.34,8.07,8.07,8.33,2600,2015-01-23
EVGN,8.39,8.1,8.29,8.28,15381,2015-01-26
EVGN,8.51,8.41,8.48,8.51,4418,2015-01-27
EVGN,8.51,8.27,8.5,8.2801,3180,2015-01-28
EVGN,8.4,8.22,8.3,8.4,5880,2015-01-29
EVGN,8.42,8.34,8.42,8.34,230,2015-02-02
EVGN,8.61,8.47,8.54,8.47,1800,2015-02-03
EVGN,9.381,9.0101,9.06,9.34,28468,2015-02-04
EVGN,9.14,8.92,9.0901,9.05,3973,2015-02-05
EVGN,9.21,9.061,9.061,9.204,1500,2015-02-06
EVGN,9.48,9.34,9.34,9.38,7153,2015-02-09
EVGN,9.81,9.58,9.58,9.81,2688,2015-02-10
EVGN,10.2899,9.53,9.68,10.08,21484,2015-02-11
EVGN,10.01,9.9701,10,9.9701,5883,2015-02-12
EVGN,10.275,10.14,10.1499,10.2,7910,2015-02-13
EVGN,9.99,9.82,9.99,9.82,3988,2015-02-17
EVGN,9.8,9.7063,9.79,9.7063,3255,2015-02-18
EVGN,10,9.85,9.85,10,1930,2015-02-19
EVGN,10.15,10.11,10.15,10.12,2555,2015-02-20
EVGN,10.39,10.0501,10.2499,10.24,1737,2015-02-23
EVGN,10.3399,10.113,10.3,10.32,2487,2015-02-24
EVGN,10.54,10.3701,10.4,10.415,1281,2015-02-25
EVGN,10.38,10.15,10.38,10.31,2293,2015-02-26
EVGN,10.4599,10.02,10.4599,10.06,8722,2015-02-27
EVGN,9.97,9.82,9.97,9.82,3533,2015-03-02
EVGN,9.75,9.5552,9.75,9.724,2483,2015-03-03
EVGN,9.51,9.39,9.51,9.39,3230,2015-03-04
EVGN,9.3499,9.25,9.3499,9.26,2421,2015-03-05
EVGN,9.3,9.2501,9.2501,9.3,1600,2015-03-06
EVGN,9.429,9.25,9.28,9.32,20215,2015-03-09
EVGN,9.26,8.73,9.26,9.08,6629,2015-03-10
EVGN,9.08,8.8,9.07,8.85,5494,2015-03-11
EVGN,9.0825,9.01,9.01,9.055,5076,2015-03-12
EVGN,8.93,8.93,8.93,8.93,1000,2015-03-13
EVGN,9,8.8197,9,8.82,3408,2015-03-16
EVGN,9.34,9.1,9.1,9.34,3803,2015-03-18
EVGN,9.5584,9.49,9.49,9.53,539,2015-03-19
EVGN,9.6001,9.56,9.6001,9.57,2200,2015-03-20
EVGN,9.31,9.22,9.22,9.2201,1794,2015-03-23
EVGN,9.3896,9.2,9.31,9.2,2416,2015-03-24
EVGN,9.408,9.2201,9.2201,9.31,2300,2015-03-25
EVGN,9.16,9.12,9.16,9.13,3244,2015-03-26
EVGN,9.004,8.9273,8.9273,9.004,250,2015-03-30
EVGN,8.87,8.64,8.87,8.82,1131,2015-03-31
EVGN,9,8.7328,8.97,8.7328,2083,2015-04-01
EVGN,9.16,9.08,9.16,9.1,985,2015-04-02
EVGN,9.36,9.15,9.2,9.36,1042,2015-04-06
EVGN,9.64,9.4,9.412,9.42,3594,2015-04-07
EVGN,9.41,9.31,9.32,9.41,3666,2015-04-08
EVGN,9.48,9.3,9.37,9.3,904,2015-04-09
EVGN,9.49,9.37,9.38,9.4399,8396,2015-04-10
EVGN,9.55,9.34,9.55,9.35,4570,2015-04-13
EVGN,9.88,9.43,9.49,9.7,11970,2015-04-14
EVGN,10.1,9.55,9.55,10.01,26000,2015-04-15
EVGN,10.24,9.97,9.97,10.17,11319,2015-04-16
EVGN,10.05,10,10,10.05,3300,2015-04-17
EVGN,10.14,9.85,9.85,10.07,18254,2015-04-20
EVGN,10.15,9.94,9.95,10.15,15751,2015-04-21
EVGN,10.34,10.22,10.25,10.26,2917,2015-04-22
EVGN,10.3,10.102,10.3,10.102,3950,2015-04-23
EVGN,10.17,10.03,10.1,10.03,1352,2015-04-24
EVGN,10.2,10.07,10.17,10.19,3636,2015-04-27
EVGN,10.11,9.94,10.11,10.01,4288,2015-04-28
EVGN,10,9.8,9.97,10,12542,2015-04-29
EVGN,10.14,9.99,9.99,10,6281,2015-04-30
EVGN,10,9.96,9.96,10,10634,2015-05-04
EVGN,10.16,9.1101,10.05,10.01,29456,2015-05-05
EVGN,10,9.76,9.97,9.9,18962,2015-05-06
EVGN,9.72,9.35,9.56,9.67,19742,2015-05-07
EVGN,10.0799,9.81,9.81,10,9860,2015-05-08
EVGN,10.01,9.75,9.76,10,24013,2015-05-11
EVGN,10,9.85,9.9,9.87,17041,2015-05-12
EVGN,10.01,9.9001,9.96,10,10789,2015-05-13
EVGN,10.08,9.96,9.96,10,14178,2015-05-14
EVGN,10.2,10.01,10.15,10.151,3721,2015-05-15
EVGN,10.18,10.02,10.14,10.02,6664,2015-05-18
EVGN,9.92,9.64,9.92,9.64,5627,2015-05-19
EVGN,9.6529,9.5,9.61,9.5,1950,2015-05-20
EVGN,9.65,9.49,9.65,9.49,2920,2015-05-21
EVGN,9.89,9.6,9.63,9.82,5616,2015-05-22
EVGN,9.7,9.5,9.7,9.63,8642,2015-05-26
EVGN,9.66,9.5,9.61,9.66,4586,2015-05-27
EVGN,9.67,9.5,9.5,9.65,6624,2015-05-28
EVGN,9.8,9.71,9.8,9.77,1429,2015-05-29
EVGN,10.06,9.9,10.01,9.9,14025,2015-06-01
EVGN,9.83,9.73,9.829,9.73,1731,2015-06-02
EVGN,9.99,9.64,9.77,9.99,8039,2015-06-03
EVGN,9.79,9.75,9.79,9.75,312,2015-06-04
EVGN,10.12,9.8,9.8,10.01,6748,2015-06-05
EVGN,10.18,10.09,10.1,10.1799,0,2015-06-08
EVGN,10.07,10,10.026,10.07,0,2015-06-09
EVGN,9.88,9.5,9.81,9.56,8998,2015-06-10
EVGN,9.64,9.61,9.64,9.61,455,2015-06-11
EVGN,9.58,9.58,9.58,9.58,200,2015-06-12
EVGN,9.35,8.75,9.2,9.28,8427,2015-06-15
EVGN,9.18,9.09,9.09,9.18,1500,2015-06-16
EVGN,9.3,9.23,9.23,9.248,2680,2015-06-17
EVGN,9.4501,9.3,9.34,9.39,4650,2015-06-18
EVGN,9.65,9.51,9.51,9.6,2650,2015-06-22
EVGN,9.42,9.1,9.42,9.15,4945,2015-06-23
EVGN,9.25,9.01,9.25,9.01,5224,2015-06-24
EVGN,9.15,9.01,9.15,9.01,4100,2015-06-25
EVGN,9.34,9.12,9.16,9.12,1058,2015-06-26
EVGN,8.82,8.6648,8.76,8.7,14380,2015-06-29
EVGN,8.8427,8.7,8.74,8.84,3389,2015-06-30
EVGN,8.89,8.7803,8.89,8.8,4115,2015-07-01
EVGN,8.84,8.79,8.79,8.81,1397,2015-07-02
EVGN,8.7,8.61,8.7,8.61,1030,2015-07-06
EVGN,9.5148,8.23,8.61,8.79,26487,2015-07-07
EVGN,8.818,8.51,8.75,8.58,10029,2015-07-08
EVGN,8.77,8.62,8.62,8.67,4469,2015-07-09
EVGN,8.8,8.73,8.73,8.75,1965,2015-07-10
EVGN,8.86,8.7501,8.85,8.7501,2410,2015-07-13
EVGN,8.85,8.75,8.75,8.85,2760,2015-07-14
EVGN,8.73,8.71,8.71,8.73,400,2015-07-15
EVGN,9.19,8.72,8.73,8.9135,4808,2015-07-16
EVGN,8.87,8.79,8.87,8.79,1390,2015-07-20
EVGN,8.97,8.8,8.89,8.82,4365,2015-07-21
EVGN,8.84,8.82,8.84,8.82,200,2015-07-22
EVGN,8.88,8.815,8.85,8.85,860,2015-07-23
EVGN,8.78,8.7466,8.78,8.7466,2080,2015-07-24
EVGN,8.73,8.555,8.6599,8.6,3424,2015-07-27
EVGN,8.69,8.6,8.69,8.67,3996,2015-07-28
EVGN,9.04,8.91,8.96,8.91,4661,2015-07-29
EVGN,8.99,8.85,8.97,8.85,1422,2015-07-30
EVGN,8.86,8.84,8.84,8.86,1480,2015-07-31
EVGN,8.86,8.79,8.82,8.82,1500,2015-08-03
EVGN,8.85,8.6504,8.85,8.8,1370,2015-08-04
EVGN,8.75,8.72,8.72,8.7477,1493,2015-08-05
EVGN,8.76,8.65,8.76,8.6733,4620,2015-08-06
EVGN,8.6,8.5501,8.6,8.59,1400,2015-08-07
EVGN,8.91,8.74,8.74,8.91,1300,2015-08-10
EVGN,8.9199,8.85,8.9,8.87,1550,2015-08-11
EVGN,9.0499,8.99,8.99,9.0499,2250,2015-08-12
EVGN,8.9932,8.72,8.94,8.89,1838,2015-08-13
EVGN,9.458,9.11,9.35,9.29,10710,2015-08-17
EVGN,9.34,9.29,9.29,9.34,1863,2015-08-18
EVGN,9.23,9.23,9.23,9.23,120,2015-08-19
EVGN,9.225,9.06,9.1,9.17,6849,2015-08-20
EVGN,9.12,8.75,9.12,8.75,5010,2015-08-21
EVGN,8.6,7.46,7.78,8.3,29257,2015-08-24
EVGN,8.8,8.46,8.46,8.5,8092,2015-08-25
EVGN,8.63,8.62,8.62,8.63,1677,2015-08-26
EVGN,8.6,8.23,8.5,8.37,3733,2015-08-27
EVGN,8.5,8.34,8.34,8.5,2072,2015-08-28
EVGN,8.52,8.48,8.48,8.52,200,2015-08-31
EVGN,8.35,8.34,8.34,8.35,779,2015-09-01
EVGN,8.75,8.35,8.35,8.49,8556,2015-09-02
EVGN,8.87,8,8.34,8.5895,36838,2015-09-03
EVGN,8.51,8.42,8.5,8.42,2775,2015-09-04
EVGN,8.65,8.47,8.48,8.65,1507,2015-09-08
EVGN,8.72,8.3799,8.694,8.7,18199,2015-09-09
EVGN,8.76,8.75,8.76,8.76,1570,2015-09-10
EVGN,8.71,8.7001,8.7001,8.7005,700,2015-09-14
EVGN,8.74,8.7005,8.71,8.74,300,2015-09-15
EVGN,8.7148,8.71,8.7148,8.71,372,2015-09-16
EVGN,8.85,8.5,8.66,8.68,20023,2015-09-17
EVGN,8.7499,8.325,8.7499,8.57,11372,2015-09-18
EVGN,8.65,8.4451,8.5,8.59,6835,2015-09-21
EVGN,8.6,8.5001,8.5001,8.6,200,2015-09-22
EVGN,8.5,8.4,8.5,8.41,2686,2015-09-24
EVGN,8.55,8.4,8.41,8.55,700,2015-09-25
EVGN,8.5584,8.1448,8.5584,8.17,5966,2015-09-28
EVGN,8.4,8.3505,8.399,8.3505,1324,2015-09-29
EVGN,8.49,8.25,8.45,8.25,6810,2015-09-30
EVGN,8.39,8.26,8.39,8.26,7220,2015-10-01
EVGN,8.17,8.17,8.17,8.17,100,2015-10-02
EVGN,8.85,8.4,8.4,8.55,15314,2015-10-05
EVGN,8.54,8.39,8.48,8.54,2975,2015-10-06
EVGN,8.61,8.5326,8.61,8.61,481,2015-10-07
EVGN,8.5,8.5,8.5,8.5,180,2015-10-08
EVGN,8.55,8.48,8.48,8.55,1120,2015-10-09
EVGN,8.6,8.3999,8.55,8.59,12652,2015-10-12
EVGN,8.42,8.29,8.42,8.37,2326,2015-10-13
EVGN,8.32,8.31,8.31,8.32,800,2015-10-14
EVGN,8.35,8.11,8.23,8.35,3560,2015-10-15
EVGN,8.35,8.06,8.06,8.35,2300,2015-10-16
EVGN,8.33,8.2,8.24,8.3076,4360,2015-10-19
EVGN,8.4,8.37,8.38,8.4,782,2015-10-20
EVGN,8.32,8.17,8.32,8.17,2410,2015-10-22
EVGN,8.23,8.23,8.23,8.23,300,2015-10-23
EVGN,8.02,8.01,8.02,8.01,820,2015-10-26
EVGN,8,7.7,8,7.7,1699,2015-10-27
EVGN,7.85,7.51,7.85,7.51,2664,2015-10-28
EVGN,7.64,7.63,7.64,7.63,550,2015-10-29
EVGN,7.5316,7.5316,7.5316,7.5316,300,2015-10-30
EVGN,7.59,7.45,7.52,7.45,8078,2015-11-02
EVGN,7.545,7.4,7.4,7.5,2784,2015-11-03
EVGN,7.43,7.41,7.43,7.41,400,2015-11-04
EVGN,7.39,7.1751,7.3,7.38,4002,2015-11-05
EVGN,7.33,6.26,7.2408,7.29,53258,2015-11-06
EVGN,7.24,7.24,7.24,7.24,400,2015-11-09
EVGN,7.1,7.0516,7.1,7.09,2240,2015-11-10
EVGN,7.13,7.08,7.13,7.12,2600,2015-11-11
EVGN,7.07,7.07,7.07,7.07,275,2015-11-12
EVGN,7.17,6.66,7.14,7.04,6680,2015-11-13
EVGN,6.73,6.4,6.73,6.55,3434,2015-11-16
EVGN,6.8,6.77,6.77,6.8,875,2015-11-17
EVGN,7.1,6.9,6.9,7.09,3955,2015-11-18
EVGN,6.95,6.52,6.94,6.76,4807,2015-11-19
EVGN,6.76,6.75,6.75,6.75,1630,2015-11-20
EVGN,6.66,6.5016,6.66,6.6,951,2015-11-23
EVGN,6.737,6.737,6.737,6.737,370,2015-11-24
EVGN,6.6,6.6,6.6,6.6,115,2015-11-25
EVGN,6.56,6.56,6.56,6.56,100,2015-11-27
EVGN,6.7,6.65,6.65,6.69,13622,2015-11-30
EVGN,6.85,6.54,6.5401,6.85,7799,2015-12-01
EVGN,6.66,6.65,6.66,6.65,330,2015-12-02
EVGN,6.73,6.58,6.71,6.71,2083,2015-12-03
EVGN,6.72,6.72,6.72,6.72,200,2015-12-04
EVGN,6.8,6.71,6.76,6.75,2844,2015-12-08
EVGN,6.87,6.68,6.83,6.76,4656,2015-12-09
EVGN,6.8199,6.7,6.8,6.79,11772,2015-12-10
EVGN,6.8501,6.6501,6.8501,6.79,765,2015-12-11
EVGN,6.67,6.52,6.67,6.52,3456,2015-12-14
EVGN,6.57,6.42,6.54,6.5,3025,2015-12-15
EVGN,6.55,6.42,6.42,6.55,7450,2015-12-16
EVGN,6.59,6.5,6.5,6.55,10374,2015-12-17
EVGN,6.65,6.5,6.59,6.5,12843,2015-12-18
EVGN,6.65,6.39,6.41,6.65,5621,2015-12-21
EVGN,7.11,6.49,6.5,6.835,32564,2015-12-22
EVGN,7,6.72,6.76,6.94,18371,2015-12-23
EVGN,7.566,7.3,7.55,7.566,12079,2015-12-24
EVGN,9.324,8.48,8.48,9.04,42071,2015-12-28
EVGN,8.86,8.5,8.71,8.6,37407,2015-12-29
EVGN,8.11,7.6815,8.1,7.86,19549,2015-12-30
EVGN,8.11,7.768,8,8.05,11271,2015-12-31
EVGN,8.24,7.98,8.18,8.1401,4832,2016-01-04
EVGN,8.2899,8.24,8.24,8.2564,1302,2016-01-05
EVGN,8.2,7.9215,8.1,8.12,1781,2016-01-06
EVGN,7.83,7.5111,7.75,7.57,4193,2016-01-07
EVGN,7.9399,7.49,7.49,7.79,4662,2016-01-08
EVGN,8.3899,8.16,8.18,8.16,3698,2016-01-11
EVGN,8.4971,8.17,8.35,8.42,3780,2016-01-12
EVGN,8.1255,7.601,8.12,8.03,6407,2016-01-13
EVGN,7.44,7.24,7.35,7.38,3745,2016-01-14
EVGN,7.2,7,7.11,7.2,3400,2016-01-15
EVGN,7.1885,7.15,7.1885,7.15,310,2016-01-19
EVGN,6.9,6.2,6.9,6.77,12518,2016-01-20
EVGN,6.859,6.5115,6.75,6.76,2058,2016-01-21
EVGN,6.89,6.81,6.81,6.85,1572,2016-01-22
EVGN,7.02,6.55,6.62,6.71,36936,2016-01-25
EVGN,7.31,6.559,6.6,6.89,114933,2016-01-26
EVGN,6.84,6.149,6.79,6.46,27602,2016-01-27
EVGN,6.62,6.18,6.5,6.51,35559,2016-01-28
EVGN,6.6,6.1,6.48,6.6,34435,2016-01-29
EVGN,6.6,6.35,6.5,6.5,9466,2016-02-01
EVGN,6.9,6.35,6.42,6.61,91053,2016-02-02
EVGN,6.63,6.37,6.63,6.46,12809,2016-02-03
EVGN,6.6,6.41,6.51,6.6,3479,2016-02-04
EVGN,6.52,6.46,6.52,6.46,974,2016-02-05
EVGN,6.464,6.31,6.464,6.32,3526,2016-02-08
EVGN,6.5,6.22,6.26,6.22,8134,2016-02-09
EVGN,6.27,6.14,6.24,6.16,1799,2016-02-10
EVGN,6.12,5.94,6.12,6.05,7785,2016-02-11
EVGN,6.04,5.934,6.03,5.95,4893,2016-02-12
EVGN,6.4,5.95,6.39,6.25,25502,2016-02-16
EVGN,6.46,6.35,6.35,6.4,2187,2016-02-17
EVGN,6.45,6.22,6.39,6.35,4084,2016-02-18
EVGN,6.63,6.4,6.63,6.4,9116,2016-02-22
EVGN,6.85,6.605,6.77,6.66,7766,2016-02-23
EVGN,6.5901,6.5901,6.5901,6.5901,970,2016-02-24
EVGN,7.06,6.77,6.77,7.04,3112,2016-02-25
EVGN,7.1588,6.8268,7.1588,6.96,1917,2016-02-26
EVGN,7.14,6.99,7,7.14,4620,2016-02-29
EVGN,7.1,7.03,7.1,7.03,1012,2016-03-01
EVGN,7.02,6.95,6.95,7.02,2220,2016-03-02
EVGN,7.41,6.98,6.99,7.41,2800,2016-03-03
EVGN,7.41,7.29,7.41,7.29,3100,2016-03-04
EVGN,7.1999,7.01,7.151,7.01,12695,2016-03-07
EVGN,6.99,6.97,6.986,6.9862,3200,2016-03-08
EVGN,6.91,6.7496,6.9,6.79,3300,2016-03-09
EVGN,7,6.76,6.86,6.76,3178,2016-03-10
EVGN,6.899,6.89,6.89,6.8985,1055,2016-03-11
EVGN,6.85,6.79,6.85,6.79,1263,2016-03-14
EVGN,6.6342,6.61,6.63,6.61,930,2016-03-15
EVGN,6.59,6.45,6.59,6.47,25660,2016-03-16
EVGN,6.6,6.47,6.57,6.47,43564,2016-03-17
EVGN,6.6,6.4497,6.46,6.52,12199,2016-03-18
EVGN,6.65,6.6198,6.65,6.6448,1204,2016-03-21
EVGN,6.56,6.55,6.55,6.55,1734,2016-03-22
EVGN,6.6399,6.6299,6.6399,6.6299,200,2016-03-23
EVGN,6.62,6.572,6.6,6.62,2274,2016-03-28
EVGN,6.58,6.52,6.58,6.54,10723,2016-03-29
EVGN,6.83,6.55,6.68,6.5885,10367,2016-03-30
EVGN,6.65,6.51,6.58,6.51,6817,2016-03-31
EVGN,6.6,6.3001,6.51,6.6,5718,2016-04-01
EVGN,6.63,6.36,6.62,6.43,34515,2016-04-04
EVGN,6.5055,6.46,6.5055,6.46,400,2016-04-05
EVGN,6.6,6.55,6.6,6.6,3691,2016-04-06
EVGN,6.6242,6.6,6.6,6.6242,5170,2016-04-07
EVGN,7.15,6.6301,6.7,6.91,70134,2016-04-08
EVGN,7.02,6.84,7.02,6.84,17659,2016-04-11
EVGN,6.9588,6.86,6.88,6.87,604,2016-04-12
EVGN,6.97,6.86,6.9478,6.86,17970,2016-04-13
EVGN,6.99,6.9,6.96,6.99,2647,2016-04-14
EVGN,6.96,6.9,6.9,6.9363,3051,2016-04-15
EVGN,6.97,6.83,6.91,6.87,14932,2016-04-18
EVGN,7.14,7.02,7.02,7.12,2041,2016-04-19
EVGN,7.18,7.05,7.05,7.16,1615,2016-04-20
EVGN,7.435,7.22,7.22,7.4,6998,2016-04-21
EVGN,7.49,7.4,7.4,7.49,4395,2016-04-22
EVGN,7.55,7.3601,7.4,7.38,14500,2016-04-25
EVGN,7.51,7.48,7.51,7.48,822,2016-04-26
EVGN,7.5865,7.53,7.5865,7.53,470,2016-04-27
EVGN,7.61,7.58,7.5999,7.61,863,2016-04-28
EVGN,7.47,7.42,7.46,7.46,3557,2016-04-29
EVGN,7.52,7.39,7.52,7.5,5146,2016-05-02
EVGN,7.46,7.45,7.45,7.46,460,2016-05-03
EVGN,7.45,7.254,7.45,7.254,2600,2016-05-04
EVGN,7.7,7.2292,7.23,7.68,9152,2016-05-05
EVGN,7.69,7.51,7.62,7.51,3645,2016-05-06
EVGN,7.49,7.35,7.49,7.35,1729,2016-05-09
EVGN,7.88,7.79,7.88,7.8499,2355,2016-05-10
EVGN,8.06,7.8401,7.9,8.06,4652,2016-05-11
EVGN,8,7.98,8,7.98,540,2016-05-12
EVGN,7.98,7.97,7.971,7.98,1200,2016-05-13
EVGN,7.9299,7.76,7.89,7.9299,824,2016-05-16
EVGN,7.75,7.71,7.73,7.74,1020,2016-05-17
EVGN,7.75,7.65,7.75,7.67,2161,2016-05-18
EVGN,7.63,7.48,7.63,7.48,1619,2016-05-19
EVGN,7.41,7.39,7.39,7.41,842,2016-05-20
EVGN,7.15,6.58,7.15,7.03,7993,2016-05-23
EVGN,7.13,6.98,7.13,7.09,2700,2016-05-24
EVGN,7.15,7.04,7.15,7.05,1791,2016-05-25
EVGN,7,6.83,7,6.88,3441,2016-05-26
EVGN,6.89,6.75,6.86,6.89,4029,2016-05-27
EVGN,6.9319,6.8,6.86,6.84,6441,2016-05-31
EVGN,6.87,6.78,6.79,6.84,4575,2016-06-01
EVGN,6.76,6.73,6.76,6.75,975,2016-06-02
EVGN,6.82,6.82,6.82,6.82,430,2016-06-06
EVGN,6.92,6.77,6.92,6.8,11290,2016-06-07
EVGN,6.8,6.8,6.8,6.8,300,2016-06-08
EVGN,6.74,6.7,6.7,6.74,1280,2016-06-09
EVGN,6.7,6.69,6.7,6.69,661,2016-06-10
EVGN,6.55,6.39,6.55,6.46,4143,2016-06-13
EVGN,6.55,6.33,6.38,6.33,11914,2016-06-14
EVGN,6.32,6.27,6.32,6.32,3311,2016-06-15
EVGN,6.3,6.24,6.25,6.24,826,2016-06-16
EVGN,6.38,6.28,6.33,6.34,4605,2016-06-17
EVGN,6.33,6.284,6.33,6.32,7000,2016-06-20
EVGN,6.33,6.21,6.33,6.21,4404,2016-06-21
EVGN,6.25,6.17,6.25,6.17,4911,2016-06-22
EVGN,6.37,6.22,6.32,6.22,3129,2016-06-23
EVGN,6.253,6.17,6.17,6.17,1516,2016-06-24
EVGN,6.11,6.015,6.11,6.08,2549,2016-06-27
EVGN,6.12,6.01,6.08,6.1,18162,2016-06-28
EVGN,6.15,6.03,6.05,6.15,10782,2016-06-29
EVGN,6.24,6.2,6.2,6.24,1300,2016-06-30
EVGN,6.32,6.1,6.21,6.1,2233,2016-07-01
EVGN,6.22,6.2084,6.22,6.2084,283,2016-07-05
EVGN,6.18,6.11,6.12,6.18,4134,2016-07-06
EVGN,6.2,6.2,6.2,6.2,480,2016-07-07
EVGN,6.269,6.19,6.269,6.19,390,2016-07-08
EVGN,6.49,6.25,6.25,6.43,4765,2016-07-11
EVGN,6.44,6.38,6.38,6.44,402,2016-07-12
EVGN,6.45,6.3,6.45,6.3,5974,2016-07-13
EVGN,6.4,6.11,6.4,6.31,5745,2016-07-14
EVGN,6.3079,6.02,6.3079,6.3,1656,2016-07-18
EVGN,6.2899,6.23,6.2899,6.25,1411,2016-07-19
EVGN,6.31,6.28,6.31,6.28,2386,2016-07-20
EVGN,6.35,6.35,6.35,6.35,1000,2016-07-25
EVGN,6.59,6.48,6.48,6.59,1576,2016-07-26
EVGN,6.96,6.81,6.83,6.96,2618,2016-07-27
EVGN,6.92,6.8566,6.89,6.8653,1936,2016-07-28
EVGN,6.88,6.751,6.87,6.88,3506,2016-07-29
EVGN,6.98,6.9,6.97,6.91,1674,2016-08-01
EVGN,6.8,6.8,6.8,6.8,230,2016-08-02
EVGN,6.75,6.6777,6.75,6.6777,865,2016-08-03
EVGN,6.7,6.62,6.62,6.7,715,2016-08-04
EVGN,6.75,6.75,6.75,6.75,1000,2016-08-05
EVGN,6.82,6.79,6.82,6.79,550,2016-08-08
EVGN,6.8799,6.8799,6.8799,6.8799,1000,2016-08-09
EVGN,6.97,6.89,6.94,6.97,1987,2016-08-10
EVGN,6.9,6.71,6.9,6.73,13050,2016-08-11
EVGN,6.8,6.64,6.7,6.79,10122,2016-08-12
EVGN,6.8999,6.82,6.82,6.8999,1987,2016-08-15
EVGN,6.9,6.87,6.9,6.89,400,2016-08-16
EVGN,6.8599,6.8599,6.8599,6.8599,331,2016-08-17
EVGN,6.82,6.78,6.82,6.78,1281,2016-08-18
EVGN,6.89,6.72,6.85,6.73,20064,2016-08-22
EVGN,7.09,6.83,6.83,6.99,2926,2016-08-24
EVGN,6.97,6.93,6.97,6.97,600,2016-08-25
EVGN,6.89,6.82,6.88,6.89,1137,2016-08-29
EVGN,6.85,6.73,6.73,6.79,769,2016-08-30
EVGN,6.74,6.52,6.74,6.61,2344,2016-08-31
EVGN,6.61,6.451,6.451,6.47,3405,2016-09-01
EVGN,6.55,6.51,6.51,6.55,305,2016-09-02
EVGN,6.5599,6.5,6.5599,6.55,1745,2016-09-06
EVGN,6.61,6.51,6.51,6.61,3412,2016-09-07
EVGN,6.7311,6.61,6.61,6.7307,1231,2016-09-08
EVGN,6.69,6.63,6.69,6.65,700,2016-09-09
EVGN,6.59,6.28,6.59,6.45,3300,2016-09-12
EVGN,6.4165,6.35,6.4165,6.35,300,2016-09-13
EVGN,6.36,6.3025,6.35,6.3599,4700,2016-09-14
EVGN,6.33,6.22,6.29,6.33,4760,2016-09-15
EVGN,6.31,6.31,6.31,6.31,401,2016-09-19
EVGN,7.01,6.41,6.41,6.75,65929,2016-09-20
EVGN,6.6,6.5,6.56,6.51,8002,2016-09-21
EVGN,6.516,6.49,6.49,6.516,1680,2016-09-22
EVGN,6.4,6.4,6.4,6.4,200,2016-09-26
EVGN,6.4591,6.44,6.44,6.4591,1300,2016-09-27
EVGN,6.44,6.44,6.44,6.44,250,2016-09-28
EVGN,6.35,6.3,6.34,6.3,500,2016-09-29
EVGN,6.39,6.259,6.2748,6.38,3230,2016-09-30
EVGN,6.3,6.23,6.3,6.25,1130,2016-10-03
EVGN,6.21,6.21,6.21,6.21,300,2016-10-04
EVGN,6.375,6.23,6.23,6.345,34921,2016-10-05
EVGN,6.5,6.4,6.4,6.45,8732,2016-10-06
EVGN,6.35,6.35,6.35,6.35,380,2016-10-10
EVGN,6.2594,6.2594,6.2594,6.2594,400,2016-10-12
EVGN,6.25,6.07,6.25,6.1563,4900,2016-10-13
EVGN,6.1001,6.0601,6.1,6.0601,4300,2016-10-14
EVGN,6.2134,6.17,6.2,6.17,2134,2016-10-18
EVGN,6.4,6.1,6.1593,6.11,7600,2016-10-19
EVGN,6.15,6.14,6.14,6.145,300,2016-10-24
EVGN,6.19,6.19,6.19,6.19,1032,2016-10-25
EVGN,6.2,6.1178,6.2,6.1178,3700,2016-10-26
EVGN,6.11,6.11,6.11,6.11,100,2016-10-27
EVGN,6.08,6.05,6.08,6.05,1466,2016-10-28
EVGN,6.05,5.95,6.01,6.01,3296,2016-10-31
EVGN,5.93,5.8508,5.93,5.8608,8697,2016-11-01
EVGN,5.92,5.83,5.87,5.8317,1000,2016-11-02
EVGN,5.95,5.86,5.91,5.8982,28012,2016-11-03
EVGN,5.9,5.79,5.86,5.89,6086,2016-11-04
EVGN,5.97,5.81,5.97,5.9,4684,2016-11-07
EVGN,5.92,5.86,5.86,5.92,1000,2016-11-08
EVGN,5.92,5.9,5.9,5.92,1380,2016-11-09
EVGN,5.99,5.89,5.99,5.89,431,2016-11-10
EVGN,6.12,5.8,5.8,6.04,7671,2016-11-14
EVGN,5.85,5.75,5.82,5.76,2848,2016-11-15
EVGN,5.79,5.78,5.78,5.78,600,2016-11-16
EVGN,5.8,5.796,5.796,5.7962,600,2016-11-17
EVGN,5.8813,5.8813,5.8813,5.8813,500,2016-11-18
EVGN,5.79,5.65,5.76,5.65,5887,2016-11-21
EVGN,5.74,5.57,5.74,5.57,1020,2016-11-22
EVGN,5.73,5.6,5.61,5.6801,5217,2016-11-23
EVGN,5.86,5.82,5.86,5.82,1800,2016-11-25
EVGN,5.75,5.6,5.75,5.73,8704,2016-11-28
EVGN,5.73,5.73,5.73,5.73,531,2016-11-29
EVGN,5.58,5.44,5.55,5.58,6196,2016-11-30
EVGN,5.48,5.3761,5.48,5.3761,7791,2016-12-01
EVGN,5.36,5.3,5.35,5.31,5668,2016-12-05
EVGN,5.36,5.11,5.34,5.28,12909,2016-12-06
EVGN,5.4,5.2,5.26,5.35,30025,2016-12-07
EVGN,5.2579,5.2579,5.2579,5.2579,300,2016-12-08
EVGN,5.51,5.3,5.51,5.3,4521,2016-12-09
EVGN,5.22,5.14,5.22,5.14,7450,2016-12-12
EVGN,5.3,5.205,5.3,5.26,102150,2016-12-13
EVGN,5.22,5.2,5.2078,5.22,2300,2016-12-14
EVGN,5.25,5.13,5.14,5.13,8015,2016-12-16
EVGN,5.27,5.12,5.12,5.26,20750,2016-12-19
EVGN,5.251,5.11,5.12,5.18,41055,2016-12-20
EVGN,5.2499,5.19,5.19,5.22,1100,2016-12-21
EVGN,5.19,5.184,5.19,5.19,1100,2016-12-22
EVGN,5.151,5.1163,5.1265,5.15,1950,2016-12-23
EVGN,5.15,5.05,5.149,5.1,6463,2016-12-27
EVGN,5.11,5.0701,5.0701,5.1,17216,2016-12-29
EVGN,5.46,5.08,5.1,5.1,19031,2016-12-30
EVGN,5.1,5.05,5.1,5.08,18828,2017-01-03
EVGN,5.14,5.0674,5.08,5.14,14590,2017-01-04
EVGN,5.12,5.0601,5.0601,5.1199,2818,2017-01-05
EVGN,5.2,5.1006,5.1047,5.1006,4120,2017-01-06
EVGN,5.16,5.1,5.1,5.15,1434,2017-01-09
EVGN,5.29,5.05,5.25,5.27,1441,2017-01-10
EVGN,5.35,5.32,5.34,5.32,1050,2017-01-11
EVGN,5.65,5.49,5.65,5.53,2359,2017-01-12
EVGN,5.32,5.3,5.31,5.3,2330,2017-01-17
EVGN,5.4889,5.0816,5.1,5.2,69147,2017-01-18
EVGN,5.34,5.11,5.3,5.25,47958,2017-01-19
EVGN,5.3,5.08,5.3,5.08,8538,2017-01-20
EVGN,5.1552,5.06,5.06,5.1,9730,2017-01-23
EVGN,5.3639,5.05,5.14,5.08,21850,2017-01-24
EVGN,5.09,4.96,4.96,5.02,3345,2017-01-26
EVGN,5.1403,5.0389,5.06,5.1403,400,2017-01-27
EVGN,5.08,4.95,5.08,4.97,16917,2017-01-30
EVGN,5.1123,5,5.0001,5.01,6350,2017-01-31
EVGN,5.02,4.9,5.01,4.95,13503,2017-02-01
EVGN,5.07,4.99,5,5.01,7659,2017-02-02
EVGN,5.24,4.86,5.18,5.15,12747,2017-02-06
EVGN,5.35,5.25,5.25,5.35,198600,2017-02-07
EVGN,5.5,5.27,5.5,5.32,18829,2017-02-08
EVGN,5.4135,5.3099,5.31,5.4135,7163,2017-02-09
EVGN,5.5499,5.442,5.442,5.459,1375,2017-02-10
EVGN,5.42,5.21,5.24,5.42,5044,2017-02-13
EVGN,5.3373,5.2729,5.3373,5.2822,2675,2017-02-14
EVGN,5.4,5.25,5.25,5.4,7148,2017-02-15
EVGN,5.34,5.31,5.34,5.34,1470,2017-02-16
EVGN,5.78,5.31,5.37,5.31,1480,2017-02-17
EVGN,5.5436,5.36,5.38,5.4212,10010,2017-02-21
EVGN,5.37,5.31,5.37,5.31,1950,2017-02-22
EVGN,5.84,5.19,5.84,5.26,1351,2017-02-23
EVGN,5.35,5.35,5.35,5.35,335,2017-02-24
EVGN,5.31,5.24,5.31,5.3,7563,2017-02-27
EVGN,5.27,5.15,5.27,5.15,11509,2017-02-28
EVGN,5.24,5.1396,5.22,5.23,7825,2017-03-01
EVGN,5.14,5.05,5.13,5.05,2285,2017-03-02
EVGN,5.14,5.05,5.13,5.06,10190,2017-03-03
EVGN,5.08,4.9875,5.07,5.05,1610,2017-03-06
EVGN,5.08,5.02,5.08,5.03,3701,2017-03-07
EVGN,5.05,5.01,5.05,5.01,4684,2017-03-08
EVGN,5.16,5.03,5.03,5.13,1799,2017-03-09
EVGN,5.25,5.05,5.05,5.2,4175,2017-03-13
EVGN,5.161,5.15,5.15,5.15,1049,2017-03-14
EVGN,5.25,5.06,5.06,5.0817,2820,2017-03-15
EVGN,5.34,5.11,5.34,5.18,5218,2017-03-16
EVGN,5.309,5.07,5.07,5.309,500,2017-03-17
EVGN,5.29,5.01,5.21,5.15,151529,2017-03-20
EVGN,5.32,5.16,5.3,5.19,27746,2017-03-21
EVGN,5.2099,5.01,5.2,5.18,28624,2017-03-22
EVGN,5.21,5.14,5.21,5.17,4900,2017-03-23
EVGN,5.22,5.14,5.19,5.2097,4688,2017-03-24
EVGN,5.29,5.2,5.2,5.27,2294,2017-03-27
EVGN,5.4,5.358,5.39,5.39,905,2017-03-28
EVGN,5.39,5.33,5.39,5.33,1134,2017-03-29
EVGN,5.4,5.23,5.25,5.35,6387,2017-03-30
EVGN,5.3473,5.2901,5.33,5.3473,5418,2017-03-31
EVGN,5.36,5.28,5.33,5.34,5766,2017-04-03
EVGN,5.27,5.23,5.23,5.26,4813,2017-04-04
EVGN,5.2745,5.25,5.2501,5.25,3360,2017-04-05
EVGN,5.2499,5.24,5.24,5.24,440,2017-04-06
EVGN,5.49,5.26,5.26,5.38,2615,2017-04-10
EVGN,5.36,5.25,5.36,5.27,1100,2017-04-11
EVGN,5.47,5.2,5.43,5.3332,2480,2017-04-12
EVGN,5.2011,5.17,5.2011,5.17,2799,2017-04-13
EVGN,5.3,5.14,5.15,5.25,15735,2017-04-17
EVGN,5.2,5.03,5.14,5.05,30058,2017-04-18
EVGN,5.2,5.16,5.16,5.1615,1474,2017-04-19
EVGN,5.1397,5.0551,5.11,5.0551,3001,2017-04-20
EVGN,5.21,5.08,5.2,5.1,4373,2017-04-24
EVGN,5.15,5.06,5.1149,5.07,3828,2017-04-26
EVGN,5.06,5.06,5.06,5.06,325,2017-04-27
EVGN,5.3599,5.05,5.06,5.3599,1000,2017-04-28
EVGN,5.4799,5.0601,5.4799,5.3299,2963,2017-05-02
EVGN,5.43,5.13,5.13,5.33,2171,2017-05-03
EVGN,5.48,5.17,5.2,5.24,2347,2017-05-04
EVGN,5.2442,5.1177,5.2442,5.13,1496,2017-05-05
EVGN,5.21,5.1102,5.18,5.14,3010,2017-05-08
EVGN,5.22,5.13,5.22,5.15,4725,2017-05-09
EVGN,5.21,5.15,5.18,5.16,5498,2017-05-10
EVGN,5.3,5.21,5.21,5.21,5039,2017-05-11
EVGN,5.2049,5.174,5.174,5.2049,500,2017-05-12
EVGN,5.4016,5.26,5.3,5.28,3252,2017-05-15
EVGN,5.171,5.171,5.171,5.171,348,2017-05-16
EVGN,5.214,5.0984,5.15,5.21,4443,2017-05-17
EVGN,5.24,5.13,5.13,5.2,2097,2017-05-18
EVGN,5.25,5.18,5.2,5.25,6646,2017-05-19
EVGN,5.28,5.28,5.28,5.28,1411,2017-05-22
EVGN,5.22,5.21,5.21,5.21,926,2017-05-23
EVGN,5.1603,5.0215,5.15,5.11,1740,2017-05-25
EVGN,5.4824,5.3048,5.3114,5.3048,2275,2017-05-26
EVGN,5.17,5.0301,5.1216,5.1,10940,2017-05-31
EVGN,5.19,5.09,5.19,5.09,1218,2017-06-01
EVGN,5.13,5.0751,5.08,5.11,1900,2017-06-02
EVGN,5.1801,5.09,5.0977,5.18,1175,2017-06-05
EVGN,5.15,5.15,5.15,5.15,100,2017-06-06
EVGN,5.2,5.04,5.2,5.14,5997,2017-06-07
EVGN,5.0576,5.0576,5.0576,5.0576,124,2017-06-08
EVGN,5.1317,5.0501,5.0501,5.11,752,2017-06-09
EVGN,5.05,5,5.01,5.05,7452,2017-06-12
EVGN,5.0959,5,5.04,5.05,6647,2017-06-13
EVGN,5.15,5.0201,5.12,5.0439,710,2017-06-14
EVGN,5.08,5.08,5.08,5.08,400,2017-06-15
EVGN,5.16,5.07,5.09,5.16,4561,2017-06-19
EVGN,5.27,5.0546,5.27,5.14,4178,2017-06-20
EVGN,5.1028,5.08,5.1028,5.08,1105,2017-06-21
EVGN,5.2235,5.0172,5.15,5.1,6220,2017-06-22
EVGN,5.05,5.005,5.005,5.05,3757,2017-06-23
EVGN,5.11,5.0551,5.11,5.0551,1372,2017-06-26
EVGN,5.2351,5.13,5.13,5.16,5625,2017-06-27
EVGN,5.21,5.03,5.03,5.21,7174,2017-06-28
EVGN,5.11,4.9838,5.06,5.03,9297,2017-06-29
EVGN,5.18,4.99,5.18,5.06,5614,2017-06-30
EVGN,5.01,4.65,4.96,4.9,16881,2017-07-03
EVGN,4.97,4.74,4.97,4.82,6374,2017-07-05
EVGN,4.9336,4.78,4.9336,4.86,51818,2017-07-06
EVGN,4.9599,4.8,4.9,4.85,5000,2017-07-07
EVGN,4.9027,4.85,4.85,4.9027,35775,2017-07-10
EVGN,5.745,5.18,5.24,5.43,104929,2017-07-11
EVGN,5.49,5.26,5.46,5.26,6561,2017-07-12
EVGN,5.29,5.27,5.27,5.27,1223,2017-07-13
EVGN,5.7228,5.32,5.34,5.35,8966,2017-07-14
EVGN,5.55,5.13,5.36,5.55,17581,2017-07-17
EVGN,5.4415,5.2,5.34,5.3,27807,2017-07-18
EVGN,5.25,5.19,5.25,5.22,14239,2017-07-19
EVGN,5.27,5.12,5.21,5.27,19450,2017-07-20
EVGN,5.49,5.1993,5.27,5.22,22911,2017-07-21
EVGN,5.23,5,5.09,5.1,19650,2017-07-24
EVGN,5.1,4.7949,5.1,4.98,3271,2017-07-25
EVGN,5.15,4.9,4.91,4.94,11041,2017-07-26
EVGN,4.94,4.81,4.93,4.93,4267,2017-07-27
EVGN,5.08,4.9301,5.08,4.9301,2071,2017-07-28
EVGN,4.95,4.84,4.95,4.84,2982,2017-07-31
EVGN,5.16,4.86,4.94,4.86,8450,2017-08-02
EVGN,5.03,4.84,4.85,4.9,5834,2017-08-03
EVGN,4.76,4.76,4.76,4.76,15839,2017-08-04
EVGN,4.95,4.6,4.71,4.95,12550,2017-08-07
EVGN,4.8143,4.6,4.72,4.7,9068,2017-08-08
EVGN,5.0742,4.57,4.57,5.0599,5236,2017-08-09
EVGN,4.7799,4.6,4.77,4.75,6118,2017-08-10
EVGN,4.9551,4.76,4.7601,4.76,3250,2017-08-11
EVGN,4.8,4.74,4.8,4.76,1900,2017-08-14
EVGN,4.74,4.73,4.74,4.74,1940,2017-08-15
EVGN,4.97,4.63,4.73,4.9,2797,2017-08-16
EVGN,4.74,4.6601,4.68,4.74,2625,2017-08-17
EVGN,4.7,4.6,4.7,4.6,5200,2017-08-18
EVGN,4.65,4.5701,4.65,4.6,14367,2017-08-21
EVGN,4.62,4.62,4.62,4.62,300,2017-08-23
EVGN,4.65,4.65,4.65,4.65,300,2017-08-24
EVGN,4.61,4.6,4.61,4.6,710,2017-08-25
EVGN,4.8376,4.6,4.64,4.77,17043,2017-08-28
EVGN,4.75,4.62,4.68,4.63,18667,2017-08-29
EVGN,4.64,4.59,4.59,4.59,2387,2017-08-30
EVGN,4.972,4.62,4.85,4.65,8698,2017-08-31
EVGN,4.8164,4.62,4.74,4.62,5600,2017-09-01
EVGN,4.84,4.58,4.6,4.84,8493,2017-09-05
EVGN,4.72,4.61,4.62,4.65,8681,2017-09-06
EVGN,4.74,4.6,4.64,4.61,9879,2017-09-07
EVGN,4.6144,4.57,4.59,4.57,2490,2017-09-08
EVGN,4.59,4.31,4.38,4.5,20269,2017-09-11
EVGN,4.46,4.34,4.41,4.4,25092,2017-09-12
EVGN,4.43,4.22,4.35,4.35,7337,2017-09-13
EVGN,4.46,4.278,4.278,4.4,7084,2017-09-14
EVGN,4.587,4.24,4.52,4.24,14637,2017-09-15
EVGN,4.4,4.29,4.29,4.29,5514,2017-09-18
EVGN,4.44,4.281,4.34,4.44,1812,2017-09-19
EVGN,4.38,4.23,4.33,4.38,17671,2017-09-20
EVGN,4.31,4.31,4.31,4.31,122,2017-09-21
EVGN,4.34,4.25,4.31,4.31,20456,2017-09-22
EVGN,4.54,4.27,4.34,4.54,10718,2017-09-25
EVGN,4.53,4.3,4.53,4.3,11379,2017-09-26
EVGN,4.46,4.31,4.33,4.4492,4718,2017-09-27
EVGN,4.39,4.291,4.39,4.35,1035,2017-09-28
EVGN,4.44,4.44,4.44,4.44,1300,2017-09-29
EVGN,4.42,4.4,4.4,4.4132,4427,2017-10-02
EVGN,4.41,4.395,4.41,4.4,5405,2017-10-03
EVGN,4.5291,4.5291,4.5291,4.5291,1401,2017-10-04
EVGN,4.55,4.51,4.55,4.51,2040,2017-10-06
EVGN,4.6279,4.6,4.6279,4.6175,1110,2017-10-09
EVGN,4.6099,4.55,4.55,4.6045,4744,2017-10-10
EVGN,4.74,4.55,4.74,4.57,7952,2017-10-11
EVGN,4.75,4.67,4.75,4.67,3673,2017-10-12
EVGN,4.64,4.55,4.5873,4.63,5327,2017-10-13
EVGN,4.68,4.68,4.68,4.68,16709,2017-10-16
EVGN,4.64,4.5,4.64,4.5,4878,2017-10-17
EVGN,4.48,4.38,4.4535,4.38,3500,2017-10-18
EVGN,4.4166,4.35,4.4,4.4,21163,2017-10-19
EVGN,4.41,4.3556,4.3556,4.39,4400,2017-10-20
EVGN,4.5204,4.2986,4.38,4.39,10257,2017-10-23
EVGN,4.39,4.32,4.39,4.32,1035,2017-10-24
EVGN,4.36,4.23,4.3,4.23,6130,2017-10-26
EVGN,4.3336,4.2,4.2,4.28,1300,2017-10-27
EVGN,4.26,4.2,4.25,4.22,11298,2017-10-30
EVGN,4.303,4.24,4.2857,4.24,5456,2017-10-31
EVGN,4.43,4.13,4.28,4.2,3480,2017-11-01
EVGN,4.23,3.6,4.23,4.01,859478,2017-11-02
EVGN,4.3417,3.92,4,4.22,4270,2017-11-03
EVGN,4.069,3.86,4.05,3.9,7635,2017-11-06
EVGN,3.93,3.93,3.93,3.93,7695,2017-11-07
EVGN,3.9078,3.7,3.9,3.85,12399,2017-11-08
EVGN,3.9099,3.77,3.84,3.9099,11815,2017-11-09
EVGN,3.8,3.7,3.8,3.7,3293,2017-11-10
EVGN,3.8166,3.68,3.68,3.8102,6745,2017-11-13
EVGN,3.85,3.7286,3.85,3.8,3900,2017-11-15
EVGN,3.78,3.7,3.7,3.74,4010,2017-11-16
EVGN,4,3.71,3.71,3.83,12513,2017-11-17
EVGN,3.84,3.77,3.79,3.82,4662,2017-11-20
EVGN,3.99,3.724,3.74,3.7886,18937,2017-11-21
EVGN,3.98,3.77,3.79,3.79,18512,2017-11-22
EVGN,3.94,3.85,3.85,3.9299,13724,2017-11-24
EVGN,3.875,3.81,3.875,3.81,8878,2017-11-27
EVGN,3.84,3.8111,3.84,3.8233,1698,2017-11-28
EVGN,3.8377,3.83,3.8377,3.83,1200,2017-11-29
EVGN,3.85,3.8301,3.84,3.85,440,2017-11-30
EVGN,3.85,3.8,3.8,3.85,4004,2017-12-01
EVGN,3.82,3.74,3.81,3.7984,7618,2017-12-04
EVGN,3.7776,3.76,3.769,3.7776,2715,2017-12-05
EVGN,3.75,3.719,3.75,3.745,4847,2017-12-06
EVGN,3.75,3.5,3.75,3.5,15679,2017-12-07
EVGN,3.7705,3.65,3.6984,3.65,2540,2017-12-08
EVGN,3.51,3.4201,3.51,3.455,5016,2017-12-11
EVGN,3.47,3.37,3.47,3.3701,1891,2017-12-12
EVGN,3.47,3.4,3.4,3.43,7111,2017-12-13
EVGN,3.46,3.43,3.45,3.43,1430,2017-12-14
EVGN,3.43,3.37,3.4,3.4,152029,2017-12-15
EVGN,3.5,3.39,3.4,3.44,42951,2017-12-18
EVGN,3.45,3.39,3.4,3.45,25915,2017-12-19
EVGN,3.39,3.34,3.39,3.36,11089,2017-12-20
EVGN,3.3768,3.35,3.35,3.36,1560,2017-12-21
EVGN,3.3301,3.33,3.33,3.33,600,2017-12-22
EVGN,3.41,2.66,3.33,3.2801,35009,2017-12-26
EVGN,3.39,3.18,3.3,3.19,66772,2017-12-27
EVGN,3.35,3.18,3.32,3.18,32373,2017-12-28
EVGN,3.3144,3.02,3.18,3.07,224979,2017-12-29
EVGN,3.58,3.34,3.38,3.47,79223,2018-01-02
EVGN,3.6,3.5,3.53,3.6,20067,2018-01-03
EVGN,3.925,3.61,3.64,3.71,10044,2018-01-04
EVGN,3.776,3.68,3.75,3.71,9150,2018-01-05
EVGN,3.91,3.73,3.73,3.78,18463,2018-01-08
EVGN,3.91,3.7718,3.85,3.81,41503,2018-01-09
EVGN,3.98,3.88,3.88,3.95,10264,2018-01-10
EVGN,4.06,3.95,3.99,4,7033,2018-01-11
EVGN,4.2,3.73,4.2,3.86,10981,2018-01-16
EVGN,3.96,3.89,3.96,3.92,8422,2018-01-17
EVGN,3.9,3.85,3.9,3.89,2067,2018-01-18
EVGN,3.91,3.8,3.85,3.83,2000,2018-01-19
EVGN,3.93,3.91,3.93,3.91,2960,2018-01-22
EVGN,4.005,3.91,3.9501,3.93,7396,2018-01-23
EVGN,3.94,3.7698,3.94,3.8803,2630,2018-01-24
EVGN,3.97,3.9,3.92,3.9,1552,2018-01-25
EVGN,3.9,3.8111,3.9,3.82,1770,2018-01-26
EVGN,3.87,3.81,3.87,3.81,1439,2018-01-29
EVGN,3.83,3.789,3.8,3.789,640,2018-01-30
EVGN,3.6601,3.6301,3.6301,3.6601,496,2018-01-31
EVGN,3.69,3.67,3.69,3.68,1217,2018-02-01
EVGN,3.68,3.6,3.68,3.6,1209,2018-02-02
EVGN,3.55,3.34,3.55,3.36,6193,2018-02-05
EVGN,3.2964,3.28,3.2801,3.28,1660,2018-02-07
EVGN,3.54,3.47,3.47,3.53,4985,2018-02-08
EVGN,3.58,3.57,3.57,3.57,491,2018-02-12
EVGN,3.65,3.4,3.4,3.61,34268,2018-02-13
EVGN,3.66,3.59,3.65,3.59,800,2018-02-14
EVGN,3.82,3.69,3.71,3.82,1209,2018-02-15
EVGN,3.94,3.75,3.86,3.75,7747,2018-02-16
EVGN,3.95,3.84,3.95,3.84,2524,2018-02-20
EVGN,3.99,3.815,3.98,3.94,7121,2018-02-21
EVGN,4.06,3.86,3.9,3.86,5171,2018-02-22
EVGN,3.98,3.88,3.88,3.98,1680,2018-02-23
EVGN,3.97,3.95,3.96,3.97,1403,2018-02-26
EVGN,4.16,4.05,4.08,4.16,4293,2018-02-27
EVGN,4.18,3.8512,4.18,3.89,7300,2018-02-28
EVGN,3.989,3.88,3.88,3.89,9318,2018-03-01
EVGN,4,3.75,3.75,3.8,30072,2018-03-02
EVGN,3.83,3.81,3.81,3.83,1012,2018-03-05
EVGN,3.89,3.83,3.8341,3.89,1200,2018-03-06
EVGN,3.89,3.7587,3.7587,3.89,538,2018-03-07
EVGN,3.9,3.83,3.83,3.9,627,2018-03-08
EVGN,3.78,3.6,3.78,3.6,3498,2018-03-12
EVGN,3.77,3.41,3.41,3.77,8190,2018-03-13
EVGN,4.1113,3.71,3.77,3.82,60254,2018-03-14
EVGN,3.91,3.7,3.9,3.84,21003,2018-03-15
EVGN,3.85,3.76,3.85,3.84,2100,2018-03-16
EVGN,3.81,3.5401,3.81,3.73,2300,2018-03-19
EVGN,3.85,3.477,3.78,3.56,39057,2018-03-20
EVGN,3.51,3.41,3.46,3.47,6156,2018-03-21
EVGN,3.47,3.224,3.41,3.35,10744,2018-03-22
EVGN,3.25,2.98,3.25,3.15,8953,2018-03-26
EVGN,3.22,3.11,3.19,3.1964,4850,2018-03-27
EVGN,3.1699,3.15,3.16,3.15,3950,2018-03-28
EVGN,3.175,3.15,3.15,3.175,3002,2018-03-29
EVGN,3.2001,3,3.2,3,10495,2018-04-02
EVGN,2.95,2.86,2.86,2.94,32201,2018-04-03
EVGN,2.95,2.75,2.92,2.9,14938,2018-04-04
EVGN,2.92,2.86,2.92,2.8656,2258,2018-04-05
EVGN,2.94,2.85,2.86,2.85,700,2018-04-06
EVGN,2.9352,2.84,2.84,2.91,11450,2018-04-09
EVGN,2.99,2.92,2.92,2.99,5803,2018-04-10
EVGN,3.07,2.96,3.05,3.07,11811,2018-04-11
EVGN,3.07,3.0354,3.0354,3.07,638,2018-04-12
EVGN,3.07,3.02,3.02,3.07,1016,2018-04-13
EVGN,3.1,3.07,3.09,3.08,1226,2018-04-16
EVGN,3.14,2.98,3.09,3.13,28743,2018-04-17
EVGN,3.24,3.05,3.11,3.24,4179,2018-04-18
EVGN,3.21,3,3.21,3,8328,2018-04-19
EVGN,3.13,3.02,3.13,3.02,899,2018-04-20
EVGN,3.2,3.02,3.02,3.13,6103,2018-04-23
EVGN,3.2,3.05,3.05,3.12,4243,2018-04-24
EVGN,3.09,3.06,3.06,3.088,2976,2018-04-26
EVGN,3.17,3.06,3.06,3.17,3081,2018-04-27
EVGN,3.16,3.09,3.14,3.1,7005,2018-04-30
EVGN,3.15,3.12,3.12,3.15,1589,2018-05-01
EVGN,3.14,3.05,3.05,3.14,3137,2018-05-02
EVGN,3.2337,3.15,3.15,3.18,498,2018-05-04
EVGN,3.24,3.07,3.24,3.0962,1222,2018-05-07
EVGN,3.11,3.02,3.11,3.05,10666,2018-05-08
EVGN,3.15,2.88,3.15,2.88,6847,2018-05-09
EVGN,3.03,3.03,3.03,3.03,1702,2018-05-10
EVGN,2.97,2.87,2.97,2.9,8019,2018-05-14
EVGN,2.9,2.875,2.9,2.88,4165,2018-05-15
EVGN,2.93,2.74,2.89,2.93,9345,2018-05-16
EVGN,2.9632,2.9,2.92,2.9034,8286,2018-05-17
EVGN,2.91,2.86,2.86,2.91,3014,2018-05-18
EVGN,3,2.87,2.95,2.87,1289,2018-05-21
EVGN,3,2.98,2.98,3,9626,2018-05-22
EVGN,3.1,3.02,3.02,3.1,10314,2018-05-25
EVGN,3.08,2.96,3.08,3.03,87967,2018-05-29
EVGN,3.0799,3.041,3.07,3.05,24156,2018-05-30
EVGN,3.07,3.01,3.01,3.06,9002,2018-05-31
EVGN,3.07,3.001,3.05,3.03,9984,2018-06-01
EVGN,3.1,3.04,3.05,3.1,36289,2018-06-04
EVGN,3.14,3.06,3.1,3.12,25937,2018-06-05
EVGN,3.18,3.125,3.15,3.14,10545,2018-06-06
EVGN,3.2,3.17,3.17,3.1985,15543,2018-06-07
EVGN,3.4,3.25,3.25,3.29,75684,2018-06-08
EVGN,3.459,3.21,3.27,3.21,16274,2018-06-11
EVGN,3.3899,3.28,3.37,3.29,10817,2018-06-12
EVGN,3.28,3.21,3.28,3.21,4217,2018-06-13
EVGN,3.25,3.001,3.17,3.2,20670,2018-06-14
EVGN,3.11,3.1,3.1,3.1,3112,2018-06-15
EVGN,3.12,2.9,3.04,3.03,18037,2018-06-18
EVGN,3.11,3.04,3.05,3.06,4702,2018-06-19
EVGN,3.15,3.07,3.08,3.15,7525,2018-06-20
EVGN,3.12,3.05,3.07,3.05,7413,2018-06-21
EVGN,3.08,3.0301,3.0301,3.08,1693,2018-06-22
EVGN,3.08,2.8231,2.98,2.96,16125,2018-06-25
EVGN,2.9216,2.9216,2.9216,2.9216,1000,2018-06-26
EVGN,2.9399,2.84,2.92,2.84,7540,2018-06-28
EVGN,2.86,2.86,2.86,2.86,1025,2018-06-29
EVGN,2.8668,2.7801,2.7834,2.85,11916,2018-07-02
EVGN,3.06,3.015,3.03,3.03,1712,2018-07-03
EVGN,2.9148,2.83,2.83,2.8488,6584,2018-07-05
EVGN,2.8601,2.8601,2.8601,2.8601,2030,2018-07-06
EVGN,2.9699,2.9201,2.9699,2.9699,3511,2018-07-09
EVGN,3.05,2.91,3.01,2.91,47383,2018-07-10
EVGN,3,2.96,2.98,2.96,1169,2018-07-11
EVGN,3.11,2.95,3.11,2.97,9360,2018-07-12
EVGN,2.97,2.87,2.97,2.87,16363,2018-07-13
EVGN,2.97,2.85,2.86,2.89,56589,2018-07-16
EVGN,2.96,2.85,2.85,2.94,3154,2018-07-17
EVGN,2.98,2.89,2.94,2.89,3798,2018-07-18
EVGN,2.94,2.8987,2.9,2.9,3670,2018-07-19
EVGN,2.98,2.9645,2.97,2.9645,15783,2018-07-23
EVGN,2.9464,2.92,2.93,2.93,4177,2018-07-24
EVGN,2.98,2.93,2.93,2.9327,1968,2018-07-25
EVGN,2.9799,2.93,2.93,2.9799,3465,2018-07-26
EVGN,2.98,2.97,2.97,2.98,2460,2018-07-27
EVGN,2.98,2.93,2.94,2.93,726,2018-07-30
EVGN,2.88,2.86,2.86,2.88,12716,2018-07-31
EVGN,2.98,2.84,2.86,2.98,10707,2018-08-02
EVGN,2.94,2.82,2.9,2.82,11319,2018-08-03
EVGN,2.8889,2.85,2.85,2.85,8793,2018-08-06
EVGN,2.9,2.8308,2.9,2.88,2710,2018-08-07
EVGN,2.9,2.82,2.8548,2.82,5412,2018-08-08
EVGN,2.827,2.81,2.82,2.8127,5678,2018-08-09
EVGN,2.83,2.83,2.83,2.83,119,2018-08-10
EVGN,2.8562,2.81,2.82,2.8562,3945,2018-08-13
EVGN,2.78,2.59,2.6,2.7799,4466,2018-08-14
EVGN,2.87,2.604,2.64,2.63,9409,2018-08-15
EVGN,2.7,2.59,2.63,2.66,7179,2018-08-16
EVGN,2.79,2.72,2.79,2.77,1901,2018-08-17
EVGN,2.64,2.6,2.6368,2.62,9413,2018-08-20
EVGN,2.84,2.6382,2.688,2.68,6759,2018-08-21
EVGN,2.72,2.62,2.68,2.65,17514,2018-08-22
EVGN,2.7,2.59,2.67,2.6,33563,2018-08-23
EVGN,2.83,2.6999,2.83,2.7,5889,2018-08-24
EVGN,2.72,2.65,2.71,2.7,13947,2018-08-27
EVGN,2.84,2.68,2.68,2.698,12683,2018-08-28
EVGN,2.73,2.63,2.67,2.7,18498,2018-08-29
EVGN,2.83,2.75,2.83,2.75,4640,2018-08-30
EVGN,2.83,2.74,2.83,2.74,4893,2018-08-31
EVGN,2.75,2.73,2.73,2.75,2023,2018-09-04
EVGN,2.89,2.82,2.84,2.89,21387,2018-09-05
EVGN,3.3,2.9,2.9,3,16351,2018-09-06
EVGN,2.95,2.94,2.95,2.9401,1417,2018-09-07
EVGN,3.05,2.7949,2.7949,3,5325,2018-09-10
EVGN,3.05,2.9,3.04,2.9,3971,2018-09-12
EVGN,3.07,3.01,3.01,3.05,8671,2018-09-13
EVGN,3.05,3.05,3.05,3.05,665,2018-09-14
EVGN,3.32,3.05,3.05,3.13,2767,2018-09-18
EVGN,3.1,2.96,3.1,3.09,2010,2018-09-19
EVGN,3.09,3.0899,3.09,3.0899,1633,2018-09-20
EVGN,3.175,3.03,3.175,3.1386,5568,2018-09-21
EVGN,3.15,3.1331,3.1499,3.14,3390,2018-09-24
EVGN,3.1132,3.0821,3.1132,3.1,5293,2018-09-25
EVGN,3,2.98,2.9911,2.98,9535,2018-09-26
EVGN,3.13,3.13,3.13,3.13,245,2018-09-27
EVGN,3.12,2.85,3.12,3.11,8095,2018-09-28
EVGN,2.9101,2.9101,2.9101,2.9101,665,2018-10-01
EVGN,2.9554,2.9554,2.9554,2.9554,408,2018-10-02
EVGN,2.88,2.85,2.88,2.85,1620,2018-10-03
EVGN,2.9099,2.8601,2.8601,2.9099,3205,2018-10-05
EVGN,2.95,2.75,2.8681,2.95,1171,2018-10-08
EVGN,2.9184,2.9184,2.9184,2.9184,475,2018-10-12
EVGN,3.01,2.74,2.76,3.01,854,2018-10-15
EVGN,2.7455,2.7455,2.7455,2.7455,353,2018-10-16
EVGN,2.8606,2.69,2.8606,2.69,7151,2018-10-17
EVGN,2.7,2.7,2.7,2.7,637,2018-10-18
EVGN,2.69,2.67,2.69,2.67,783,2018-10-19
EVGN,2.7,2.6261,2.7,2.65,8866,2018-10-22
EVGN,2.6867,2.6,2.65,2.6,7016,2018-10-23
EVGN,2.613,2.6,2.61,2.613,1829,2018-10-24
EVGN,2.6,2.52,2.6,2.5326,5820,2018-10-25
EVGN,2.55,2.51,2.55,2.53,2852,2018-10-26
EVGN,3,2.56,2.6,2.56,22478,2018-10-29
EVGN,2.78,2.59,2.59,2.65,4016,2018-10-30
EVGN,2.8272,2.5,2.5,2.69,12623,2018-10-31
EVGN,2.785,2.61,2.67,2.78,3063,2018-11-01
EVGN,2.76,2.6,2.62,2.75,3078,2018-11-02
EVGN,2.97,2.64,2.67,2.97,2921,2018-11-05
EVGN,2.8,2.71,2.77,2.71,1039,2018-11-06
EVGN,2.95,2.68,2.9,2.68,2496,2018-11-07
EVGN,2.95,2.75,2.92,2.95,3556,2018-11-08
EVGN,2.85,2.67,2.85,2.73,2108,2018-11-12
EVGN,2.71,2.5501,2.5501,2.69,2400,2018-11-14
EVGN,2.67,2.4,2.55,2.4,21704,2018-11-19
EVGN,2.58,2.44,2.5,2.5,5142,2018-11-20
EVGN,2.6,2.45,2.45,2.4755,4016,2018-11-21
EVGN,2.55,2.5,2.5,2.55,524,2018-11-26
EVGN,2.58,2.45,2.54,2.45,15706,2018-11-27
EVGN,2.57,2.57,2.57,2.57,137,2018-11-29
EVGN,2.56,2.471,2.56,2.471,571,2018-12-03
EVGN,2.5,2.4,2.5,2.4,3585,2018-12-04
EVGN,2.45,2.35,2.37,2.35,4564,2018-12-06
EVGN,2.38,2.3391,2.35,2.35,3374,2018-12-07
EVGN,2.32,2.3,2.3,2.32,3268,2018-12-10
EVGN,2.3261,2.3261,2.3261,2.3261,214,2018-12-11
EVGN,2.3,2.26,2.3,2.26,836,2018-12-12
EVGN,2.25,2.2,2.25,2.2,4762,2018-12-13
EVGN,2.2,2.1501,2.2,2.151,1229,2018-12-14
EVGN,2.16,2.12,2.16,2.1201,4195,2018-12-17
EVGN,2.16,2.15,2.15,2.15,2760,2018-12-18
EVGN,2.15,2.15,2.15,2.15,1420,2018-12-19
EVGN,2.1184,2.06,2.1,2.1184,2701,2018-12-20
EVGN,2.1975,2.01,2.01,2.08,6434,2018-12-21
EVGN,2.05,2.0025,2.05,2.04,3015,2018-12-24
EVGN,2.1105,2.03,2.04,2.04,13701,2018-12-26
EVGN,2.01,2,2,2.01,6808,2018-12-28
EVGN,2.1568,1.98,2.1568,1.98,34008,2018-12-31
EVGN,2.25,2.03,2.04,2.2,22781,2019-01-02
EVGN,2.2,2.15,2.2,2.15,7313,2019-01-03
EVGN,2.2499,2.2499,2.2499,2.2499,1002,2019-01-04
EVGN,2.1101,2.1101,2.1101,2.1101,1084,2019-01-07
EVGN,2.38,2.1,2.2635,2.27,12103,2019-01-09
EVGN,2.17,2.1,2.1,2.1,6758,2019-01-10
EVGN,2.3368,2.14,2.14,2.3368,1583,2019-01-11
EVGN,2.25,2.09,2.25,2.0963,3569,2019-01-15
EVGN,2.14,2.12,2.14,2.12,3622,2019-01-18
EVGN,2.2,2.1893,2.2,2.1893,412,2019-01-22
EVGN,2.32,2.21,2.21,2.2981,18602,2019-01-28
EVGN,2.3146,2.3146,2.3146,2.3146,161,2019-01-31
EVGN,2.36,2.2001,2.34,2.312,19611,2019-02-01
EVGN,2.35,2.22,2.35,2.22,1842,2019-02-04
EVGN,2.29,2.2,2.29,2.2,5405,2019-02-05
EVGN,2.32,2.2,2.22,2.32,10998,2019-02-06
EVGN,2.25,2.25,2.25,2.25,417,2019-02-11
EVGN,2.18,2.18,2.18,2.18,607,2019-02-12
EVGN,2.27,2.2401,2.2401,2.27,1099,2019-02-13
EVGN,2.38,2.27,2.27,2.38,1804,2019-02-19
EVGN,2.28,2.2405,2.28,2.2405,1296,2019-02-20
EVGN,2.24,2.18,2.19,2.18,3922,2019-02-21
EVGN,2.25,2.21,2.21,2.25,900,2019-02-22
EVGN,2.21,2.19,2.19,2.19,1332,2019-02-27
EVGN,2.1608,2.15,2.1608,2.15,2922,2019-02-28
EVGN,2.15,2.13,2.15,2.13,9456,2019-03-05
EVGN,2.14,2.11,2.11,2.14,2560,2019-03-06
EVGN,2.07,2.06,2.07,2.06,1162,2019-03-07
EVGN,2.0759,2.06,2.06,2.07,4402,2019-03-08
EVGN,2.08,2.03,2.03,2.07,2711,2019-03-11
EVGN,2.08,2.03,2.06,2.08,1504,2019-03-12
EVGN,2.05,1.9947,2.05,2,6599,2019-03-13
EVGN,2,1.92,1.98,1.92,8030,2019-03-14
EVGN,1.9399,1.92,1.92,1.9399,1239,2019-03-15
EVGN,1.9599,1.94,1.94,1.94,1806,2019-03-18
EVGN,1.92,1.91,1.91,1.92,3040,2019-03-19
EVGN,1.93,1.9,1.93,1.9,2709,2019-03-20
EVGN,1.94,1.9144,1.9182,1.94,1281,2019-03-21
EVGN,1.9,1.9,1.9,1.9,464,2019-03-22
EVGN,1.85,1.79,1.83,1.85,4634,2019-03-25
EVGN,1.83,1.7812,1.82,1.83,1811,2019-03-26
EVGN,1.83,1.78,1.7801,1.83,3205,2019-03-28
EVGN,1.83,1.78,1.78,1.83,373,2019-03-29
EVGN,1.81,1.67,1.7077,1.8,10116,2019-04-01
EVGN,2.43,2.15,2.4,2.34,1080485,2019-04-03
EVGN,2.414,2,2.25,2.31,161406,2019-04-04
EVGN,2.65,2.32,2.32,2.42,242085,2019-04-05
EVGN,2.38,2.2,2.38,2.25,115801,2019-04-08
EVGN,2.28,2.2,2.28,2.2399,6861,2019-04-09
EVGN,2.19,2.07,2.19,2.17,27052,2019-04-10
EVGN,2.28,2.2,2.26,2.28,16541,2019-04-11
EVGN,2.355,2.1644,2.31,2.3,38583,2019-04-12
EVGN,2.49,2.33,2.38,2.47,56195,2019-04-15
EVGN,2.455,2.28,2.3,2.34,82366,2019-04-16
EVGN,2.2604,2.23,2.26,2.23,18937,2019-04-17
EVGN,2.3,2.18,2.22,2.27,45667,2019-04-18
EVGN,2.3689,2.16,2.28,2.17,12605,2019-04-22
EVGN,2.2567,2.205,2.24,2.23,22871,2019-04-23
EVGN,2.25,2.1901,2.25,2.24,13329,2019-04-24
EVGN,2.26,2.21,2.26,2.22,18078,2019-04-25
EVGN,2.24,2.19,2.24,2.2,16626,2019-04-26
EVGN,2.2,2.15,2.19,2.15,21069,2019-04-29
EVGN,2.12,2.06,2.12,2.06,20844,2019-04-30
EVGN,2.04,1.9,2.01,1.95,29094,2019-05-01
EVGN,1.9,1.82,1.9,1.84,38117,2019-05-02
EVGN,1.9,1.86,1.86,1.9,10582,2019-05-03
EVGN,1.85,1.79,1.83,1.81,44908,2019-05-06
EVGN,1.88,1.82,1.82,1.88,646,2019-05-07
EVGN,1.9,1.87,1.89,1.9,4964,2019-05-08
EVGN,1.8895,1.82,1.88,1.82,4547,2019-05-09
EVGN,1.88,1.8201,1.8201,1.85,3160,2019-05-10
EVGN,1.75,1.72,1.75,1.72,24527,2019-05-13
EVGN,1.75,1.74,1.74,1.75,2411,2019-05-14
EVGN,1.78,1.7487,1.76,1.78,7422,2019-05-15
EVGN,1.76,1.6701,1.76,1.7,16693,2019-05-16
EVGN,1.74,1.68,1.68,1.739,8627,2019-05-17
EVGN,1.8,1.74,1.7616,1.8,4140,2019-05-21
EVGN,1.7996,1.7497,1.77,1.7996,3061,2019-05-22
EVGN,1.76,1.76,1.76,1.76,3207,2019-05-23
EVGN,1.7671,1.72,1.73,1.76,2528,2019-05-24
EVGN,1.73,1.7,1.7,1.73,11096,2019-05-28
EVGN,1.57,1.53,1.55,1.57,47688,2019-05-29
EVGN,1.56,1.54,1.54,1.5599,756,2019-05-30
EVGN,1.56,1.54,1.5477,1.5432,4770,2019-05-31
EVGN,1.44,1.3897,1.44,1.4,22679,2019-06-03
EVGN,1.453,1.3869,1.4,1.45,20464,2019-06-04
EVGN,1.5159,1.51,1.51,1.51,502,2019-06-06
EVGN,1.5,1.44,1.44,1.5,353,2019-06-07
EVGN,1.54,1.52,1.52,1.53,1762,2019-06-10
EVGN,1.6,1.5101,1.53,1.575,48889,2019-06-11
EVGN,1.6,1.5172,1.55,1.52,48958,2019-06-12
EVGN,1.53,1.51,1.52,1.53,13220,2019-06-13
EVGN,1.52,1.5,1.52,1.5,2226,2019-06-14
EVGN,1.5,1.47,1.5,1.48,11965,2019-06-17
EVGN,1.5,1.45,1.5,1.45,22465,2019-06-18
EVGN,1.47,1.46,1.47,1.46,261,2019-06-19
EVGN,1.53,1.49,1.53,1.51,16015,2019-06-20
EVGN,1.47,1.44,1.45,1.47,756,2019-06-21
EVGN,1.51,1.49,1.49,1.51,1274,2019-06-24
EVGN,1.5524,1.52,1.5524,1.52,672,2019-06-26
EVGN,1.63,1.54,1.6,1.61,13334,2019-06-28
EVGN,1.68,1.64,1.68,1.64,14400,2019-07-01
EVGN,1.68,1.6,1.66,1.6,2604,2019-07-02
EVGN,1.65,1.65,1.65,1.65,331,2019-07-03
EVGN,1.6005,1.5965,1.6005,1.5999,11510,2019-07-05
EVGN,1.58,1.55,1.57,1.56,10562,2019-07-08
EVGN,1.54,1.51,1.51,1.525,3305,2019-07-09
EVGN,1.605,1.55,1.59,1.55,16883,2019-07-10
EVGN,1.5727,1.51,1.57,1.51,3122,2019-07-11
EVGN,1.52,1.51,1.51,1.51,834,2019-07-12
EVGN,1.54,1.48,1.48,1.54,992,2019-07-15
EVGN,1.57,1.49,1.57,1.49,76279,2019-07-16
EVGN,1.52,1.4905,1.4905,1.5152,3376,2019-07-17
EVGN,1.52,1.5,1.5,1.5084,2701,2019-07-18
EVGN,1.535,1.4827,1.4827,1.5075,1460,2019-07-19
EVGN,1.53,1.481,1.53,1.481,1372,2019-07-22
EVGN,1.4967,1.48,1.48,1.4967,1268,2019-07-23
EVGN,1.4807,1.45,1.48,1.45,10890,2019-07-24
EVGN,1.52,1.48,1.48,1.4992,1680,2019-07-25
EVGN,1.46,1.45,1.4538,1.45,780,2019-07-26
EVGN,1.52,1.46,1.46,1.52,500,2019-07-29
EVGN,1.54,1.43,1.46,1.54,6015,2019-07-30
EVGN,1.47,1.45,1.45,1.4573,1692,2019-07-31
EVGN,1.45,1.39,1.41,1.45,10920,2019-08-01
EVGN,1.45,1.34,1.34,1.37,22148,2019-08-06
EVGN,1.51,1.43,1.5,1.49,55666,2019-08-07
EVGN,1.61,1.54,1.54,1.61,16653,2019-08-08
EVGN,1.6,1.58,1.585,1.5989,5210,2019-08-09
EVGN,1.73,1.6,1.601,1.655,45696,2019-08-12
EVGN,1.68,1.6,1.64,1.67,27892,2019-08-13
EVGN,1.66,1.62,1.66,1.65,12069,2019-08-14
EVGN,1.63,1.51,1.63,1.51,8549,2019-08-15
EVGN,1.55,1.55,1.55,1.55,255,2019-08-16
EVGN,1.6,1.585,1.5899,1.5926,8790,2019-08-19
EVGN,1.6,1.5751,1.59,1.6,2106,2019-08-20
EVGN,1.6,1.59,1.59,1.6,9307,2019-08-21
EVGN,1.59,1.51,1.55,1.59,17749,2019-08-26
EVGN,1.67,1.59,1.59,1.61,43561,2019-08-27
EVGN,1.6299,1.6,1.6,1.622,15479,2019-08-29
EVGN,1.61,1.61,1.61,1.61,111,2019-09-03
EVGN,1.65,1.6181,1.65,1.6239,17971,2019-09-04
EVGN,1.7,1.65,1.65,1.6939,3600,2019-09-05
EVGN,1.7,1.69,1.69,1.7,784,2019-09-06
EVGN,1.75,1.667,1.75,1.69,4978,2019-09-09
EVGN,1.655,1.57,1.61,1.64,53925,2019-09-10
EVGN,1.665,1.63,1.64,1.63,18388,2019-09-11
EVGN,1.63,1.63,1.63,1.63,313,2019-09-12
EVGN,1.63,1.57,1.63,1.6153,7340,2019-09-13
EVGN,1.63,1.63,1.63,1.63,1488,2019-09-16
EVGN,1.675,1.65,1.65,1.66,8671,2019-09-19
EVGN,1.6381,1.6381,1.6381,1.6381,934,2019-09-23
EVGN,1.6851,1.6101,1.6101,1.6851,3801,2019-09-24
EVGN,1.59,1.58,1.58,1.58,2930,2019-09-30
EVGN,1.65,1.59,1.6,1.6346,1566,2019-10-01
EVGN,1.6617,1.65,1.65,1.6617,2275,2019-10-03
EVGN,1.64,1.5801,1.5801,1.64,4767,2019-10-04
EVGN,1.73,1.6853,1.73,1.6853,4531,2019-10-07
EVGN,1.5901,1.5901,1.5901,1.5901,203,2019-10-08
EVGN,1.66,1.635,1.66,1.635,1981,2019-10-10
EVGN,1.6373,1.6373,1.6373,1.6373,342,2019-10-15
EVGN,1.67,1.6,1.6,1.67,942,2019-10-18
EVGN,1.5948,1.5948,1.5948,1.5948,2503,2019-10-21
EVGN,1.59,1.58,1.59,1.58,3296,2019-10-22
EVGN,1.575,1.575,1.575,1.575,617,2019-10-23
EVGN,1.6881,1.6881,1.6881,1.6881,1000,2019-10-24
EVGN,1.59,1.59,1.59,1.59,329,2019-10-25
EVGN,1.62,1.6,1.6,1.6,3998,2019-10-28
EVGN,1.62,1.6,1.6,1.62,1088,2019-10-29
EVGN,1.5527,1.5527,1.5527,1.5527,200,2019-10-30
EVGN,1.5999,1.55,1.55,1.5999,6778,2019-10-31
EVGN,1.62,1.56,1.62,1.56,508,2019-11-01
EVGN,1.55,1.51,1.55,1.525,9207,2019-11-04
EVGN,1.52,1.5,1.5,1.519,2483,2019-11-05
EVGN,1.5828,1.5828,1.5828,1.5828,1501,2019-11-07
EVGN,1.505,1.505,1.505,1.505,377,2019-11-12
EVGN,1.4503,1.445,1.45,1.45,1705,2019-11-14
EVGN,1.51,1.5,1.51,1.5025,2357,2019-11-15
EVGN,1.5083,1.4681,1.5066,1.4681,4510,2019-11-18
EVGN,1.51,1.48,1.51,1.48,9953,2019-11-19
EVGN,1.51,1.45,1.51,1.45,856,2019-11-20
EVGN,1.465,1.42,1.4349,1.42,993,2019-11-21
EVGN,1.5,1.4368,1.4368,1.44,9603,2019-11-22
EVGN,1.4299,1.4299,1.4299,1.4299,321,2019-11-25
EVGN,1.4299,1.4,1.41,1.42,5159,2019-11-27
EVGN,1.36,1.36,1.36,1.36,1301,2019-11-29
EVGN,1.35,1.29,1.34,1.35,19498,2019-12-02
EVGN,1.34,1.3266,1.33,1.34,6366,2019-12-03
EVGN,1.35,1.29,1.33,1.35,23164,2019-12-04
EVGN,1.315,1.28,1.2905,1.29,18955,2019-12-05
EVGN,1.35,1.26,1.35,1.2972,57214,2019-12-06
EVGN,1.32,1.3,1.3037,1.3,23641,2019-12-09
EVGN,1.38,1.26,1.27,1.285,47024,2019-12-10
EVGN,1.3385,1.308,1.3234,1.32,15346,2019-12-11
EVGN,1.51,1.41,1.41,1.5073,10261,2019-12-12
EVGN,1.4603,1.4163,1.4603,1.4163,1653,2019-12-13
EVGN,1.44,1.43,1.43,1.44,1120,2019-12-16
EVGN,1.3899,1.35,1.35,1.38,25535,2019-12-17
EVGN,1.3709,1.3,1.3242,1.365,39951,2019-12-18
EVGN,1.35,1.3,1.3,1.3477,9672,2019-12-19
EVGN,1.38,1.31,1.33,1.36,28316,2019-12-20
EVGN,1.544,1.42,1.42,1.49,29447,2019-12-23
EVGN,1.55,1.51,1.5377,1.55,1752,2019-12-24
EVGN,1.58,1.58,1.58,1.58,1501,2019-12-26
EVGN,1.66,1.55,1.5926,1.56,18339,2019-12-27
EVGN,1.4899,1.45,1.4899,1.45,3027,2019-12-30
EVGN,1.53,1.5,1.52,1.52,14306,2019-12-31
EVGN,1.68,1.62,1.6401,1.67,21575,2020-01-02
EVGN,1.6,1.6,1.6,1.6,180,2020-01-03
EVGN,1.59,1.549,1.58,1.59,2701,2020-01-06
EVGN,1.6,1.6,1.6,1.6,100,2020-01-07
EVGN,1.75,1.61,1.61,1.68,10693,2020-01-08
EVGN,1.83,1.72,1.83,1.78,28320,2020-01-09
EVGN,1.8125,1.8015,1.8015,1.8125,335,2020-01-10
EVGN,1.81,1.6727,1.81,1.6927,43450,2020-01-13
EVGN,1.6973,1.68,1.68,1.6973,4784,2020-01-14
EVGN,1.79,1.7,1.7027,1.74,10701,2020-01-15
EVGN,1.73,1.705,1.7246,1.705,1865,2020-01-16
EVGN,1.7,1.69,1.7,1.69,6435,2020-01-17
EVGN,1.73,1.68,1.7097,1.69,7218,2020-01-21
EVGN,1.72,1.69,1.71,1.7,9974,2020-01-22
EVGN,1.7,1.7,1.7,1.7,938,2020-01-23
EVGN,1.61,1.53,1.61,1.56,43365,2020-01-27
EVGN,1.588,1.57,1.57,1.58,1595,2020-01-28
EVGN,1.63,1.58,1.58,1.63,1759,2020-01-29
EVGN,1.59,1.57,1.57,1.59,8762,2020-01-30
EVGN,1.62,1.58,1.58,1.58,9805,2020-01-31
EVGN,1.5,1.45,1.5,1.46,47404,2020-02-03
EVGN,1.4708,1.43,1.4708,1.44,6893,2020-02-04
EVGN,1.51,1.44,1.48,1.51,51439,2020-02-05
EVGN,1.55,1.49,1.51,1.5,33836,2020-02-06
EVGN,1.54,1.5,1.51,1.54,7121,2020-02-07
EVGN,1.51,1.485,1.5,1.485,92907,2020-02-10
EVGN,1.49,1.34,1.47,1.42,53297,2020-02-11
EVGN,1.46,1.4255,1.4255,1.45,22696,2020-02-12
EVGN,1.51,1.43,1.46,1.51,46789,2020-02-13
EVGN,1.54,1.46,1.51,1.51,26103,2020-02-14
EVGN,1.5,1.48,1.48,1.5,8129,2020-02-18
EVGN,1.54,1.5162,1.5162,1.5344,10684,2020-02-19
EVGN,1.57,1.51,1.51,1.55,14182,2020-02-20
EVGN,1.57,1.5,1.56,1.55,6632,2020-02-21
EVGN,1.45,1.3804,1.39,1.41,53755,2020-02-24
EVGN,1.43,1.39,1.4102,1.3916,6646,2020-02-25
EVGN,1.43,1.39,1.43,1.4,43733,2020-02-26
EVGN,1.39,1.35,1.39,1.38,12073,2020-02-27
EVGN,1.34,1.3299,1.34,1.33,9063,2020-02-28
EVGN,1.36,1.2801,1.32,1.35,20819,2020-03-02
EVGN,1.4,1.34,1.37,1.37,23926,2020-03-03
EVGN,1.33,1.24,1.33,1.2984,68504,2020-03-04
EVGN,1.21,1.15,1.1801,1.21,33247,2020-03-05
EVGN,1.2009,1.155,1.155,1.2009,1431,2020-03-06
EVGN,1.02,0.8901,0.95,1,101730,2020-03-09
EVGN,1.01,0.99,1.005,1.01,25217,2020-03-10
EVGN,0.9955,0.9391,0.94,0.99,38468,2020-03-11
EVGN,0.9584,0.86,0.9528,0.95,10875,2020-03-12
EVGN,1.03,0.8549,0.98,1.03,27192,2020-03-13
EVGN,0.9,0.8022,0.84,0.88,11790,2020-03-16
EVGN,0.85,0.7554,0.7802,0.83,36153,2020-03-17
EVGN,0.93,0.75,0.7638,0.75,10662,2020-03-18
EVGN,0.8998,0.76,0.8497,0.88,38588,2020-03-19
EVGN,0.91,0.75,0.75,0.91,44908,2020-03-20
EVGN,0.9135,0.87,0.8706,0.9135,3184,2020-03-23
EVGN,0.92,0.8601,0.9102,0.8601,2750,2020-03-24
EVGN,1.1,0.8886,0.8886,1.01,12061,2020-03-25
EVGN,1.15,1.01,1.03,1.1,21050,2020-03-26
EVGN,1.11,1.06,1.11,1.06,9413,2020-03-27
EVGN,1.08,1.06,1.071,1.08,913,2020-03-30
EVGN,1.29,1.12,1.12,1.18,3257,2020-03-31
EVGN,1.08,1.04,1.08,1.04,6799,2020-04-01
EVGN,1.02,0.9275,1.01,0.9275,14709,2020-04-02
EVGN,0.96,0.92,0.955,0.92,6199,2020-04-03
EVGN,0.9896,0.9896,0.9896,0.9896,204,2020-04-06
EVGN,1.06,1.05,1.06,1.05,819,2020-04-07
EVGN,1.11,1.0572,1.0572,1.11,930,2020-04-08
EVGN,1.11,1.1,1.11,1.1,1583,2020-04-09
EVGN,1.12,1.05,1.07,1.05,823,2020-04-13
EVGN,1.05,0.9,1.05,0.97,983,2020-04-14
EVGN,1.09,1,1,1.05,18943,2020-04-15
EVGN,1.1,1.09,1.1,1.1,1766,2020-04-16
EVGN,1.09,1.05,1.09,1.05,5232,2020-04-17
EVGN,1.11,1.08,1.085,1.1,8729,2020-04-20
EVGN,1.19,0.95,1.14,1.115,18742,2020-04-21
EVGN,1.11,0.9685,1.04,1.08,47838,2020-04-22
EVGN,1.13,1.06,1.06,1.1099,13708,2020-04-23
EVGN,1.08,1.05,1.08,1.05,2218,2020-04-24
EVGN,1.19,1.06,1.07,1.18,6013,2020-04-27
EVGN,1.19,1.11,1.19,1.15,3343,2020-04-28
EVGN,1.16,1.0728,1.0728,1.13,2832,2020-04-29
EVGN,1.14,1.1,1.12,1.1237,3185,2020-04-30
EVGN,1.16,1.07,1.16,1.12,1638,2020-05-01
EVGN,1.12,1.04,1.05,1.06,134191,2020-05-04
EVGN,1.11,1.03,1.1,1.08,38710,2020-05-05
EVGN,1.13,1.09,1.12,1.12,14446,2020-05-06
EVGN,1.22,1.1001,1.22,1.11,11883,2020-05-07
EVGN,1.24,1.03,1.1,1.21,22770,2020-05-08
EVGN,1.18,1.12,1.12,1.1399,53434,2020-05-11
EVGN,1.19,1.11,1.19,1.14,31264,2020-05-12
EVGN,1.19,1.0701,1.19,1.09,22852,2020-05-13
EVGN,1.02,1.02,1.02,1.02,5371,2020-05-14
EVGN,1.03,0.99,0.99,1.02,11836,2020-05-15
EVGN,1.12,1.06,1.06,1.1,30351,2020-05-18
EVGN,1.17,1.07,1.07,1.1,30036,2020-05-19
EVGN,1.13,1.08,1.13,1.1,34234,2020-05-20
EVGN,1.12,1.07,1.11,1.095,8740,2020-05-21
EVGN,1.17,1.11,1.13,1.14,27612,2020-05-22
EVGN,1.14,1.07,1.13,1.08,50600,2020-05-26
EVGN,1.08,1.05,1.05,1.08,600,2020-05-27
EVGN,1.1,1.05,1.1,1.05,1400,2020-05-28
EVGN,1.09,1.02,1.09,1.03,7100,2020-05-29
EVGN,1.09,1.06,1.06,1.07,4100,2020-06-01
EVGN,1.08,1.01,1.01,1.05,38300,2020-06-02
EVGN,1.5,1.06,1.09,1.27,831500,2020-06-03
EVGN,1.25,1.17,1.23,1.21,84800,2020-06-04
EVGN,1.23,1.16,1.18,1.21,63100,2020-06-05
EVGN,1.23,1.11,1.15,1.17,121000,2020-06-08
EVGN,1.19,1.11,1.13,1.16,72100,2020-06-09
EVGN,1.19,1.11,1.19,1.14,29100,2020-06-10
EVGN,1.09,1.01,1.09,1.03,36500,2020-06-11
EVGN,1.05,1,1.05,1.02,57700,2020-06-12
EVGN,1.07,0.95,0.95,1.04,94500,2020-06-15
EVGN,1.11,1.06,1.11,1.1,30500,2020-06-16
EVGN,1.07,1.03,1.07,1.04,35700,2020-06-17
EVGN,1.02,1,1,1,37300,2020-06-18
EVGN,1.04,0.98,1.04,1,24900,2020-06-19
EVGN,1.05,0.96,1.01,1.04,19000,2020-06-22
EVGN,1.44,1.06,1.06,1.29,2513200,2020-06-23
EVGN,1.26,1.11,1.24,1.13,233800,2020-06-24
EVGN,1.13,1.03,1.11,1.06,134600,2020-06-25
EVGN,1.07,1.02,1.02,1.03,67981,2020-06-26
EVGN,1.04,0.99,1.01,0.99,118500,2020-06-29
EVGN,1,0.94,0.95,1,121500,2020-06-30
EVGN,1.01,0.97,0.97,1,63300,2020-07-01
EVGN,1.01,0.97,1,1,139800,2020-07-02
EVGN,1.01,0.96,0.97,0.99,113200,2020-07-06
EVGN,1.1,1,1.1,1.07,374600,2020-07-07
EVGN,1.08,1.02,1.05,1.03,110600,2020-07-08
EVGN,1.04,0.99,1.01,1.02,154000,2020-07-09
EVGN,1.04,1,1.04,1,76000,2020-07-10
EVGN,1.03,1,1.02,1.01,74400,2020-07-13
EVGN,1.01,0.97,1,0.97,47700,2020-07-14
EVGN,1.04,0.98,0.99,1.04,130800,2020-07-15
EVGN,1.08,1.01,1.05,1.06,62600,2020-07-16
EVGN,1.08,1.04,1.07,1.06,59300,2020-07-17
EVGN,1.23,1.07,1.07,1.17,365237,2020-07-20
EVGN,1.17,1.13,1.16,1.15,128480,2020-07-21
EVGN,1.16,1.1,1.16,1.12,194680,2020-07-22
EVGN,1.17,1.0901,1.11,1.13,109694,2020-07-23
EVGN,1.12,1.09,1.12,1.09,24725,2020-07-24
EVGN,1.08,1.05,1.08,1.07,39454,2020-07-27
EVGN,1.07,1.03,1.05,1.06,39040,2020-07-28
EVGN,1.05,1.03,1.04,1.05,58780,2020-07-29
EVGN,1.075,1.03,1.04,1.06,75964,2020-07-30
EVGN,1.06,1.02,1.06,1.04,126700,2020-07-31
EVGN,1.14,1.05,1.08,1.11,75800,2020-08-03
EVGN,1.15,1.1,1.12,1.15,68100,2020-08-04
EVGN,1.23,1.08,1.18,1.18,220800,2020-08-05
EVGN,1.19,1.1,1.17,1.18,53100,2020-08-06
EVGN,1.24,1.18,1.18,1.22,80900,2020-08-07
EVGN,1.16,1.1,1.1,1.13,703100,2020-08-10
EVGN,1.22,1.14,1.14,1.17,116100,2020-08-11
EVGN,1.23,1.16,1.17,1.2,159900,2020-08-12
EVGN,1.41,1.15,1.17,1.33,349100,2020-08-13
EVGN,1.57,1.38,1.43,1.4,1143100,2020-08-14
EVGN,1.47,1.4,1.4,1.44,289900,2020-08-17
EVGN,1.46,1.36,1.44,1.41,206600,2020-08-18
EVGN,1.43,1.35,1.35,1.38,202300,2020-08-19
EVGN,1.37,1.35,1.35,1.36,113600,2020-08-20
EVGN,1.38,1.35,1.38,1.35,122400,2020-08-21
EVGN,1.45,1.35,1.36,1.4,148300,2020-08-24
EVGN,1.89,1.42,1.42,1.66,599900,2020-08-25
EVGN,1.85,1.6,1.65,1.68,520400,2020-08-26
EVGN,1.77,1.66,1.7,1.76,114500,2020-08-27
EVGN,2.1,1.74,1.77,1.86,660600,2020-08-28
EVGN,2.15,1.96,1.97,2.07,707100,2020-08-31
EVGN,2.8,2.08,2.09,2.74,3516700,2020-09-01
EVGN,2.95,2.47,2.61,2.82,1752600,2020-09-02
EVGN,2.79,2.15,2.63,2.24,1540100,2020-09-03
EVGN,2.55,2.15,2.38,2.51,739700,2020-09-04
EVGN,2.45,2.08,2.19,2.3,776800,2020-09-08
EVGN,2.6,2.27,2.3,2.38,523700,2020-09-09
EVGN,2.34,2.18,2.32,2.23,499200,2020-09-10
EVGN,2.33,2.13,2.18,2.13,248500,2020-09-11
EVGN,2.77,2.28,2.3,2.66,1584600,2020-09-14
EVGN,2.85,2.55,2.72,2.67,707200,2020-09-15
EVGN,2.72,2.41,2.54,2.5,858800,2020-09-16
EVGN,2.7,2.38,2.42,2.62,466100,2020-09-17
EVGN,3.43,2.67,2.7,3.09,3617500,2020-09-18
EVGN,3.5,2.88,2.92,3.37,2006400,2020-09-21
EVGN,3.74,3.03,3.25,3.47,1876000,2020-09-22
EVGN,3.44,2.88,3.35,2.91,1789700,2020-09-23
EVGN,3.31,2.76,2.9,3.09,1197300,2020-09-24
EVGN,3.99,3.17,3.2,3.89,2571100,2020-09-25
EVGN,5.3,3.95,4.08,3.97,4380800,2020-09-28
EVGN,4.47,3.85,3.94,4.08,2439700,2020-09-29
EVGN,4.57,3.93,4.39,3.96,1601800,2020-09-30
EVGN,4.24,3.97,4.06,4.05,1039400,2020-10-01
EVGN,3.88,3.55,3.69,3.7,1368900,2020-10-02
EVGN,4.38,3.81,3.91,4.16,1407200,2020-10-05
EVGN,4.35,3.91,4.26,3.96,884700,2020-10-06
EVGN,4.31,3.82,3.98,4.13,954900,2020-10-07
EVGN,4.38,3.97,4.12,3.99,685300,2020-10-08
EVGN,4.16,3.9,4.05,3.9,525400,2020-10-09
EVGN,3.89,3.67,3.89,3.7,888100,2020-10-12
EVGN,4.37,3.8,3.83,4.12,1765400,2020-10-13
EVGN,4.08,3.75,4.05,3.8,933100,2020-10-14
EVGN,4.05,3.7,3.77,4,931400,2020-10-15
EVGN,4.05,3.81,4.05,3.82,343700,2020-10-16
EVGN,3.97,3.58,3.83,3.58,541800,2020-10-19
EVGN,3.74,3.27,3.74,3.45,742000,2020-10-20
EVGN,3.48,3.21,3.48,3.29,683700,2020-10-21
EVGN,3.33,3.03,3.25,3.2,506000,2020-10-22
EVGN,3.23,3.06,3.22,3.18,204900,2020-10-23
EVGN,3.12,2.86,3.12,2.93,656400,2020-10-26
EVGN,3.14,2.9,2.9,3.08,498000,2020-10-27
EVGN,3.03,2.79,2.96,2.86,514100,2020-10-28
EVGN,3.2,2.92,2.96,2.97,505600,2020-10-29
EVGN,2.8,2.6,2.7,2.72,698000,2020-10-30
EVGN,3.02,2.82,2.87,2.89,585800,2020-11-02
EVGN,2.89,2.67,2.89,2.77,466200,2020-11-03
EVGN,2.98,2.7,2.8,2.72,666900,2020-11-04
EVGN,2.84,2.57,2.8,2.6,829400,2020-11-05
EVGN,2.83,2.56,2.56,2.71,922500,2020-11-06
EVGN,2.94,2.47,2.82,2.49,1845100,2020-11-09
EVGN,2.55,2.38,2.52,2.48,453300,2020-11-10
EVGN,2.68,2.51,2.56,2.58,491800,2020-11-11
EVGN,2.68,2.53,2.62,2.54,292300,2020-11-12
EVGN,2.6,2.51,2.57,2.54,263000,2020-11-13
EVGN,2.6,2.38,2.53,2.41,481400,2020-11-16
EVGN,3.1,2.45,2.56,3,2049500,2020-11-17
EVGN,3.16,2.76,2.88,2.76,1753900,2020-11-18
EVGN,2.86,2.53,2.61,2.8,1114100,2020-11-19
EVGN,2.95,2.78,2.81,2.83,614800,2020-11-20
EVGN,3.35,2.85,2.85,3.17,1503100,2020-11-23
EVGN,3.27,2.8,3.27,2.93,1059000,2020-11-24
EVGN,2.94,2.82,2.91,2.9,297300,2020-11-25
EVGN,3,2.9,2.97,2.96,258700,2020-11-27
EVGN,3.68,2.95,3,3.47,2277100,2020-11-30
EVGN,4.02,3.45,3.65,3.48,2793300,2020-12-01
EVGN,3.68,3.11,3.6,3.37,976200,2020-12-02
EVGN,3.76,3.4,3.42,3.7,697100,2020-12-03
EVGN,4.39,3.68,3.68,3.88,2730600,2020-12-04
EVGN,4.24,3.8,3.85,3.86,1511100,2020-12-07
EVGN,4.39,3.88,3.9,4.16,1628100,2020-12-08
EVGN,4.74,3.8,4.2,3.93,2398900,2020-12-09
EVGN,4.38,3.89,4.05,4.31,1538000,2020-12-10
EVGN,4.71,4.1,4.49,4.1,1553100,2020-12-11
EVGN,4.24,3.96,4.2,3.96,1038500,2020-12-14
EVGN,4.32,3.81,4.29,4,1287800,2020-12-15
EVGN,4.07,3.6,4.03,3.67,1030500,2020-12-16
EVGN,3.77,3.62,3.72,3.72,428100,2020-12-17
EVGN,4.0551,3.7,3.81,3.83,740237,2020-12-18
EVGN,4.2,3.66,3.68,3.97,1275500,2020-12-21
EVGN,4.21,3.89,4.08,3.93,1534300,2020-12-22
EVGN,5.39,4.13,4.13,5.05,7274000,2020-12-23
EVGN,4.99,4.36,4.84,4.41,2106400,2020-12-24
EVGN,6,4.73,4.75,5.63,7697081,2020-12-28
EVGN,5.44,4.51,5.31,4.92,3760791,2020-12-29
EVGN,5.14,4.86,5.01,4.9,1223869,2020-12-30
EVGN,4.92,4.54,4.9,4.7,1349213,2020-12-31
EVGN,5.65,4.78,4.88,5.1,3482570,2021-01-04
EVGN,5.11,4.79,5.04,4.93,1621852,2021-01-05
EVGN,5.16,4.44,5.0048,4.74,2281542,2021-01-06
EVGN,5.29,4.8,4.9,5.15,2075002,2021-01-07
EVGN,5.44,4.8107,5.2,4.86,2220354,2021-01-08
EVGN,5.12,4.75,4.7758,4.86,1498974,2021-01-11
EVGN,5.4,4.82,4.98,5.22,1671488,2021-01-12
EVGN,5.7351,5.1,5.15,5.55,2224166,2021-01-13
EVGN,6.49,5.47,5.51,5.95,3146618,2021-01-14
EVGN,6.94,6.03,6.04,6.08,2944414,2021-01-15
EVGN,6.13,5.75,6.05,5.93,2152041,2021-01-19
EVGN,5.99,5.52,5.96,5.79,1556540,2021-01-20
EVGN,6.5262,5.91,5.94,6.24,1898554,2021-01-21
EVGN,6.21,5.95,6.17,6.13,958942,2021-01-22
EVGN,7.2999,6.01,6.51,6.6,2796037,2021-01-25
EVGN,7.59,6.85,6.87,7,2436975,2021-01-26
EVGN,6.97,6.04,6.68,6.35,2133100,2021-01-27
EVGN,6.87,6.16,6.87,6.35,1150900,2021-01-28
EVGN,6.41,5.96,6.4,6.12,1165000,2021-01-29
EVGN,6.46,6.07,6.43,6.42,1089600,2021-02-01
EVGN,6.77,6.3,6.43,6.62,1065300,2021-02-02
EVGN,6.85,6.34,6.69,6.6,1026900,2021-02-03
EVGN,8.1,6.6,6.74,7.68,3791100,2021-02-04
EVGN,8.75,7.9,8.47,8.11,2651700,2021-02-05
EVGN,9.4,8.26,8.32,8.94,2519900,2021-02-08
EVGN,9.55,8.92,9.25,9.04,2175500,2021-02-09
EVGN,9.7,8.28,9.5,9.44,3384400,2021-02-10
EVGN,10.24,9.3,10.15,9.94,2489400,2021-02-11
EVGN,10,9.08,10,9.54,1953100,2021-02-12
EVGN,9.94,9.32,9.84,9.66,1398400,2021-02-16
EVGN,9.36,8.45,9.3,8.91,2225500,2021-02-17
EVGN,8.5,7.77,8.43,8.11,1600200,2021-02-18
EVGN,9,8.13,8.25,8.42,1071000,2021-02-19
EVGN,8.25,7.55,8.02,7.6,1757600,2021-02-22
EVGN,7.06,5.45,6.73,6.59,3790200,2021-02-23
EVGN,7.12,6.35,6.8,6.7,1791600,2021-02-24
EVGN,6.66,5.76,6.61,6.07,1861500,2021-02-25
EVGN,6.27,5.55,6.13,5.87,1287000,2021-02-26
EVGN,6.38,5.95,6.1,6.18,1270100,2021-03-01
EVGN,6.25,5.8,6.2,5.92,918000,2021-03-02
EVGN,5.84,5.13,5.7,5.27,2043000,2021-03-03
EVGN,5.19,4.21,5.07,4.72,2583300,2021-03-04
EVGN,4.74,3.81,4.58,4.58,2744400,2021-03-05
EVGN,4.87,4.34,4.59,4.61,1334900,2021-03-08
EVGN,5.79,4.86,4.86,5.35,2174600,2021-03-09
EVGN,5.64,5.08,5.59,5.27,1078000,2021-03-10
EVGN,5.68,5.29,5.53,5.54,1121900,2021-03-11
EVGN,5.78,5.25,5.38,5.59,559500,2021-03-12
EVGN,5.99,5.52,5.66,5.72,810500,2021-03-15
EVGN,5.84,5.07,5.84,5.29,818500,2021-03-16
EVGN,5.51,5.04,5.14,5.35,634500,2021-03-17
EVGN,5.97,5.19,5.29,5.2,1074300,2021-03-18
EVGN,5.68,5.14,5.25,5.48,595600,2021-03-19
EVGN,5.65,5.26,5.58,5.45,575400,2021-03-22
EVGN,5.56,4.95,5.53,5.05,711100,2021-03-23
EVGN,5.19,4.57,5.18,4.64,1195900,2021-03-24
EVGN,4.89,4.27,4.53,4.62,1314500,2021-03-25
EVGN,4.77,4.3,4.71,4.45,867300,2021-03-26
EVGN,4.54,4.2,4.47,4.29,1093600,2021-03-29
EVGN,4.92,4.16,4.24,4.65,1474200,2021-03-30
EVGN,5.13,4.62,4.7,5.04,852500,2021-03-31
EVGN,5.39,4.87,5.15,4.88,931200,2021-04-01
EVGN,5.21,4.8,5.01,5.02,830100,2021-04-05
EVGN,4.97,4.75,4.97,4.79,494800,2021-04-06
EVGN,4.94,4.72,4.81,4.8,328300,2021-04-07
EVGN,4.87,4.63,4.8,4.86,316500,2021-04-08
EVGN,4.85,4.57,4.83,4.65,473300,2021-04-09
EVGN,4.77,4.33,4.62,4.39,551900,2021-04-12
EVGN,4.95,4.42,4.85,4.55,1850400,2021-04-13
EVGN,4.75,4.51,4.55,4.63,478700,2021-04-14
EVGN,4.7,4.21,4.65,4.26,789900,2021-04-15
EVGN,4.4,4.05,4.29,4.37,801400,2021-04-16
EVGN,4.33,3.93,4.33,4.1,900500,2021-04-19
EVGN,4.31,3.96,4,4.17,656500,2021-04-20
EVGN,4.52,4.1,4.2,4.5,575300,2021-04-21
EVGN,4.47,4.11,4.46,4.15,490000,2021-04-22
EVGN,4.41,4.17,4.22,4.25,278100,2021-04-23
EVGN,4.58,4.22,4.23,4.48,486200,2021-04-26
EVGN,4.74,4.41,4.65,4.52,653900,2021-04-27
EVGN,4.66,4.4,4.46,4.64,308600,2021-04-28
EVGN,4.76,4.34,4.73,4.53,343100,2021-04-29
EVGN,4.52,4.32,4.45,4.36,228300,2021-04-30
EVGN,4.4,4.08,4.37,4.23,343600,2021-05-03
EVGN,4.18,3.92,4.17,4.13,580800,2021-05-04
EVGN,4.17,3.81,4.16,3.89,448000,2021-05-05
EVGN,3.89,3.68,3.85,3.76,882800,2021-05-06
EVGN,3.98,3.69,3.79,3.78,345100,2021-05-07
EVGN,3.73,3.37,3.73,3.41,1041300,2021-05-10
EVGN,3.69,3.12,3.15,3.57,762100,2021-05-11
EVGN,3.6,3.36,3.54,3.44,517000,2021-05-12
EVGN,3.56,3.14,3.47,3.3,413900,2021-05-13
EVGN,3.54,3.31,3.32,3.48,314800,2021-05-14
EVGN,3.6,3.39,3.5,3.52,284900,2021-05-17
EVGN,3.71,3.47,3.58,3.62,370700,2021-05-18
EVGN,3.69,3.47,3.5,3.57,350200,2021-05-19
EVGN,3.72,3.57,3.58,3.66,380200,2021-05-20
EVGN,3.8,3.52,3.74,3.53,257200,2021-05-21
EVGN,3.62,3.39,3.57,3.47,220600,2021-05-24
EVGN,3.57,3.27,3.46,3.31,323000,2021-05-25
EVGN,3.75,3.32,3.33,3.68,722900,2021-05-26
EVGN,3.68,3.37,3.68,3.42,493800,2021-05-27
EVGN,3.83,3.48,3.5,3.48,579300,2021-05-28
EVGN,3.75,3.5,3.63,3.62,514400,2021-06-01
EVGN,3.77,3.58,3.63,3.74,380100,2021-06-02
EVGN,3.69,3.37,3.67,3.4,631200,2021-06-03
EVGN,3.57,3.42,3.45,3.52,353000,2021-06-04
EVGN,3.88,3.52,3.52,3.79,579600,2021-06-07
EVGN,4.1,3.79,3.86,3.95,619000,2021-06-08
EVGN,4.1,3.78,3.92,3.82,531800,2021-06-09
EVGN,3.86,3.61,3.81,3.68,479300,2021-06-10
EVGN,3.75,3.56,3.69,3.63,362000,2021-06-11
EVGN,3.8,3.66,3.67,3.7,269300,2021-06-14
EVGN,3.73,3.53,3.73,3.63,250600,2021-06-15
EVGN,3.67,3.43,3.63,3.57,390000,2021-06-16
EVGN,3.79,3.54,3.59,3.75,241600,2021-06-17
EVGN,3.85,3.64,3.82,3.65,441900,2021-06-18
EVGN,3.68,3.45,3.68,3.47,506700,2021-06-21
EVGN,3.51,3.35,3.45,3.43,272900,2021-06-22
EVGN,3.58,3.44,3.47,3.51,195700,2021-06-23
EVGN,3.74,3.56,3.59,3.7,256200,2021-06-24
EVGN,3.77,3.59,3.74,3.6,249500,2021-06-25
EVGN,3.74,3.55,3.63,3.6,428700,2021-06-28
EVGN,3.65,3.46,3.6,3.46,296100,2021-06-29
EVGN,3.55,3.39,3.46,3.42,266300,2021-06-30
EVGN,3.45,3.32,3.43,3.35,339700,2021-07-01
EVGN,3.43,3.21,3.35,3.27,393800,2021-07-02
EVGN,3.43,3.3,3.36,3.34,678800,2021-07-06
EVGN,3.34,3.05,3.34,3.09,512900,2021-07-07
EVGN,3.24,2.89,2.99,3.1,575500,2021-07-08
EVGN,3.27,3.09,3.14,3.22,243100,2021-07-09
EVGN,3.22,3.03,3.22,3.04,263000,2021-07-12
EVGN,3.15,2.9801,3.05,3.04,298773,2021-07-13
