FRC-USD,0.0119,0.0114,0.0117,0.0118,74,2018-02-25
FRC-USD,0.0126,0.0115,0.0118,0.0121,70,2018-02-26
FRC-USD,0.0127,0.012,0.0122,0.0124,38,2018-02-27
FRC-USD,0.0128,0.0119,0.0124,0.012,4830,2018-02-28
FRC-USD,0.0129,0.0119,0.012,0.0128,566,2018-03-01
FRC-USD,0.013,0.0115,0.0128,0.0117,92,2018-03-02
FRC-USD,0.0122,0.0117,0.0117,0.0121,54,2018-03-03
FRC-USD,0.0122,0.0118,0.0121,0.0122,76,2018-03-04
FRC-USD,0.0147,0.012,0.0122,0.0147,6217,2018-03-05
FRC-USD,0.0146,0.0097,0.0146,0.0098,231,2018-03-06
FRC-USD,0.0117,0.0089,0.0098,0.009,175,2018-03-07
FRC-USD,0.0092,0.0082,0.009,0.0085,30,2018-03-08
FRC-USD,0.0086,0.0076,0.0085,0.0082,5,2018-03-09
FRC-USD,0.0086,0.0079,0.0085,0.008,61,2018-03-10
FRC-USD,0.0089,0.0077,0.008,0.0087,71,2018-03-11
FRC-USD,0.009,0.008,0.0087,0.0083,15,2018-03-12
FRC-USD,0.01,0.0081,0.0083,0.0083,295,2018-03-13
FRC-USD,0.0085,0.0073,0.0083,0.0075,30,2018-03-14
FRC-USD,0.0082,0.007,0.0075,0.0082,31,2018-03-15
FRC-USD,0.0082,0.0074,0.0082,0.0075,25,2018-03-16
FRC-USD,0.0084,0.0071,0.0076,0.0083,213,2018-03-17
FRC-USD,0.0083,0.0067,0.0083,0.0076,28,2018-03-18
FRC-USD,0.0087,0.0075,0.0075,0.0078,30,2018-03-19
FRC-USD,0.0093,0.0076,0.0079,0.0092,35,2018-03-20
FRC-USD,0.0095,0.0091,0.0093,0.0093,0,2018-03-21
FRC-USD,0.0083,0.008,0.0083,0.0082,7,2018-03-22
FRC-USD,0.0082,0.0078,0.0082,0.0082,122,2018-03-23
FRC-USD,0.0083,0.0078,0.0083,0.0078,16,2018-03-24
FRC-USD,0.0078,0.0077,0.0077,0.0077,36,2018-03-25
FRC-USD,0.0077,0.0071,0.0077,0.0074,35,2018-03-26
FRC-USD,0.0085,0.0082,0.0084,0.0082,116,2018-03-27
FRC-USD,0.0085,0.0081,0.0082,0.0085,120,2018-03-28
FRC-USD,0.0084,0.0072,0.0083,0.0075,847,2018-03-29
FRC-USD,0.0086,0.007,0.0074,0.0082,2,2018-03-30
FRC-USD,0.0085,0.0063,0.0082,0.0082,26,2018-03-31
FRC-USD,0.0084,0.0059,0.0082,0.0062,6,2018-04-01
FRC-USD,0.0073,0.0062,0.0063,0.0073,198,2018-04-02
FRC-USD,0.0077,0.0073,0.0073,0.0075,79,2018-04-03
FRC-USD,0.0075,0.0068,0.0075,0.0069,17,2018-04-04
FRC-USD,0.0069,0.0066,0.0069,0.0068,10,2018-04-05
FRC-USD,0.0068,0.0065,0.0068,0.0066,10,2018-04-06
FRC-USD,0.0074,0.0066,0.0066,0.0069,32,2018-04-07
FRC-USD,0.0071,0.0069,0.0069,0.007,24,2018-04-08
FRC-USD,0.0072,0.0067,0.007,0.0068,14,2018-04-09
FRC-USD,0.0069,0.0067,0.0068,0.0069,3,2018-04-10
FRC-USD,0.007,0.0069,0.0069,0.007,18,2018-04-11
FRC-USD,0.0079,0.0068,0.0069,0.0079,8,2018-04-12
FRC-USD,0.0082,0.0078,0.0079,0.0079,16,2018-04-13
FRC-USD,0.0083,0.0078,0.0079,0.0082,98,2018-04-14
FRC-USD,0.0085,0.0082,0.0082,0.0084,128,2018-04-15
FRC-USD,0.0085,0.0079,0.0084,0.008,2811,2018-04-16
FRC-USD,0.0081,0.0079,0.008,0.008,2758,2018-04-17
FRC-USD,0.0083,0.0073,0.0081,0.0074,120,2018-04-18
FRC-USD,0.0075,0.0074,0.0074,0.0075,8,2018-04-19
FRC-USD,0.0081,0.0075,0.0075,0.008,24,2018-04-20
FRC-USD,0.0082,0.0079,0.008,0.0081,37,2018-04-21
FRC-USD,0.0082,0.008,0.0081,0.008,399,2018-04-22
FRC-USD,0.0081,0.008,0.008,0.0081,4,2018-04-23
FRC-USD,0.0089,0.0081,0.0081,0.0089,10,2018-04-24
FRC-USD,0.0089,0.008,0.0088,0.008,8,2018-04-25
FRC-USD,0.0085,0.0079,0.0081,0.0084,101,2018-04-26
FRC-USD,0.0091,0.0083,0.0085,0.0089,206,2018-04-27
FRC-USD,0.0093,0.0084,0.0089,0.0085,20,2018-04-28
FRC-USD,0.0087,0.0085,0.0085,0.0087,32,2018-04-29
FRC-USD,0.0087,0.0083,0.0086,0.0084,1115,2018-04-30
FRC-USD,0.0084,0.0081,0.0084,0.0083,13,2018-05-01
FRC-USD,0.0084,0.0082,0.0083,0.0084,103,2018-05-02
FRC-USD,0.0088,0.0083,0.0084,0.0088,29,2018-05-03
FRC-USD,0.0088,0.0086,0.0088,0.0087,22,2018-05-04
FRC-USD,0.0101,0.0087,0.0087,0.0088,153,2018-05-05
FRC-USD,0.0097,0.0085,0.0088,0.0097,24,2018-05-06
FRC-USD,0.0097,0.0073,0.0097,0.0073,584,2018-05-07
FRC-USD,0.0088,0.0071,0.0073,0.0072,7,2018-05-08
FRC-USD,0.009,0.007,0.0072,0.0089,123,2018-05-09
FRC-USD,0.0089,0.0072,0.0088,0.0072,0,2018-05-10
FRC-USD,0.0072,0.0071,0.0072,0.0072,0,2018-05-11
FRC-USD,0.0069,0.0065,0.0068,0.0066,14,2018-05-12
FRC-USD,0.0068,0.0065,0.0066,0.0068,58,2018-05-13
FRC-USD,0.0069,0.0065,0.0068,0.0068,75,2018-05-14
FRC-USD,0.0069,0.0051,0.0068,0.0051,2246,2018-05-15
FRC-USD,0.0051,0.0049,0.0051,0.005,125,2018-05-16
FRC-USD,0.0052,0.0048,0.0052,0.0049,349,2018-05-18
FRC-USD,0.005,0.0049,0.0049,0.0049,275,2018-05-19
FRC-USD,0.0051,0.005,0.005,0.0051,0,2018-05-20
FRC-USD,0.0051,0.005,0.0051,0.0051,0,2018-05-21
FRC-USD,0.0076,0.0064,0.007,0.0064,133,2018-05-22
FRC-USD,0.0064,0.0056,0.0064,0.0057,51,2018-05-23
FRC-USD,0.0058,0.0056,0.0056,0.0057,39,2018-05-24
FRC-USD,0.006,0.0058,0.006,0.0059,0,2018-05-25
FRC-USD,0.0061,0.0056,0.0059,0.0059,3,2018-05-26
FRC-USD,0.0059,0.0058,0.0059,0.0059,3,2018-05-27
FRC-USD,0.0055,0.0053,0.0054,0.0053,22,2018-05-28
FRC-USD,0.0054,0.0051,0.0053,0.0054,0,2018-05-29
FRC-USD,0.0054,0.0053,0.0054,0.0053,6,2018-05-30
FRC-USD,0.0055,0.0045,0.0053,0.0045,117,2018-05-31
FRC-USD,0.0091,0.0045,0.0045,0.009,2171,2018-06-01
FRC-USD,0.0115,0.0085,0.009,0.0114,476,2018-06-02
FRC-USD,0.0124,0.0092,0.0115,0.0092,555,2018-06-03
FRC-USD,0.0121,0.0088,0.0093,0.0088,55,2018-06-04
FRC-USD,0.0088,0.0082,0.0088,0.0085,192,2018-06-05
FRC-USD,0.0086,0.0081,0.0085,0.0086,84,2018-06-06
FRC-USD,0.0087,0.0069,0.0086,0.0069,26,2018-06-07
FRC-USD,0.0084,0.0068,0.0069,0.0069,4,2018-06-08
FRC-USD,0.0076,0.0067,0.0069,0.0067,53,2018-06-09
FRC-USD,0.0071,0.0059,0.0068,0.0066,41,2018-06-10
FRC-USD,0.0066,0.0052,0.0066,0.0062,37,2018-06-11
FRC-USD,0.0062,0.0052,0.0062,0.0058,18,2018-06-12
FRC-USD,0.0055,0.0048,0.0051,0.0054,18,2018-06-13
FRC-USD,0.0056,0.005,0.0054,0.0053,19,2018-06-14
FRC-USD,0.0053,0.0049,0.0052,0.005,27,2018-06-15
FRC-USD,0.0051,0.0049,0.0049,0.005,23,2018-06-16
FRC-USD,0.0051,0.0039,0.005,0.0039,120,2018-06-17
FRC-USD,0.0039,0.0039,0.0039,0.0039,78,2018-06-18
FRC-USD,0.0052,0.0052,0.0052,0.0052,63,2018-06-19
FRC-USD,0.0058,0.004,0.0052,0.0041,183,2018-06-20
FRC-USD,0.0058,0.004,0.0041,0.0058,19,2018-06-21
FRC-USD,0.0058,0.0048,0.0058,0.0048,32,2018-06-22
FRC-USD,0.005,0.0045,0.0048,0.0045,36,2018-06-23
FRC-USD,0.0049,0.0042,0.0045,0.0049,16,2018-06-24
FRC-USD,0.0049,0.0044,0.0049,0.0045,14,2018-06-25
FRC-USD,0.0045,0.0045,0.0045,0.0045,14,2018-06-26
FRC-USD,0.0054,0.0053,0.0053,0.0054,10,2018-06-30
FRC-USD,0.0054,0.0044,0.0054,0.0044,211,2018-07-01
FRC-USD,0.0056,0.0043,0.0044,0.005,182,2018-07-02
FRC-USD,0.0051,0.005,0.005,0.005,0,2018-07-03
FRC-USD,0.005,0.0049,0.005,0.005,0,2018-07-04
FRC-USD,0.0056,0.0054,0.0055,0.0055,11,2018-07-05
FRC-USD,0.0056,0.005,0.0055,0.005,69,2018-07-06
FRC-USD,0.005,0.005,0.005,0.005,0,2018-07-07
FRC-USD,0.0057,0.0052,0.0056,0.0057,159,2018-07-08
FRC-USD,0.0057,0.0057,0.0057,0.0057,0,2018-07-09
FRC-USD,0.0064,0.0063,0.0064,0.0063,259,2018-07-11
FRC-USD,0.0063,0.0061,0.0063,0.0062,16,2018-07-12
FRC-USD,0.0063,0.0061,0.0062,0.0062,0,2018-07-13
FRC-USD,0.0062,0.0061,0.0062,0.0062,130,2018-07-14
FRC-USD,0.0076,0.0062,0.0062,0.0075,0,2018-07-15
FRC-USD,0.0076,0.0052,0.0076,0.0055,82,2018-07-16
FRC-USD,0.0059,0.0053,0.0055,0.0059,147,2018-07-17
FRC-USD,0.0061,0.0057,0.0059,0.0058,65,2018-07-18
FRC-USD,0.0058,0.0057,0.0058,0.0058,0,2018-07-19
FRC-USD,0.0064,0.0061,0.0062,0.0062,0,2018-07-20
FRC-USD,0.0065,0.0057,0.0062,0.0057,209,2018-07-21
FRC-USD,0.0058,0.0057,0.0057,0.0057,79,2018-07-22
FRC-USD,0.006,0.0057,0.0057,0.0059,78,2018-07-23
FRC-USD,0.0064,0.0059,0.0059,0.0063,0,2018-07-24
FRC-USD,0.0065,0.0062,0.0064,0.0063,154,2018-07-25
FRC-USD,0.0063,0.0059,0.0063,0.006,76,2018-07-26
FRC-USD,0.0062,0.0059,0.006,0.0062,0,2018-07-27
FRC-USD,0.0069,0.0068,0.0068,0.0069,43,2018-07-30
FRC-USD,0.0069,0.0057,0.0069,0.0058,67,2018-07-31
FRC-USD,0.0058,0.0056,0.0058,0.0057,63,2018-08-01
FRC-USD,0.0058,0.0056,0.0057,0.0057,213,2018-08-02
FRC-USD,0.0063,0.0055,0.0057,0.0057,62,2018-08-03
FRC-USD,0.0053,0.0052,0.0053,0.0053,134,2018-08-05
FRC-USD,0.0054,0.005,0.0053,0.005,64,2018-08-06
FRC-USD,0.0051,0.0049,0.005,0.0049,25,2018-08-07
FRC-USD,0.0049,0.0045,0.0049,0.0045,37,2018-08-08
FRC-USD,0.0048,0.0045,0.0045,0.0047,85,2018-08-09
FRC-USD,0.0065,0.0046,0.0047,0.0061,114,2018-08-10
FRC-USD,0.0061,0.0045,0.0061,0.0047,5,2018-08-11
FRC-USD,0.0047,0.0046,0.0047,0.0046,80,2018-08-12
FRC-USD,0.0047,0.0045,0.0046,0.0046,28,2018-08-13
FRC-USD,0.0046,0.0043,0.0046,0.0045,2,2018-08-14
FRC-USD,0.0047,0.0045,0.0045,0.0046,36,2018-08-15
FRC-USD,0.0052,0.0045,0.0046,0.0046,222,2018-08-16
FRC-USD,0.0047,0.0046,0.0046,0.0047,2,2018-08-17
FRC-USD,0.0048,0.0046,0.0047,0.0047,2,2018-08-18
FRC-USD,0.0054,0.0046,0.0047,0.0047,29,2018-08-19
FRC-USD,0.0047,0.0046,0.0047,0.0046,41,2018-08-20
FRC-USD,0.0047,0.0046,0.0046,0.0047,61,2018-08-21
FRC-USD,0.0049,0.0046,0.0047,0.0046,126,2018-08-22
FRC-USD,0.0047,0.0046,0.0046,0.0047,80,2018-08-23
FRC-USD,0.0048,0.0047,0.0047,0.0048,5,2018-08-24
FRC-USD,0.0049,0.0048,0.0048,0.0049,33,2018-08-25
FRC-USD,0.005,0.0048,0.0049,0.0048,21,2018-08-26
FRC-USD,0.0049,0.0048,0.0048,0.0049,86,2018-08-27
FRC-USD,0.0051,0.0049,0.0049,0.0051,30,2018-08-28
FRC-USD,0.005,0.005,0.005,0.005,30,2018-08-30
FRC-USD,0.0051,0.005,0.005,0.0051,132,2018-08-31
FRC-USD,0.0052,0.005,0.0051,0.0052,30,2018-09-01
FRC-USD,0.0061,0.0051,0.0052,0.0052,2,2018-09-02
FRC-USD,0.0053,0.0052,0.0052,0.0052,31,2018-09-03
FRC-USD,0.0053,0.0052,0.0052,0.0053,106,2018-09-04
FRC-USD,0.0053,0.005,0.0053,0.005,4,2018-09-05
FRC-USD,0.0049,0.0046,0.0049,0.0047,28,2018-09-06
FRC-USD,0.0047,0.0046,0.0047,0.0047,28,2018-09-07
FRC-USD,0.0047,0.0045,0.0047,0.0045,88,2018-09-08
FRC-USD,0.0047,0.0045,0.0045,0.0046,2,2018-09-09
FRC-USD,0.0046,0.0046,0.0046,0.0046,0,2018-09-10
FRC-USD,0.0046,0.0045,0.0046,0.0046,1,2018-09-11
FRC-USD,0.0046,0.0045,0.0046,0.0046,0,2018-09-12
FRC-USD,0.0047,0.0046,0.0046,0.0047,0,2018-09-13
FRC-USD,0.0049,0.0049,0.0049,0.0049,1,2018-09-15
FRC-USD,0.0049,0.0049,0.0049,0.0049,1,2018-09-16
FRC-USD,0.0049,0.0048,0.0048,0.0049,35,2018-09-19
FRC-USD,0.0049,0.0047,0.0049,0.0048,0,2018-09-20
FRC-USD,0.005,0.0048,0.0048,0.005,0,2018-09-21
FRC-USD,0.0051,0.0049,0.005,0.005,0,2018-09-22
FRC-USD,0.0056,0.005,0.0052,0.005,184,2018-09-23
FRC-USD,0.005,0.005,0.005,0.005,25,2018-09-24
FRC-USD,0.005,0.0048,0.005,0.0049,2,2018-09-25
FRC-USD,0.005,0.0049,0.0049,0.005,2,2018-09-26
FRC-USD,0.0055,0.0054,0.0055,0.0055,5,2018-09-28
FRC-USD,0.0055,0.0051,0.0055,0.0051,62,2018-09-29
FRC-USD,0.0051,0.0051,0.0051,0.0051,62,2018-09-30
FRC-USD,0.0051,0.0051,0.0051,0.0051,123,2018-10-02
FRC-USD,0.0058,0.005,0.0051,0.0058,58,2018-10-03
FRC-USD,0.0059,0.0027,0.0058,0.0027,665,2018-10-04
FRC-USD,0.0028,0.0027,0.0027,0.0028,49,2018-10-05
FRC-USD,0.0066,0.0028,0.0028,0.0066,454,2018-10-06
FRC-USD,0.0102,0.0066,0.0066,0.0069,393,2018-10-07
FRC-USD,0.0143,0.0068,0.0068,0.0142,5226,2018-10-08
FRC-USD,0.0142,0.0096,0.0142,0.011,1011,2018-10-09
FRC-USD,0.011,0.0095,0.011,0.0102,329,2018-10-10
FRC-USD,0.0103,0.0092,0.0102,0.0103,51,2018-10-11
FRC-USD,0.0104,0.0094,0.0103,0.0094,28,2018-10-12
FRC-USD,0.0095,0.0094,0.0094,0.0094,90,2018-10-13
FRC-USD,0.0095,0.0094,0.0094,0.0095,187,2018-10-14
FRC-USD,0.0103,0.0094,0.0095,0.0096,126,2018-10-15
FRC-USD,0.0096,0.0095,0.0096,0.0096,75,2018-10-16
FRC-USD,0.0096,0.0092,0.0096,0.0092,517,2018-10-17
FRC-USD,0.0092,0.0088,0.0092,0.0088,649,2018-10-18
FRC-USD,0.0088,0.0078,0.0088,0.0078,1077,2018-10-19
FRC-USD,0.0079,0.0067,0.0078,0.0079,36,2018-10-20
FRC-USD,0.0079,0.0067,0.0079,0.0068,51,2018-10-21
FRC-USD,0.0068,0.0068,0.0068,0.0068,190,2018-10-22
FRC-USD,0.0068,0.0068,0.0068,0.0068,46,2018-10-23
FRC-USD,0.0068,0.0068,0.0068,0.0068,128,2018-10-24
FRC-USD,0.0078,0.0068,0.0068,0.0068,81,2018-10-25
FRC-USD,0.0068,0.0068,0.0068,0.0068,50,2018-10-26
FRC-USD,0.0079,0.0068,0.0068,0.0079,204,2018-10-27
FRC-USD,0.0079,0.0075,0.0079,0.0076,5,2018-10-28
FRC-USD,0.0077,0.0073,0.0076,0.0076,20,2018-10-29
FRC-USD,0.0077,0.0075,0.0076,0.0077,56,2018-10-30
FRC-USD,0.0077,0.0074,0.0077,0.0074,175,2018-10-31
FRC-USD,0.008,0.0066,0.0074,0.008,1040,2018-11-01
FRC-USD,0.008,0.0066,0.008,0.0067,61,2018-11-02
FRC-USD,0.0067,0.0067,0.0067,0.0067,26,2018-11-03
FRC-USD,0.0068,0.0067,0.0067,0.0068,181,2018-11-04
FRC-USD,0.0068,0.0067,0.0068,0.0068,43,2018-11-05
FRC-USD,0.0069,0.0067,0.0068,0.0068,17,2018-11-06
FRC-USD,0.0078,0.0068,0.0068,0.0078,18,2018-11-07
FRC-USD,0.0078,0.0077,0.0078,0.0077,18,2018-11-08
FRC-USD,0.0077,0.0067,0.0076,0.0067,15,2018-11-10
FRC-USD,0.0067,0.0067,0.0067,0.0067,19,2018-11-11
FRC-USD,0.0067,0.0056,0.0067,0.0056,41,2018-11-12
FRC-USD,0.0056,0.0056,0.0056,0.0056,4,2018-11-13
FRC-USD,0.0051,0.005,0.0051,0.0051,23,2018-11-15
FRC-USD,0.0051,0.0051,0.0051,0.0051,23,2018-11-16
FRC-USD,0.0047,0.0044,0.0047,0.0044,0,2018-11-19
FRC-USD,0.0044,0.004,0.0044,0.0041,0,2018-11-20
FRC-USD,0.0042,0.004,0.0042,0.0041,10,2018-11-21
FRC-USD,0.0048,0.004,0.0041,0.004,25,2018-11-22
FRC-USD,0.004,0.0038,0.004,0.0038,0,2018-11-23
FRC-USD,0.0039,0.0037,0.0038,0.0037,0,2018-11-24
FRC-USD,0.0034,0.0033,0.0034,0.0034,4,2018-11-26
FRC-USD,0.0034,0.0033,0.0034,0.0034,4,2018-11-27
FRC-USD,0.0063,0.006,0.0061,0.0061,0,2018-11-28
FRC-USD,0.0063,0.0041,0.0061,0.0042,1,2018-11-29
FRC-USD,0.0043,0.0039,0.0042,0.004,12,2018-11-30
FRC-USD,0.0042,0.004,0.0041,0.0042,13,2018-12-01
FRC-USD,0.0052,0.0039,0.0052,0.004,60,2018-12-03
FRC-USD,0.0042,0.0039,0.004,0.0041,41,2018-12-04
FRC-USD,0.0041,0.004,0.0041,0.004,40,2018-12-05
FRC-USD,0.0038,0.0037,0.0038,0.0037,116,2018-12-10
FRC-USD,0.0037,0.0036,0.0037,0.0036,0,2018-12-11
FRC-USD,0.0036,0.0035,0.0036,0.0035,2,2018-12-13
FRC-USD,0.0035,0.0034,0.0035,0.0034,9,2018-12-14
FRC-USD,0.0035,0.0034,0.0034,0.0034,7,2018-12-15
FRC-USD,0.0043,0.0042,0.0043,0.0042,0,2018-12-16
FRC-USD,0.005,0.0042,0.0042,0.0049,0,2018-12-17
FRC-USD,0.0051,0.0049,0.0049,0.0051,0,2018-12-18
FRC-USD,0.0054,0.0051,0.0051,0.0052,3,2018-12-19
FRC-USD,0.0058,0.0052,0.0052,0.0057,0,2018-12-20
FRC-USD,0.0058,0.0054,0.0058,0.0055,251,2018-12-21
FRC-USD,0.0056,0.0054,0.0055,0.0055,253,2018-12-22
FRC-USD,0.0057,0.0056,0.0057,0.0056,1,2018-12-23
FRC-USD,0.0061,0.0056,0.0056,0.0058,0,2018-12-24
FRC-USD,0.0058,0.0056,0.0058,0.0056,0,2018-12-25
FRC-USD,0.0053,0.0051,0.0053,0.0051,35,2018-12-27
FRC-USD,0.0055,0.0051,0.0051,0.0055,37,2018-12-28
FRC-USD,0.0056,0.0054,0.0055,0.0054,26,2018-12-29
FRC-USD,0.0055,0.0053,0.0054,0.0054,9,2018-12-30
FRC-USD,0.0054,0.0052,0.0054,0.0053,625,2018-12-31
FRC-USD,0.0054,0.0052,0.0053,0.0054,30,2019-01-01
FRC-USD,0.0055,0.0053,0.0054,0.0055,177,2019-01-02
FRC-USD,0.0055,0.0053,0.0055,0.0053,55,2019-01-03
FRC-USD,0.0054,0.0052,0.0053,0.0053,18,2019-01-04
FRC-USD,0.0055,0.0053,0.0053,0.0054,78,2019-01-05
FRC-USD,0.0057,0.0053,0.0054,0.0057,196,2019-01-06
FRC-USD,0.0057,0.0056,0.0057,0.0056,21,2019-01-07
FRC-USD,0.0057,0.0056,0.0056,0.0056,86,2019-01-08
FRC-USD,0.0057,0.0056,0.0056,0.0056,14,2019-01-09
FRC-USD,0.0057,0.005,0.0056,0.005,112,2019-01-10
FRC-USD,0.0051,0.005,0.005,0.005,32,2019-01-11
FRC-USD,0.0051,0.005,0.005,0.0051,3,2019-01-12
FRC-USD,0.0051,0.0049,0.0051,0.0049,123,2019-01-13
FRC-USD,0.0051,0.0049,0.0049,0.0051,30,2019-01-14
FRC-USD,0.0052,0.0049,0.0051,0.0049,79,2019-01-15
FRC-USD,0.006,0.0049,0.0049,0.0053,287,2019-01-16
FRC-USD,0.006,0.0052,0.0053,0.006,11,2019-01-17
FRC-USD,0.006,0.0052,0.006,0.0052,85,2019-01-18
FRC-USD,0.0053,0.0052,0.0052,0.0052,85,2019-01-19
FRC-USD,0.0051,0.0051,0.0051,0.0051,0,2019-01-21
FRC-USD,0.0064,0.0051,0.0051,0.0064,172,2019-01-22
FRC-USD,0.0064,0.0059,0.0064,0.0059,0,2019-01-23
FRC-USD,0.0059,0.0051,0.0059,0.0052,10,2019-01-24
FRC-USD,0.0052,0.0051,0.0052,0.0052,3,2019-01-25
FRC-USD,0.0061,0.0052,0.0052,0.0052,50,2019-01-26
FRC-USD,0.0052,0.0051,0.0052,0.0051,95,2019-01-27
FRC-USD,0.0051,0.0049,0.0051,0.005,71,2019-01-28
FRC-USD,0.005,0.0049,0.005,0.005,83,2019-01-29
FRC-USD,0.005,0.0049,0.0049,0.005,147,2019-01-30
FRC-USD,0.005,0.0049,0.005,0.0049,60,2019-01-31
FRC-USD,0.005,0.0049,0.0049,0.0049,1,2019-02-01
FRC-USD,0.005,0.0049,0.0049,0.005,41,2019-02-02
FRC-USD,0.005,0.0049,0.005,0.0049,15,2019-02-03
FRC-USD,0.005,0.0049,0.0049,0.0049,57,2019-02-04
FRC-USD,0.0049,0.0048,0.0049,0.0049,29,2019-02-05
FRC-USD,0.0049,0.0048,0.0049,0.0048,0,2019-02-06
FRC-USD,0.0051,0.0048,0.0048,0.0051,19,2019-02-07
FRC-USD,0.0052,0.0048,0.0051,0.0052,0,2019-02-08
FRC-USD,0.0055,0.0051,0.0052,0.0055,51,2019-02-09
FRC-USD,0.0055,0.0051,0.0055,0.0052,66,2019-02-10
FRC-USD,0.0052,0.0049,0.0052,0.0049,689,2019-02-11
FRC-USD,0.0049,0.0048,0.0049,0.0049,13,2019-02-12
FRC-USD,0.0049,0.0048,0.0049,0.0048,29,2019-02-13
FRC-USD,0.0049,0.0048,0.0048,0.0048,45,2019-02-14
FRC-USD,0.0048,0.0048,0.0048,0.0048,80,2019-02-15
FRC-USD,0.0048,0.0048,0.0048,0.0048,22,2019-02-16
FRC-USD,0.0048,0.0048,0.0048,0.0048,99,2019-02-17
FRC-USD,0.0058,0.0048,0.0048,0.0051,51,2019-02-18
FRC-USD,0.0071,0.0051,0.0051,0.007,171,2019-02-19
FRC-USD,0.007,0.005,0.007,0.0057,576,2019-02-20
FRC-USD,0.0058,0.0056,0.0057,0.0058,46,2019-02-21
FRC-USD,0.0058,0.0057,0.0058,0.0058,143,2019-02-22
FRC-USD,0.006,0.0057,0.0057,0.006,38,2019-02-23
FRC-USD,0.0062,0.0054,0.006,0.0055,110,2019-02-24
FRC-USD,0.0062,0.0054,0.0054,0.0062,69,2019-02-25
FRC-USD,0.0062,0.0056,0.0062,0.006,80,2019-02-26
FRC-USD,0.006,0.0054,0.006,0.0055,189,2019-02-27
FRC-USD,0.006,0.0055,0.0055,0.0055,14,2019-02-28
FRC-USD,0.0059,0.0055,0.0055,0.0055,60,2019-03-01
FRC-USD,0.0055,0.0054,0.0055,0.0054,42,2019-03-02
FRC-USD,0.0054,0.0054,0.0054,0.0054,15,2019-03-03
FRC-USD,0.0054,0.0052,0.0054,0.0053,83,2019-03-04
FRC-USD,0.0055,0.0052,0.0053,0.0054,3,2019-03-05
FRC-USD,0.0055,0.0054,0.0054,0.0055,15,2019-03-06
FRC-USD,0.0055,0.0054,0.0055,0.0055,59,2019-03-07
FRC-USD,0.006,0.0002,0.0055,0.0002,255,2019-03-08
FRC-USD,0.0086,0.0054,0.0054,0.0078,689,2019-03-13
FRC-USD,0.0079,0.0054,0.0078,0.0054,34,2019-03-14
FRC-USD,0.0079,0.0054,0.0054,0.0055,104,2019-03-15
FRC-USD,0.0057,0.0055,0.0055,0.0055,80,2019-03-16
FRC-USD,0.0055,0.0054,0.0055,0.0055,90,2019-03-17
FRC-USD,0.0055,0.0054,0.0055,0.0054,39,2019-03-18
FRC-USD,0.0055,0.0054,0.0054,0.0055,57,2019-03-19
FRC-USD,0.0089,0.0055,0.0055,0.0089,168,2019-03-20
FRC-USD,0.009,0.0055,0.0089,0.0056,15,2019-03-21
FRC-USD,0.0077,0.0056,0.0056,0.0058,68,2019-03-22
FRC-USD,0.0076,0.0058,0.0058,0.0076,63,2019-03-23
FRC-USD,0.0076,0.0058,0.0076,0.0058,31,2019-03-24
FRC-USD,0.0058,0.0057,0.0058,0.0057,22,2019-03-25
FRC-USD,0.0058,0.0057,0.0057,0.0058,76,2019-03-26
FRC-USD,0.0059,0.0058,0.0058,0.0059,43,2019-03-27
FRC-USD,0.0061,0.0059,0.0059,0.0061,7,2019-03-28
FRC-USD,0.0062,0.006,0.0061,0.0061,3,2019-03-29
FRC-USD,0.0065,0.0061,0.0062,0.0062,1,2019-03-30
FRC-USD,0.0062,0.0059,0.0062,0.006,127,2019-03-31
FRC-USD,0.006,0.0059,0.006,0.006,86,2019-04-01
FRC-USD,0.0072,0.006,0.006,0.0071,88,2019-04-02
FRC-USD,0.0074,0.0067,0.0071,0.0068,38,2019-04-03
FRC-USD,0.0069,0.0066,0.0068,0.0067,59,2019-04-04
FRC-USD,0.0068,0.0067,0.0067,0.0068,20,2019-04-05
FRC-USD,0.0069,0.0066,0.0068,0.0067,484,2019-04-06
FRC-USD,0.0069,0.0067,0.0067,0.0068,83,2019-04-07
FRC-USD,0.0106,0.0068,0.0069,0.0106,1162,2019-04-08
FRC-USD,0.0106,0.0075,0.0106,0.0076,21,2019-04-09
FRC-USD,0.0082,0.0075,0.0076,0.0076,382,2019-04-10
FRC-USD,0.0076,0.0069,0.0076,0.007,10,2019-04-11
FRC-USD,0.0079,0.0068,0.007,0.0079,62,2019-04-12
FRC-USD,0.0083,0.0073,0.0079,0.0073,449,2019-04-13
FRC-USD,0.0081,0.0073,0.0073,0.0081,48,2019-04-14
FRC-USD,0.0084,0.0068,0.0084,0.0081,101,2019-04-15
FRC-USD,0.0081,0.0071,0.0081,0.0074,74,2019-04-16
FRC-USD,0.0074,0.0073,0.0074,0.0074,48,2019-04-17
FRC-USD,0.0075,0.0074,0.0074,0.0075,6,2019-04-18
FRC-USD,0.0075,0.007,0.0075,0.0071,162,2019-04-19
FRC-USD,0.0072,0.0071,0.0071,0.0072,6,2019-04-20
FRC-USD,0.0073,0.0071,0.0072,0.0072,34,2019-04-21
FRC-USD,0.0079,0.0069,0.007,0.0078,82,2019-04-22
FRC-USD,0.0081,0.0073,0.0078,0.0073,6,2019-04-23
FRC-USD,0.0082,0.0073,0.0073,0.0075,173,2019-04-24
FRC-USD,0.0082,0.0072,0.0075,0.0073,33,2019-04-25
FRC-USD,0.0081,0.0072,0.0073,0.0077,30,2019-04-26
FRC-USD,0.0084,0.0076,0.0077,0.0083,205,2019-04-27
FRC-USD,0.0084,0.0083,0.0083,0.0083,169,2019-04-28
FRC-USD,0.0105,0.0078,0.0079,0.0105,1034,2019-04-29
FRC-USD,0.0107,0.0105,0.0105,0.0107,108,2019-04-30
FRC-USD,0.0084,0.0083,0.0084,0.0084,38,2019-05-01
FRC-USD,0.0084,0.0081,0.0084,0.0082,45,2019-05-02
FRC-USD,0.0088,0.0082,0.0082,0.0087,0,2019-05-03
FRC-USD,0.0088,0.0086,0.0087,0.0087,1,2019-05-04
FRC-USD,0.0087,0.0085,0.0087,0.0087,1,2019-05-05
FRC-USD,0.0087,0.0085,0.0085,0.0086,0,2019-05-06
FRC-USD,0.009,0.0086,0.0086,0.0088,87,2019-05-07
FRC-USD,0.0091,0.0087,0.0088,0.0091,1,2019-05-08
FRC-USD,0.0094,0.0091,0.0091,0.0093,405,2019-05-09
FRC-USD,0.0096,0.0093,0.0093,0.0095,2,2019-05-10
FRC-USD,0.0123,0.0115,0.0121,0.012,99,2019-05-14
FRC-USD,0.0121,0.0118,0.012,0.012,100,2019-05-15
FRC-USD,0.0123,0.0115,0.0123,0.0117,1,2019-05-16
FRC-USD,0.0118,0.0103,0.0117,0.0106,0,2019-05-17
FRC-USD,0.0131,0.0126,0.0127,0.013,5,2019-05-19
FRC-USD,0.013,0.0116,0.013,0.0119,0,2019-05-20
FRC-USD,0.012,0.0117,0.012,0.0119,3,2019-05-21
FRC-USD,0.012,0.0114,0.0119,0.0115,1,2019-05-22
FRC-USD,0.0115,0.0114,0.0115,0.0114,1,2019-05-23
FRC-USD,0.0158,0.0128,0.0131,0.0157,247,2019-05-30
FRC-USD,0.0162,0.0155,0.0157,0.0162,50,2019-05-31
FRC-USD,0.013,0.0128,0.0128,0.0129,66,2019-06-01
FRC-USD,0.0133,0.0129,0.0129,0.0131,65,2019-06-02
FRC-USD,0.013,0.0106,0.013,0.0107,82,2019-06-03
FRC-USD,0.0112,0.0103,0.0107,0.0107,42,2019-06-04
FRC-USD,0.011,0.0107,0.0108,0.0109,12,2019-06-05
FRC-USD,0.0111,0.0098,0.0109,0.0102,15,2019-06-06
FRC-USD,0.0106,0.0102,0.0102,0.0106,16,2019-06-07
FRC-USD,0.0105,0.0102,0.0105,0.0104,12,2019-06-08
FRC-USD,0.0104,0.0099,0.0104,0.01,9,2019-06-09
FRC-USD,0.0105,0.0099,0.01,0.0105,19,2019-06-10
FRC-USD,0.0105,0.0102,0.0105,0.0103,497,2019-06-11
FRC-USD,0.0106,0.0102,0.0103,0.0106,39,2019-06-12
FRC-USD,0.0108,0.0105,0.0106,0.0108,21,2019-06-13
FRC-USD,0.0113,0.0107,0.0108,0.0113,1,2019-06-14
FRC-USD,0.0115,0.0112,0.0113,0.0115,1,2019-06-15
FRC-USD,0.0123,0.012,0.0121,0.0122,35,2019-06-17
FRC-USD,0.0123,0.0118,0.0122,0.0119,7,2019-06-18
FRC-USD,0.0122,0.0119,0.0119,0.0122,118,2019-06-19
FRC-USD,0.0123,0.0121,0.0122,0.0122,3225,2019-06-20
FRC-USD,0.0125,0.0118,0.0122,0.0123,605,2019-06-21
FRC-USD,0.0135,0.0122,0.0123,0.013,115,2019-06-22
FRC-USD,0.0136,0.0128,0.013,0.0131,72,2019-06-23
FRC-USD,0.0135,0.0129,0.0132,0.0135,25,2019-06-24
FRC-USD,0.0145,0.0135,0.0135,0.0145,104,2019-06-25
FRC-USD,0.0183,0.0144,0.0145,0.0159,281,2019-06-26
FRC-USD,0.0163,0.0128,0.0159,0.0135,253,2019-06-27
FRC-USD,0.0174,0.0133,0.0136,0.0152,232,2019-06-28
FRC-USD,0.0152,0.0141,0.0152,0.0146,201,2019-06-29
FRC-USD,0.0149,0.0132,0.0145,0.0132,149,2019-06-30
FRC-USD,0.0136,0.0123,0.0131,0.0129,26,2019-07-01
FRC-USD,0.0133,0.0119,0.0129,0.0132,18,2019-07-02
FRC-USD,0.0147,0.0132,0.0132,0.0147,27,2019-07-03
FRC-USD,0.0148,0.0138,0.0147,0.0138,87,2019-07-04
FRC-USD,0.014,0.0134,0.0138,0.0135,40,2019-07-05
FRC-USD,0.0143,0.0135,0.0135,0.0138,16,2019-07-06
FRC-USD,0.0142,0.0137,0.0138,0.0141,86,2019-07-07
FRC-USD,0.0152,0.014,0.0141,0.0151,43,2019-07-08
FRC-USD,0.0157,0.0151,0.0151,0.0154,50,2019-07-09
FRC-USD,0.0161,0.0144,0.0155,0.0148,155,2019-07-10
FRC-USD,0.0148,0.0136,0.0148,0.0138,20,2019-07-11
FRC-USD,0.0143,0.0136,0.0138,0.0142,8,2019-07-12
FRC-USD,0.0132,0.0121,0.0124,0.0131,34,2019-07-15
FRC-USD,0.0132,0.0113,0.0131,0.0114,10,2019-07-16
FRC-USD,0.0119,0.011,0.0113,0.0116,7,2019-07-17
FRC-USD,0.0129,0.0122,0.0128,0.0126,6,2019-07-19
FRC-USD,0.0133,0.0125,0.0126,0.0129,12,2019-07-20
FRC-USD,0.013,0.0124,0.0129,0.0127,5,2019-07-21
FRC-USD,0.0128,0.0122,0.0127,0.0124,91,2019-07-22
FRC-USD,0.0124,0.0119,0.0124,0.0119,26,2019-07-23
FRC-USD,0.0119,0.0115,0.0118,0.0118,54,2019-07-24
FRC-USD,0.0122,0.0117,0.0118,0.0119,84,2019-07-25
FRC-USD,0.0119,0.0117,0.0119,0.0118,49,2019-07-26
FRC-USD,0.0122,0.0113,0.0118,0.0113,3,2019-07-27
FRC-USD,0.0115,0.0111,0.0114,0.0115,69,2019-07-28
FRC-USD,0.0116,0.0114,0.0114,0.0114,117,2019-07-29
FRC-USD,0.0116,0.0106,0.0114,0.0107,122,2019-07-30
FRC-USD,0.0112,0.0107,0.0107,0.0111,96,2019-07-31
FRC-USD,0.0116,0.011,0.0111,0.0116,116,2019-08-01
FRC-USD,0.0118,0.0115,0.0116,0.0117,9,2019-08-02
FRC-USD,0.0121,0.0117,0.0117,0.012,5,2019-08-03
FRC-USD,0.0122,0.0118,0.012,0.0122,95,2019-08-04
FRC-USD,0.0172,0.0122,0.0122,0.0131,183,2019-08-05
FRC-USD,0.0137,0.0125,0.0131,0.0127,254,2019-08-06
FRC-USD,0.0134,0.0127,0.0127,0.0133,125,2019-08-07
FRC-USD,0.0133,0.0128,0.0133,0.0133,43,2019-08-08
FRC-USD,0.0133,0.013,0.0133,0.0131,36,2019-08-09
FRC-USD,0.0127,0.0126,0.0127,0.0127,30,2019-08-12
FRC-USD,0.0127,0.0119,0.0127,0.012,486,2019-08-13
FRC-USD,0.012,0.011,0.012,0.011,8,2019-08-14
FRC-USD,0.0115,0.0106,0.0111,0.0113,572,2019-08-15
FRC-USD,0.0118,0.0108,0.0113,0.0114,137,2019-08-16
FRC-USD,0.0115,0.0111,0.0114,0.0113,87,2019-08-17
FRC-USD,0.0115,0.0093,0.0113,0.0093,87,2019-08-18
FRC-USD,0.0098,0.0093,0.0093,0.0098,76,2019-08-19
FRC-USD,0.012,0.0097,0.0098,0.012,16,2019-08-20
FRC-USD,0.012,0.0091,0.0119,0.0091,141,2019-08-21
FRC-USD,0.0092,0.0088,0.0091,0.0092,143,2019-08-22
FRC-USD,0.0094,0.0093,0.0094,0.0094,16,2019-08-23
FRC-USD,0.0094,0.009,0.0094,0.0091,16,2019-08-24
FRC-USD,0.0093,0.009,0.0092,0.0091,142,2019-08-25
FRC-USD,0.0095,0.0091,0.0091,0.0093,48,2019-08-26
FRC-USD,0.0093,0.0091,0.0093,0.0092,5,2019-08-27
FRC-USD,0.0093,0.0087,0.0092,0.0088,167,2019-08-28
FRC-USD,0.0088,0.0072,0.0088,0.0072,300,2019-08-29
FRC-USD,0.0073,0.0072,0.0072,0.0073,10,2019-08-30
FRC-USD,0.0074,0.0072,0.0073,0.0073,9,2019-08-31
FRC-USD,0.0075,0.0073,0.0073,0.0074,6,2019-09-01
FRC-USD,0.0079,0.0074,0.0074,0.0079,44,2019-09-02
FRC-USD,0.0082,0.0079,0.0079,0.0081,4,2019-09-03
FRC-USD,0.0081,0.0079,0.0081,0.0079,4,2019-09-04
FRC-USD,0.0081,0.008,0.008,0.008,8,2019-09-05
FRC-USD,0.0082,0.008,0.0081,0.0082,8,2019-09-06
FRC-USD,0.008,0.0077,0.0079,0.0079,0,2019-09-09
FRC-USD,0.0079,0.0079,0.0079,0.0079,0,2019-09-10
FRC-USD,0.015,0.015,0.015,0.015,1,2019-09-14
FRC-USD,0.015,0.0103,0.015,0.0104,123,2019-09-15
FRC-USD,0.0104,0.0102,0.0104,0.0102,41,2019-09-16
FRC-USD,0.0082,0.0081,0.0082,0.0081,10,2019-09-17
FRC-USD,0.0102,0.0081,0.0081,0.0101,76,2019-09-18
FRC-USD,0.0101,0.0101,0.0101,0.0101,77,2019-09-19
FRC-USD,0.0064,0.0063,0.0064,0.0064,0,2019-09-29
FRC-USD,0.0064,0.0062,0.0064,0.0064,0,2019-09-30
FRC-USD,0.0081,0.0063,0.0063,0.0063,19,2019-10-06
FRC-USD,0.0066,0.0062,0.0063,0.0065,48,2019-10-07
FRC-USD,0.0066,0.0064,0.0065,0.0064,45,2019-10-08
FRC-USD,0.0067,0.0064,0.0065,0.0067,1,2019-10-09
FRC-USD,0.0067,0.0067,0.0067,0.0067,1,2019-10-10
FRC-USD,0.0066,0.0064,0.0065,0.0065,12,2019-10-13
FRC-USD,0.0065,0.0065,0.0065,0.0065,12,2019-10-14
FRC-USD,0.0065,0.0064,0.0065,0.0064,3,2019-10-15
FRC-USD,0.0064,0.0062,0.0064,0.0062,3,2019-10-16
FRC-USD,0.0063,0.0061,0.0063,0.0062,3,2019-10-18
FRC-USD,0.0062,0.0062,0.0062,0.0062,3,2019-10-19
FRC-USD,0.0065,0.0062,0.0062,0.0064,1,2019-10-20
FRC-USD,0.0064,0.0064,0.0064,0.0064,1,2019-10-21
FRC-USD,0.0072,0.0071,0.0071,0.0072,2,2019-10-26
FRC-USD,0.0076,0.0071,0.0072,0.0075,11,2019-10-27
FRC-USD,0.0076,0.0072,0.0075,0.0072,20,2019-10-28
FRC-USD,0.0074,0.0072,0.0072,0.0074,59,2019-10-29
FRC-USD,0.0074,0.0071,0.0074,0.0072,6,2019-10-30
FRC-USD,0.0073,0.007,0.0072,0.0072,4,2019-10-31
FRC-USD,0.0072,0.0046,0.0072,0.0046,1031,2019-11-01
FRC-USD,0.0047,0.0046,0.0046,0.0047,65,2019-11-02
FRC-USD,0.0047,0.0046,0.0047,0.0046,5,2019-11-03
FRC-USD,0.0046,0.0042,0.0046,0.0043,22,2019-11-04
FRC-USD,0.0057,0.0043,0.0043,0.0056,272,2019-11-05
FRC-USD,0.0056,0.0056,0.0056,0.0056,196,2019-11-06
FRC-USD,0.0044,0.0043,0.0043,0.0043,173,2019-11-17
FRC-USD,0.0043,0.0041,0.0043,0.0042,24,2019-11-18
FRC-USD,0.0042,0.004,0.0042,0.0041,49,2019-11-19
FRC-USD,0.0041,0.0041,0.0041,0.0041,17,2019-11-20
FRC-USD,0.0041,0.0038,0.0041,0.0038,34,2019-11-21
FRC-USD,0.0039,0.0035,0.0038,0.0037,21,2019-11-22
FRC-USD,0.0037,0.0036,0.0037,0.0036,20,2019-11-23
FRC-USD,0.0039,0.0036,0.0036,0.0038,0,2019-11-24
FRC-USD,0.004,0.0036,0.0038,0.0036,203,2019-11-25
FRC-USD,0.0037,0.0035,0.0036,0.0036,11,2019-11-26
FRC-USD,0.0038,0.0035,0.0036,0.0038,39,2019-11-27
FRC-USD,0.0038,0.0037,0.0038,0.0037,22,2019-11-28
FRC-USD,0.0039,0.0037,0.0037,0.0039,7,2019-11-29
FRC-USD,0.0039,0.0037,0.0039,0.0038,93,2019-11-30
FRC-USD,0.0038,0.0036,0.0038,0.0037,23,2019-12-01
FRC-USD,0.0037,0.0036,0.0037,0.0037,37,2019-12-02
FRC-USD,0.0037,0.0036,0.0037,0.0037,32,2019-12-03
FRC-USD,0.0037,0.0027,0.0037,0.0028,7,2019-12-04
FRC-USD,0.0028,0.0027,0.0027,0.0028,40,2019-12-05
FRC-USD,0.0029,0.0028,0.0028,0.0029,19,2019-12-06
FRC-USD,0.0029,0.0029,0.0029,0.0029,19,2019-12-07
FRC-USD,0.003,0.0029,0.003,0.0029,69,2019-12-08
FRC-USD,0.003,0.0029,0.0029,0.0029,26,2019-12-09
FRC-USD,0.003,0.0029,0.0029,0.0029,46,2019-12-10
FRC-USD,0.0029,0.0029,0.0029,0.0029,17,2019-12-11
FRC-USD,0.0029,0.0029,0.0029,0.0029,0,2019-12-12
FRC-USD,0.0029,0.0029,0.0029,0.0029,0,2019-12-13
FRC-USD,0.0029,0.0028,0.0029,0.0028,24,2019-12-14
FRC-USD,0.0029,0.0028,0.0028,0.0029,1,2019-12-15
FRC-USD,0.0029,0.0028,0.0029,0.0028,37,2019-12-16
FRC-USD,0.0028,0.0026,0.0028,0.0027,27,2019-12-17
FRC-USD,0.0027,0.0026,0.0027,0.0027,28,2019-12-18
FRC-USD,0.0029,0.0029,0.0029,0.0029,2,2019-12-19
FRC-USD,0.0029,0.0028,0.0029,0.0029,2,2019-12-20
FRC-USD,0.0029,0.0029,0.0029,0.0029,13,2019-12-21
FRC-USD,0.003,0.0029,0.0029,0.003,35,2019-12-22
FRC-USD,0.0031,0.003,0.003,0.003,8,2019-12-23
FRC-USD,0.003,0.0029,0.003,0.0029,0,2019-12-24
FRC-USD,0.0029,0.0029,0.0029,0.0029,0,2019-12-25
FRC-USD,0.0029,0.0029,0.0029,0.0029,19,2019-12-27
FRC-USD,0.0029,0.0029,0.0029,0.0029,19,2019-12-28
FRC-USD,0.003,0.0029,0.003,0.0029,0,2019-12-30
FRC-USD,0.0029,0.0029,0.0029,0.0029,9,2019-12-31
FRC-USD,0.0029,0.0029,0.0029,0.0029,9,2020-01-01
FRC-USD,0.0027,0.0026,0.0026,0.0026,7,2020-01-03
FRC-USD,0.0027,0.0019,0.0026,0.0019,57,2020-01-04
FRC-USD,0.0019,0.0019,0.0019,0.0019,37,2020-01-05
FRC-USD,0.0022,0.0021,0.0021,0.0022,0,2020-01-06
FRC-USD,0.0023,0.0022,0.0022,0.0023,2,2020-01-07
FRC-USD,0.0024,0.0023,0.0023,0.0023,2,2020-01-08
FRC-USD,0.0021,0.0021,0.0021,0.0021,41,2020-01-10
FRC-USD,0.0021,0.0021,0.0021,0.0021,2,2020-01-11
FRC-USD,0.0027,0.0026,0.0026,0.0027,58,2020-01-14
FRC-USD,0.0027,0.0026,0.0026,0.0026,58,2020-01-15
FRC-USD,0.0026,0.0026,0.0026,0.0026,29,2020-01-16
FRC-USD,0.0027,0.0026,0.0026,0.0027,29,2020-01-17
FRC-USD,0.0026,0.0026,0.0026,0.0026,0,2020-01-23
FRC-USD,0.0026,0.0026,0.0026,0.0026,29,2020-01-24
FRC-USD,0.0026,0.0026,0.0026,0.0026,10,2020-01-25
FRC-USD,0.0029,0.0028,0.0028,0.0029,29,2020-01-28
FRC-USD,0.0037,0.0029,0.0029,0.0036,0,2020-01-29
FRC-USD,0.0038,0.0036,0.0036,0.0038,58,2020-01-30
FRC-USD,0.0038,0.0038,0.0038,0.0038,57,2020-01-31
FRC-USD,0.0038,0.0037,0.0037,0.0038,50,2020-02-01
FRC-USD,0.0038,0.0037,0.0038,0.0037,37,2020-02-02
FRC-USD,0.0038,0.0037,0.0037,0.0037,37,2020-02-03
FRC-USD,0.004,0.0039,0.0039,0.004,48,2020-02-08
FRC-USD,0.004,0.004,0.004,0.004,48,2020-02-09
FRC-USD,0.004,0.0039,0.004,0.004,44,2020-02-10
FRC-USD,0.0041,0.0039,0.004,0.0041,45,2020-02-11
FRC-USD,0.0041,0.0041,0.0041,0.0041,82,2020-02-13
FRC-USD,0.0041,0.004,0.0041,0.0041,82,2020-02-14
FRC-USD,0.004,0.0039,0.004,0.004,80,2020-02-16
FRC-USD,0.004,0.0038,0.004,0.0039,488,2020-02-17
FRC-USD,0.0039,0.0039,0.0039,0.0039,486,2020-02-18
FRC-USD,0.004,0.0039,0.0039,0.0039,1,2020-02-20
FRC-USD,0.004,0.0038,0.0039,0.0038,79,2020-02-21
FRC-USD,0.0038,0.0038,0.0038,0.0038,45,2020-02-22
FRC-USD,0.0039,0.0038,0.0038,0.0039,9,2020-02-23
FRC-USD,0.0039,0.0037,0.0039,0.0038,4,2020-02-24
FRC-USD,0.0038,0.0036,0.0038,0.0037,7,2020-02-25
FRC-USD,0.0037,0.0034,0.0036,0.0034,17,2020-02-26
FRC-USD,0.0035,0.0033,0.0034,0.0034,0,2020-02-27
FRC-USD,0.0035,0.0033,0.0034,0.0034,16,2020-02-28
FRC-USD,0.0034,0.0033,0.0034,0.0033,15,2020-02-29
FRC-USD,0.0034,0.0032,0.0033,0.0033,35,2020-03-01
FRC-USD,0.0034,0.0032,0.0033,0.0034,6,2020-03-02
FRC-USD,0.0034,0.0033,0.0034,0.0033,5,2020-03-03
FRC-USD,0.0034,0.0033,0.0033,0.0033,6,2020-03-04
FRC-USD,0.0035,0.0034,0.0035,0.0034,66,2020-03-07
FRC-USD,0.0034,0.0031,0.0034,0.0031,33,2020-03-08
FRC-USD,0.0032,0.003,0.0031,0.0031,9,2020-03-09
FRC-USD,0.0031,0.003,0.0031,0.003,41,2020-03-10
FRC-USD,0.003,0.0028,0.003,0.0029,56,2020-03-11
FRC-USD,0.0029,0.0022,0.0029,0.0022,14,2020-03-12
FRC-USD,0.0021,0.0018,0.0021,0.002,137,2020-03-13
FRC-USD,0.002,0.0019,0.002,0.0019,132,2020-03-14
FRC-USD,0.002,0.0018,0.002,0.0019,47,2020-03-15
FRC-USD,0.002,0.0016,0.0019,0.002,16,2020-03-16
FRC-USD,0.0021,0.0018,0.002,0.0019,40,2020-03-17
FRC-USD,0.0019,0.0018,0.0019,0.0018,5,2020-03-18
FRC-USD,0.0022,0.0018,0.0018,0.0022,39,2020-03-19
FRC-USD,0.0024,0.002,0.0022,0.0021,45,2020-03-20
FRC-USD,0.0021,0.002,0.0021,0.0021,44,2020-03-21
FRC-USD,0.0021,0.002,0.0021,0.0021,79,2020-03-23
FRC-USD,0.0022,0.0021,0.0021,0.0022,28,2020-03-24
FRC-USD,0.0023,0.0022,0.0022,0.0022,4,2020-03-25
FRC-USD,0.0022,0.0022,0.0022,0.0022,3,2020-03-26
FRC-USD,0.0022,0.0022,0.0022,0.0022,3,2020-03-27
FRC-USD,0.0021,0.0019,0.0021,0.002,15,2020-03-29
FRC-USD,0.0031,0.0019,0.0019,0.0024,18,2020-03-30
FRC-USD,0.0025,0.0024,0.0024,0.0025,1,2020-03-31
FRC-USD,0.0023,0.0022,0.0022,0.0022,24,2020-04-03
FRC-USD,0.005,0.0022,0.0022,0.0049,1,2020-04-04
FRC-USD,0.005,0.0049,0.0049,0.0049,1,2020-04-05
FRC-USD,0.0024,0.0023,0.0023,0.0024,2,2020-04-06
FRC-USD,0.0025,0.0024,0.0024,0.0024,2,2020-04-07
FRC-USD,0.0023,0.0022,0.0023,0.0022,9,2020-04-10
FRC-USD,0.0022,0.0022,0.0022,0.0022,9,2020-04-11
FRC-USD,0.0022,0.0022,0.0022,0.0022,7,2020-04-13
FRC-USD,0.0022,0.0022,0.0022,0.0022,14,2020-04-14
FRC-USD,0.0048,0.0022,0.0022,0.0047,5,2020-04-15
FRC-USD,0.0047,0.0021,0.0047,0.0023,4,2020-04-16
FRC-USD,0.0023,0.0023,0.0023,0.0023,4,2020-04-17
FRC-USD,0.0025,0.0024,0.0025,0.0024,24,2020-04-26
FRC-USD,0.0025,0.0025,0.0025,0.0025,24,2020-04-27
FRC-USD,0.0029,0.0028,0.0029,0.0029,47,2020-05-03
FRC-USD,0.0029,0.0028,0.0029,0.0028,34,2020-05-04
FRC-USD,0.0029,0.0028,0.0028,0.0028,7,2020-05-05
FRC-USD,0.0032,0.0031,0.0032,0.0031,14,2020-05-08
FRC-USD,0.0032,0.0031,0.0031,0.0031,8,2020-05-09
FRC-USD,0.0031,0.0027,0.0031,0.0027,8,2020-05-10
FRC-USD,0.0031,0.003,0.0031,0.0031,92,2020-05-15
FRC-USD,0.0032,0.0031,0.0031,0.0031,93,2020-05-16
FRC-USD,0.0032,0.0032,0.0032,0.0032,23,2020-05-17
FRC-USD,0.0033,0.0028,0.0032,0.0028,743,2020-05-18
FRC-USD,0.0029,0.0028,0.0028,0.0028,737,2020-05-19
FRC-USD,0.0028,0.0028,0.0028,0.0028,0,2020-05-20
FRC-USD,0.0028,0.0026,0.0028,0.0026,0,2020-05-21
FRC-USD,0.0032,0.0031,0.0031,0.0032,0,2020-05-28
FRC-USD,0.0032,0.0031,0.0032,0.0031,0,2020-05-29
FRC-USD,0.0034,0.0031,0.0032,0.0034,0,2020-06-01
FRC-USD,0.0034,0.0031,0.0034,0.0031,0,2020-06-02
FRC-USD,0.0031,0.0031,0.0031,0.0031,0,2020-06-03
FRC-USD,0.0033,0.0032,0.0033,0.0032,120,2020-06-04
FRC-USD,0.0032,0.0032,0.0032,0.0032,118,2020-06-05
FRC-USD,0.0032,0.0032,0.0032,0.0032,3,2020-06-06
FRC-USD,0.0032,0.0032,0.0032,0.0032,3,2020-06-07
FRC-USD,0.0029,0.0028,0.0028,0.0029,10,2020-06-10
FRC-USD,0.0029,0.0027,0.0029,0.0027,0,2020-06-11
FRC-USD,0.0028,0.0027,0.0027,0.0027,0,2020-06-12
FRC-USD,0.0028,0.0027,0.0027,0.0028,0,2020-06-16
FRC-USD,0.0028,0.0027,0.0028,0.0027,0,2020-06-17
FRC-USD,0.0028,0.0027,0.0027,0.0027,0,2020-06-18
FRC-USD,0.0057,0.0056,0.0056,0.0056,29,2020-06-19
FRC-USD,0.0056,0.0056,0.0056,0.0056,29,2020-06-20
FRC-USD,0.0056,0.0055,0.0055,0.0056,35,2020-06-21
FRC-USD,0.0076,0.0033,0.0056,0.0033,885,2020-06-22
FRC-USD,0.0074,0.0033,0.0033,0.0034,4,2020-06-23
FRC-USD,0.0034,0.003,0.0034,0.0031,68,2020-06-24
FRC-USD,0.0032,0.0027,0.0031,0.0027,17,2020-06-25
FRC-USD,0.0027,0.0026,0.0027,0.0027,17,2020-06-26
FRC-USD,0.0027,0.0026,0.0027,0.0026,18,2020-06-27
FRC-USD,0.0027,0.0026,0.0026,0.0027,13,2020-06-28
FRC-USD,0.0027,0.0026,0.0027,0.0027,19,2020-06-29
FRC-USD,0.0027,0.0027,0.0027,0.0027,19,2020-06-30
FRC-USD,0.0028,0.0027,0.0028,0.0027,27,2020-07-02
FRC-USD,0.0027,0.0027,0.0027,0.0027,27,2020-07-03
FRC-USD,0.0026,0.0026,0.0026,0.0026,11,2020-07-05
FRC-USD,0.0027,0.0026,0.0026,0.0027,33,2020-07-06
FRC-USD,0.0027,0.0027,0.0027,0.0027,33,2020-07-07
FRC-USD,0.0058,0.0058,0.0058,0.0058,11,2020-07-09
FRC-USD,0.0058,0.0058,0.0058,0.0058,11,2020-07-10
FRC-USD,0.0026,0.0026,0.0026,0.0026,225,2020-07-12
FRC-USD,0.0026,0.0026,0.0026,0.0026,224,2020-07-13
FRC-USD,0.0026,0.0026,0.0026,0.0026,0,2020-07-14
FRC-USD,0.0026,0.0026,0.0026,0.0026,0,2020-07-15
FRC-USD,0.0026,0.0026,0.0026,0.0026,0,2020-07-18
FRC-USD,0.0026,0.0025,0.0026,0.0026,0,2020-07-19
FRC-USD,0.0026,0.0026,0.0026,0.0026,0,2020-07-20
FRC-USD,0.0026,0.0026,0.0026,0.0026,0,2020-07-21
FRC-USD,0.0028,0.0028,0.0028,0.0028,0,2020-07-26
FRC-USD,0.0029,0.0026,0.0028,0.0028,55,2020-07-27
FRC-USD,0.0028,0.0027,0.0028,0.0027,0,2020-07-28
FRC-USD,0.0088,0.0028,0.0033,0.0087,356,2020-07-29
FRC-USD,0.0087,0.0056,0.0087,0.0057,222,2020-07-30
FRC-USD,0.0057,0.0056,0.0057,0.0057,60,2020-07-31
FRC-USD,0.0089,0.0085,0.0085,0.0089,338,2020-08-03
FRC-USD,0.009,0.0088,0.0089,0.0089,147,2020-08-04
FRC-USD,0.0092,0.0049,0.0092,0.0049,69,2020-08-08
FRC-USD,0.005,0.0049,0.0049,0.0049,0,2020-08-09
FRC-USD,0.0088,0.0053,0.0053,0.0088,279,2020-08-12
FRC-USD,0.0089,0.0045,0.0088,0.0047,112,2020-08-13
FRC-USD,0.0047,0.0047,0.0047,0.0047,0,2020-08-14
FRC-USD,0.0071,0.007,0.007,0.007,191,2020-08-15
FRC-USD,0.007,0.0069,0.007,0.007,191,2020-08-16
FRC-USD,0.0072,0.007,0.007,0.0071,102,2020-08-17
FRC-USD,0.0072,0.0069,0.0071,0.0069,100,2020-08-18
FRC-USD,0.0053,0.0053,0.0053,0.0053,11,2020-08-19
FRC-USD,0.0053,0.0046,0.0053,0.0046,274,2020-08-20
FRC-USD,0.0046,0.0046,0.0046,0.0046,264,2020-08-21
FRC-USD,0.0047,0.0046,0.0046,0.0047,0,2020-08-22
FRC-USD,0.0047,0.0046,0.0047,0.0046,0,2020-08-23
FRC-USD,0.0056,0.0045,0.0045,0.0056,192,2020-08-25
FRC-USD,0.0056,0.0055,0.0056,0.0056,193,2020-08-26
FRC-USD,0.0051,0.005,0.005,0.0051,68,2020-08-27
FRC-USD,0.0052,0.0048,0.0051,0.0048,412,2020-08-28
FRC-USD,0.0049,0.0048,0.0048,0.0048,411,2020-08-29
FRC-USD,0.0049,0.0049,0.0049,0.0049,407,2020-08-31
FRC-USD,0.0049,0.0033,0.0049,0.0033,161,2020-09-01
FRC-USD,0.0041,0.0033,0.0033,0.0041,45,2020-09-02
FRC-USD,0.0041,0.0038,0.0041,0.0038,35,2020-09-03
FRC-USD,0.0033,0.0032,0.0033,0.0033,0,2020-09-06
FRC-USD,0.0033,0.003,0.0033,0.0031,50,2020-09-07
FRC-USD,0.0032,0.0031,0.0031,0.0031,0,2020-09-08
FRC-USD,0.0032,0.0031,0.0031,0.0032,0,2020-09-09
FRC-USD,0.0032,0.0032,0.0032,0.0032,0,2020-09-10
FRC-USD,0.0032,0.0032,0.0032,0.0032,0,2020-09-11
FRC-USD,0.0033,0.0033,0.0033,0.0033,0,2020-09-14
FRC-USD,0.0034,0.0032,0.0033,0.0032,69,2020-09-15
FRC-USD,0.0033,0.0032,0.0032,0.0033,483,2020-09-16
FRC-USD,0.0038,0.0033,0.0033,0.0038,111,2020-09-17
FRC-USD,0.0038,0.0034,0.0038,0.0034,7,2020-09-18
FRC-USD,0.0034,0.0034,0.0034,0.0034,7,2020-09-19
FRC-USD,0.0036,0.0036,0.0036,0.0036,15,2020-09-20
FRC-USD,0.0043,0.0036,0.0036,0.0042,68,2020-09-21
FRC-USD,0.0042,0.0038,0.0042,0.0038,27,2020-09-22
FRC-USD,0.0038,0.0037,0.0038,0.0038,10,2020-09-23
FRC-USD,0.0042,0.004,0.0041,0.0042,42,2020-09-24
FRC-USD,0.0042,0.0041,0.0042,0.0042,39,2020-09-25
FRC-USD,0.0042,0.0042,0.0042,0.0042,85,2020-09-26
FRC-USD,0.0042,0.0041,0.0042,0.0042,20,2020-09-27
FRC-USD,0.0043,0.0042,0.0042,0.0042,13,2020-09-28
FRC-USD,0.0042,0.0042,0.0042,0.0042,27,2020-09-29
FRC-USD,0.0042,0.0042,0.0042,0.0042,28,2020-09-30
FRC-USD,0.0043,0.004,0.0042,0.004,21,2020-10-01
FRC-USD,0.0041,0.004,0.004,0.004,8,2020-10-02
FRC-USD,0.004,0.004,0.004,0.004,8,2020-10-03
FRC-USD,0.0041,0.004,0.0041,0.004,61,2020-10-06
FRC-USD,0.004,0.004,0.004,0.004,0,2020-10-07
FRC-USD,0.0046,0.0045,0.0045,0.0045,54,2020-10-09
FRC-USD,0.0047,0.0045,0.0045,0.0047,56,2020-10-10
FRC-USD,0.0043,0.0043,0.0043,0.0043,65,2020-10-11
FRC-USD,0.0046,0.0043,0.0043,0.0045,0,2020-10-12
FRC-USD,0.0102,0.0044,0.0045,0.0057,149,2020-10-13
FRC-USD,0.0108,0.0057,0.0057,0.0107,43,2020-10-14
FRC-USD,0.0107,0.0052,0.0107,0.0053,11,2020-10-15
FRC-USD,0.0053,0.0052,0.0053,0.0052,120,2020-10-16
FRC-USD,0.0101,0.0052,0.0052,0.0101,2,2020-10-17
FRC-USD,0.0102,0.0046,0.0101,0.0046,14,2020-10-18
FRC-USD,0.0047,0.0046,0.0046,0.0047,0,2020-10-19
FRC-USD,0.0048,0.0047,0.0047,0.0048,10,2020-10-20
FRC-USD,0.0051,0.0048,0.0048,0.005,29,2020-10-21
FRC-USD,0.0051,0.005,0.005,0.0051,15,2020-10-22
FRC-USD,0.0051,0.005,0.0051,0.005,82,2020-10-23
FRC-USD,0.0051,0.005,0.005,0.0051,136,2020-10-24
FRC-USD,0.0052,0.005,0.0051,0.0051,0,2020-10-25
FRC-USD,0.0053,0.0051,0.0051,0.0052,43,2020-10-26
FRC-USD,0.0055,0.0052,0.0052,0.0055,0,2020-10-27
FRC-USD,0.0053,0.0051,0.0053,0.0052,47,2020-10-28
FRC-USD,0.0052,0.0051,0.0052,0.0051,46,2020-10-29
FRC-USD,0.0055,0.0053,0.0053,0.0054,17,2020-10-31
FRC-USD,0.0054,0.0053,0.0054,0.0054,1,2020-11-01
FRC-USD,0.0054,0.005,0.0053,0.0052,21,2020-11-02
FRC-USD,0.0053,0.0051,0.0052,0.0053,140,2020-11-03
FRC-USD,0.0054,0.0052,0.0053,0.0054,40,2020-11-04
FRC-USD,0.0084,0.0054,0.0054,0.0061,219,2020-11-05
FRC-USD,0.0062,0.0056,0.0061,0.0058,598,2020-11-06
FRC-USD,0.0058,0.0057,0.0058,0.0058,576,2020-11-07
FRC-USD,0.0058,0.0056,0.0056,0.0057,27,2020-11-08
FRC-USD,0.0058,0.0056,0.0057,0.0058,28,2020-11-09
FRC-USD,0.0058,0.0053,0.0057,0.0053,1420,2020-11-11
FRC-USD,0.0055,0.0053,0.0053,0.0055,300,2020-11-12
FRC-USD,0.0056,0.0053,0.0055,0.0054,85,2020-11-13
FRC-USD,0.0054,0.0053,0.0054,0.0054,85,2020-11-14
FRC-USD,0.0053,0.0052,0.0053,0.0053,0,2020-11-15
FRC-USD,0.0057,0.0053,0.0053,0.0057,0,2020-11-16
FRC-USD,0.0061,0.0056,0.0057,0.006,0,2020-11-17
FRC-USD,0.0063,0.0057,0.006,0.0059,103,2020-11-18
FRC-USD,0.0059,0.0057,0.0059,0.0057,101,2020-11-19
FRC-USD,0.0062,0.0061,0.0062,0.0062,176,2020-11-21
FRC-USD,0.0062,0.0058,0.0062,0.0061,0,2020-11-22
FRC-USD,0.0062,0.006,0.0061,0.006,0,2020-11-23
FRC-USD,0.0064,0.0062,0.0063,0.0062,0,2020-11-25
FRC-USD,0.0062,0.0055,0.0062,0.0057,0,2020-11-26
FRC-USD,0.0059,0.0056,0.0056,0.0058,9,2020-11-28
FRC-USD,0.0059,0.0057,0.0059,0.0058,58,2020-11-29
FRC-USD,0.0063,0.0058,0.0058,0.0063,95,2020-11-30
FRC-USD,0.0064,0.0062,0.0063,0.0064,95,2020-12-01
FRC-USD,0.0061,0.006,0.0061,0.006,0,2020-12-04
FRC-USD,0.0061,0.0059,0.006,0.0061,0,2020-12-05
FRC-USD,0.0062,0.0057,0.0061,0.0058,722,2020-12-06
FRC-USD,0.0058,0.0058,0.0058,0.0058,689,2020-12-07
FRC-USD,0.0066,0.0064,0.0066,0.0064,3,2020-12-08
FRC-USD,0.0065,0.0062,0.0064,0.0065,47,2020-12-09
FRC-USD,0.0065,0.0063,0.0065,0.0063,0,2020-12-10
FRC-USD,0.0073,0.0063,0.0063,0.0072,441,2020-12-11
FRC-USD,0.0075,0.0072,0.0072,0.0075,120,2020-12-12
FRC-USD,0.007,0.0068,0.007,0.0069,0,2020-12-13
FRC-USD,0.007,0.0069,0.0069,0.0069,0,2020-12-14
FRC-USD,0.007,0.0069,0.0069,0.007,0,2020-12-15
FRC-USD,0.0079,0.0074,0.0078,0.0076,1135,2020-12-18
FRC-USD,0.0077,0.0075,0.0076,0.0076,227,2020-12-19
FRC-USD,0.008,0.0077,0.008,0.0078,116,2020-12-20
FRC-USD,0.0079,0.0073,0.0078,0.0075,112,2020-12-21
FRC-USD,0.0092,0.0089,0.0092,0.0091,0,2020-12-23
FRC-USD,0.0091,0.0089,0.0091,0.009,0,2020-12-24
FRC-USD,0.0081,0.0079,0.008,0.0081,209,2020-12-25
FRC-USD,0.0083,0.0079,0.0081,0.0082,573,2020-12-26
FRC-USD,0.0088,0.0082,0.0082,0.0084,39,2020-12-27
FRC-USD,0.0098,0.0084,0.0084,0.0097,46,2020-12-28
FRC-USD,0.0098,0.0094,0.0097,0.0098,49,2020-12-29
FRC-USD,0.0104,0.0098,0.0098,0.0104,53,2020-12-30
FRC-USD,0.0105,0.0101,0.0104,0.0104,49,2020-12-31
FRC-USD,0.0106,0.0104,0.0104,0.0105,2,2021-01-01
FRC-USD,0.0139,0.0095,0.0095,0.0135,527,2021-01-02
FRC-USD,0.0143,0.0107,0.0135,0.0109,152,2021-01-03
FRC-USD,0.0192,0.0096,0.0109,0.0192,1811,2021-01-04
FRC-USD,0.0197,0.0106,0.0192,0.0119,144,2021-01-05
FRC-USD,0.0129,0.0117,0.0119,0.0129,419,2021-01-06
FRC-USD,0.0133,0.0119,0.0129,0.0126,257,2021-01-07
FRC-USD,0.0133,0.0118,0.0126,0.0133,272,2021-01-08
FRC-USD,0.0132,0.0128,0.0132,0.0129,6,2021-01-09
FRC-USD,0.0132,0.0115,0.0129,0.0123,0,2021-01-10
FRC-USD,0.0122,0.0098,0.0122,0.0098,0,2021-01-11
FRC-USD,0.0113,0.0107,0.0108,0.0109,0,2021-01-12
FRC-USD,0.0112,0.0104,0.0109,0.011,0,2021-01-13
FRC-USD,0.0127,0.0121,0.0123,0.0125,1617,2021-01-14
FRC-USD,0.0127,0.0111,0.0125,0.0117,905,2021-01-15
FRC-USD,0.0121,0.0114,0.0118,0.0116,0,2021-01-16
FRC-USD,0.0116,0.0071,0.0115,0.0072,0,2021-01-17
FRC-USD,0.0075,0.007,0.0072,0.0073,0,2021-01-18
FRC-USD,0.011,0.0072,0.0073,0.0076,2387,2021-01-19
FRC-USD,0.0107,0.0072,0.0076,0.0107,30,2021-01-20
FRC-USD,0.0106,0.0095,0.0106,0.0097,6,2021-01-21
FRC-USD,0.0084,0.0078,0.0079,0.0082,103,2021-01-22
FRC-USD,0.0101,0.0079,0.0083,0.0099,78,2021-01-23
FRC-USD,0.0101,0.0078,0.0099,0.0081,49,2021-01-24
FRC-USD,0.0087,0.0081,0.0081,0.0086,0,2021-01-25
FRC-USD,0.0082,0.0078,0.008,0.0081,0,2021-01-26
FRC-USD,0.0081,0.0074,0.0081,0.0076,101,2021-01-27
FRC-USD,0.0084,0.0075,0.0076,0.0083,0,2021-01-28
FRC-USD,0.0131,0.008,0.0083,0.012,51,2021-01-29
FRC-USD,0.0122,0.0116,0.012,0.012,0,2021-01-30
FRC-USD,0.012,0.0113,0.012,0.0116,0,2021-01-31
FRC-USD,0.0121,0.0113,0.0116,0.012,0,2021-02-01
FRC-USD,0.0111,0.0107,0.0108,0.011,0,2021-02-02
FRC-USD,0.0114,0.011,0.011,0.0111,0,2021-02-03
FRC-USD,0.0118,0.0116,0.0116,0.0118,118,2021-02-05
FRC-USD,0.0127,0.0106,0.0118,0.0106,0,2021-02-06
FRC-USD,0.0107,0.0101,0.0106,0.0104,0,2021-02-07
FRC-USD,0.0123,0.0118,0.0121,0.0121,242,2021-02-09
FRC-USD,0.0122,0.0119,0.0121,0.012,240,2021-02-10
FRC-USD,0.0121,0.0111,0.0112,0.0119,113,2021-02-11
FRC-USD,0.0121,0.0117,0.012,0.0118,111,2021-02-12
FRC-USD,0.0124,0.012,0.0122,0.0122,371,2021-02-14
FRC-USD,0.0122,0.0115,0.0121,0.012,0,2021-02-15
FRC-USD,0.0125,0.0118,0.012,0.0123,61,2021-02-16
FRC-USD,0.0129,0.0123,0.0123,0.0128,0,2021-02-17
FRC-USD,0.014,0.0127,0.0129,0.0139,895,2021-02-19
FRC-USD,0.0143,0.0137,0.0139,0.0139,730,2021-02-20
FRC-USD,0.018,0.0169,0.0169,0.0178,1,2021-02-21
FRC-USD,0.0178,0.0168,0.0178,0.0168,0,2021-02-22
FRC-USD,0.0152,0.0141,0.0145,0.015,13,2021-02-23
FRC-USD,0.0159,0.0146,0.0151,0.0152,13,2021-02-24
FRC-USD,0.0152,0.0146,0.0152,0.0146,239,2021-02-25
FRC-USD,0.015,0.0138,0.0146,0.0143,234,2021-02-26
FRC-USD,0.0162,0.0153,0.0158,0.0157,362,2021-03-03
FRC-USD,0.016,0.0152,0.0156,0.0153,354,2021-03-04
FRC-USD,0.0186,0.0183,0.0184,0.0185,925,2021-03-06
FRC-USD,0.0194,0.0186,0.0186,0.0191,956,2021-03-07
FRC-USD,0.0162,0.0153,0.0157,0.0162,250,2021-03-08
FRC-USD,0.0169,0.0161,0.0162,0.0169,118,2021-03-09
FRC-USD,0.0183,0.0165,0.017,0.0179,75,2021-03-10
FRC-USD,0.0185,0.0176,0.0179,0.0184,293,2021-03-11
FRC-USD,0.0185,0.0177,0.0185,0.0183,291,2021-03-12
FRC-USD,0.0203,0.0189,0.0189,0.0202,60,2021-03-13
FRC-USD,0.0235,0.0196,0.0202,0.0231,3099,2021-03-14
FRC-USD,0.0235,0.0216,0.023,0.022,26,2021-03-15
FRC-USD,0.0243,0.0196,0.023,0.0199,131,2021-03-17
FRC-USD,0.0203,0.0195,0.02,0.0196,71,2021-03-18
FRC-USD,0.0201,0.0192,0.0196,0.02,73,2021-03-19
FRC-USD,0.0195,0.0191,0.0194,0.0191,174,2021-03-20
FRC-USD,0.0237,0.0179,0.0191,0.0235,1248,2021-03-21
FRC-USD,0.0238,0.0231,0.0235,0.0236,1180,2021-03-22
FRC-USD,0.0184,0.0175,0.018,0.018,465,2021-03-23
FRC-USD,0.018,0.0177,0.0179,0.0177,459,2021-03-24
FRC-USD,0.0186,0.0178,0.018,0.0184,63,2021-03-27
FRC-USD,0.0186,0.018,0.0184,0.0183,173,2021-03-28
FRC-USD,0.019,0.0181,0.0183,0.019,183,2021-03-29
FRC-USD,0.0195,0.0188,0.019,0.0193,104,2021-03-30
FRC-USD,0.0197,0.0189,0.0193,0.0193,84,2021-03-31
FRC-USD,0.0195,0.0192,0.0193,0.0195,84,2021-04-01
FRC-USD,0.0227,0.0187,0.0187,0.0194,1156,2021-04-02
FRC-USD,0.0196,0.0194,0.0194,0.0194,60,2021-04-03
FRC-USD,0.0223,0.0188,0.0188,0.0222,279,2021-04-05
FRC-USD,0.0225,0.0189,0.0223,0.0191,250,2021-04-06
FRC-USD,0.0192,0.0183,0.0191,0.0185,185,2021-04-07
FRC-USD,0.0192,0.0184,0.0184,0.0191,263,2021-04-08
FRC-USD,0.024,0.0191,0.0192,0.0238,1668,2021-04-09
FRC-USD,0.0251,0.0238,0.0238,0.0247,1727,2021-04-10
FRC-USD,0.0204,0.0203,0.0204,0.0204,599,2021-04-12
FRC-USD,0.0216,0.02,0.0204,0.0203,1855,2021-04-13
FRC-USD,0.0207,0.02,0.0203,0.02,1025,2021-04-14
FRC-USD,0.0204,0.0198,0.02,0.0202,234,2021-04-15
FRC-USD,0.0203,0.0193,0.0202,0.0196,74,2021-04-16
FRC-USD,0.0244,0.0196,0.0196,0.0241,686,2021-04-17
FRC-USD,0.0241,0.0169,0.024,0.0185,194,2021-04-18
FRC-USD,0.0223,0.018,0.0185,0.0212,472,2021-04-19
FRC-USD,0.0225,0.0204,0.0212,0.0225,711,2021-04-20
FRC-USD,0.0227,0.0215,0.0225,0.0217,271,2021-04-21
FRC-USD,0.022,0.0173,0.0219,0.0176,143,2021-04-22
FRC-USD,0.0177,0.0162,0.0176,0.0172,62,2021-04-23
FRC-USD,0.0168,0.0161,0.0162,0.0165,614,2021-04-24
FRC-USD,0.0167,0.0156,0.0165,0.0162,2,2021-04-25
FRC-USD,0.0216,0.0162,0.0162,0.0216,1209,2021-04-26
FRC-USD,0.0221,0.0202,0.0216,0.0203,1,2021-04-27
FRC-USD,0.0206,0.02,0.0204,0.0202,1,2021-04-28
FRC-USD,0.0213,0.0194,0.021,0.0198,231,2021-04-29
FRC-USD,0.0214,0.0197,0.0198,0.0214,210,2021-04-30
FRC-USD,0.0216,0.0211,0.0214,0.0213,2,2021-05-01
FRC-USD,0.0234,0.0214,0.0233,0.0215,277,2021-05-02
FRC-USD,0.0224,0.0215,0.0215,0.0217,0,2021-05-03
FRC-USD,0.0226,0.021,0.0217,0.0213,1,2021-05-04
FRC-USD,0.0258,0.0213,0.0213,0.0257,2890,2021-05-05
FRC-USD,0.0262,0.0227,0.0258,0.0254,67,2021-05-06
FRC-USD,0.0263,0.0249,0.0253,0.0257,35,2021-05-07
FRC-USD,0.0263,0.023,0.0257,0.0234,53,2021-05-08
FRC-USD,0.0343,0.0231,0.0235,0.0238,914,2021-05-09
FRC-USD,0.0244,0.0233,0.0238,0.024,5,2021-05-10
FRC-USD,0.0242,0.0235,0.024,0.0242,0,2021-05-11
FRC-USD,0.0221,0.0217,0.0218,0.022,33,2021-05-14
FRC-USD,0.0223,0.0201,0.022,0.0201,91,2021-05-15
FRC-USD,0.0259,0.019,0.0201,0.0259,78,2021-05-16
FRC-USD,0.026,0.0239,0.026,0.0248,22,2021-05-17
FRC-USD,0.026,0.0244,0.0248,0.0245,22,2021-05-18
FRC-USD,0.0244,0.0189,0.0244,0.0211,218,2021-05-19
FRC-USD,0.0232,0.0204,0.0211,0.0227,0,2021-05-20
FRC-USD,0.0235,0.0205,0.0228,0.0205,0,2021-05-21
FRC-USD,0.0189,0.0126,0.0143,0.0189,660,2021-05-23
FRC-USD,0.0214,0.0187,0.0188,0.0207,104,2021-05-24
FRC-USD,0.0168,0.0158,0.0167,0.0164,425,2021-05-25
FRC-USD,0.0175,0.0163,0.0165,0.0174,451,2021-05-26
FRC-USD,0.0159,0.0157,0.0159,0.0157,186,2021-05-30
FRC-USD,0.0168,0.0151,0.0157,0.0168,0,2021-05-31
FRC-USD,0.017,0.0158,0.0168,0.0161,1140,2021-06-01
FRC-USD,0.0172,0.0158,0.0161,0.0169,85,2021-06-02
FRC-USD,0.0175,0.0138,0.0169,0.0141,1162,2021-06-03
FRC-USD,0.02,0.0135,0.0141,0.0196,149,2021-06-04
FRC-USD,0.02,0.0195,0.0195,0.0199,91,2021-06-05
FRC-USD,0.0138,0.0129,0.0132,0.0133,91,2021-06-10
FRC-USD,0.0134,0.0114,0.0132,0.0115,87,2021-06-11
FRC-USD,0.0116,0.0109,0.0116,0.0109,83,2021-06-12
FRC-USD,0.0121,0.011,0.011,0.0121,247,2021-06-13
FRC-USD,0.0131,0.012,0.0121,0.0129,203,2021-06-14
FRC-USD,0.0132,0.0127,0.0129,0.0128,201,2021-06-15
FRC-USD,0.0111,0.011,0.011,0.0111,128,2021-06-18
FRC-USD,0.0113,0.0106,0.0111,0.0107,57,2021-06-19
FRC-USD,0.0108,0.0101,0.0107,0.0104,55,2021-06-20
FRC-USD,0.01,0.0087,0.0094,0.0097,56,2021-06-22
FRC-USD,0.0103,0.0096,0.0097,0.0102,59,2021-06-23
FRC-USD,0.0077,0.0073,0.0073,0.0076,86,2021-06-24
FRC-USD,0.0078,0.0044,0.0076,0.0044,113,2021-06-25
FRC-USD,0.0102,0.0042,0.0044,0.0102,329,2021-06-26
FRC-USD,0.0107,0.0103,0.0103,0.0105,54,2021-06-27
FRC-USD,0.0058,0.0056,0.0056,0.0057,1,2021-06-29
FRC-USD,0.0058,0.0056,0.0057,0.0056,1,2021-06-30
FRC-USD,0.0044,0.0043,0.0043,0.0044,99,2021-07-01
FRC-USD,0.0044,0.0043,0.0044,0.0043,98,2021-07-02
FRC-USD,0.0054,0.0053,0.0053,0.0053,0,2021-07-04
FRC-USD,0.0053,0.005,0.0053,0.0051,0,2021-07-05
FRC-USD,0.0092,0.009,0.009,0.0091,3,2021-07-09
FRC-USD,0.0092,0.009,0.0091,0.009,3,2021-07-10
FRC-USD,0.0052,0.0043,0.0052,0.0043,99,2021-07-12
FRC-USD,0.0043,0.0042,0.0043,0.0042,0,2021-07-13
FRC-USD,0.0043,0.0042,0.0042,0.0042,0,2021-07-14
