KODK,19.5,19.25,19.25,19.4,87285,2013-09-23
KODK,23,21,21,22.9,64945,2013-09-24
KODK,24,21.95,24,23.05,118323,2013-09-25
KODK,24.5,23.1,23.1,24.5,192436,2013-09-26
KODK,26.25,24.65,24.75,25.5,193618,2013-09-27
KODK,26.5,25,26.5,25,32213,2013-09-30
KODK,25.75,25.25,25.5,25.65,160844,2013-10-01
KODK,26.05,25.5,25.65,25.65,27776,2013-10-02
KODK,28,25.5,25.5,28,22165,2013-10-03
KODK,28.12,27,27,28.05,136088,2013-10-04
KODK,30,28.75,29,29,10286,2013-10-07
KODK,29,28,29,28,7700,2013-10-08
KODK,27.5,26.5,27.5,27,4360,2013-10-09
KODK,27.5,26.9,26.9,27,10816,2013-10-10
KODK,27.5,26.75,27.5,27,81182,2013-10-11
KODK,27.5,25.5,27.5,25.5,6132,2013-10-14
KODK,26.75,25.5,25.5,26,5570,2013-10-15
KODK,26.5,25.55,26.5,25.75,1250,2013-10-16
KODK,27.25,25.55,26.5,25.55,23308,2013-10-17
KODK,26,24.64,26,25.05,49286,2013-10-18
KODK,25.25,24.5,25,24.5,18896,2013-10-21
KODK,24.5,23.5,24.25,23.5,78211,2013-10-22
KODK,24.5,23.05,24.5,23.25,104023,2013-10-23
KODK,24,23,24,23.11,89195,2013-10-24
KODK,23,22.8,23,22.8,40699,2013-10-25
KODK,23,22.5,22.8,22.75,12579,2013-10-28
KODK,23.5,22,22.75,22.62,108843,2013-10-29
KODK,25,23.25,23.25,24.8,78759,2013-10-30
KODK,26.75,24.25,24.9,26,247018,2013-10-31
KODK,27.5,25.05,26.3,26.25,75654,2013-11-01
KODK,27,26.52,26.52,26.9,49520,2013-11-04
KODK,27,26.5,27,26.9,35473,2013-11-05
KODK,27.03,25.75,27.03,26,14012,2013-11-06
KODK,25.8,24.95,25.65,25.2125,19244,2013-11-07
KODK,25.5,24.9001,25,25.24,71184,2013-11-08
KODK,25.4,25.25,25.3,25.4,5570,2013-11-11
KODK,25.5,24.8,25.4,24.8,17241,2013-11-12
KODK,25.4206,24.62,25.2,24.74,19386,2013-11-13
KODK,24.84,24.57,24.75,24.74,14587,2013-11-14
KODK,24.6,24.32,24.491,24.45,36372,2013-11-15
KODK,24.53,23.35,24.41,23.76,18616,2013-11-18
KODK,23.9699,23.5,23.55,23.7,23765,2013-11-19
KODK,23.5499,23.23,23.4,23.46,9081,2013-11-20
KODK,23.6,23.081,23.09,23.23,22696,2013-11-21
KODK,23.44,22.9001,23.44,23.02,22472,2013-11-22
KODK,23.63,22.78,22.83,23.2,22411,2013-11-25
KODK,24.94,22.76,22.77,24.62,139370,2013-11-26
KODK,25.58,24.837,24.87,25.35,12488,2013-11-27
KODK,26.88,24.8,25.1,26.48,58423,2013-11-29
KODK,27.41,26.5,26.69,26.96,179655,2013-12-02
KODK,26.95,26.37,26.75,26.89,25607,2013-12-03
KODK,28.23,26.8,26.96,27.66,185822,2013-12-04
KODK,27.5,26.7,27.39,27,66356,2013-12-05
KODK,27,25.9,26.99,26.51,90154,2013-12-06
KODK,26.9,25.46,25.46,26.27,61059,2013-12-09
KODK,27.45,26.07,26.51,27.43,87662,2013-12-10
KODK,28.1,26.71,27.16,27.7,154552,2013-12-11
KODK,28.58,27.511,27.84,28.19,313142,2013-12-12
KODK,29.5,28.41,28.44,29.3,244028,2013-12-13
KODK,32.33,29.4,29.4,32.25,538582,2013-12-16
KODK,32.95,31.09,32.02,32.1,261066,2013-12-17
KODK,34.61,32.21,32.66,32.98,299617,2013-12-18
KODK,34.355,32.89,33.33,33.91,278027,2013-12-19
KODK,34.51,32.75,33.91,32.86,1030601,2013-12-20
KODK,34.2,31.81,33.3,32.06,98327,2013-12-23
KODK,32.83,31.8,31.8,32.35,14424,2013-12-24
KODK,33.49,32.28,32.51,33.42,39115,2013-12-26
KODK,33.68,32.17,33.33,33.68,41873,2013-12-27
KODK,33.81,33.06,33.81,33.41,65804,2013-12-30
KODK,34.71,33,33.01,34.71,167638,2013-12-31
KODK,34.41,32.8,34.41,34.02,153717,2014-01-02
KODK,33.8,31.9501,33.8,32.9,119907,2014-01-03
KODK,34.42,32.68,32.68,34.27,54001,2014-01-06
KODK,37.15,34.14,34.14,36.3,150896,2014-01-07
KODK,37.73,36.4,36.4,37.2,57701,2014-01-08
KODK,37.69,36.9539,37.4,37.2,28581,2014-01-09
KODK,37.449,36.3,36.96,36.88,37482,2014-01-10
KODK,36.74,34.44,36.2,34.5,42058,2014-01-13
KODK,35.04,33.78,34.8,34.25,63493,2014-01-14
KODK,34.3,32.81,34.3,32.99,30792,2014-01-15
KODK,33.1129,32.101,33,32.3,36679,2014-01-16
KODK,33.1875,31.76,32.17,32.36,34078,2014-01-17
KODK,33.25,32.38,32.4,32.44,30605,2014-01-21
KODK,32.59,32.04,32.49,32.39,16867,2014-01-22
KODK,32.25,31.5,32.1,31.96,34091,2014-01-23
KODK,31.96,29.8425,31.64,30.3,48970,2014-01-24
KODK,30.58,29.68,30.11,29.95,63313,2014-01-27
KODK,29.93,29.35,29.35,29.89,27385,2014-01-28
KODK,30.25,29.5,29.65,29.67,44771,2014-01-29
KODK,29.95,29.035,29.77,29.17,46578,2014-01-30
KODK,29.085,27.86,29,28.17,55429,2014-01-31
KODK,28.71,27.55,28.63,28,46406,2014-02-03
KODK,28.52,27.5428,28,28.48,45215,2014-02-04
KODK,29.89,28.26,28.5,28.46,56397,2014-02-05
KODK,28.6999,27.84,28.5,28.51,13086,2014-02-06
KODK,29.4,28.5,28.5,28.95,14303,2014-02-07
KODK,29.04,28.75,28.83,28.915,7124,2014-02-10
KODK,29.59,28.77,28.77,29.2,21675,2014-02-11
KODK,29.25,28.75,29.11,28.81,16480,2014-02-12
KODK,30.23,28.675,28.82,29.79,85105,2014-02-13
KODK,30.17,29.47,29.81,30.15,30076,2014-02-14
KODK,30.08,29.65,29.82,29.76,10969,2014-02-18
KODK,29.97,29.39,29.65,29.74,20475,2014-02-19
KODK,30.15,29.5801,29.77,30,11522,2014-02-20
KODK,30.12,29.31,29.32,30.11,13691,2014-02-21
KODK,30.9,29.84,29.95,30.33,24573,2014-02-24
KODK,30.5,29.8201,30.21,30.37,11893,2014-02-25
KODK,30.5,30.07,30.18,30.49,29799,2014-02-26
KODK,30.64,29.75,30.5,30.18,28601,2014-02-27
KODK,30.3,29.44,30.06,29.97,19358,2014-02-28
KODK,30,29.18,29.64,29.92,15084,2014-03-03
KODK,30.6,28,29.89,28.53,155274,2014-03-04
KODK,28.91,27.26,28.11,28.18,35700,2014-03-05
KODK,27.93,26.81,27.93,27.61,69078,2014-03-06
KODK,28.02,26.86,27.41,27.99,121350,2014-03-07
KODK,27.98,26.87,27.9,27.74,80692,2014-03-10
KODK,28,27.05,27.05,27.23,36230,2014-03-11
KODK,27.44,26.31,26.94,27.2,143848,2014-03-12
KODK,27.35,26.4575,27.35,26.69,38909,2014-03-13
KODK,26.47,25.65,26.47,26.03,86309,2014-03-14
KODK,26.25,25.46,25.65,26.16,168672,2014-03-17
KODK,27.49,25.6,26.2,27.14,100217,2014-03-18
KODK,29.06,27,27.5,27.6,121894,2014-03-19
KODK,27.75,26.631,27.49,27.47,133268,2014-03-20
KODK,28.92,27,27.41,28.73,453175,2014-03-21
KODK,28.82,26.99,28.02,27.59,60462,2014-03-24
KODK,28.21,26.21,26.21,27.46,43948,2014-03-25
KODK,28.7599,27.02,27.42,27.44,142910,2014-03-26
KODK,28.8,26.43,27.42,28.31,269330,2014-03-27
KODK,31.67,28.21,28.48,31.47,172737,2014-03-28
KODK,33.74,31.36,31.55,33.4,129748,2014-03-31
KODK,33.83,32.505,33.2,33,261682,2014-04-01
KODK,33.23,31.91,32.9,33,131626,2014-04-02
KODK,33.5,32.388,33.15,33.31,166600,2014-04-03
KODK,34.15,32.85,33.32,33.49,254899,2014-04-04
KODK,34.94,33,33.53,34.21,257336,2014-04-07
KODK,34.3,30.4,34.3,30.42,136175,2014-04-08
KODK,31.57,30.49,30.79,30.65,72026,2014-04-09
KODK,32.54,30.69,30.69,32.15,211454,2014-04-10
KODK,32.18,29.961,32.18,30.45,32316,2014-04-11
KODK,31.07,29.48,30.41,29.88,89748,2014-04-14
KODK,30.485,28.69,29.71,29.28,63076,2014-04-15
KODK,30.37,29.52,29.52,30.12,72575,2014-04-16
KODK,30.88,29.7,29.92,30.64,67319,2014-04-17
KODK,30.435,28.9,30.19,29.41,57553,2014-04-21
KODK,29.69,28.7101,29.29,29.65,85903,2014-04-22
KODK,29.805,28.76,29.62,29.42,81009,2014-04-23
KODK,30.41,28.82,29.66,29.97,74445,2014-04-24
KODK,30.7879,29.69,29.69,29.95,120444,2014-04-25
KODK,30.17,29.6739,30.16,30.04,129642,2014-04-28
KODK,30.22,29.8604,29.99,30.08,47206,2014-04-29
KODK,30.24,29.5701,29.85,29.87,115747,2014-04-30
KODK,30.172,29.71,29.71,30.06,41987,2014-05-01
KODK,30.48,29.73,30.05,30.37,89999,2014-05-02
KODK,30.52,29.2,30.12,29.92,137615,2014-05-05
KODK,30.28,28.651,30.05,29.91,2154556,2014-05-06
KODK,30.84,27.13,29.9,28.26,126387,2014-05-07
KODK,28.42,26.34,28.42,26.57,219056,2014-05-08
KODK,27.24,25.43,26.38,25.43,125379,2014-05-09
KODK,26.28,25.0525,25.44,25.13,122651,2014-05-12
KODK,25.92,25.05,25.1,25.29,64192,2014-05-13
KODK,26.44,24.93,25.44,26.07,164788,2014-05-14
KODK,26.48,25.4,25.95,25.74,117513,2014-05-15
KODK,26.95,25.75,25.75,26.81,126556,2014-05-16
KODK,27.27,26.41,26.83,26.8,71958,2014-05-19
KODK,27.19,25.75,26.5,26.65,83972,2014-05-20
KODK,27.79,25.99,26.87,26.86,215293,2014-05-21
KODK,27.32,26.58,26.95,26.8,44703,2014-05-22
KODK,27.3,26.85,27.3,27.09,61423,2014-05-23
KODK,27.28,26.77,27.16,27.06,81725,2014-05-27
KODK,27.26,26.77,26.95,27.06,62052,2014-05-28
KODK,28.25,26.99,27,27.68,221945,2014-05-29
KODK,29.06,27.65,27.65,28.68,181771,2014-05-30
KODK,29.54,28.39,28.59,29,60272,2014-06-02
KODK,29.5,28.54,29.05,29.1,168265,2014-06-03
KODK,29.96,28.81,28.81,29.75,113147,2014-06-04
KODK,29.94,28.53,29.41,29.7,151493,2014-06-05
KODK,30.2,29.15,29.57,29.62,63315,2014-06-06
KODK,29.99,28.89,29.4,29.39,63118,2014-06-09
KODK,29.7,28.33,29.7,28.6,60537,2014-06-10
KODK,29.58,27.55,28.64,28.7,100687,2014-06-11
KODK,29.23,28.635,28.7,28.98,131124,2014-06-12
KODK,29.98,28.05,29.17,28.59,104246,2014-06-13
KODK,28.95,26.86,28.95,27.04,174898,2014-06-16
KODK,27.9,26.4,27.04,26.67,85916,2014-06-17
KODK,27.19,26.21,26.51,26.89,49530,2014-06-18
KODK,27.21,26.06,27.21,26.47,96018,2014-06-19
KODK,27.63,26.26,26.43,27.41,179120,2014-06-20
KODK,27.535,26.8,27.2,27.33,93907,2014-06-23
KODK,27.3,26.47,27.07,26.77,101241,2014-06-24
KODK,26.6,25.29,26.5,25.58,117672,2014-06-25
KODK,25.93,25.06,25.8,25.18,137925,2014-06-26
KODK,26.68,25.11,25.27,25.5,1886514,2014-06-27
KODK,25.3,23.71,25.29,24.47,303149,2014-06-30
KODK,24.47,23.85,24.47,24.02,198790,2014-07-01
KODK,25.03,23.93,23.93,24.8,108504,2014-07-02
KODK,24.96,24.5101,24.79,24.84,42334,2014-07-03
KODK,24.73,24.2,24.68,24.45,69333,2014-07-07
KODK,24.51,24.07,24.3,24.32,85535,2014-07-08
KODK,24.24,23.91,24.24,24,82627,2014-07-09
KODK,24.25,23.59,23.61,24.01,102601,2014-07-10
KODK,24.1875,23.74,23.88,24,59857,2014-07-11
KODK,24.19,23.9,24.03,23.98,105172,2014-07-14
KODK,24.25,23.95,24,24.08,98224,2014-07-15
KODK,24.17,24.03,24.08,24.07,41255,2014-07-16
KODK,24.13,24,24,24.05,74579,2014-07-17
KODK,25.05,24,24,24.97,98368,2014-07-18
KODK,25.66,24.76,24.84,25.6,114237,2014-07-21
KODK,26.44,25.56,25.62,26.19,83470,2014-07-22
KODK,26.57,26.07,26.28,26.32,55045,2014-07-23
KODK,26.3,24.45,26.3,25.57,2073210,2014-07-24
KODK,26.48,24.9801,25.4,26.02,160005,2014-07-25
KODK,26.3,25.25,26.1,25.45,156423,2014-07-28
KODK,25.56,25.09,25.45,25.44,92349,2014-07-29
KODK,26,24.61,25.61,24.7,50703,2014-07-30
KODK,24.47,23.405,24.47,23.64,91677,2014-07-31
KODK,23.69,23.21,23.67,23.65,73911,2014-08-01
KODK,23.6,22.85,23.6,23.04,73447,2014-08-04
KODK,23.43,22.53,22.86,22.99,80441,2014-08-05
KODK,23.1,22.05,22.8,22.16,55720,2014-08-06
KODK,22.29,21.91,22.11,22.03,27430,2014-08-07
KODK,22.39,21.98,22,22.28,48882,2014-08-08
KODK,22.43,22,22.19,22.22,74538,2014-08-11
KODK,22.2,21.5,22.09,21.6,76871,2014-08-12
KODK,21.54,20.74,21.54,20.91,67690,2014-08-13
KODK,21.4,20.61,20.83,21.17,91847,2014-08-14
KODK,21.3,20.57,21.3,20.84,71500,2014-08-15
KODK,21,20.49,20.57,20.99,52731,2014-08-18
KODK,22.2499,20.95,20.95,22.02,56759,2014-08-19
KODK,22.25,21.83,21.98,22.21,99052,2014-08-20
KODK,22.32,21.7,22.21,22.05,140947,2014-08-21
KODK,22.69,22.04,22.04,22.5,123978,2014-08-22
KODK,23.19,22.47,22.52,22.98,118908,2014-08-25
KODK,23.19,22.92,22.92,23.13,62841,2014-08-26
KODK,23.09,22.7,23.05,23.03,49433,2014-08-27
KODK,23.14,22.9,22.99,23.12,40449,2014-08-28
KODK,23.33,23.07,23.26,23.13,70015,2014-08-29
KODK,23.72,22.945,23.13,23.65,75960,2014-09-02
KODK,23.86,23.5,23.65,23.78,112424,2014-09-03
KODK,23.83,23.44,23.74,23.77,71226,2014-09-04
KODK,24.48,23.25,23.76,24.23,153746,2014-09-05
KODK,24.27,23.85,24.23,24.06,180275,2014-09-08
KODK,24.28,24,24.11,24.12,156265,2014-09-09
KODK,25.03,23.8501,24.17,24.76,198445,2014-09-10
KODK,24.78,24.34,24.78,24.61,60156,2014-09-11
KODK,25.19,24.75,24.79,25.05,73062,2014-09-12
KODK,25.44,24.79,25.01,24.89,52614,2014-09-15
KODK,25.24,24.5277,24.81,25.01,56413,2014-09-16
KODK,25.55,24.85,24.92,25.12,63359,2014-09-17
KODK,25.77,25.14,25.14,25.29,202846,2014-09-18
KODK,25.7,24.46,25.28,24.8,115925,2014-09-19
KODK,24.9,24.46,24.77,24.58,36772,2014-09-22
KODK,24.62,24.044,24.57,24.25,48755,2014-09-23
KODK,24.41,23.92,24.2,23.93,88770,2014-09-24
KODK,23.9,22.83,23.9,22.96,81906,2014-09-25
KODK,22.94,22.42,22.92,22.89,67316,2014-09-26
KODK,22.92,22.27,22.66,22.53,47963,2014-09-29
KODK,22.54,21.9,22.44,21.97,122497,2014-09-30
KODK,22.25,21.44,21.9,21.67,41086,2014-10-01
KODK,22.13,21.433,21.7,21.58,37381,2014-10-02
KODK,21.85,21.41,21.85,21.6,27884,2014-10-03
KODK,22,21.61,21.61,21.74,82272,2014-10-06
KODK,21.69,20.63,21.62,20.7,77287,2014-10-07
KODK,20.62,19.96,20.62,20.16,101645,2014-10-08
KODK,20.22,19.32,20.22,19.63,60560,2014-10-09
KODK,20,18.33,19.49,18.46,228530,2014-10-10
KODK,19.08,18.032,18.53,18.35,70711,2014-10-13
KODK,18.82,17.79,18.6,18.12,62720,2014-10-14
KODK,18.48,17.5,17.97,18.02,342712,2014-10-15
KODK,18.21,17.4,17.75,17.8,247106,2014-10-16
KODK,18.6,17.83,17.95,18.1,134501,2014-10-17
KODK,18.83,17.98,17.98,18.6,81648,2014-10-20
KODK,19.18,18.7,18.75,19.12,128956,2014-10-21
KODK,19.24,18.842,19.14,19.06,95059,2014-10-22
KODK,20.98,19.06,19.25,20.11,382661,2014-10-23
KODK,20.33,19.98,20.21,20.23,81615,2014-10-24
KODK,20.49,19.81,20.26,20.06,124017,2014-10-27
KODK,21.45,20.1,20.1,21.38,258083,2014-10-28
KODK,21.49,20.85,21.49,20.91,104471,2014-10-29
KODK,21.47,20.64,20.91,21.24,139870,2014-10-30
KODK,21.84,21.23,21.76,21.57,160801,2014-10-31
KODK,21.9299,21.34,21.6,21.67,126175,2014-11-03
KODK,21.8,20.45,21.58,20.87,222684,2014-11-04
KODK,23.82,21.5,21.5,23.48,312274,2014-11-05
KODK,23.61,22.66,23.39,22.9,223340,2014-11-06
KODK,23.36,22.78,22.82,22.98,190513,2014-11-07
KODK,23.17,22.63,23,22.89,122418,2014-11-10
KODK,23.11,22.67,22.8,22.85,80535,2014-11-11
KODK,22.79,22.18,22.66,22.65,79351,2014-11-12
KODK,22.83,22.07,22.58,22.35,92710,2014-11-13
KODK,22.8,22.22,22.22,22.5,196545,2014-11-14
KODK,22.55,21.72,22.45,22.03,142439,2014-11-17
KODK,22.41,21.56,22.17,21.74,81328,2014-11-18
KODK,21.7,20.76,21.62,20.87,117245,2014-11-19
KODK,20.76,19.88,20.76,20.26,163476,2014-11-20
KODK,20.63,20,20.63,20.26,193390,2014-11-21
KODK,20.92,20.45,20.92,20.5,59121,2014-11-24
KODK,20.75,20.51,20.55,20.63,39863,2014-11-25
KODK,20.61,20.45,20.59,20.5,111403,2014-11-26
KODK,20.86,20.3,20.46,20.33,53384,2014-11-28
KODK,20.67,20.07,20.32,20.35,164537,2014-12-01
KODK,20.61,20.22,20.43,20.49,93293,2014-12-02
KODK,21.53,20.38,20.52,21.2,125337,2014-12-03
KODK,21.81,20.9,21.25,21.3,93151,2014-12-04
KODK,22.725,21.29,21.29,22.37,123844,2014-12-05
KODK,22.36,21.42,21.92,21.45,107635,2014-12-08
KODK,21.92,21.23,21.39,21.52,108791,2014-12-09
KODK,22.03,21.5,21.52,21.51,188743,2014-12-10
KODK,22.38,21.43,21.66,21.47,126368,2014-12-11
KODK,21.43,20.81,21.26,20.94,96826,2014-12-12
KODK,21.2,20.01,21.11,20.25,120745,2014-12-15
KODK,20.44,19.6,20.12,19.66,142606,2014-12-16
KODK,20.12,19.73,19.77,19.97,104878,2014-12-17
KODK,20.31,19.855,20.31,19.99,91177,2014-12-18
KODK,20.19,19.91,20,20.12,177264,2014-12-19
KODK,20.85,20.14,20.23,20.7,92791,2014-12-22
KODK,21.06,20.51,20.94,20.82,149370,2014-12-23
KODK,21.1,20.59,20.67,21,49751,2014-12-24
KODK,21.33,20.73,21.03,20.98,120881,2014-12-26
KODK,21.39,21.05,21.05,21.18,96891,2014-12-29
KODK,22.17,21,21.18,22.02,62221,2014-12-30
KODK,22,21.5,22,21.71,133262,2014-12-31
KODK,22.15,21.14,21.79,22.07,77186,2015-01-02
KODK,22.17,21.32,21.85,21.36,98660,2015-01-05
KODK,21.39,19.63,21.36,19.82,178566,2015-01-06
KODK,20.24,19.72,19.98,20.03,57687,2015-01-07
KODK,20.69,20.1,20.19,20.35,107462,2015-01-08
KODK,20.53,20.08,20.42,20.13,33750,2015-01-09
KODK,20.3099,18.84,20.19,19.39,147428,2015-01-12
KODK,19.81,18.44,19.59,19.37,116011,2015-01-13
KODK,19.19,18.6,19.06,18.66,91024,2015-01-14
KODK,19,18.25,18.82,18.28,76520,2015-01-15
KODK,18.68,18.25,18.25,18.6,110275,2015-01-16
KODK,18.77,18.01,18.67,18.18,110525,2015-01-20
KODK,18.54,18,18.09,18.16,47346,2015-01-21
KODK,18.5,17.91,18.34,18.36,72251,2015-01-22
KODK,18.51,17.98,18.35,17.99,40382,2015-01-23
KODK,18.5,18,18.08,18.29,91273,2015-01-26
KODK,18.4,18.15,18.25,18.3,40425,2015-01-27
KODK,18.58,17.91,18.45,17.93,64696,2015-01-28
KODK,18.48,17.8,18.03,18.41,76027,2015-01-29
KODK,18.49,17.94,18.22,18.01,118064,2015-01-30
KODK,18.58,17.8,18,18.55,66365,2015-02-02
KODK,19.71,18.57,18.57,19.68,133539,2015-02-03
KODK,19.7301,18.91,19.53,18.97,69929,2015-02-04
KODK,19.6099,19.1,19.1,19.4,54967,2015-02-05
KODK,19.8,18.96,19.48,19.65,127957,2015-02-06
KODK,19.85,19.06,19.53,19.14,63291,2015-02-09
KODK,19.2,18.55,19.2,18.75,105872,2015-02-10
KODK,18.88,18.01,18.65,18.14,95141,2015-02-11
KODK,18.69,18,18.25,18.33,84837,2015-02-12
KODK,18.345,18.09,18.31,18.18,40636,2015-02-13
KODK,18.573,18.2,18.3,18.45,72913,2015-02-17
KODK,18.77,18.17,18.3,18.6,74824,2015-02-18
KODK,18.8467,18.49,18.51,18.67,73936,2015-02-19
KODK,19.08,18.47,18.72,19.04,69113,2015-02-20
KODK,19.2,18.7,19,18.93,114479,2015-02-23
KODK,19.5,19.02,19.06,19.5,32465,2015-02-24
KODK,19.6,19.16,19.57,19.21,55017,2015-02-25
KODK,19.2,19,19.18,19.16,30431,2015-02-26
KODK,19.28,18.81,19.07,18.86,165141,2015-02-27
KODK,19.11,18.6,18.86,18.89,73600,2015-03-02
KODK,19.07,18.62,18.76,18.98,71438,2015-03-03
KODK,19,18.3,18.82,18.47,71891,2015-03-04
KODK,18.6,18.29,18.52,18.44,118082,2015-03-05
KODK,18.53,18.23,18.23,18.35,56151,2015-03-06
KODK,18.66,18.25,18.35,18.45,35928,2015-03-09
KODK,18.5397,18.14,18.31,18.19,115746,2015-03-10
KODK,18.3799,18.17,18.2,18.2,110276,2015-03-11
KODK,18.7,18.35,18.41,18.46,60898,2015-03-12
KODK,18.72,18.22,18.5,18.36,59686,2015-03-13
KODK,18.49,17.93,18.4,18.36,90903,2015-03-16
KODK,20.23,17.9,18.3,19.53,311447,2015-03-17
KODK,19.78,19.2901,19.39,19.61,91814,2015-03-18
KODK,19.76,19.01,19.59,19.21,64540,2015-03-19
KODK,19.4,19.08,19.22,19.31,162018,2015-03-20
KODK,20,19.07,19.22,19.87,74305,2015-03-23
KODK,20.27,19.62,19.88,20.19,61071,2015-03-24
KODK,20.1,19.4801,20.1,19.54,47973,2015-03-25
KODK,19.35,19,19.3,19,74198,2015-03-26
KODK,19.28,18.99,19.28,19.12,108972,2015-03-27
KODK,19.29,18.969,19.12,19.01,66672,2015-03-30
KODK,19.34,18.74,18.9,18.99,48573,2015-03-31
KODK,19.06,18.5101,18.9,19.05,91955,2015-04-01
KODK,19.48,19.09,19.09,19.36,70630,2015-04-02
KODK,19.75,19.29,19.34,19.72,37343,2015-04-06
KODK,19.99,19.42,19.69,19.84,87043,2015-04-07
KODK,19.99,19.66,19.83,19.92,43915,2015-04-08
KODK,19.99,19.72,19.95,19.95,37227,2015-04-09
KODK,20.83,19.95,20,20.61,103550,2015-04-10
KODK,20.64,20.34,20.61,20.56,41982,2015-04-13
KODK,20.71,20.175,20.71,20.21,27568,2015-04-14
KODK,20.7,20.21,20.21,20.57,64788,2015-04-15
KODK,20.58,19.7,20.47,20.15,79807,2015-04-16
KODK,20.04,19.47,20.04,19.74,92315,2015-04-17
KODK,20.69,19.775,19.83,20.55,72952,2015-04-20
KODK,20.97,20.33,20.61,20.52,65691,2015-04-21
KODK,20.5,19.962,20.5,20.06,40017,2015-04-22
KODK,20.4,19.95,19.98,20.16,49400,2015-04-23
KODK,20.29,19.86,20.15,20.01,84209,2015-04-24
KODK,20.18,19.91,19.97,19.99,64556,2015-04-27
KODK,20.58,20.01,20.04,20.44,70148,2015-04-28
KODK,20.39,19.91,20.39,20.1,109342,2015-04-29
KODK,20,19.23,20,19.37,115839,2015-04-30
KODK,19.63,18.98,19.35,19.6,164739,2015-05-01
KODK,19.63,19.3,19.63,19.32,123038,2015-05-04
KODK,19.35,18.75,19.11,19.33,104572,2015-05-05
KODK,19.38,18.92,19.3,19.33,117983,2015-05-06
KODK,19.4,18.87,19.27,18.94,62867,2015-05-07
KODK,19.4,17.91,19.22,17.94,271169,2015-05-08
KODK,18.395,17.91,17.99,17.99,80035,2015-05-11
KODK,18.04,17.6,17.96,17.95,120414,2015-05-12
KODK,18.5,17.9,18,18.13,90231,2015-05-13
KODK,18.53,17.99,18.27,18.28,140973,2015-05-14
KODK,19.0899,18.27,18.31,19.07,78155,2015-05-15
KODK,19.186,18.69,19.07,18.75,57635,2015-05-18
KODK,19.1,18.58,18.76,18.87,61569,2015-05-19
KODK,19.16,18.63,18.89,18.97,79229,2015-05-20
KODK,19.39,18.89,18.95,19.25,62488,2015-05-21
KODK,19.49,19.07,19.14,19.39,51263,2015-05-22
KODK,19.42,18.89,19.42,19.01,70977,2015-05-26
KODK,19.115,18.83,19.07,19,97291,2015-05-27
KODK,19.38,18.95,19.07,19.03,101246,2015-05-28
KODK,19.15,18.76,19.07,19.06,176455,2015-05-29
KODK,19.23,18.84,19.23,18.93,71943,2015-06-01
KODK,19.89,18.97,18.97,19.86,96448,2015-06-02
KODK,19.89,19.64,19.75,19.77,118686,2015-06-03
KODK,19.76,19.2,19.66,19.34,64257,2015-06-04
KODK,19.52,19.03,19.2,19.31,54032,2015-06-05
KODK,19.33,18.43,19.25,18.56,163376,2015-06-08
KODK,18.66,18.33,18.51,18.5,91753,2015-06-09
KODK,19.18,18.5,18.6,19.02,95264,2015-06-10
KODK,19.36,18.82,19.07,18.96,73039,2015-06-11
KODK,19.04,18.75,18.9,18.87,75475,2015-06-12
KODK,18.64,17.31,18.63,17.55,270047,2015-06-15
KODK,18.03,17.24,17.39,17.64,152409,2015-06-16
KODK,17.75,16.95,17.68,17.11,154287,2015-06-17
KODK,17.76,17,17.17,17.68,100922,2015-06-18
KODK,17.96,17.45,17.73,17.63,588881,2015-06-19
KODK,17.92,17.59,17.73,17.73,61786,2015-06-22
KODK,17.84,17.49,17.83,17.61,84738,2015-06-23
KODK,17.75,17.41,17.61,17.53,91000,2015-06-24
KODK,17.63,17.1,17.63,17.16,61191,2015-06-25
KODK,17.28,16.96,17.21,17.04,373716,2015-06-26
KODK,17.02,16.57,16.9,16.59,64337,2015-06-29
KODK,17.06,16.54,16.72,16.8,117235,2015-06-30
KODK,16.92,16,16.82,16.22,196926,2015-07-01
KODK,16.3699,15.66,16.3,15.91,227228,2015-07-02
KODK,15.88,15.45,15.87,15.75,242063,2015-07-06
KODK,16.32,15.31,15.67,16.25,293883,2015-07-07
KODK,16.27,15.87,16.14,15.98,123283,2015-07-08
KODK,16.26,15.81,16.2,15.95,123968,2015-07-09
KODK,16.39,15.8,16.11,16.25,145791,2015-07-10
KODK,16.5,16.13,16.3,16.41,192306,2015-07-13
KODK,16.67,16.25,16.52,16.64,165746,2015-07-14
KODK,16.56,15.5,16.47,15.52,270071,2015-07-15
KODK,15.88,15.36,15.67,15.77,270789,2015-07-16
KODK,16.2699,15.78,15.94,15.92,114853,2015-07-17
KODK,15.97,14.21,15.86,14.49,883514,2015-07-20
KODK,15.14,14.42,14.42,15.07,205831,2015-07-21
KODK,15.3526,14.42,15.1,14.72,480538,2015-07-22
KODK,15.23,14.5,14.81,14.66,413989,2015-07-23
KODK,14.77,14.31,14.6,14.37,85764,2015-07-24
KODK,14.43,13.6801,14.17,13.98,410771,2015-07-27
KODK,14.19,13.5,14.01,14.03,540692,2015-07-28
KODK,14.135,13.95,14.07,14,160189,2015-07-29
KODK,14.59,13.63,13.98,14.36,692965,2015-07-30
KODK,14.4,13.56,14.33,13.63,683282,2015-07-31
KODK,13.75,13.38,13.64,13.71,302456,2015-08-03
KODK,14.08,13.55,13.74,13.8,327886,2015-08-04
KODK,15.63,13.85,13.85,14.99,422175,2015-08-05
KODK,15.4,14.77,14.94,15.22,265308,2015-08-06
KODK,15.475,14.73,15.07,14.83,75444,2015-08-07
KODK,15.36,14.87,14.87,15.22,157717,2015-08-10
KODK,15.3,14.72,15.11,14.89,343217,2015-08-11
KODK,15.11,14.55,14.82,15.06,165457,2015-08-12
KODK,15.15,14.39,15.06,14.71,197469,2015-08-13
KODK,15.16,14.6,14.62,15.11,75646,2015-08-14
KODK,15.28,14.86,14.99,15.27,81730,2015-08-17
KODK,15.33,14.79,15.33,15.1,150043,2015-08-18
KODK,15.07,14.545,15.07,14.7,86710,2015-08-19
KODK,14.63,14.32,14.6,14.47,154981,2015-08-20
KODK,14.71,14.06,14.22,14.34,352807,2015-08-21
KODK,14.25,13.37,13.57,13.69,177311,2015-08-24
KODK,14.09,13.3,14.06,13.38,179240,2015-08-25
KODK,13.65,13.25,13.65,13.49,65282,2015-08-26
KODK,13.96,13.35,13.58,13.65,103692,2015-08-27
KODK,14.17,13.54,13.6,14.05,101214,2015-08-28
KODK,14.34,13.88,13.93,14.08,121777,2015-08-31
KODK,14.07,13.55,13.81,13.59,72967,2015-09-01
KODK,14.19,13.51,13.79,13.62,86998,2015-09-02
KODK,13.87,13.5708,13.58,13.76,75173,2015-09-03
KODK,14.01,13.63,13.63,13.94,75851,2015-09-04
KODK,15.03,14.12,14.15,14.98,242649,2015-09-08
KODK,15.43,14.93,14.98,15.11,362692,2015-09-09
KODK,15.61,14.91,15.06,15.25,152480,2015-09-10
KODK,15.6,14.93,15.1,15.48,209674,2015-09-11
KODK,15.545,14.89,15.47,14.99,157832,2015-09-14
KODK,15.5,15.045,15.07,15.41,164177,2015-09-15
KODK,15.965,15.33,15.44,15.45,124203,2015-09-16
KODK,15.92,15.32,15.44,15.68,92242,2015-09-17
KODK,15.88,15.41,15.45,15.58,738376,2015-09-18
KODK,15.98,15.41,15.68,15.49,117908,2015-09-21
KODK,15.53,15.23,15.37,15.45,145382,2015-09-22
KODK,15.59,15.05,15.48,15.41,218125,2015-09-23
KODK,15.52,15.14,15.2,15.46,192275,2015-09-24
KODK,15.75,15.24,15.57,15.28,162454,2015-09-25
KODK,15.76,15.21,15.26,15.52,173821,2015-09-28
KODK,15.9,15.14,15.56,15.31,218792,2015-09-29
KODK,15.67,15.15,15.38,15.62,294143,2015-09-30
KODK,15.7,15.22,15.64,15.46,129612,2015-10-01
KODK,15.48,14.85,15.33,15.3,114853,2015-10-02
KODK,16.11,15.31,15.41,15.86,94352,2015-10-05
KODK,16.25,15.89,15.89,15.93,92428,2015-10-06
KODK,16.46,16.02,16.02,16.41,95281,2015-10-07
KODK,16.67,16.33,16.45,16.45,72168,2015-10-08
KODK,16.88,16.1,16.51,16.33,93805,2015-10-09
KODK,16.41,15.97,16.39,16.2,85207,2015-10-12
KODK,16.6,16.02,16.02,16.26,57223,2015-10-13
KODK,16.5,15.805,16.24,15.93,66367,2015-10-14
KODK,16.53,15.755,15.92,16.42,99924,2015-10-15
KODK,16.59,16.14,16.51,16.5,78010,2015-10-16
KODK,17.2,16.32,16.35,16.75,111834,2015-10-19
KODK,17.1,16.66,16.72,17,127601,2015-10-20
KODK,17.02,16.34,17.02,16.39,103196,2015-10-21
KODK,17.31,16.51,16.51,16.87,110606,2015-10-22
KODK,17,14.99,16.98,15,861942,2015-10-23
KODK,15,11.82,14.94,12,982599,2015-10-26
KODK,12.03,10.81,11.97,10.85,326430,2015-10-27
KODK,11.47,10.75,10.93,11.4,598912,2015-10-28
KODK,12.48,11.39,11.43,12.26,372604,2015-10-29
KODK,12.52,11.9,12.23,12.52,330843,2015-10-30
KODK,12.61,11.86,12.49,12.53,201597,2015-11-02
KODK,13.03,12.35,12.44,12.77,315054,2015-11-03
KODK,14.59,13.21,13.21,13.8,442149,2015-11-04
KODK,14.11,13.6,13.82,13.99,269373,2015-11-05
KODK,14.53,13.54,13.99,14.18,165597,2015-11-06
KODK,14.22,13.68,14.13,13.74,140544,2015-11-09
KODK,13.84,13.17,13.84,13.4,120253,2015-11-10
KODK,13.75,13.39,13.53,13.74,137537,2015-11-11
KODK,13.73,13.32,13.69,13.41,70169,2015-11-12
KODK,13.46,12.84,13.29,13.1,104697,2015-11-13
KODK,13.28,12.9,13.06,12.97,97888,2015-11-16
KODK,12.98,12.33,12.98,12.59,138534,2015-11-17
KODK,12.99,12.62,12.68,12.81,53432,2015-11-18
KODK,12.82,12.532,12.74,12.64,90863,2015-11-19
KODK,12.97,12.47,12.75,12.78,185768,2015-11-20
KODK,13.25,12.71,12.73,12.95,184830,2015-11-23
KODK,13.05,12.85,12.85,12.91,50940,2015-11-24
KODK,13.07,12.7,12.84,13.04,52561,2015-11-25
KODK,13.13,12.93,12.98,13.07,20977,2015-11-27
KODK,13.1,12.93,13.02,13.04,141449,2015-11-30
KODK,13.41,12.98,13.05,13.38,99637,2015-12-01
KODK,13.74,13.23,13.59,13.41,89644,2015-12-02
KODK,13.68,13.33,13.45,13.35,116522,2015-12-03
KODK,13.93,13.17,13.41,13.66,134348,2015-12-04
KODK,13.7,12.28,13.62,12.36,209128,2015-12-07
KODK,13.07,12.19,12.31,12.79,193733,2015-12-08
KODK,13.5,12.82,12.82,13.23,78763,2015-12-09
KODK,13.5,13.22,13.22,13.35,83915,2015-12-10
KODK,13.27,12.75,13.14,12.9,81365,2015-12-11
KODK,12.85,12.27,12.85,12.61,177368,2015-12-14
KODK,12.76,12.55,12.68,12.63,34255,2015-12-15
KODK,13.02,12.66,12.68,12.92,34490,2015-12-16
KODK,13.08,12.325,13,12.42,116202,2015-12-17
KODK,12.67,12.345,12.35,12.48,262257,2015-12-18
KODK,12.67,12.36,12.45,12.52,862637,2015-12-21
KODK,13.1134,12.47,12.56,12.98,83897,2015-12-22
KODK,13.49,13.04,13.04,13.3,84174,2015-12-23
KODK,13.61,13.31,13.32,13.48,29633,2015-12-24
KODK,13.37,12.76,13.31,12.93,64885,2015-12-28
KODK,13.14,12.6204,12.91,13.05,125133,2015-12-29
KODK,13.08,12.69,13,12.73,48845,2015-12-30
KODK,12.72,12.46,12.67,12.54,88882,2015-12-31
KODK,12.39,11.937,12.39,12.26,120760,2016-01-04
KODK,12.2908,11.67,12.26,11.79,213435,2016-01-05
KODK,11.76,11.22,11.65,11.36,94490,2016-01-06
KODK,11.32,10.95,11.12,10.99,307096,2016-01-07
KODK,11.08,10.42,11.03,10.47,165205,2016-01-08
KODK,10.73,9.65,10.55,9.76,339111,2016-01-11
KODK,9.98,8.73,9.76,9.31,406962,2016-01-12
KODK,9.47,8.84,9.4,8.96,269727,2016-01-13
KODK,9.22,8.78,8.97,9.16,332581,2016-01-14
KODK,8.96,8.46,8.88,8.7,342881,2016-01-15
KODK,8.86,7.97,8.86,8.07,140818,2016-01-19
KODK,8.46,7.56,7.95,8.42,254523,2016-01-20
KODK,8.83,8.19,8.4,8.48,121955,2016-01-21
KODK,9.43,8.61,8.64,9.16,248586,2016-01-22
KODK,9.08,8.48,9.08,8.49,209533,2016-01-25
KODK,9.23,8.51,8.56,9.05,242028,2016-01-26
KODK,9,8.51,8.94,8.63,179925,2016-01-27
KODK,8.89,8.51,8.89,8.58,104439,2016-01-28
KODK,9.17,8.59,8.59,9.12,178075,2016-01-29
KODK,9.1,8.77,9,8.98,127838,2016-02-01
KODK,8.89,8.67,8.85,8.84,71578,2016-02-02
KODK,9.08,8.62,8.93,8.86,110741,2016-02-03
KODK,9.65,8.8,8.8,9.6,211902,2016-02-04
KODK,9.56,8.83,9.54,8.88,112905,2016-02-05
KODK,8.83,8.325,8.75,8.42,185600,2016-02-08
KODK,8.55,8.18,8.3,8.37,178508,2016-02-09
KODK,8.55,8.2,8.4,8.38,95810,2016-02-10
KODK,8.64,8.02,8.2,8.57,160920,2016-02-11
KODK,8.6,7.9,8.52,8.15,248419,2016-02-12
KODK,8.55,7.959,8.19,8.54,116065,2016-02-16
KODK,9,8.58,8.58,8.72,146506,2016-02-17
KODK,9.03,8.59,8.78,8.95,170093,2016-02-18
KODK,8.91,8.63,8.91,8.74,153729,2016-02-19
KODK,8.99,8.69,8.85,8.87,106046,2016-02-22
KODK,8.94,8.37,8.78,8.38,136214,2016-02-23
KODK,8.59,8.1,8.31,8.56,120828,2016-02-24
KODK,8.67,8.45,8.53,8.5,243841,2016-02-25
KODK,9.01,8.54,8.58,8.85,165801,2016-02-26
KODK,9.67,8.89,9,9.45,346313,2016-02-29
KODK,9.86,9.375,9.52,9.58,89194,2016-03-01
KODK,10.18,9.52,9.6,10.02,164352,2016-03-02
KODK,10.63,9.9701,10.02,10.59,113904,2016-03-03
KODK,11.12,10.29,10.59,10.44,239474,2016-03-04
KODK,10.93,10.206,10.42,10.9,100250,2016-03-07
KODK,10.9,10.3001,10.82,10.52,219987,2016-03-08
KODK,10.8299,9.78,10.61,10.02,375137,2016-03-09
KODK,10.33,9.83,10.19,9.88,129365,2016-03-10
KODK,10.24,9.93,9.97,10.19,306408,2016-03-11
KODK,11.32,10.17,10.18,11.25,221128,2016-03-14
KODK,11.07,10.75,10.99,11.02,149177,2016-03-15
KODK,12.1,10.7,10.7,11.83,431048,2016-03-16
KODK,12.45,11.76,11.76,12.01,372421,2016-03-17
KODK,12.47,11.93,12.12,12.41,479859,2016-03-18
KODK,12.31,11.62,12.28,11.96,131226,2016-03-21
KODK,12.14,11.72,11.72,12.1,139228,2016-03-22
KODK,12.09,11.34,11.9,11.45,267713,2016-03-23
KODK,11.49,10.93,11.41,11.47,172944,2016-03-24
KODK,11.52,10.7,11.52,11,324819,2016-03-28
KODK,11.17,10.7,11.02,11.16,202744,2016-03-29
KODK,11.36,10.7,11.21,10.9,242222,2016-03-30
KODK,11.05,10.78,10.9,10.85,244642,2016-03-31
KODK,11.03,10.669,10.74,10.84,102543,2016-04-01
KODK,11.14,10.71,10.91,11,142825,2016-04-04
KODK,11.14,10.78,10.87,10.86,179134,2016-04-05
KODK,11.42,10.74,10.82,11.19,190333,2016-04-06
KODK,11.08,10,11.05,10.37,245426,2016-04-07
KODK,10.65,10.3,10.45,10.48,73179,2016-04-08
KODK,10.91,10.51,10.59,10.75,120193,2016-04-11
KODK,11.2799,10.93,11.18,11.11,249026,2016-04-12
KODK,11.49,11.17,11.23,11.35,106801,2016-04-13
KODK,11.4,11,11.32,11.18,210477,2016-04-14
KODK,11.6,11.1414,11.18,11.37,234340,2016-04-15
KODK,11.65,11.35,11.35,11.51,97449,2016-04-18
KODK,11.69,11.3,11.55,11.57,227150,2016-04-19
KODK,11.75,11.51,11.63,11.67,133894,2016-04-20
KODK,11.91,11.61,11.69,11.9,203764,2016-04-21
KODK,12.26,11.81,11.81,12.06,129686,2016-04-22
KODK,11.95,11.57,11.9,11.63,136663,2016-04-25
KODK,12.28,11.63,11.63,12.1,168226,2016-04-26
KODK,12.46,12,12,12.33,201618,2016-04-27
KODK,12.4,12.11,12.32,12.32,160947,2016-04-28
KODK,12.39,11.69,12.37,11.82,95604,2016-04-29
KODK,12.2,11.48,11.95,12.11,160665,2016-05-02
KODK,12.01,11.62,11.9,11.75,163034,2016-05-03
KODK,11.99,11.48,11.57,11.51,101591,2016-05-04
KODK,12.03,11.53,11.59,12.01,230635,2016-05-05
KODK,12.4,11.87,12.32,11.99,166070,2016-05-06
KODK,12.03,11.47,12.03,11.72,159510,2016-05-09
KODK,12.21,11.61,11.68,12.12,136506,2016-05-10
KODK,12.11,11.64,12,11.8,108994,2016-05-11
KODK,11.99,11.53,11.89,11.79,176873,2016-05-12
KODK,11.89,11.4767,11.69,11.66,112027,2016-05-13
KODK,11.92,11.65,11.67,11.7,69288,2016-05-16
KODK,12.27,11.64,11.71,11.88,230097,2016-05-17
KODK,12.05,11.73,11.79,12.04,177924,2016-05-18
KODK,12.03,11.45,11.99,11.48,120955,2016-05-19
KODK,11.77,11.51,11.56,11.75,109371,2016-05-20
KODK,12.24,11.72,11.72,12.06,141076,2016-05-23
KODK,12.3,11.93,12.06,12.24,181124,2016-05-24
KODK,12.7,12.22,12.25,12.55,123173,2016-05-25
KODK,12.6,12.17,12.6,12.48,62262,2016-05-26
KODK,12.78,12.46,12.46,12.74,74401,2016-05-27
KODK,13.12,12.55,12.76,13.11,196660,2016-05-31
KODK,13.535,12.94,12.94,13.45,110359,2016-06-01
KODK,13.94,13.34,13.34,13.9,183047,2016-06-02
KODK,14,13.65,13.89,13.85,119653,2016-06-03
KODK,14.2228,13.51,13.65,14.18,161106,2016-06-06
KODK,14.66,14.24,14.24,14.59,205540,2016-06-07
KODK,14.92,14.52,14.69,14.83,192661,2016-06-08
KODK,15.32,14.63,14.89,15.3,251747,2016-06-09
KODK,15.53,14.84,15.23,15.34,332855,2016-06-10
KODK,15.31,14.53,15.31,14.98,324727,2016-06-13
KODK,15.12,14.19,14.97,14.68,354923,2016-06-14
KODK,15.45,14.68,14.7,14.98,306470,2016-06-15
KODK,15.685,14.696,14.95,15.62,202316,2016-06-16
KODK,16,15.52,15.64,15.96,279514,2016-06-17
KODK,16.2,15.93,16.2,15.95,167626,2016-06-20
KODK,16.29,15.79,15.92,16.28,138954,2016-06-21
KODK,16.38,15.89,16.2,16,118879,2016-06-22
KODK,16.8,16.12,16.18,16.74,228417,2016-06-23
KODK,16.29,15.81,16.01,16.18,288590,2016-06-24
KODK,16.01,15.11,15.98,15.29,252346,2016-06-27
KODK,15.66,15.24,15.37,15.48,142882,2016-06-28
KODK,16.03,15.55,15.69,16,237242,2016-06-29
KODK,16.15,15.95,16.09,16.08,226765,2016-06-30
KODK,16.69,16.22,16.24,16.24,135710,2016-07-01
KODK,16.16,15.73,16.16,15.81,99108,2016-07-05
KODK,16.04,15.65,15.69,15.88,67609,2016-07-06
KODK,16.34,15.79,15.87,15.91,70964,2016-07-07
KODK,16.62,15.9701,16.06,16.56,99989,2016-07-08
KODK,16.71,16.29,16.43,16.31,112638,2016-07-11
KODK,17.05,16.48,16.48,16.93,189113,2016-07-12
KODK,17.09,16.64,17.09,16.92,61452,2016-07-13
KODK,17.18,16.91,17.08,16.94,91226,2016-07-14
KODK,17.2,16.9,16.97,17.11,93816,2016-07-15
KODK,17.29,16.97,17.02,17.22,78809,2016-07-18
KODK,17.24,16.8,17.22,16.81,51028,2016-07-19
KODK,17.02,16.645,16.81,16.87,44065,2016-07-20
KODK,17.06,16.68,16.76,16.69,59443,2016-07-21
KODK,17.05,16.61,16.72,16.97,90869,2016-07-22
KODK,17.04,16.7,16.88,16.83,65470,2016-07-25
KODK,17.03,16.55,16.85,16.86,77113,2016-07-26
KODK,17.15,16.84,16.98,16.96,95696,2016-07-27
KODK,17.06,16.61,17.06,16.89,121900,2016-07-28
KODK,17.12,16.77,17.11,16.94,96113,2016-07-29
KODK,17.08,16.83,17.04,16.97,90332,2016-08-01
KODK,17,16.6,16.87,16.61,104165,2016-08-02
KODK,16.75,16.49,16.63,16.71,50073,2016-08-03
KODK,16.84,16.5376,16.66,16.6,32670,2016-08-04
KODK,16.93,16.68,16.77,16.75,104311,2016-08-05
KODK,16.93,16.6,16.66,16.78,91335,2016-08-08
KODK,17.1,16.73,16.89,16.8,157050,2016-08-09
KODK,16.79,15.69,16.79,16.18,97722,2016-08-10
KODK,16.52,16.21,16.28,16.33,70234,2016-08-11
KODK,16.6,15.79,16.18,15.85,138631,2016-08-12
KODK,16.19,15.52,15.52,15.99,166727,2016-08-15
KODK,16.15,15.91,15.94,15.93,129959,2016-08-16
KODK,15.96,15.53,15.96,15.56,66398,2016-08-17
KODK,16.005,15.53,15.53,15.98,101029,2016-08-18
KODK,16.05,15.66,15.92,15.66,50953,2016-08-19
KODK,16.05,15.451,15.56,16.05,458209,2016-08-22
KODK,16.37,15.96,16.15,16.1,162813,2016-08-23
KODK,16.16,15.82,16,15.84,83970,2016-08-24
KODK,15.88,15.54,15.81,15.65,116598,2016-08-25
KODK,15.85,15.5,15.7,15.57,60769,2016-08-26
KODK,15.89,15.46,15.55,15.69,213630,2016-08-29
KODK,15.8,15.56,15.66,15.66,84915,2016-08-30
KODK,15.74,15.48,15.63,15.49,55794,2016-08-31
KODK,15.59,15.2,15.46,15.41,94305,2016-09-01
KODK,15.61,15.37,15.5,15.58,102539,2016-09-02
KODK,15.68,15.34,15.67,15.4,268381,2016-09-06
KODK,15.53,15.37,15.51,15.41,97111,2016-09-07
KODK,15.37,14.9,15.35,15.19,157230,2016-09-08
KODK,15.07,14.28,15.07,14.49,119782,2016-09-09
KODK,14.765,14.21,14.35,14.73,79547,2016-09-12
KODK,14.63,14.225,14.63,14.31,81247,2016-09-13
KODK,14.44,14.01,14.35,14.38,69472,2016-09-14
KODK,14.6399,14.26,14.37,14.37,65064,2016-09-15
KODK,14.46,14.12,14.41,14.44,236224,2016-09-16
KODK,14.73,14.47,14.47,14.68,46720,2016-09-19
KODK,14.79,14.32,14.79,14.33,50055,2016-09-20
KODK,14.56,14.305,14.38,14.51,62971,2016-09-21
KODK,14.76,14.61,14.61,14.73,56915,2016-09-22
KODK,14.75,14.55,14.6,14.72,51089,2016-09-23
KODK,14.75,14.58,14.59,14.63,43156,2016-09-26
KODK,14.67,14.38,14.64,14.45,72052,2016-09-27
KODK,14.68,14.31,14.52,14.67,93417,2016-09-28
KODK,14.67,14.42,14.56,14.51,77719,2016-09-29
KODK,15.04,14.605,14.61,15,106309,2016-09-30
KODK,14.9849,14.416,14.93,14.44,67572,2016-10-03
KODK,14.63,14.27,14.48,14.29,49349,2016-10-04
KODK,14.88,14.22,14.37,14.72,63654,2016-10-05
KODK,14.845,14.58,14.76,14.77,32486,2016-10-06
KODK,14.76,14.31,14.74,14.32,33794,2016-10-07
KODK,14.695,14.37,14.37,14.5,28449,2016-10-10
KODK,14.5,14.13,14.45,14.3,48129,2016-10-11
KODK,14.5,14.2,14.36,14.28,36048,2016-10-12
KODK,14.28,13.89,14.28,13.99,39578,2016-10-13
KODK,14.33,13.89,14.12,13.96,65359,2016-10-14
KODK,14.05,13.87,13.92,13.92,40342,2016-10-17
KODK,14.23,13.93,14.08,14.11,63198,2016-10-18
KODK,14.78,14.09,14.09,14.52,60816,2016-10-19
KODK,14.59,14.285,14.45,14.55,54976,2016-10-20
KODK,14.92,14.23,14.35,14.89,60952,2016-10-21
KODK,15.415,15.03,15.05,15.37,83211,2016-10-24
KODK,15.38,14.87,15.29,15.09,43840,2016-10-25
KODK,15.31,14.97,15.25,15.11,56682,2016-10-26
KODK,15.26,14.79,15.15,14.95,76979,2016-10-27
KODK,15.13,14.77,14.99,15,50906,2016-10-28
KODK,15.05,14.81,15.05,14.9,39131,2016-10-31
KODK,15,14.25,14.95,14.5,42623,2016-11-01
KODK,14.7,14.2,14.4,14.2,30173,2016-11-02
KODK,14.55,14.15,14.3,14.4,29574,2016-11-03
KODK,14.7,14.4,14.45,14.5,28517,2016-11-04
KODK,15,14.75,14.8,14.8,86032,2016-11-07
KODK,14.95,14.475,14.95,14.5,258132,2016-11-08
KODK,14.6,14.2,14.35,14.55,123608,2016-11-09
KODK,14.8,14.25,14.55,14.7,152852,2016-11-10
KODK,15.15,14.7,14.75,15.1,119013,2016-11-11
KODK,15.85,15.3,15.3,15.5,154656,2016-11-14
KODK,15.55,15.1,15.55,15.2,77782,2016-11-15
KODK,16.35,15.2,15.2,16.3,170803,2016-11-16
KODK,16.65,16.3,16.35,16.65,81064,2016-11-17
KODK,16.45,14.85,16.45,15,107871,2016-11-18
KODK,15.104,14.65,15,14.9,103785,2016-11-21
KODK,15.15,14.85,15.15,15.15,111471,2016-11-22
KODK,15.2,15,15.15,15.15,99947,2016-11-23
KODK,15.15,15.05,15.15,15.1,24498,2016-11-25
KODK,15.2,14.8,15.15,14.95,87014,2016-11-28
KODK,15.15,14.95,15,14.95,64334,2016-11-29
KODK,15.23,14.95,15.1,15.15,105962,2016-11-30
KODK,15.2,14.85,15.15,15,56275,2016-12-01
KODK,15.25,14.9,15.1,15.2,60509,2016-12-02
KODK,15.5,15.15,15.25,15.5,106104,2016-12-05
KODK,15.85,15.55,15.65,15.85,80180,2016-12-06
KODK,16.525,15.725,15.9,16.4,238720,2016-12-07
KODK,16.8,16.25,16.55,16.45,137019,2016-12-08
KODK,16.65,16.35,16.65,16.45,104034,2016-12-09
KODK,16.75,16.2,16.4,16.4,93425,2016-12-12
KODK,16.85,16.35,16.6,16.5,120959,2016-12-13
KODK,16.55,16.05,16.55,16.15,62203,2016-12-14
KODK,16.6,16.05,16.15,16.35,67892,2016-12-15
KODK,16.65,16.25,16.45,16.65,238094,2016-12-16
KODK,17.295,16.55,16.7,16.9,118337,2016-12-19
KODK,17.125,16.75,16.9,17,92938,2016-12-20
KODK,17.15,16.7,17,16.75,106870,2016-12-21
KODK,16.75,15.85,16.7,15.9,47999,2016-12-22
KODK,16,15.75,15.8,16,83554,2016-12-23
KODK,16.3,15.9,16.05,16.1,74895,2016-12-27
KODK,16.325,15.75,16.25,15.8,117639,2016-12-28
KODK,15.95,15.6,15.8,15.7,39512,2016-12-29
KODK,15.72,15.375,15.7,15.5,58177,2016-12-30
KODK,15.9,15.55,15.75,15.9,80254,2017-01-03
KODK,16.25,15.725,16,16.2,82534,2017-01-04
KODK,16.5,15.85,16.2,16.3,98021,2017-01-05
KODK,16.3,15.65,16.3,15.7,53430,2017-01-06
KODK,15.75,15.15,15.75,15.3,138463,2017-01-09
KODK,15.5,15.275,15.4,15.3,74311,2017-01-10
KODK,15.5,15.1,15.4,15.4,74015,2017-01-11
KODK,15.5,14.8,15.5,15.05,58492,2017-01-12
KODK,15.15,14.855,15.15,15.15,59134,2017-01-13
KODK,15.2,14.6,15.2,14.8,104415,2017-01-17
KODK,14.925,14.65,14.9,14.85,157532,2017-01-18
KODK,14.925,14.725,14.9,14.85,94907,2017-01-19
KODK,14.9,14.6,14.8,14.7,107200,2017-01-20
KODK,14.8,14.6,14.6,14.75,78637,2017-01-23
KODK,14.95,14.6,14.8,14.7,107076,2017-01-24
KODK,14.95,14.55,14.85,14.7,110700,2017-01-25
KODK,14.8,14.6,14.7,14.65,57841,2017-01-26
KODK,14.75,14.4,14.75,14.65,68468,2017-01-27
KODK,14.55,13.85,14.55,13.9,113270,2017-01-30
KODK,13.9639,13.25,13.95,13.4,212069,2017-01-31
KODK,13.8,13.2,13.4,13.3,104062,2017-02-01
KODK,13.4,13.1,13.3,13.2,81551,2017-02-02
KODK,13.35,13,13.35,13.05,102951,2017-02-03
KODK,13.4,13,13.05,13.2,90485,2017-02-06
KODK,13.6,13.2,13.3,13.4,131257,2017-02-07
KODK,13.45,13.1,13.45,13.25,103860,2017-02-08
KODK,13.55,13.275,13.35,13.5,80960,2017-02-09
KODK,14.2,13.5,13.5,14,162832,2017-02-10
KODK,14.1,13.6,13.9,14.05,90357,2017-02-13
KODK,14.75,14.1,14.1,14.75,140930,2017-02-14
KODK,14.8,14.55,14.55,14.8,108678,2017-02-15
KODK,14.95,14.4,14.9,14.45,93873,2017-02-16
KODK,14.6,14.3,14.55,14.5,83961,2017-02-17
KODK,14.95,14.5,14.65,14.85,85207,2017-02-21
KODK,15.1,14.75,14.8,14.95,69847,2017-02-22
KODK,15.3,14.7,15.1,15,93883,2017-02-23
KODK,15,14.65,15,14.8,52638,2017-02-24
KODK,14.95,14.325,14.95,14.5,124802,2017-02-27
KODK,14.55,14.1,14.45,14.35,104058,2017-02-28
KODK,14.55,14.25,14.5,14.4,107080,2017-03-01
KODK,14.55,14.25,14.4,14.25,112506,2017-03-02
KODK,14.8,14.25,14.25,14.7,105943,2017-03-03
KODK,14.65,14.25,14.65,14.3,52191,2017-03-06
KODK,14.5,14.1,14.4,14.1,106819,2017-03-07
KODK,14.2,12.55,14.2,12.85,381374,2017-03-08
KODK,12.8,12.15,12.8,12.25,121443,2017-03-09
KODK,12.3,11.55,12.25,11.65,305301,2017-03-10
KODK,12.25,11.45,11.85,11.65,298285,2017-03-13
KODK,11.85,11.35,11.55,11.8,353016,2017-03-14
KODK,11.95,11.65,11.8,11.75,413320,2017-03-15
KODK,11.85,11.55,11.85,11.65,184601,2017-03-16
KODK,11.77,11.35,11.75,11.5,453071,2017-03-17
KODK,11.6,11.375,11.6,11.45,173510,2017-03-20
KODK,11.55,10.3,11.45,11.1,190167,2017-03-21
KODK,11.25,10.9,11.05,11.2,113027,2017-03-22
KODK,11.45,11.15,11.15,11.2,92209,2017-03-23
KODK,11.5,11,11.2,11.15,90170,2017-03-24
KODK,11.65,10.95,11,11.55,154908,2017-03-27
KODK,11.6,11.25,11.5,11.3,117755,2017-03-28
KODK,11.45,11.15,11.3,11.3,99374,2017-03-29
KODK,11.5,11.2,11.25,11.4,220258,2017-03-30
KODK,11.6,11.35,11.35,11.5,279500,2017-03-31
KODK,11.6,11.2,11.55,11.35,150372,2017-04-03
KODK,11.55,11.3,11.35,11.45,171037,2017-04-04
KODK,11.675,11.35,11.55,11.4,198847,2017-04-05
KODK,11.65,11.3,11.4,11.6,159224,2017-04-06
KODK,11.6,10.9,11.35,11,729785,2017-04-07
KODK,11.05,10.55,11.05,10.6,360545,2017-04-10
KODK,10.7,10.25,10.5,10.6,242453,2017-04-11
KODK,10.6,10.4,10.55,10.45,161412,2017-04-12
KODK,10.4,9.75,10.4,9.75,185122,2017-04-13
KODK,9.95,9.55,9.65,9.85,108241,2017-04-17
KODK,10.2,9.75,9.75,10.2,139744,2017-04-18
KODK,10.55,10.1,10.25,10.5,270414,2017-04-19
KODK,10.85,10.5,10.5,10.65,250645,2017-04-20
KODK,10.625,10.35,10.55,10.5,250082,2017-04-21
KODK,10.95,10.5,10.55,10.7,410406,2017-04-24
KODK,10.9,10.6,10.75,10.6,125035,2017-04-25
KODK,10.95,10.5,10.55,10.8,228343,2017-04-26
KODK,10.85,10.5,10.85,10.55,156030,2017-04-27
KODK,11.15,10.4,10.55,11,278004,2017-04-28
KODK,11.3,10.9,11.15,11,199182,2017-05-01
KODK,11.05,10.45,10.95,10.55,122201,2017-05-02
KODK,10.5,10.25,10.5,10.3,108057,2017-05-03
KODK,10.325,9.85,10.3,9.95,145661,2017-05-04
KODK,10.2,9.9,9.95,10.05,83422,2017-05-05
KODK,10.625,10.1,10.15,10.55,136911,2017-05-08
KODK,10.85,10.35,10.7,10.75,259965,2017-05-09
KODK,10.35,9.525,9.9,9.85,373332,2017-05-10
KODK,9.95,9.65,9.7,9.95,100357,2017-05-11
KODK,10,9.75,10,9.85,187561,2017-05-12
KODK,9.9,9.8,9.8,9.8,83361,2017-05-15
KODK,9.95,9.65,9.8,9.75,93606,2017-05-16
KODK,9.9,9.325,9.85,9.4,199219,2017-05-17
KODK,9.35,9.025,9.35,9.2,211407,2017-05-18
KODK,9.95,9.2,9.3,9.9,162769,2017-05-19
KODK,10,9.45,9.9,9.5,116056,2017-05-22
KODK,9.65,9.45,9.6,9.55,224074,2017-05-23
KODK,9.85,9.6,9.6,9.85,85391,2017-05-24
KODK,9.85,9.45,9.85,9.55,88487,2017-05-25
KODK,9.7,9.45,9.55,9.7,69577,2017-05-26
KODK,9.65,9.35,9.6,9.4,107391,2017-05-30
KODK,9.475,9.15,9.4,9.25,152185,2017-05-31
KODK,10.125,9.35,9.45,10,254541,2017-06-01
KODK,10.15,9.95,9.95,9.95,258467,2017-06-02
KODK,10.125,9.8,10,9.95,315811,2017-06-05
KODK,10,9.75,9.95,9.95,141490,2017-06-06
KODK,10.05,9.55,9.9,9.75,132138,2017-06-07
KODK,10.1,9.65,9.7,10.1,136789,2017-06-08
KODK,10.175,9.95,10.1,10.05,180324,2017-06-09
KODK,10.15,9.775,10.1,9.85,165890,2017-06-12
KODK,9.9,9.425,9.9,9.45,225941,2017-06-13
KODK,9.75,9.1,9.45,9.65,246706,2017-06-14
KODK,9.6,9.35,9.45,9.35,140959,2017-06-15
KODK,9.4,9.05,9.25,9.3,727549,2017-06-16
KODK,9.45,9,9.4,9.35,231179,2017-06-19
KODK,9.25,8.9,9.25,8.95,134954,2017-06-20
KODK,9.15,8.75,8.9,8.85,153548,2017-06-21
KODK,9.05,8.75,8.85,9,107439,2017-06-22
KODK,9.2,8.95,9,9.05,503069,2017-06-23
KODK,9.5,9.05,9.1,9.3,163801,2017-06-26
KODK,9.3,9,9.3,9.05,90097,2017-06-27
KODK,9.4,9.05,9.05,9.35,64380,2017-06-28
KODK,9.5,9.1,9.45,9.2,63209,2017-06-29
KODK,9.2,9.02,9.2,9.1,65425,2017-06-30
KODK,9.4,9.05,9.1,9.4,43179,2017-07-03
KODK,9.3,8.975,9.3,9.1,88721,2017-07-05
KODK,9.09,8.55,9,8.8,204819,2017-07-06
KODK,9,8.75,8.8,8.85,65878,2017-07-07
KODK,9.175,8.775,8.8,9.1,159075,2017-07-10
KODK,9.2,8.95,9.15,9.2,131522,2017-07-11
KODK,9.2,8.975,9.2,9.15,63437,2017-07-12
KODK,9.25,8.95,9.1,9.15,91514,2017-07-13
KODK,9.3,9,9.1,9.25,80962,2017-07-14
KODK,9.4,9.05,9.1,9.35,138577,2017-07-17
KODK,9.4,9.1,9.2,9.2,80763,2017-07-18
KODK,9.4,9.15,9.2,9.3,61746,2017-07-19
KODK,9.35,9.2,9.3,9.3,44588,2017-07-20
KODK,9.6,9.225,9.4,9.5,151433,2017-07-21
KODK,9.75,9.25,9.55,9.3,89981,2017-07-24
KODK,9.825,9.35,9.4,9.6,96004,2017-07-25
KODK,9.65,9.25,9.65,9.6,74847,2017-07-26
KODK,9.65,9.3,9.55,9.45,70885,2017-07-27
KODK,9.5,9.175,9.45,9.25,66286,2017-07-28
KODK,9.55,9.1,9.25,9.5,86629,2017-07-31
KODK,9.55,9.15,9.5,9.4,121436,2017-08-01
KODK,9.7,9.2,9.35,9.2,94882,2017-08-02
KODK,9.35,9.15,9.2,9.25,78164,2017-08-03
KODK,9.35,9.05,9.25,9.2,80392,2017-08-04
KODK,9.3,9.05,9.15,9.3,89911,2017-08-07
KODK,9.35,9.1,9.2,9.2,69719,2017-08-08
KODK,9.275,9.15,9.2,9.2,87030,2017-08-09
KODK,8.85,7.75,8.85,8.25,209244,2017-08-10
KODK,8.25,7.85,7.9,7.95,71333,2017-08-11
KODK,7.95,7.62,7.9,7.75,179990,2017-08-14
KODK,7.7,7.5,7.7,7.5,120501,2017-08-15
KODK,7.5497,7.3,7.5,7.4,132495,2017-08-16
KODK,7.35,6.65,7.35,6.75,288408,2017-08-17
KODK,7.05,6.705,6.75,6.95,133541,2017-08-18
KODK,7.45,6.95,7,7.35,131141,2017-08-21
KODK,7.575,7.1,7.55,7.3,122424,2017-08-22
KODK,7.725,7.3,7.35,7.65,165169,2017-08-23
KODK,7.75,7.2,7.75,7.25,114969,2017-08-24
KODK,7.425,7.2,7.2,7.4,84593,2017-08-25
KODK,7.5,7.2,7.4,7.25,105770,2017-08-28
KODK,7.55,7.2,7.25,7.5,80331,2017-08-29
KODK,7.645,7.4,7.45,7.5,113234,2017-08-30
KODK,7.85,7.45,7.55,7.75,164205,2017-08-31
KODK,7.85,7.65,7.8,7.8,63378,2017-09-01
KODK,7.75,7.55,7.75,7.6,180742,2017-09-05
KODK,7.75,7.4,7.65,7.6,110100,2017-09-06
KODK,7.7,7.35,7.6,7.6,87828,2017-09-07
KODK,7.55,7.1,7.55,7.3,136339,2017-09-08
KODK,7.4,7.15,7.35,7.3,94213,2017-09-11
KODK,7.6,7.3,7.35,7.5,83635,2017-09-12
KODK,7.85,7.35,7.45,7.8,344285,2017-09-13
KODK,7.85,7.45,7.85,7.7,286664,2017-09-14
KODK,8.5,7.65,7.7,8.45,319049,2017-09-15
KODK,8.45,8.1,8.4,8.15,242782,2017-09-18
KODK,8.2,7.9,8.15,8,209767,2017-09-19
KODK,8,7.8,7.9,8,106129,2017-09-20
KODK,8,7.65,8,7.65,92709,2017-09-21
KODK,7.85,7.555,7.65,7.75,140828,2017-09-22
KODK,7.8,7.4,7.75,7.45,102807,2017-09-25
KODK,7.75,7.45,7.45,7.7,161738,2017-09-26
KODK,7.9,7.65,7.8,7.8,118875,2017-09-27
KODK,7.8,7.4,7.8,7.45,91283,2017-09-28
KODK,7.5251,7.1,7.4,7.35,162564,2017-09-29
KODK,7.45,6.9,7.3,7.1,259649,2017-10-02
KODK,7.2,6.95,7.15,7,133017,2017-10-03
KODK,7.05,6.9,6.95,7,223966,2017-10-04
KODK,7.2,6.95,6.95,7.05,165948,2017-10-05
KODK,7.3,6.95,6.95,7.15,79479,2017-10-06
KODK,7.4,6.95,7.15,6.95,168999,2017-10-09
KODK,7.15,7,7.05,7,59285,2017-10-10
KODK,7.2,6.9,7,6.9,122032,2017-10-11
KODK,7.1,6.75,6.9,6.75,148767,2017-10-12
KODK,6.85,6.5,6.75,6.65,131213,2017-10-13
KODK,6.75,6.45,6.75,6.55,191661,2017-10-16
KODK,6.7,6.4,6.5,6.5,117714,2017-10-17
KODK,6.5726,6.25,6.5,6.3,109786,2017-10-18
KODK,6.35,6.2,6.3,6.3,138613,2017-10-19
KODK,6.45,6.275,6.35,6.4,103855,2017-10-20
KODK,6.5,6.175,6.4,6.25,151555,2017-10-23
KODK,6.34,6.2,6.2,6.25,101915,2017-10-24
KODK,6.2,5.75,6.2,5.75,151271,2017-10-25
KODK,5.9,5.5,5.75,5.55,145727,2017-10-26
KODK,5.5,5.25,5.5,5.45,167570,2017-10-27
KODK,5.55,5.2,5.45,5.25,147468,2017-10-30
KODK,5.4,5.15,5.25,5.35,144990,2017-10-31
KODK,5.6,5.05,5.45,5.15,189672,2017-11-01
KODK,5.15,4.99,5.05,5.05,132802,2017-11-02
KODK,5.15,5,5.1,5.1,116951,2017-11-03
KODK,5.3,5.05,5.1,5.2,164720,2017-11-06
KODK,5.3,5.105,5.15,5.2,135957,2017-11-07
KODK,5.3,5.1,5.15,5.2,336756,2017-11-08
KODK,4.65,3.575,4.65,3.7,1353716,2017-11-09
KODK,3.8,3.525,3.75,3.75,243736,2017-11-10
KODK,3.85,3.5,3.8,3.6,250026,2017-11-13
KODK,3.6,3.25,3.6,3.35,212758,2017-11-14
KODK,3.45,3.25,3.3,3.4,166544,2017-11-15
KODK,3.9,3.45,3.45,3.75,791988,2017-11-16
KODK,3.8,3.425,3.75,3.45,242149,2017-11-17
KODK,3.495,3.25,3.45,3.35,294358,2017-11-20
KODK,3.65,3.35,3.35,3.65,216764,2017-11-21
KODK,3.7,3.45,3.6,3.5,269861,2017-11-22
KODK,3.65,3.45,3.55,3.55,98426,2017-11-24
KODK,3.65,3.3,3.65,3.35,299697,2017-11-27
KODK,3.45,3.2,3.45,3.35,232176,2017-11-28
KODK,3.45,3.3,3.3,3.4,160233,2017-11-29
KODK,3.55,3.25,3.45,3.3,397567,2017-11-30
KODK,3.4,3.1,3.3,3.15,354847,2017-12-01
KODK,3.775,3.1,3.15,3.55,582304,2017-12-04
KODK,3.55,3.4,3.5,3.5,206771,2017-12-05
KODK,3.55,3.2,3.45,3.3,239518,2017-12-06
KODK,3.5,3.2,3.35,3.35,238949,2017-12-07
KODK,3.4,3.25,3.35,3.3,206351,2017-12-08
KODK,3.35,3.2,3.3,3.3,177964,2017-12-11
KODK,3.375,3.3,3.3,3.35,265827,2017-12-12
KODK,3.4,3.25,3.35,3.3,376206,2017-12-13
KODK,3.5,3.325,3.35,3.35,398873,2017-12-14
KODK,3.45,3.35,3.4,3.35,401148,2017-12-15
KODK,3.45,3.35,3.35,3.35,380966,2017-12-18
KODK,3.7,3.35,3.35,3.5,601821,2017-12-19
KODK,3.65,3.425,3.55,3.45,234717,2017-12-20
KODK,3.45,3.3,3.45,3.35,138372,2017-12-21
KODK,3.4,3.25,3.35,3.35,146013,2017-12-22
KODK,3.375,3.2211,3.3,3.25,129204,2017-12-26
KODK,3.35,3.15,3.35,3.15,165431,2017-12-27
KODK,3.15,2.95,3.15,3.1,330299,2017-12-28
KODK,3.2,3.05,3.1,3.1,182132,2017-12-29
KODK,3.3,3.05,3.05,3.15,159216,2018-01-02
KODK,3.25,3,3.2,3.05,132539,2018-01-03
KODK,3.1,3,3.05,3.05,159945,2018-01-04
KODK,3.2,3.05,3.1,3.15,256819,2018-01-05
KODK,3.2,3.05,3.15,3.1,255777,2018-01-08
KODK,7.65,3.05,3.1,6.8,71427398,2018-01-09
KODK,13.275,10.1,12.5,10.7,107512898,2018-01-10
KODK,9.9,8.05,9.7,8.4,23936480,2018-01-11
KODK,9.45,7.95,8.45,9.2,13264320,2018-01-12
KODK,9.1,8,8.85,8.5,8653912,2018-01-16
KODK,9.95,8.125,8.15,9.45,8865204,2018-01-17
KODK,10.4,9.5,9.75,10.15,9726647,2018-01-18
KODK,10.55,9.8,10.4,10,6032348,2018-01-19
KODK,12,9.9,9.9,11.55,15178530,2018-01-22
KODK,11.95,10.455,11.25,10.85,7205667,2018-01-23
KODK,11.25,9.9,11.05,10.1,4939017,2018-01-24
KODK,10.35,9.45,10.15,9.5,4046961,2018-01-25
KODK,10.1,9.05,9.35,9.4,3216565,2018-01-26
KODK,9.89,9.2,9.2,9.6,1778700,2018-01-29
KODK,9.6,9.055,9.5,9.15,1906220,2018-01-30
KODK,8.35,7.4,8.35,7.95,6105437,2018-01-31
KODK,7.85,6.7,7.8,6.95,3250793,2018-02-01
KODK,7,6.25,6.5,6.45,2103635,2018-02-02
KODK,6.705,6.1,6.2,6.2,1954793,2018-02-05
KODK,6.4,5.6,6,5.8,3098474,2018-02-06
KODK,6.6,5.6,5.7,5.85,4042786,2018-02-07
KODK,6.15,5.55,6.15,5.55,1742033,2018-02-08
KODK,5.7,5.1,5.55,5.4,1673692,2018-02-09
KODK,5.95,5.45,5.45,5.85,1177055,2018-02-12
KODK,5.85,5.55,5.7,5.8,1121737,2018-02-13
KODK,6.3,5.73,5.85,6,1499647,2018-02-14
KODK,7.25,6,6.1,7,3215958,2018-02-15
KODK,6.95,6.4,6.8,6.55,2082325,2018-02-16
KODK,6.881,6.5,6.7,6.65,1172060,2018-02-20
KODK,6.7,6.3,6.55,6.4,1112272,2018-02-21
KODK,6.5,6.1,6.3,6.25,695774,2018-02-22
KODK,6.35,6.1,6.3,6.25,596880,2018-02-23
KODK,6.3,5.8,6.25,6,809258,2018-02-26
KODK,6.05,5.8,5.95,5.85,574699,2018-02-27
KODK,5.85,5.175,5.8,5.25,1208693,2018-02-28
KODK,5.2,4.85,5.2,4.95,1033050,2018-03-01
KODK,5.45,4.8,4.85,5.25,1191340,2018-03-02
KODK,5.85,5.25,5.35,5.35,1859145,2018-03-05
KODK,5.5,5.25,5.35,5.35,484479,2018-03-06
KODK,5.4433,5.15,5.25,5.35,521433,2018-03-07
KODK,5.35,5.05,5.3,5.15,415147,2018-03-08
KODK,5.25,4.9,5.2,5.1,782423,2018-03-09
KODK,5.5,5,5.1,5.3,945568,2018-03-12
KODK,5.45,5.05,5.3,5.15,520136,2018-03-13
KODK,5.25,5,5.15,5.05,406211,2018-03-14
KODK,5.25,4.85,5.1,4.95,949723,2018-03-15
KODK,6,5.35,5.6,5.6,3473636,2018-03-16
KODK,5.6,5.25,5.55,5.55,742111,2018-03-19
KODK,5.6,5.15,5.55,5.35,625231,2018-03-20
KODK,5.4,5.1,5.3,5.3,444917,2018-03-21
KODK,5.25,4.95,5.25,5.15,755385,2018-03-22
KODK,5.25,5,5.05,5,781398,2018-03-23
KODK,5.15,4.85,5.05,4.85,502590,2018-03-26
KODK,5.05,4.8,4.85,4.9,442095,2018-03-27
KODK,5.05,4.65,4.9,4.9,865549,2018-03-28
KODK,5.35,4.9,4.9,5.35,796324,2018-03-29
KODK,5.35,4.9,5.35,5,539471,2018-04-02
KODK,5.05,4.9,5,4.9,286009,2018-04-03
KODK,5,4.8,4.8,4.85,353398,2018-04-04
KODK,5.25,4.9,4.9,5,557007,2018-04-05
KODK,5.15,4.95,5,5,446655,2018-04-06
KODK,5.1,4.95,5,5,276638,2018-04-09
KODK,5.25,4.975,5,5.05,489468,2018-04-10
KODK,5.15,5,5.05,5,227833,2018-04-11
KODK,5.2,5,5.2,5.1,586485,2018-04-12
KODK,5.3,5.05,5.2,5.2,526887,2018-04-13
KODK,5.25,5,5.25,5.1,520772,2018-04-16
KODK,5.2,5,5.05,5.05,311810,2018-04-17
KODK,5.15,4.95,5.05,5,471683,2018-04-18
KODK,5,4.875,5,4.9,303777,2018-04-19
KODK,4.95,4.85,4.9,4.9,414505,2018-04-20
KODK,5,4.8,4.9,4.85,751563,2018-04-23
KODK,5,4.81,4.9,4.9,479657,2018-04-24
KODK,5,4.81,4.85,4.95,402595,2018-04-25
KODK,5.025,4.9,5,4.95,228181,2018-04-26
KODK,5.1,4.85,5,5.1,456367,2018-04-27
KODK,5.1,4.95,5.05,4.95,220547,2018-04-30
KODK,5.1,4.8704,5,5.1,202408,2018-05-01
KODK,5.1,4.95,5.05,5.05,214342,2018-05-02
KODK,5.15,4.9,4.95,5.1,422929,2018-05-03
KODK,5.45,5.05,5.15,5.3,525438,2018-05-04
KODK,5.413,5.2,5.3,5.2,313147,2018-05-07
KODK,5.45,5.15,5.2,5.45,243119,2018-05-08
KODK,5.55,5.2,5.5,5.45,468057,2018-05-09
KODK,5.25,4.9,5.05,5.15,427253,2018-05-10
KODK,5.25,5.05,5.1,5.05,237444,2018-05-11
KODK,5.25,5.005,5.05,5.15,279238,2018-05-14
KODK,5.15,5,5.1,5,190880,2018-05-15
KODK,5.1,4.95,5,5.1,157531,2018-05-16
KODK,5.15,5.05,5.1,5.15,195176,2018-05-17
KODK,5.25,5.1,5.15,5.25,260629,2018-05-18
KODK,5.95,5.25,5.25,5.9,1271616,2018-05-21
KODK,6.2334,5.4,5.85,6.05,1034068,2018-05-22
KODK,6.4,5.8,6,5.9,815545,2018-05-23
KODK,5.9,5.5,5.85,5.55,316263,2018-05-24
KODK,5.7,5.3,5.55,5.4,298604,2018-05-25
KODK,5.4,5.1,5.35,5.1,364186,2018-05-29
KODK,5.3,5.15,5.15,5.2,202796,2018-05-30
KODK,5.25,5.1,5.15,5.1,217540,2018-05-31
KODK,5.25,5.05,5.1,5.05,247049,2018-06-01
KODK,5.35,5.1,5.1,5.35,276791,2018-06-04
KODK,5.5,5.25,5.3,5.45,246578,2018-06-05
KODK,5.525,5.25,5.35,5.25,337334,2018-06-06
KODK,5.5,5.05,5.3,5.15,459834,2018-06-07
KODK,5.225,5.1,5.2,5.15,222474,2018-06-08
KODK,5.3,5.1,5.1,5.2,248420,2018-06-11
KODK,5.25,5.05,5.25,5.2,266060,2018-06-12
KODK,5.2,5,5.15,5.05,606163,2018-06-13
KODK,5.1,4.95,5.1,5,548746,2018-06-14
KODK,5.1,4.85,5,5.1,504813,2018-06-15
KODK,5.125,4.9,5,5.1,440194,2018-06-18
KODK,5,4.81,5,4.95,608728,2018-06-19
KODK,5.15,4.9,5,5.15,453790,2018-06-20
KODK,5.15,4.9,5.15,4.95,274257,2018-06-21
KODK,5,4.85,4.95,4.85,416282,2018-06-22
KODK,4.85,4.45,4.85,4.5,908792,2018-06-25
KODK,4.55,4.016,4.55,4.2,980023,2018-06-26
KODK,4.25,4.1,4.2,4.2,222947,2018-06-27
KODK,4.15,4,4.15,4.05,340622,2018-06-28
KODK,4.1,3.75,4.1,3.8,569211,2018-06-29
KODK,3.85,3.65,3.75,3.85,356333,2018-07-02
KODK,4,3.65,3.95,3.7,301613,2018-07-03
KODK,3.775,3.55,3.7,3.7,407502,2018-07-05
KODK,3.84,3.7,3.7,3.8,253618,2018-07-06
KODK,3.85,3.74,3.85,3.8,279130,2018-07-09
KODK,4,3.775,3.8,3.9,403586,2018-07-10
KODK,3.925,3.75,3.9,3.9,312181,2018-07-11
KODK,3.95,3.8,3.9,3.95,151772,2018-07-12
KODK,4,3.85,3.95,3.95,268958,2018-07-13
KODK,3.95,3.7,3.95,3.75,359314,2018-07-16
KODK,4.05,3.7,3.7,4,853341,2018-07-17
KODK,4,3.8,3.95,3.9,299770,2018-07-18
KODK,3.9,3.76,3.85,3.8,213913,2018-07-19
KODK,3.8317,3.6,3.8,3.7,502808,2018-07-20
KODK,3.65,3.45,3.65,3.5,594464,2018-07-23
KODK,3.55,3.45,3.5,3.45,316634,2018-07-24
KODK,3.5,3.2,3.5,3.3,457152,2018-07-25
KODK,4.15,3.2,3.3,3.45,2433530,2018-07-26
KODK,3.45,3.2763,3.45,3.35,416797,2018-07-27
KODK,3.35,3.2,3.35,3.3,338961,2018-07-30
KODK,3.325,3.1,3.3,3.15,319237,2018-07-31
KODK,3.4,3.15,3.2,3.35,340653,2018-08-01
KODK,3.35,3.2,3.35,3.35,122866,2018-08-02
KODK,3.35,3.21,3.35,3.25,144019,2018-08-03
KODK,3.375,3.25,3.25,3.35,167510,2018-08-06
KODK,3.388,3.3,3.35,3.3,187066,2018-08-07
KODK,3.35,3.2,3.3,3.25,162208,2018-08-08
KODK,3.5,3.25,3.3,3.45,460577,2018-08-09
KODK,3.4,3.1,3.4,3.15,569893,2018-08-10
KODK,3.2,3.1,3.15,3.2,180520,2018-08-13
KODK,3.2,2.95,3.15,2.95,808601,2018-08-14
KODK,3,2.75,2.95,2.95,434298,2018-08-15
KODK,3.1,2.91,2.95,2.95,221486,2018-08-16
KODK,2.95,2.85,2.9,2.85,142467,2018-08-17
KODK,3.06,2.85,2.85,3.05,316146,2018-08-20
KODK,3.1,2.95,3.05,3.05,315343,2018-08-21
KODK,3.1,2.95,3.05,3.05,256512,2018-08-22
KODK,3.1,2.95,3.1,3,253899,2018-08-23
KODK,3.15,3,3.05,3.1,189305,2018-08-24
KODK,3.3,3,3.05,3.2,322516,2018-08-27
KODK,3.45,3.25,3.25,3.35,423933,2018-08-28
KODK,3.5,3.35,3.4,3.35,403113,2018-08-29
KODK,3.4,3.25,3.35,3.25,152806,2018-08-30
KODK,3.3,3.15,3.2,3.25,161061,2018-08-31
KODK,3.35,3.15,3.25,3.15,268748,2018-09-04
KODK,3.2,3.1,3.15,3.15,112078,2018-09-05
KODK,3.15,2.85,3.15,2.9,353338,2018-09-06
KODK,3,2.85,2.9,2.9,133139,2018-09-07
KODK,3.05,2.85,2.95,3,162428,2018-09-10
KODK,3,2.9,2.95,2.9,135018,2018-09-11
KODK,2.95,2.85,2.85,2.9,119334,2018-09-12
KODK,3.05,2.9,2.9,2.95,205714,2018-09-13
KODK,3.05,2.9,3,2.9,195843,2018-09-14
KODK,2.95,2.9,2.9,2.9,79062,2018-09-17
KODK,2.95,2.75,2.9,2.75,340523,2018-09-18
KODK,2.95,2.75,2.75,2.85,159732,2018-09-19
KODK,2.94,2.825,2.85,2.85,213234,2018-09-20
KODK,2.9,2.75,2.9,2.9,527784,2018-09-21
KODK,2.95,2.8,2.9,2.95,83274,2018-09-24
KODK,2.9,2.85,2.9,2.85,75344,2018-09-25
KODK,2.9,2.85,2.85,2.85,76900,2018-09-26
KODK,2.9,2.8,2.85,2.8,97393,2018-09-27
KODK,3.15,2.75,2.8,3.1,479272,2018-09-28
KODK,3.15,2.8,3.15,2.85,306597,2018-10-01
KODK,2.97,2.82,2.87,2.85,135864,2018-10-02
KODK,3.02,2.8105,2.87,2.99,225787,2018-10-03
KODK,2.9899,2.87,2.96,2.89,148595,2018-10-04
KODK,2.93,2.81,2.87,2.81,144095,2018-10-05
KODK,2.86,2.72,2.81,2.84,226977,2018-10-08
KODK,3,2.76,2.85,2.76,339891,2018-10-09
KODK,2.8,2.5664,2.77,2.58,362069,2018-10-10
KODK,2.7,2.4,2.58,2.46,452873,2018-10-11
KODK,2.537,2.4,2.5,2.46,288838,2018-10-12
KODK,2.75,2.43,2.44,2.69,311169,2018-10-15
KODK,2.8,2.61,2.7,2.72,229834,2018-10-16
KODK,2.6926,2.57,2.69,2.57,126694,2018-10-17
KODK,2.5972,2.5,2.55,2.53,114665,2018-10-18
KODK,2.53,2.4,2.53,2.5,335301,2018-10-19
KODK,2.5,2.4,2.5,2.41,155085,2018-10-22
KODK,2.5,2.33,2.41,2.47,260029,2018-10-23
KODK,2.46,2.1961,2.42,2.41,451626,2018-10-24
KODK,2.5,2.3691,2.38,2.49,131295,2018-10-25
KODK,2.4634,2.32,2.43,2.33,243734,2018-10-26
KODK,2.42,2.25,2.36,2.3,337788,2018-10-29
KODK,2.43,2.27,2.29,2.4,205599,2018-10-30
KODK,2.48,2.39,2.4,2.44,198498,2018-10-31
KODK,2.68,2.46,2.47,2.64,265068,2018-11-01
KODK,2.7702,2.58,2.63,2.62,279819,2018-11-02
KODK,2.7,2.53,2.62,2.64,200172,2018-11-05
KODK,2.88,2.603,2.61,2.73,168938,2018-11-06
KODK,2.95,2.76,2.79,2.87,183383,2018-11-07
KODK,3.2,2.8,2.82,3.19,499139,2018-11-08
KODK,3.3,2.966,3.19,3.09,449806,2018-11-09
KODK,3.87,3.205,3.63,3.66,2183448,2018-11-12
KODK,4.1,3.51,3.55,3.9,1872780,2018-11-13
KODK,4.1,3.7,4,3.81,1155855,2018-11-14
KODK,4.04,3.6812,3.85,3.95,596149,2018-11-15
KODK,4.1,3.91,3.95,4.05,320141,2018-11-16
KODK,4.44,3.86,4.1,4.3,952641,2018-11-19
KODK,4.249,3.99,4.2,4,540371,2018-11-20
KODK,4.1801,4,4.03,4.06,282774,2018-11-21
KODK,4.3919,4.024,4.03,4.2,324431,2018-11-23
KODK,4.33,4,4.26,4.11,360154,2018-11-26
KODK,4.17,3.98,4.08,4.07,202908,2018-11-27
KODK,4.18,3.84,4.08,4.1,328563,2018-11-28
KODK,4.14,3.97,4.08,4.02,125892,2018-11-29
KODK,4.0192,3.9,3.98,3.94,234465,2018-11-30
KODK,4.11,3.89,3.95,4.09,253790,2018-12-03
KODK,4.05,3.68,4.04,3.9,279481,2018-12-04
KODK,3.87,3.68,3.74,3.69,172220,2018-12-06
KODK,3.77,3,3.74,3.01,740895,2018-12-07
KODK,3.11,2.86,3.07,2.91,363427,2018-12-10
KODK,3,2.68,2.97,2.72,610687,2018-12-11
KODK,2.98,2.7301,2.76,2.91,507406,2018-12-12
KODK,3.024,2.88,2.9,3,271944,2018-12-13
KODK,3.055,2.73,3,2.84,247277,2018-12-14
KODK,2.91,2.75,2.81,2.86,224127,2018-12-17
KODK,3,2.86,2.94,2.91,247557,2018-12-18
KODK,3.01,2.86,2.87,2.92,275574,2018-12-19
KODK,2.94,2.66,2.94,2.68,288970,2018-12-20
KODK,2.69,2.48,2.69,2.49,431114,2018-12-21
KODK,2.75,2.4,2.45,2.7,210937,2018-12-24
KODK,2.779,2.52,2.7,2.7,231493,2018-12-26
KODK,2.75,2.61,2.68,2.71,517109,2018-12-27
KODK,2.74,2.51,2.69,2.62,257033,2018-12-28
KODK,2.65,2.52,2.56,2.55,453501,2018-12-31
KODK,2.61,2.5,2.51,2.53,162091,2019-01-02
KODK,2.55,2.48,2.53,2.5,123250,2019-01-03
KODK,2.73,2.5,2.54,2.72,188408,2019-01-04
KODK,2.8341,2.72,2.73,2.81,223525,2019-01-07
KODK,2.85,2.755,2.82,2.84,131852,2019-01-08
KODK,3.4753,2.85,2.85,3.2,584262,2019-01-09
KODK,3.29,3.02,3.25,3.25,371067,2019-01-10
KODK,3.25,3.11,3.25,3.12,220325,2019-01-11
KODK,3.11,2.95,3.08,3.07,213597,2019-01-14
KODK,3.1,2.99,3.1,3,102439,2019-01-15
KODK,3.14,3,3,3.09,105886,2019-01-16
KODK,3.12,3.03,3.07,3.07,90874,2019-01-17
KODK,3.14,2.95,3.09,3.03,169307,2019-01-18
KODK,3.02,2.65,3,2.65,391683,2019-01-22
KODK,2.96,2.66,2.68,2.71,339093,2019-01-23
KODK,2.7085,2.6,2.67,2.65,263058,2019-01-24
KODK,2.86,2.65,2.65,2.8,282946,2019-01-25
KODK,2.79,2.7,2.76,2.73,125515,2019-01-28
KODK,2.75,2.65,2.75,2.7,91099,2019-01-29
KODK,2.9112,2.66,2.72,2.83,172447,2019-01-30
KODK,2.95,2.82,2.82,2.91,105006,2019-01-31
KODK,2.91,2.76,2.9,2.88,168667,2019-02-01
KODK,2.9,2.82,2.87,2.87,78553,2019-02-04
KODK,2.87,2.74,2.86,2.74,144783,2019-02-05
KODK,2.9,2.74,2.76,2.85,92613,2019-02-06
KODK,2.9,2.77,2.8,2.84,115837,2019-02-07
KODK,3.08,2.79,2.83,2.84,350726,2019-02-08
KODK,3,2.86,2.86,2.97,104986,2019-02-11
KODK,3.08,2.96,2.99,3.03,139248,2019-02-12
KODK,3.1,3.0235,3.06,3.06,127596,2019-02-13
KODK,3.07,2.89,3.07,2.94,93741,2019-02-14
KODK,3.0269,2.95,2.95,2.96,76118,2019-02-15
KODK,3.3593,2.94,2.97,3.09,564737,2019-02-19
KODK,3.23,3,3.14,3.03,220999,2019-02-20
KODK,3.09,2.95,3.04,3.01,125064,2019-02-21
KODK,3.1899,3,3.05,3.07,179459,2019-02-22
KODK,3.2,3.08,3.12,3.12,174216,2019-02-25
KODK,3.13,2.98,3.1,3.07,103181,2019-02-26
KODK,3.11,2.98,3.09,3.08,78135,2019-02-27
KODK,3.12,2.95,3.11,3.04,188972,2019-02-28
KODK,3.14,2.94,3.05,3.11,225368,2019-03-01
KODK,3.23,3.08,3.15,3.21,213300,2019-03-04
KODK,3.392,3.2,3.2,3.27,219118,2019-03-05
KODK,3.28,3.18,3.26,3.25,171400,2019-03-06
KODK,3.46,3.25,3.28,3.43,234367,2019-03-07
KODK,3.43,3.345,3.43,3.37,160533,2019-03-08
KODK,3.6226,3.37,3.4,3.54,251834,2019-03-11
KODK,3.74,3.56,3.61,3.59,268830,2019-03-12
KODK,3.75,3.6,3.61,3.71,199877,2019-03-13
KODK,3.76,3.43,3.76,3.5,335219,2019-03-14
KODK,3.78,3.5295,3.55,3.66,407990,2019-03-15
KODK,3.72,3.43,3.64,3.51,191632,2019-03-18
KODK,3.6336,3.23,3.56,3.25,387409,2019-03-19
KODK,3.3,3.06,3.28,3.24,229850,2019-03-20
KODK,3.24,3.119,3.24,3.18,133767,2019-03-21
KODK,3.1467,2.92,3.14,2.94,467827,2019-03-22
KODK,3,2.83,2.95,2.9,198265,2019-03-25
KODK,2.9685,2.81,2.9,2.92,190121,2019-03-26
KODK,3.18,2.88,2.92,3.1,404480,2019-03-27
KODK,3.33,3.0553,3.08,3.16,389278,2019-03-28
KODK,3.19,2.92,3.19,2.96,389228,2019-03-29
KODK,3.17,2.97,3,3.12,436734,2019-04-01
KODK,3.0869,2.84,2.98,2.99,732748,2019-04-02
KODK,3,2.88,3,2.89,270510,2019-04-03
KODK,2.93,2.79,2.93,2.84,395500,2019-04-04
KODK,2.87,2.7685,2.85,2.82,210188,2019-04-05
KODK,2.97,2.73,2.82,2.93,307062,2019-04-08
KODK,3.06,2.89,3.06,2.92,245091,2019-04-09
KODK,3.08,2.88,2.91,3,243346,2019-04-10
KODK,3,2.74,3,2.81,417230,2019-04-11
KODK,2.85,2.5,2.82,2.55,593183,2019-04-12
KODK,2.62,2.52,2.58,2.53,215513,2019-04-15
KODK,2.5499,2.45,2.54,2.51,278393,2019-04-16
KODK,2.55,2.38,2.55,2.39,269101,2019-04-17
KODK,2.42,2.33,2.39,2.35,415941,2019-04-18
KODK,2.41,2.3332,2.38,2.38,404742,2019-04-22
KODK,2.4676,2.37,2.43,2.45,165279,2019-04-23
KODK,2.52,2.41,2.43,2.47,139589,2019-04-24
KODK,2.47,2.3693,2.47,2.37,437652,2019-04-25
KODK,2.47,2.36,2.37,2.45,301070,2019-04-26
KODK,2.52,2.41,2.45,2.45,252830,2019-04-29
KODK,2.51,2.4,2.51,2.46,331508,2019-04-30
KODK,2.48,2.41,2.48,2.45,157178,2019-05-01
KODK,2.46,2.39,2.44,2.43,103379,2019-05-02
KODK,2.44,2.3948,2.44,2.41,304034,2019-05-03
KODK,2.41,2.28,2.4,2.4,288714,2019-05-06
KODK,2.42,2.36,2.4,2.41,255743,2019-05-07
KODK,2.42,2.36,2.4,2.4,97324,2019-05-08
KODK,2.46,2.32,2.38,2.46,155857,2019-05-09
KODK,2.503,2.35,2.44,2.48,214797,2019-05-10
KODK,2.5595,2.35,2.4,2.41,405415,2019-05-13
KODK,2.4378,2.3849,2.43,2.42,226757,2019-05-14
KODK,2.46,2.33,2.38,2.44,136894,2019-05-15
KODK,2.44,2.39,2.41,2.42,103173,2019-05-16
KODK,2.43,2.34,2.41,2.42,134825,2019-05-17
KODK,2.4,2.33,2.39,2.34,115149,2019-05-20
KODK,2.39,2.3,2.33,2.39,166569,2019-05-21
KODK,2.4,2.28,2.36,2.32,138791,2019-05-22
KODK,2.34,2.23,2.31,2.24,289411,2019-05-23
KODK,2.33,2.23,2.25,2.31,129608,2019-05-24
KODK,2.47,2.26,2.29,2.46,195413,2019-05-28
KODK,2.45,2.38,2.45,2.42,129192,2019-05-29
KODK,2.45,2.3601,2.41,2.44,119285,2019-05-30
KODK,2.415,2.29,2.41,2.33,284217,2019-05-31
KODK,2.36,2.2,2.36,2.21,169694,2019-06-03
KODK,2.4,2.21,2.22,2.35,260353,2019-06-04
KODK,2.38,2.24,2.38,2.28,112843,2019-06-05
KODK,2.32,2.25,2.28,2.3,126021,2019-06-06
KODK,2.31,2.22,2.3,2.22,107425,2019-06-07
KODK,2.43,2.22,2.22,2.39,274568,2019-06-10
KODK,2.415,2.34,2.41,2.35,102829,2019-06-11
KODK,2.35,2.27,2.35,2.31,106387,2019-06-12
KODK,2.39,2.3,2.31,2.38,181053,2019-06-13
KODK,2.44,2.355,2.36,2.42,171009,2019-06-14
KODK,2.47,2.32,2.41,2.36,265542,2019-06-17
KODK,2.635,2.39,2.39,2.55,372670,2019-06-18
KODK,2.57,2.42,2.57,2.49,131003,2019-06-19
KODK,2.5127,2.42,2.49,2.46,121450,2019-06-20
KODK,2.5,2.4,2.43,2.44,268968,2019-06-21
KODK,2.47,2.38,2.41,2.41,360036,2019-06-24
KODK,2.44,2.38,2.4,2.39,101328,2019-06-25
KODK,2.6,2.4,2.4,2.51,464537,2019-06-26
KODK,2.55,2.43,2.5,2.51,272791,2019-06-27
KODK,2.52,2.39,2.49,2.4,2053731,2019-06-28
KODK,2.5,2.4,2.46,2.4,176000,2019-07-01
KODK,2.43,2.37,2.39,2.42,150199,2019-07-02
KODK,2.42,2.38,2.42,2.4,74741,2019-07-03
KODK,2.41,2.35,2.41,2.38,97575,2019-07-05
KODK,2.45,2.34,2.35,2.42,101138,2019-07-08
KODK,2.49,2.38,2.39,2.45,112761,2019-07-09
KODK,2.55,2.45,2.45,2.52,233286,2019-07-10
KODK,2.65,2.49,2.53,2.61,227563,2019-07-11
KODK,2.72,2.53,2.64,2.53,233033,2019-07-12
KODK,2.62,2.5,2.53,2.55,51315,2019-07-15
KODK,2.59,2.5,2.52,2.53,112239,2019-07-16
KODK,2.54,2.48,2.5,2.5,43662,2019-07-17
KODK,2.5,2.39,2.49,2.42,104087,2019-07-18
KODK,2.48,2.38,2.4,2.45,87529,2019-07-19
KODK,2.46,2.36,2.46,2.41,128215,2019-07-22
KODK,2.46,2.38,2.45,2.45,52025,2019-07-23
KODK,2.48,2.41,2.41,2.45,42759,2019-07-24
KODK,2.44,2.36,2.43,2.39,42309,2019-07-25
KODK,2.44,2.38,2.38,2.4,46760,2019-07-26
KODK,2.46,2.37,2.37,2.38,415410,2019-07-29
KODK,2.47,2.35,2.35,2.46,90636,2019-07-30
KODK,2.56,2.42,2.47,2.42,120088,2019-07-31
KODK,2.5,2.37,2.41,2.39,73788,2019-08-01
KODK,2.44,2.36,2.36,2.44,65055,2019-08-02
KODK,2.47,2.32,2.42,2.44,95031,2019-08-05
KODK,2.47,2.3306,2.47,2.43,101878,2019-08-06
KODK,2.48,2.39,2.41,2.44,49198,2019-08-07
KODK,2.6,2.42,2.45,2.48,173346,2019-08-08
KODK,2.43,2.2,2.39,2.25,457377,2019-08-09
KODK,2.25,2.1,2.23,2.12,129883,2019-08-12
KODK,2.16,2.03,2.1,2.05,229749,2019-08-13
KODK,2.05,1.93,2.01,2,172458,2019-08-14
KODK,2.17,1.87,2.05,2.07,247672,2019-08-15
KODK,2.15,2.05,2.15,2.05,66047,2019-08-16
KODK,2.13,2.03,2.06,2.12,92176,2019-08-19
KODK,2.25,2.1012,2.13,2.23,85063,2019-08-20
KODK,2.39,2.22,2.22,2.33,170590,2019-08-21
KODK,2.52,2.34,2.34,2.49,151848,2019-08-22
KODK,2.49,2.33,2.49,2.36,62355,2019-08-23
KODK,2.35,2.3,2.35,2.32,33665,2019-08-26
KODK,2.32,2.27,2.3,2.31,38792,2019-08-27
KODK,2.41,2.26,2.29,2.38,43253,2019-08-28
KODK,2.44,2.36,2.41,2.39,58229,2019-08-29
KODK,2.45,2.34,2.4,2.41,47024,2019-08-30
KODK,2.44,2.37,2.43,2.38,33598,2019-09-03
KODK,2.4444,2.375,2.41,2.43,36210,2019-09-04
KODK,2.48,2.4,2.43,2.43,84016,2019-09-05
KODK,2.48,2.38,2.4,2.44,65609,2019-09-06
KODK,2.55,2.41,2.41,2.54,199629,2019-09-09
KODK,2.72,2.52,2.54,2.69,273962,2019-09-10
KODK,2.92,2.68,2.7,2.83,489410,2019-09-11
KODK,2.92,2.61,2.81,2.83,170832,2019-09-12
KODK,2.88,2.69,2.79,2.73,244827,2019-09-13
KODK,2.88,2.67,2.7,2.77,158986,2019-09-16
KODK,2.84,2.57,2.78,2.69,345279,2019-09-17
KODK,2.74,2.57,2.67,2.71,117154,2019-09-18
KODK,2.71,2.6,2.69,2.62,73517,2019-09-19
KODK,2.8,2.6,2.6,2.79,281374,2019-09-20
KODK,2.89,2.76,2.76,2.87,118799,2019-09-23
KODK,2.9,2.7887,2.89,2.88,206750,2019-09-24
KODK,2.9,2.58,2.9,2.73,220717,2019-09-25
KODK,2.76,2.6839,2.75,2.7,43435,2019-09-26
KODK,2.73,2.62,2.69,2.65,57790,2019-09-27
KODK,2.67,2.595,2.67,2.64,38151,2019-09-30
KODK,2.67,2.48,2.67,2.55,78755,2019-10-01
KODK,2.55,2.43,2.55,2.5,69438,2019-10-02
KODK,2.54,2.41,2.51,2.53,45297,2019-10-03
KODK,2.6,2.4796,2.56,2.55,50456,2019-10-04
KODK,2.55,2.51,2.51,2.52,42165,2019-10-07
KODK,2.65,2.48,2.5,2.59,138178,2019-10-08
KODK,2.6,2.55,2.6,2.55,30919,2019-10-09
KODK,2.59,2.48,2.53,2.48,34456,2019-10-10
KODK,2.5,2.41,2.5,2.46,74802,2019-10-11
KODK,2.49,2.42,2.42,2.46,27925,2019-10-14
KODK,2.51,2.43,2.47,2.47,50704,2019-10-15
KODK,2.49,2.41,2.47,2.41,33348,2019-10-16
KODK,2.45,2.4,2.45,2.4,28681,2019-10-17
KODK,2.49,2.42,2.42,2.48,84124,2019-10-18
KODK,2.57,2.4627,2.51,2.55,56338,2019-10-21
KODK,2.59,2.4971,2.52,2.58,30745,2019-10-22
KODK,2.74,2.52,2.56,2.7,175994,2019-10-23
KODK,2.75,2.64,2.68,2.69,150664,2019-10-24
KODK,2.8,2.673,2.71,2.69,78664,2019-10-25
KODK,2.73,2.62,2.7,2.66,77045,2019-10-28
KODK,2.7,2.6,2.65,2.68,51846,2019-10-29
KODK,2.6931,2.64,2.65,2.67,40627,2019-10-30
KODK,2.68,2.61,2.68,2.67,20471,2019-10-31
KODK,2.7,2.6314,2.66,2.66,34045,2019-11-01
KODK,2.72,2.64,2.69,2.69,57166,2019-11-04
KODK,2.8,2.66,2.69,2.72,189154,2019-11-05
KODK,2.7035,2.66,2.7,2.68,42864,2019-11-06
KODK,2.7,2.56,2.66,2.66,111877,2019-11-07
KODK,2.7,2.48,2.7,2.53,118440,2019-11-08
KODK,2.535,2.45,2.45,2.52,414238,2019-11-11
KODK,2.52,2.41,2.48,2.44,64306,2019-11-12
KODK,2.48,2.36,2.41,2.4,255721,2019-11-13
KODK,2.4,2.35,2.36,2.35,40311,2019-11-14
KODK,2.45,2.33,2.33,2.43,66347,2019-11-15
KODK,2.51,2.4,2.43,2.49,46077,2019-11-18
KODK,2.55,2.46,2.46,2.47,122590,2019-11-19
KODK,2.55,2.45,2.5,2.45,52315,2019-11-20
KODK,2.4485,2.36,2.42,2.42,112826,2019-11-21
KODK,2.43,2.39,2.4,2.39,112564,2019-11-22
KODK,2.45,2.39,2.45,2.42,61987,2019-11-25
KODK,2.44,2.39,2.4,2.41,87193,2019-11-26
KODK,2.8,2.37,2.38,2.65,664728,2019-11-27
KODK,2.72,2.54,2.65,2.72,55425,2019-11-29
KODK,2.7,2.56,2.7,2.56,171230,2019-12-02
KODK,2.62,2.51,2.62,2.51,81919,2019-12-03
KODK,2.58,2.4601,2.48,2.49,51866,2019-12-04
KODK,2.6379,2.46,2.46,2.58,123186,2019-12-05
KODK,2.9,2.65,2.68,2.7,415616,2019-12-06
KODK,2.95,2.7139,2.75,2.83,262463,2019-12-09
KODK,2.9094,2.72,2.85,2.75,142955,2019-12-10
KODK,3.24,2.68,2.72,2.99,799271,2019-12-11
KODK,3.29,3,3,3.14,693636,2019-12-12
KODK,3.1671,2.99,3.16,3.11,253397,2019-12-13
KODK,3.11,2.93,3.11,3.01,274860,2019-12-16
KODK,3.3882,2.95,3,3.28,370777,2019-12-17
KODK,3.7566,3.25,3.25,3.67,1082620,2019-12-18
KODK,3.65,3.33,3.64,3.49,419911,2019-12-19
KODK,3.55,3.35,3.47,3.36,209511,2019-12-20
KODK,3.69,3.35,3.39,3.58,384102,2019-12-23
KODK,3.64,3.51,3.61,3.55,88605,2019-12-24
KODK,3.58,3.45,3.58,3.54,150048,2019-12-26
KODK,4.07,3.34,3.49,3.83,863333,2019-12-27
KODK,4.39,3.85,3.87,4.16,935219,2019-12-30
KODK,4.775,4.2,4.2,4.65,996231,2019-12-31
KODK,4.6,3.87,4.52,4.03,1075240,2020-01-02
KODK,4.19,3.92,4,4.03,242895,2020-01-03
KODK,4.03,3.75,4,3.75,370278,2020-01-06
KODK,3.72,3.26,3.71,3.27,760793,2020-01-07
KODK,3.4671,3.21,3.31,3.21,438140,2020-01-08
KODK,3.48,3.22,3.26,3.23,404151,2020-01-09
KODK,3.6,3.26,3.3,3.4,509228,2020-01-10
KODK,3.8,3.41,3.47,3.77,820710,2020-01-13
KODK,4.09,3.64,3.77,3.66,706581,2020-01-14
KODK,3.84,3.62,3.62,3.71,226999,2020-01-15
KODK,3.85,3.65,3.71,3.78,199929,2020-01-16
KODK,3.82,3.52,3.81,3.67,271863,2020-01-17
KODK,3.75,3.6,3.63,3.67,170886,2020-01-21
KODK,3.96,3.64,3.67,3.88,230065,2020-01-22
KODK,3.9285,3.6109,3.92,3.7,325840,2020-01-23
KODK,3.79,3.55,3.79,3.57,257902,2020-01-24
KODK,3.56,3.3568,3.5,3.49,178151,2020-01-27
KODK,3.63,3.49,3.52,3.56,114700,2020-01-28
KODK,3.64,3.455,3.58,3.52,183243,2020-01-29
KODK,3.57,3.32,3.57,3.49,183022,2020-01-30
KODK,3.55,3.41,3.46,3.41,98738,2020-01-31
KODK,3.47,3.34,3.4,3.35,114475,2020-02-03
KODK,3.53,3.32,3.35,3.51,142320,2020-02-04
KODK,3.56,3.43,3.51,3.48,81734,2020-02-05
KODK,3.55,3.4,3.4,3.43,109424,2020-02-06
KODK,3.56,3.4,3.43,3.54,155457,2020-02-07
KODK,3.55,3.27,3.48,3.33,232175,2020-02-10
KODK,3.4588,3.3401,3.37,3.38,190628,2020-02-11
KODK,3.48,3.4,3.4,3.47,85938,2020-02-12
KODK,3.55,3.4,3.45,3.53,195136,2020-02-13
KODK,3.6,3.46,3.54,3.6,216092,2020-02-14
KODK,3.6,3.47,3.55,3.57,165693,2020-02-18
KODK,3.65,3.51,3.6,3.6,99283,2020-02-19
KODK,3.6,3.426,3.51,3.58,212513,2020-02-20
KODK,3.555,3.43,3.54,3.49,122683,2020-02-21
KODK,3.35,3.17,3.31,3.23,328329,2020-02-24
KODK,3.2802,3.2,3.23,3.22,275772,2020-02-25
KODK,3.32,3.08,3.2,3.13,180664,2020-02-26
KODK,3.18,3.02,3.06,3.04,204522,2020-02-27
KODK,3.125,2.8703,2.88,3.11,251279,2020-02-28
KODK,3.2,3.02,3.11,3.15,165198,2020-03-02
KODK,3.14,2.865,3.14,2.94,146870,2020-03-03
KODK,3.05,2.91,3.05,2.95,75914,2020-03-04
KODK,2.9297,2.53,2.89,2.6,251888,2020-03-05
KODK,2.6948,2.6,2.6,2.61,203276,2020-03-06
KODK,2.44,2.181,2.4,2.27,348746,2020-03-09
KODK,2.5,2.4,2.48,2.46,307408,2020-03-10
KODK,2.39,2.25,2.35,2.33,226315,2020-03-11
KODK,2.2,2,2.18,2.04,270855,2020-03-12
KODK,2.19,1.87,2.19,2.01,293830,2020-03-13
KODK,2,1.74,2,1.89,416118,2020-03-16
KODK,1.99,1.7,1.81,1.78,378181,2020-03-17
KODK,2,1.55,1.73,1.59,552860,2020-03-18
KODK,1.79,1.62,1.62,1.67,473308,2020-03-19
KODK,2,1.59,1.71,1.59,583067,2020-03-20
KODK,1.68,1.5,1.61,1.55,375656,2020-03-23
KODK,1.85,1.68,1.68,1.7,388544,2020-03-24
KODK,1.98,1.79,1.85,1.83,582056,2020-03-25
KODK,1.91,1.77,1.81,1.82,478261,2020-03-26
KODK,1.81,1.6701,1.8,1.7,207266,2020-03-27
KODK,1.8,1.7278,1.76,1.73,222679,2020-03-30
KODK,1.85,1.69,1.85,1.73,212354,2020-03-31
KODK,1.74,1.61,1.62,1.65,145086,2020-04-01
KODK,1.77,1.6,1.61,1.67,315818,2020-04-02
KODK,1.69,1.57,1.67,1.6,171402,2020-04-03
KODK,1.775,1.6501,1.67,1.75,310440,2020-04-06
KODK,1.8957,1.7449,1.83,1.81,268744,2020-04-07
KODK,2,1.81,1.84,1.99,234032,2020-04-08
KODK,2.1799,2.03,2.03,2.16,265457,2020-04-09
KODK,2.2,2.08,2.2,2.17,99585,2020-04-13
KODK,2.41,2.14,2.2,2.22,208450,2020-04-14
KODK,2.23,2.0058,2.23,2.12,127981,2020-04-15
KODK,2.16,2.07,2.15,2.12,73365,2020-04-16
KODK,2.21,2.0865,2.21,2.14,83123,2020-04-17
KODK,2.15,2.0399,2.14,2.05,135660,2020-04-20
KODK,2.08,1.91,2.07,1.96,184107,2020-04-21
KODK,2.01,1.94,1.99,1.97,105874,2020-04-22
KODK,2.07,1.95,1.98,2,249199,2020-04-23
KODK,2.2901,1.96,2,2.22,464044,2020-04-24
KODK,2.29,2.1,2.25,2.16,211072,2020-04-27
KODK,2.3,2.14,2.14,2.29,115202,2020-04-28
KODK,2.61,2.3,2.3,2.45,349871,2020-04-29
KODK,2.4,2.2,2.4,2.25,234066,2020-04-30
KODK,2.24,2.12,2.17,2.2,104939,2020-05-01
KODK,2.32,2.05,2.13,2.28,89196,2020-05-04
KODK,2.37,2.1,2.3,2.13,127388,2020-05-05
KODK,2.3,1.97,2.19,2.03,285286,2020-05-06
KODK,2.23,2.03,2.17,2.11,494720,2020-05-07
KODK,3.09,2.13,2.13,2.9,1778329,2020-05-08
KODK,3.0098,2.61,2.79,2.67,477163,2020-05-11
KODK,2.87,2.68,2.71,2.69,259851,2020-05-12
KODK,2.59,2.22,2.5,2.3,343962,2020-05-13
KODK,2.6399,2.25,2.26,2.59,282110,2020-05-14
KODK,2.59,2.43,2.57,2.46,209340,2020-05-15
KODK,2.75,2.42,2.71,2.44,279277,2020-05-18
KODK,2.8,2.4,2.43,2.73,560377,2020-05-19
KODK,2.97,2.51,2.77,2.57,560096,2020-05-20
KODK,2.72,2.56,2.65,2.66,250271,2020-05-21
KODK,2.73,2.54,2.69,2.72,196606,2020-05-22
KODK,2.85,2.67,2.72,2.73,152591,2020-05-26
KODK,2.74,2.52,2.54,2.71,177366,2020-05-27
KODK,2.68,2.52,2.63,2.53,114741,2020-05-28
KODK,2.69,2.47,2.52,2.48,256762,2020-05-29
KODK,2.68,2.48,2.48,2.61,212850,2020-06-01
KODK,2.72,2.53,2.6,2.67,295232,2020-06-02
KODK,2.66,2.55,2.61,2.59,222011,2020-06-03
KODK,2.7,2.5,2.56,2.61,422423,2020-06-04
KODK,2.82,2.59,2.6,2.72,427557,2020-06-05
KODK,2.78,2.56,2.72,2.64,557951,2020-06-08
KODK,2.75,2.57,2.6,2.67,228341,2020-06-09
KODK,2.9,2.66,2.67,2.75,511861,2020-06-10
KODK,2.72,2.41,2.61,2.45,415399,2020-06-11
KODK,2.63,2.4001,2.5,2.45,172984,2020-06-12
KODK,2.46,2.35,2.4,2.42,248793,2020-06-15
KODK,2.53,2.4,2.46,2.44,140160,2020-06-16
KODK,2.48,2.33,2.48,2.33,164863,2020-06-17
KODK,2.39,2.2,2.32,2.24,235704,2020-06-18
KODK,2.39,2.265,2.3,2.36,192569,2020-06-19
KODK,2.3284,2.22,2.31,2.26,166592,2020-06-22
KODK,2.31,2.11,2.28,2.17,350121,2020-06-23
KODK,2.25,2.04,2.14,2.21,258096,2020-06-24
KODK,2.42,2.1878,2.25,2.42,501421,2020-06-25
KODK,2.43,2.27,2.42,2.3,1971924,2020-06-26
KODK,2.4,2.3,2.32,2.36,135769,2020-06-29
KODK,2.39,2.22,2.31,2.23,116724,2020-06-30
KODK,2.29,2.19,2.24,2.24,159239,2020-07-01
KODK,2.32,2.14,2.28,2.21,210439,2020-07-02
KODK,2.27,2.17,2.2,2.26,156105,2020-07-06
KODK,2.28,2.12,2.28,2.12,175268,2020-07-07
KODK,2.229,2.08,2.2,2.15,199667,2020-07-08
KODK,2.15,2.0555,2.15,2.09,145405,2020-07-09
KODK,2.14,2.06,2.09,2.1,114909,2020-07-10
KODK,2.12,2.01,2.12,2.02,118649,2020-07-13
KODK,2.075,2,2.02,2.06,138088,2020-07-14
KODK,2.1,2.035,2.07,2.08,134499,2020-07-15
KODK,2.12,2.04,2.04,2.11,76837,2020-07-16
KODK,2.2699,2.08,2.08,2.18,214990,2020-07-17
KODK,2.28,2.21,2.26,2.24,117171,2020-07-20
KODK,2.26,2.16,2.23,2.2,107208,2020-07-21
KODK,2.2,2.1403,2.2,2.16,52417,2020-07-22
KODK,2.2,2.09,2.14,2.14,80840,2020-07-23
KODK,2.16,2.09,2.11,2.1,74893,2020-07-24
KODK,2.65,2.13,2.13,2.62,1645719,2020-07-27
KODK,11.8,6,9.63,7.94,284666812,2020-07-28
KODK,60,17.5,18.43,33.2,276020094,2020-07-29
KODK,44.44,27.5,43.58,29.83,98747523,2020-07-30
KODK,25.7,20.27,25.02,21.85,57453887,2020-07-31
KODK,21.16,14.74,21.13,14.94,47189246,2020-08-03
KODK,17.88,12.86,15.08,14.4,65895172,2020-08-04
KODK,16,13.72,15.51,14.9,25624900,2020-08-05
KODK,17.5,14.8,15.11,16.11,39493121,2020-08-06
KODK,16.75,14.57,15.79,14.88,16139250,2020-08-07
KODK,11.6,8.5,8.9,10.73,47435809,2020-08-10
KODK,11.35,9.95,11.26,10.01,19420170,2020-08-11
KODK,10.47,9.54,10.4,9.72,9539913,2020-08-12
KODK,9.67,9.01,9.5,9.2,8791176,2020-08-13
KODK,9.18,8.22,9.07,8.43,10571460,2020-08-14
KODK,8.37,7.55,8.34,7.64,9350305,2020-08-17
KODK,13.69,6.68,7.34,8.01,72777523,2020-08-18
KODK,9.09,7.73,8.2,7.79,32261461,2020-08-19
KODK,8,7.09,7.78,7.18,13743910,2020-08-20
KODK,8.02,6.52,7,6.88,26249301,2020-08-21
KODK,7.5,6.7,6.83,7,13844210,2020-08-24
KODK,7.44,6.57,6.98,6.76,13970330,2020-08-25
KODK,6.75,6.085,6.75,6.31,11812330,2020-08-26
KODK,6.24,5.72,6.17,5.88,11650310,2020-08-27
KODK,6.4,5.66,5.86,6.02,14025910,2020-08-28
KODK,6.37,5.85,5.9,5.98,19151160,2020-08-31
KODK,9.87,7.21,9.48,7.3,106471000,2020-09-01
KODK,7.5,6.77,7.32,7.16,19328670,2020-09-02
KODK,7.08,6.41,7,6.46,13400800,2020-09-03
KODK,6.5,5.95,6.4,6.1,8801284,2020-09-04
KODK,5.93,5.51,5.9,5.53,9758065,2020-09-08
KODK,6.53,5.55,5.64,5.82,15551760,2020-09-09
KODK,6.25,5.73,5.82,5.93,12752510,2020-09-10
KODK,6.6,6.02,6.26,6.4,20467760,2020-09-11
KODK,6.73,6.11,6.23,6.5,8882444,2020-09-14
KODK,6.531,5.9375,6.48,6.23,11014920,2020-09-15
KODK,11.44,8.14,9.44,8.51,188494203,2020-09-16
KODK,11.04,8.01,8.48,10.7,101916094,2020-09-17
KODK,12.51,10.83,11.69,12.11,150084000,2020-09-18
KODK,10.99,9.26,10.15,10.49,43448578,2020-09-21
KODK,10.79,9.66,10.01,10.04,21649410,2020-09-22
KODK,9.89,8.69,9.76,8.93,17583689,2020-09-23
KODK,9.69,7.82,8.34,8.77,17876189,2020-09-24
KODK,9.49,8.95,9.01,9.32,9915964,2020-09-25
KODK,9.605,8.95,9.36,9.31,7260553,2020-09-28
KODK,9.29,8.86,9.12,9,5133892,2020-09-29
KODK,9.49,8.71,8.85,8.82,8557689,2020-09-30
KODK,9.1278,8.67,8.88,8.82,6346682,2020-10-01
KODK,9.05,8.32,8.43,8.76,7798671,2020-10-02
KODK,9.36,8.58,8.76,9.03,10434520,2020-10-05
KODK,9.32,8.71,8.97,8.75,8445789,2020-10-06
KODK,9.06,8.74,8.91,8.98,6048375,2020-10-07
KODK,9.085,8.74,9,8.86,4609934,2020-10-08
KODK,10.77,8.85,8.87,10.01,39465070,2020-10-09
KODK,10.49,9.36,10.03,9.58,11475230,2020-10-12
KODK,10.13,9.36,9.36,9.69,8605876,2020-10-13
KODK,9.74,9.4,9.65,9.57,5415329,2020-10-14
KODK,9.64,9.18,9.4,9.33,4983775,2020-10-15
KODK,9.895,8.93,9.41,8.97,10661960,2020-10-16
KODK,9.62,8.68,9.05,8.88,15584650,2020-10-19
KODK,9.37,8.8611,9.05,8.91,5953565,2020-10-20
KODK,8.99,8.66,8.94,8.7,5436808,2020-10-21
KODK,8.76,8.18,8.69,8.48,6888412,2020-10-22
KODK,8.66,8.31,8.54,8.47,4162447,2020-10-23
KODK,8.38,7.6,8.36,7.88,7338125,2020-10-26
KODK,7.98,7.64,7.87,7.68,2936848,2020-10-27
KODK,7.52,7.08,7.35,7.21,6679952,2020-10-28
KODK,7.53,7.12,7.24,7.41,5628091,2020-10-29
KODK,7.3021,6.73,7.28,6.92,6404147,2020-10-30
KODK,7.13,6.82,6.99,6.96,3997812,2020-11-02
KODK,7.34,6.95,7.04,7.14,5098161,2020-11-03
KODK,7.52,6.92,7.46,7.16,7781883,2020-11-04
KODK,7.34,7.06,7.13,7.3,3948948,2020-11-05
KODK,7.1499,6.67,7.14,6.72,8246538,2020-11-06
KODK,6.9235,6.46,6.77,6.68,7899288,2020-11-09
KODK,6.89,6.53,6.72,6.68,5903106,2020-11-10
KODK,6.76,6.36,6.53,6.63,4950749,2020-11-11
KODK,7.08,6.46,6.48,6.73,6475606,2020-11-12
KODK,7.15,6.705,6.8,6.71,6324072,2020-11-13
KODK,6.96,6.62,6.72,6.88,4412221,2020-11-16
KODK,7.66,6.79,6.79,7.23,9336868,2020-11-17
KODK,7.55,7.075,7.36,7.1,4423042,2020-11-18
KODK,7.57,7.05,7.08,7.49,4344496,2020-11-19
KODK,7.43,7.16,7.4,7.21,3844970,2020-11-20
KODK,7.33,6.95,7.29,7.23,5552469,2020-11-23
KODK,7.22,6.83,7.2,6.97,4640693,2020-11-24
KODK,8.3,6.84,6.9,7.96,26067080,2020-11-25
KODK,8.16,7.35,8.15,7.46,6080869,2020-11-27
KODK,7.93,7.33,7.5,7.63,7203719,2020-11-30
KODK,7.7,7.12,7.65,7.22,5108476,2020-12-01
KODK,7.8,6.91,7.15,7.25,5438869,2020-12-02
KODK,7.42,7.13,7.3,7.23,2846734,2020-12-03
KODK,7.65,7.234,7.29,7.53,3978345,2020-12-04
KODK,14.18,11.12,12.57,12.04,134886000,2020-12-07
KODK,13.25,10.95,13.13,11.15,28934801,2020-12-08
KODK,10.73,9.49,10.7,9.66,18264430,2020-12-09
KODK,10.5,9.77,10,10,9824300,2020-12-10
KODK,10.12,9.38,9.9,10.1,6551480,2020-12-11
KODK,10.17,9.61,9.84,9.69,3932021,2020-12-14
KODK,9.75,9.23,9.7,9.55,4244999,2020-12-15
KODK,9.55,9.1238,9.45,9.34,4049882,2020-12-16
KODK,10.3,9.19,9.21,9.78,8456608,2020-12-17
KODK,9.99,9.455,9.76,9.59,4095975,2020-12-18
KODK,9.82,9.263,9.28,9.43,3678372,2020-12-21
KODK,9.62,9.3,9.43,9.52,3465894,2020-12-22
KODK,9.5,9.23,9.47,9.36,2968218,2020-12-23
KODK,9.375,8.66,9.37,8.72,4191964,2020-12-24
KODK,8.8301,8.15,8.8,8.37,6775714,2020-12-28
KODK,8.67,8.04,8.3,8.27,6260070,2020-12-29
KODK,8.72,8.17,8.2,8.62,4085735,2020-12-30
KODK,8.63,8.11,8.62,8.14,3959389,2020-12-31
KODK,8.37,7.85,8.19,8.17,3977393,2021-01-04
KODK,8.345,8.06,8.11,8.26,2679323,2021-01-05
KODK,8.6,8.13,8.24,8.16,4142674,2021-01-06
KODK,8.85,8.2,8.24,8.59,5395862,2021-01-07
KODK,8.6749,8.155,8.61,8.4,6920222,2021-01-08
KODK,8.28,8.02,8.19,8.12,4926303,2021-01-11
KODK,8.17,7.88,8.1,8.05,4073243,2021-01-12
KODK,8,7.82,7.99,7.99,3644070,2021-01-13
KODK,8.91,7.85,7.94,8.33,8530512,2021-01-14
KODK,8.37,8.02,8.33,8.14,3071655,2021-01-15
KODK,9.35,8.1,8.14,8.84,11016570,2021-01-19
KODK,9.2071,8.47,9,9.03,7941479,2021-01-20
KODK,9.6,8.83,9.25,9.19,7156642,2021-01-21
KODK,9.77,8.9101,8.96,9.46,9546947,2021-01-22
KODK,10.3203,9.03,9.86,9.55,10821170,2021-01-25
KODK,9.79,9.2302,9.57,9.43,7539967,2021-01-26
KODK,13.99,10.71,12.72,12.08,47906367,2021-01-27
KODK,11.64,9.4501,11.5,9.87,16196720,2021-01-28
KODK,10.55,9.49,10.2,9.59,7684576,2021-01-29
KODK,10.201,9.32,9.9,10.02,6601457,2021-02-01
KODK,9.97,9.28,9.71,9.44,5636092,2021-02-02
KODK,13.8,9.35,9.44,10.98,43527400,2021-02-03
KODK,11.44,10.17,10.37,10.74,12170400,2021-02-04
KODK,11.28,10.47,10.75,10.72,5603400,2021-02-05
KODK,11.57,10.72,10.85,11.34,6616600,2021-02-08
KODK,12.39,11.03,11.25,11.89,8279700,2021-02-09
KODK,12.5,11.05,12.26,11.42,5766600,2021-02-10
KODK,11.82,10.72,11.6,11.15,4502300,2021-02-11
KODK,11.14,10.59,10.91,10.78,3697100,2021-02-12
KODK,10.96,10.28,10.83,10.3,4169700,2021-02-16
KODK,10.26,9.6,10.19,9.93,4873300,2021-02-17
KODK,10.17,9.24,9.6,9.41,6943800,2021-02-18
KODK,9.7,9.26,9.58,9.34,3194500,2021-02-19
KODK,9.54,9.02,9.15,9.06,3390900,2021-02-22
KODK,8.98,8.1,8.92,8.8,7923800,2021-02-23
KODK,9.7,8.66,8.81,9.09,7481400,2021-02-24
KODK,9.44,8.66,9.38,8.82,5120800,2021-02-25
KODK,9.07,8.4,8.84,8.62,3480000,2021-02-26
KODK,9.54,8.66,8.96,9.15,5887100,2021-03-01
KODK,9.81,8.95,9.1,9.17,4769700,2021-03-02
KODK,9.4,8.46,9.19,8.51,4458300,2021-03-03
KODK,8.61,7.57,8.5,8.07,6414800,2021-03-04
KODK,8.21,6.92,8.21,7.6,5678500,2021-03-05
KODK,7.86,7.4,7.66,7.62,3384400,2021-03-08
KODK,9.09,7.81,7.92,8.62,10502700,2021-03-09
KODK,9.75,8.47,8.78,9.2,11076200,2021-03-10
KODK,10.12,9.28,9.3,9.53,10095900,2021-03-11
KODK,10.04,9.08,9.24,9.77,5914200,2021-03-12
KODK,10.54,9.33,9.79,9.53,8694100,2021-03-15
KODK,9.65,8.71,9.57,8.75,9288200,2021-03-16
KODK,8.48,7.82,8.2,8.48,10307800,2021-03-17
KODK,8.59,8,8.36,8.04,4361700,2021-03-18
KODK,8.4,7.91,8.05,8.32,3845700,2021-03-19
KODK,8.44,8.1,8.38,8.24,3704000,2021-03-22
KODK,8.37,7.96,8.28,8.09,2688100,2021-03-23
KODK,8.34,7.64,8.2,7.65,4239600,2021-03-24
KODK,8.3,7.46,7.5,8.1,5365700,2021-03-25
KODK,8.44,8.02,8.2,8.31,3385500,2021-03-26
KODK,8.3,7.91,8.19,7.96,2057700,2021-03-29
KODK,8.09,7.68,7.97,8.05,2276600,2021-03-30
KODK,8.18,7.79,8.09,7.87,2783500,2021-03-31
KODK,8.5,7.87,8,8.29,4892500,2021-04-01
KODK,8.59,8.16,8.36,8.34,2053200,2021-04-05
KODK,8.58,8.27,8.41,8.31,1422900,2021-04-06
KODK,8.41,7.97,8.31,8.03,1883700,2021-04-07
KODK,8.09,7.85,8.08,7.94,2133200,2021-04-08
KODK,8.11,7.82,7.9,7.91,2586500,2021-04-09
KODK,8,7.2,7.93,7.25,6250800,2021-04-12
KODK,7.37,7.04,7.28,7.29,2714900,2021-04-13
KODK,7.78,7.29,7.29,7.36,3557100,2021-04-14
KODK,7.48,7.13,7.48,7.26,1986000,2021-04-15
KODK,7.47,7.1,7.2,7.42,2138500,2021-04-16
KODK,7.52,7.17,7.5,7.36,1857600,2021-04-19
KODK,7.4,7.01,7.29,7.11,2174500,2021-04-20
KODK,7.41,6.88,7,7.36,2130800,2021-04-21
KODK,7.57,7.2,7.44,7.21,2115300,2021-04-22
KODK,7.64,7.09,7.2,7.48,2256500,2021-04-23
KODK,7.95,7.43,7.54,7.84,4662400,2021-04-26
KODK,7.89,7.61,7.89,7.74,1658500,2021-04-27
KODK,7.96,7.56,7.71,7.82,1637900,2021-04-28
KODK,7.94,7.41,7.9,7.53,2392500,2021-04-29
KODK,7.57,7.3,7.5,7.46,1329300,2021-04-30
KODK,7.57,7.31,7.55,7.43,1131300,2021-05-03
KODK,7.32,6.94,7.31,7.16,2883500,2021-05-04
KODK,7.17,6.97,7.15,7.02,1154700,2021-05-05
KODK,7,6.67,7,6.87,2408400,2021-05-06
KODK,7.35,6.88,6.88,7.28,2372000,2021-05-07
KODK,7.29,7.02,7.15,7.02,1653400,2021-05-10
KODK,7.25,6.74,6.83,7.19,2151700,2021-05-11
KODK,7.14,6.78,7.08,6.78,2487700,2021-05-12
KODK,6.89,6.29,6.87,6.44,4282100,2021-05-13
KODK,6.81,6.38,6.5,6.75,2246400,2021-05-14
KODK,6.94,6.5,6.66,6.87,1943119,2021-05-17
KODK,7,6.69,6.88,6.87,1251808,2021-05-18
KODK,6.79,6.46,6.7,6.59,2138400,2021-05-19
KODK,6.72,6.51,6.6,6.69,1313200,2021-05-20
KODK,7.13,6.64,6.76,6.71,2634200,2021-05-21
KODK,6.76,6.37,6.76,6.48,3268400,2021-05-24
KODK,6.77,6.44,6.5,6.66,2022000,2021-05-25
KODK,7.11,6.69,6.69,7.02,2112300,2021-05-26
KODK,7.64,7.02,7.06,7.42,4294100,2021-05-27
KODK,7.57,7.11,7.47,7.12,2858600,2021-05-28
KODK,7.61,7.11,7.14,7.51,3033500,2021-06-01
KODK,8.94,7.5,7.52,8.66,14310800,2021-06-02
KODK,8.65,7.89,8.5,8.06,4685000,2021-06-03
KODK,8.59,8.14,8.15,8.3,4691100,2021-06-04
KODK,8.84,8.14,8.3,8.67,3741500,2021-06-07
KODK,11.26,8.72,8.77,11.05,26139200,2021-06-08
KODK,10.52,9.6,10.37,9.77,10101800,2021-06-09
KODK,10.07,9.12,9.9,9.14,6687700,2021-06-10
KODK,9.55,9.14,9.16,9.24,3381500,2021-06-11
KODK,9.61,8.86,9.3,9.21,3514000,2021-06-14
KODK,9.47,8.7,9.17,8.81,3750200,2021-06-15
KODK,9.16,8.58,8.61,9.11,2590800,2021-06-16
KODK,9.49,8.92,8.96,9,3522600,2021-06-17
KODK,9.07,8.73,8.87,8.76,2165400,2021-06-18
KODK,8.83,8.36,8.8,8.56,2476700,2021-06-21
KODK,9.03,8.52,8.54,8.93,3526200,2021-06-22
KODK,9.23,8.9,8.91,9.05,2298500,2021-06-23
KODK,9.2,8.95,9.06,9.17,1483900,2021-06-24
KODK,9.3,8.9,9.18,8.95,5367400,2021-06-25
KODK,8.99,8.71,8.93,8.81,1321900,2021-06-28
KODK,9.18,8.53,8.84,8.64,3597400,2021-06-29
KODK,8.59,8.32,8.57,8.32,1714700,2021-06-30
KODK,8.43,8.08,8.43,8.32,1991800,2021-07-01
KODK,8.38,7.94,8.33,8.05,1747800,2021-07-02
KODK,8.07,7.77,8,8.02,1783000,2021-07-06
KODK,8.05,7.73,8,7.84,1350900,2021-07-07
KODK,8.04,7.58,7.66,8.01,1707100,2021-07-08
KODK,8.14,7.91,8.05,8.11,1055300,2021-07-09
KODK,8.16,7.86,8.14,7.98,1411800,2021-07-12
KODK,7.93,7.68,7.9,7.69,1056915,2021-07-13
