LEO-USD,1.105,1.0589,1.1006,1.0672,7251930,2019-05-20
LEO-USD,1.0697,1.0087,1.0655,1.0366,2722272,2019-05-21
LEO-USD,1.1412,1.0347,1.0371,1.1214,4596368,2019-05-22
LEO-USD,1.1335,1.0812,1.1222,1.0999,2375954,2019-05-23
LEO-USD,1.2215,1.0895,1.0999,1.1958,5016521,2019-05-24
LEO-USD,1.3576,1.1967,1.1967,1.3217,5752902,2019-05-25
LEO-USD,1.4989,1.3081,1.3203,1.4983,7697581,2019-05-26
LEO-USD,1.5016,1.3774,1.4976,1.3932,4231451,2019-05-27
LEO-USD,1.4768,1.3126,1.3885,1.4484,4375683,2019-05-28
LEO-USD,1.5366,1.4111,1.4468,1.5256,7262771,2019-05-29
LEO-USD,1.531,1.4063,1.5257,1.415,5032047,2019-05-30
LEO-USD,1.5013,1.3992,1.3992,1.4933,2570356,2019-05-31
LEO-USD,1.4986,1.4043,1.4933,1.4103,1888758,2019-06-01
LEO-USD,1.4793,1.405,1.4094,1.4212,1986342,2019-06-02
LEO-USD,1.4349,1.4032,1.4235,1.404,894995,2019-06-03
LEO-USD,1.4965,1.3494,1.4075,1.4654,4329495,2019-06-04
LEO-USD,1.5065,1.4396,1.4709,1.4873,2839583,2019-06-05
LEO-USD,1.6531,1.4776,1.4832,1.6531,7353625,2019-06-06
LEO-USD,1.7109,1.6291,1.6553,1.6954,5866841,2019-06-07
LEO-USD,1.7338,1.6412,1.6943,1.7283,4784259,2019-06-08
LEO-USD,1.7795,1.705,1.7282,1.7557,8516847,2019-06-09
LEO-USD,1.9289,1.748,1.7547,1.9125,14173271,2019-06-10
LEO-USD,1.9569,1.8703,1.9166,1.9163,8017024,2019-06-11
LEO-USD,1.9761,1.8982,1.9163,1.9703,9045725,2019-06-12
LEO-USD,1.9734,1.8588,1.9703,1.9456,7825304,2019-06-13
LEO-USD,1.9548,1.8542,1.9449,1.9302,9075848,2019-06-14
LEO-USD,1.9398,1.9077,1.929,1.9121,2898568,2019-06-15
LEO-USD,1.9147,1.8682,1.9129,1.8743,4141698,2019-06-16
LEO-USD,1.9398,1.8658,1.8766,1.9114,4915639,2019-06-17
LEO-USD,1.9223,1.8553,1.9099,1.871,4569425,2019-06-18
LEO-USD,1.8741,1.8184,1.8709,1.8556,2268069,2019-06-19
LEO-USD,1.9125,1.8484,1.8552,1.893,6443799,2019-06-20
LEO-USD,1.9062,1.8137,1.8917,1.8284,8530228,2019-06-21
LEO-USD,1.8612,1.753,1.8354,1.8445,6321627,2019-06-22
LEO-USD,1.9354,1.8312,1.8445,1.879,4973942,2019-06-23
LEO-USD,1.9,1.8411,1.8817,1.8977,2855401,2019-06-24
LEO-USD,1.9199,1.8679,1.8979,1.9162,5623746,2019-06-25
LEO-USD,1.993,1.8635,1.9155,1.8726,11008912,2019-06-26
LEO-USD,1.9512,1.7161,1.8795,1.7692,6687738,2019-06-27
LEO-USD,1.8945,1.725,1.7643,1.8295,5159380,2019-06-28
LEO-USD,1.9204,1.7889,1.8314,1.9027,3448125,2019-06-29
LEO-USD,1.9219,1.7545,1.9022,1.7607,3504456,2019-06-30
LEO-USD,1.8004,1.7442,1.7623,1.7491,1810528,2019-07-01
LEO-USD,1.7588,1.6643,1.7496,1.7238,5478781,2019-07-02
LEO-USD,1.7578,1.6667,1.7251,1.6996,1724030,2019-07-03
LEO-USD,1.8073,1.6996,1.6996,1.7908,2973390,2019-07-04
LEO-USD,1.7907,1.6854,1.7907,1.763,2963245,2019-07-05
LEO-USD,1.767,1.7069,1.7612,1.7101,1991014,2019-07-06
LEO-USD,1.7316,1.6916,1.7084,1.699,482930,2019-07-07
LEO-USD,1.7023,1.6148,1.6992,1.6148,2163772,2019-07-08
LEO-USD,1.6172,1.4773,1.6117,1.5762,5583453,2019-07-09
LEO-USD,1.5883,1.4912,1.5792,1.5055,3057602,2019-07-10
LEO-USD,1.5676,1.3898,1.5044,1.5114,3596079,2019-07-11
LEO-USD,1.5209,1.4229,1.5124,1.4961,2427748,2019-07-12
LEO-USD,1.501,1.4244,1.4963,1.4244,1113696,2019-07-13
LEO-USD,1.4466,1.3955,1.4253,1.4115,3410936,2019-07-14
LEO-USD,1.4661,1.3717,1.4119,1.4519,4955810,2019-07-15
LEO-USD,1.4602,1.3451,1.4522,1.3486,3229146,2019-07-16
LEO-USD,1.3834,1.3283,1.3484,1.3472,3564716,2019-07-17
LEO-USD,1.3471,1.2447,1.3471,1.3286,4006324,2019-07-18
LEO-USD,1.3297,1.2117,1.3281,1.2494,9246088,2019-07-19
LEO-USD,1.3872,1.2191,1.2495,1.2595,3212347,2019-07-20
LEO-USD,1.3424,1.2322,1.2609,1.2745,1097697,2019-07-21
LEO-USD,1.3397,1.2739,1.2745,1.2967,1700645,2019-07-22
LEO-USD,1.3353,1.2667,1.2966,1.3021,1016177,2019-07-23
LEO-USD,1.3316,1.283,1.3029,1.323,1334037,2019-07-24
LEO-USD,1.3275,1.2862,1.3192,1.2962,1921207,2019-07-25
LEO-USD,1.3216,1.2669,1.2964,1.2777,2250533,2019-07-26
LEO-USD,1.2931,1.2673,1.2774,1.2923,1811941,2019-07-27
LEO-USD,1.2948,1.2569,1.2925,1.2853,719630,2019-07-28
LEO-USD,1.3508,1.2781,1.285,1.3499,1625862,2019-07-29
LEO-USD,1.3611,1.3001,1.3464,1.3344,2855218,2019-07-30
LEO-USD,1.3368,1.3018,1.3339,1.3061,2022299,2019-07-31
LEO-USD,1.3154,1.2822,1.3048,1.3098,3974199,2019-08-01
LEO-USD,1.3168,1.276,1.3101,1.2869,1937825,2019-08-02
LEO-USD,1.3324,1.2856,1.2871,1.3228,1253754,2019-08-03
LEO-USD,1.3265,1.2837,1.3224,1.3181,3028370,2019-08-04
LEO-USD,1.3187,1.297,1.3184,1.3173,3674395,2019-08-05
LEO-USD,1.3407,1.2406,1.3227,1.2492,2742448,2019-08-06
LEO-USD,1.27,1.2496,1.2496,1.2644,747647,2019-08-07
LEO-USD,1.2689,1.2454,1.2647,1.2501,1223249,2019-08-08
LEO-USD,1.2524,1.2201,1.2508,1.228,2144021,2019-08-09
LEO-USD,1.2437,1.2202,1.2266,1.2332,1405009,2019-08-10
LEO-USD,1.322,1.2323,1.2331,1.311,2481387,2019-08-11
LEO-USD,1.3102,1.26,1.309,1.2654,399441,2019-08-12
LEO-USD,1.2666,1.2293,1.2663,1.2323,311687,2019-08-13
LEO-USD,1.3018,1.2269,1.2329,1.2508,1064597,2019-08-14
LEO-USD,1.2549,1.2183,1.2508,1.2274,866625,2019-08-15
LEO-USD,1.2302,1.1689,1.2262,1.1744,1307154,2019-08-16
LEO-USD,1.2865,1.17,1.1746,1.2148,2048520,2019-08-17
LEO-USD,1.319,1.2086,1.2163,1.3184,2276413,2019-08-18
LEO-USD,1.3286,1.2794,1.3171,1.3273,769436,2019-08-19
LEO-USD,1.3475,1.2906,1.3286,1.3104,1215371,2019-08-20
LEO-USD,1.3127,1.1822,1.3101,1.2049,2223909,2019-08-21
LEO-USD,1.2212,1.1915,1.2049,1.2194,1361397,2019-08-22
LEO-USD,1.2191,1.1885,1.2191,1.2067,752558,2019-08-23
LEO-USD,1.2068,1.169,1.2059,1.1694,1110926,2019-08-24
LEO-USD,1.1997,1.1691,1.1691,1.1797,650908,2019-08-25
LEO-USD,1.2108,1.16,1.1707,1.1874,1757366,2019-08-26
LEO-USD,1.1957,1.1821,1.187,1.191,459601,2019-08-27
LEO-USD,1.192,1.1547,1.192,1.1547,1940264,2019-08-28
LEO-USD,1.155,1.1341,1.153,1.1378,1793808,2019-08-29
LEO-USD,1.1471,1.1311,1.1379,1.1376,595731,2019-08-30
LEO-USD,1.1456,1.119,1.1378,1.1364,1434825,2019-08-31
LEO-USD,1.1521,1.1208,1.1363,1.1521,801727,2019-09-01
LEO-USD,1.1553,1.1048,1.1522,1.1485,1375010,2019-09-02
LEO-USD,1.1501,1.1223,1.1488,1.1299,696631,2019-09-03
LEO-USD,1.1305,1.1088,1.1305,1.1093,795140,2019-09-04
LEO-USD,1.1101,1.0709,1.1096,1.0718,1830351,2019-09-05
LEO-USD,1.0725,1.0579,1.072,1.0591,1104586,2019-09-06
LEO-USD,1.0697,1.0595,1.0604,1.0664,235924,2019-09-07
LEO-USD,1.0737,1.0644,1.0664,1.07,227903,2019-09-08
LEO-USD,1.0721,1.0514,1.0701,1.0548,1009811,2019-09-09
LEO-USD,1.0599,1.0485,1.0546,1.0584,3593069,2019-09-10
LEO-USD,1.0703,1.0566,1.0587,1.0692,547125,2019-09-11
LEO-USD,1.0769,1.0672,1.0694,1.0707,561424,2019-09-12
LEO-USD,1.0749,1.0502,1.0704,1.0548,2624568,2019-09-13
LEO-USD,1.0605,1.0489,1.0547,1.0595,862672,2019-09-14
LEO-USD,1.077,1.0594,1.0595,1.0763,335374,2019-09-15
LEO-USD,1.0874,1.0645,1.0765,1.0851,1032991,2019-09-16
LEO-USD,1.1167,1.0833,1.0854,1.1114,1112534,2019-09-17
LEO-USD,1.1242,1.1068,1.1114,1.1069,485444,2019-09-18
LEO-USD,1.1074,1.0912,1.107,1.0924,484388,2019-09-19
LEO-USD,1.0955,1.0813,1.093,1.0847,155286,2019-09-20
LEO-USD,1.0875,1.0792,1.0846,1.0797,80856,2019-09-21
LEO-USD,1.085,1.0756,1.0795,1.0774,179699,2019-09-22
LEO-USD,1.0805,1.0609,1.077,1.0609,849084,2019-09-23
LEO-USD,1.0715,1.0476,1.0618,1.0574,7343316,2019-09-24
LEO-USD,1.0591,1.0451,1.0568,1.048,3129447,2019-09-25
LEO-USD,1.0502,1.0434,1.048,1.049,2485089,2019-09-26
LEO-USD,1.0542,1.0424,1.0476,1.0528,8637821,2019-09-27
LEO-USD,1.0546,1.0454,1.0522,1.0544,5727874,2019-09-28
LEO-USD,1.0545,1.0429,1.0544,1.0447,880980,2019-09-29
LEO-USD,1.0495,1.0411,1.045,1.0479,3363977,2019-09-30
LEO-USD,1.0489,1.0382,1.047,1.041,1612196,2019-10-01
LEO-USD,1.0544,1.0395,1.0411,1.0431,3288718,2019-10-02
LEO-USD,1.0444,1.0386,1.0431,1.044,1902536,2019-10-03
LEO-USD,1.0469,1.0393,1.0435,1.0429,398491,2019-10-04
LEO-USD,1.0437,1.0369,1.0419,1.0398,520954,2019-10-05
LEO-USD,1.0403,0.9596,1.0399,0.9687,3779097,2019-10-06
LEO-USD,0.9688,0.9519,0.9664,0.9565,795117,2019-10-07
LEO-USD,0.9643,0.9495,0.9559,0.9642,786055,2019-10-08
LEO-USD,1.0139,0.9458,0.9644,0.9775,2978136,2019-10-09
LEO-USD,1.0139,0.9654,0.977,1.0138,986989,2019-10-10
LEO-USD,1.0139,0.9786,1.0139,1.0029,538790,2019-10-11
LEO-USD,1.0043,0.9934,1.0028,0.9934,142311,2019-10-12
LEO-USD,1.007,0.9922,0.9932,1.0022,136531,2019-10-13
LEO-USD,1.0019,0.9662,1.0019,0.982,354207,2019-10-14
LEO-USD,1.0029,0.9811,0.9822,1.0009,397252,2019-10-15
LEO-USD,1.0068,0.9932,1.0007,0.996,421248,2019-10-16
LEO-USD,1.0253,0.9928,0.9956,1.0237,459807,2019-10-17
LEO-USD,1.0239,1.0029,1.0236,1.0071,323045,2019-10-18
LEO-USD,1.0193,1.0053,1.007,1.0164,220564,2019-10-19
LEO-USD,1.0247,1.0126,1.0166,1.0246,200468,2019-10-20
LEO-USD,1.0252,1.0051,1.0246,1.0109,344417,2019-10-21
LEO-USD,1.0114,0.9551,1.0111,0.9826,602746,2019-10-22
LEO-USD,0.991,0.9523,0.9828,0.9648,1135083,2019-10-23
LEO-USD,0.9674,0.9497,0.9658,0.9623,746622,2019-10-24
LEO-USD,0.9869,0.952,0.9622,0.984,498617,2019-10-25
LEO-USD,1.003,0.979,0.9858,0.9971,705929,2019-10-26
LEO-USD,1.0089,0.9921,0.9972,0.9999,377413,2019-10-27
LEO-USD,1.0052,0.9607,0.9996,0.9616,612963,2019-10-28
LEO-USD,0.9671,0.9508,0.9626,0.9535,960684,2019-10-29
LEO-USD,0.9604,0.9489,0.9535,0.959,708246,2019-10-30
LEO-USD,1.0048,0.9527,0.9588,1.0048,1038046,2019-10-31
LEO-USD,1.0041,0.982,1.0028,1.0038,682562,2019-11-01
LEO-USD,1.0148,1.0008,1.0036,1.0081,200599,2019-11-02
LEO-USD,1.0146,1.0034,1.009,1.0117,170659,2019-11-03
LEO-USD,1.0255,1.0041,1.0116,1.0092,382682,2019-11-04
LEO-USD,1.0172,0.9956,1.0082,0.9991,551808,2019-11-05
LEO-USD,1.0059,0.9829,0.9984,0.9842,165532,2019-11-06
LEO-USD,0.9942,0.9803,0.9848,0.9921,663464,2019-11-07
LEO-USD,0.9964,0.9805,0.9934,0.9928,295496,2019-11-08
LEO-USD,0.9982,0.9714,0.9927,0.973,224530,2019-11-09
LEO-USD,1.0027,0.9703,0.9735,0.9989,477716,2019-11-10
LEO-USD,1.0026,0.9711,0.9986,0.9786,381946,2019-11-11
LEO-USD,0.9869,0.9716,0.9789,0.9859,276441,2019-11-12
LEO-USD,0.9876,0.9609,0.9855,0.9616,220253,2019-11-13
LEO-USD,0.9654,0.9584,0.9619,0.9611,438532,2019-11-14
LEO-USD,0.9783,0.9585,0.962,0.9662,625232,2019-11-15
LEO-USD,0.9775,0.9645,0.9663,0.9741,304346,2019-11-16
LEO-USD,0.9813,0.97,0.97,0.9767,116634,2019-11-17
LEO-USD,0.9827,0.9628,0.9768,0.9682,272226,2019-11-18
LEO-USD,0.9799,0.955,0.9675,0.9654,435542,2019-11-19
LEO-USD,0.9694,0.9584,0.9653,0.9599,241504,2019-11-20
LEO-USD,0.9624,0.9409,0.9598,0.9466,866929,2019-11-21
LEO-USD,0.9635,0.9297,0.9467,0.9547,1480228,2019-11-22
LEO-USD,0.9554,0.9254,0.9545,0.9383,664737,2019-11-23
LEO-USD,0.9424,0.9255,0.9381,0.9323,804039,2019-11-24
LEO-USD,0.9467,0.9141,0.9338,0.9202,958514,2019-11-25
LEO-USD,0.93,0.9117,0.9187,0.9216,419572,2019-11-26
LEO-USD,0.9274,0.9134,0.9205,0.9274,751026,2019-11-27
LEO-USD,0.9865,0.9189,0.9265,0.9237,528281,2019-11-28
LEO-USD,0.9286,0.9132,0.9244,0.9175,558692,2019-11-29
LEO-USD,0.9255,0.9168,0.9177,0.9247,264955,2019-11-30
LEO-USD,0.9354,0.9204,0.9248,0.9296,215432,2019-12-01
LEO-USD,0.9303,0.9218,0.9295,0.9233,192470,2019-12-02
LEO-USD,0.9293,0.9186,0.9235,0.9238,158561,2019-12-03
LEO-USD,0.9289,0.9179,0.9235,0.9238,288244,2019-12-04
LEO-USD,0.9312,0.9232,0.9235,0.9292,149797,2019-12-05
LEO-USD,0.9323,0.9219,0.9293,0.9267,282488,2019-12-06
LEO-USD,0.9272,0.9119,0.9268,0.9164,357976,2019-12-07
LEO-USD,0.9271,0.9092,0.9164,0.9268,320957,2019-12-08
LEO-USD,0.9268,0.9138,0.9268,0.9168,288404,2019-12-09
LEO-USD,0.915,0.9017,0.9149,0.9059,696812,2019-12-10
LEO-USD,0.9073,0.8931,0.9059,0.9013,567365,2019-12-11
LEO-USD,0.9012,0.8873,0.9012,0.8918,542364,2019-12-12
LEO-USD,0.892,0.8855,0.8919,0.8907,241634,2019-12-13
LEO-USD,0.8935,0.8789,0.8912,0.8802,433063,2019-12-14
LEO-USD,0.884,0.8752,0.8801,0.8763,275132,2019-12-15
LEO-USD,0.8813,0.8685,0.8771,0.8701,442515,2019-12-16
LEO-USD,0.8936,0.8492,0.8701,0.8936,1545653,2019-12-17
LEO-USD,0.8914,0.8499,0.8914,0.8824,1054608,2019-12-18
LEO-USD,0.8766,0.8388,0.8723,0.8512,1280845,2019-12-19
LEO-USD,0.8818,0.8385,0.8509,0.8582,347353,2019-12-20
LEO-USD,0.8599,0.8442,0.8581,0.8583,378218,2019-12-21
LEO-USD,0.8828,0.8506,0.8583,0.8814,419180,2019-12-22
LEO-USD,0.8846,0.8186,0.8807,0.8325,1277188,2019-12-23
LEO-USD,0.8318,0.81,0.8318,0.8103,644771,2019-12-24
LEO-USD,0.8259,0.8096,0.8103,0.8252,99569,2019-12-25
LEO-USD,0.8375,0.8208,0.8246,0.8375,254157,2019-12-26
LEO-USD,0.8426,0.8185,0.8377,0.8247,360964,2019-12-27
LEO-USD,0.8366,0.8127,0.8248,0.8214,269131,2019-12-28
LEO-USD,0.8234,0.8135,0.8212,0.8218,281883,2019-12-29
LEO-USD,0.8287,0.806,0.8222,0.817,374260,2019-12-30
LEO-USD,0.8229,0.8047,0.8169,0.8177,507633,2019-12-31
LEO-USD,0.8241,0.8173,0.8178,0.8241,74171,2020-01-01
LEO-USD,0.8331,0.8237,0.8241,0.8317,115967,2020-01-02
LEO-USD,0.8536,0.8271,0.8315,0.8532,139947,2020-01-03
LEO-USD,0.8552,0.8373,0.8531,0.8472,272194,2020-01-04
LEO-USD,0.8584,0.8463,0.8474,0.8516,27739,2020-01-05
LEO-USD,0.8734,0.8511,0.8516,0.8734,86880,2020-01-06
LEO-USD,0.8888,0.8658,0.8734,0.8888,191929,2020-01-07
LEO-USD,0.9022,0.8884,0.8889,0.8977,227144,2020-01-08
LEO-USD,0.899,0.8648,0.8977,0.8652,188079,2020-01-09
LEO-USD,0.8959,0.8596,0.8656,0.875,192376,2020-01-10
LEO-USD,0.8812,0.8601,0.8736,0.8605,254799,2020-01-11
LEO-USD,0.871,0.858,0.8605,0.869,35190,2020-01-12
LEO-USD,0.8688,0.8466,0.8686,0.8484,77112,2020-01-13
LEO-USD,0.8967,0.8476,0.8479,0.8957,291635,2020-01-14
LEO-USD,0.9116,0.8804,0.8956,0.9112,341290,2020-01-15
LEO-USD,0.912,0.8635,0.9112,0.8667,271588,2020-01-16
LEO-USD,0.9106,0.8663,0.8668,0.8981,861372,2020-01-17
LEO-USD,0.9104,0.8875,0.8973,0.9092,695696,2020-01-18
LEO-USD,0.9134,0.8739,0.9093,0.8766,1039080,2020-01-19
LEO-USD,0.9,0.8694,0.8766,0.8775,544543,2020-01-20
LEO-USD,0.9037,0.8775,0.8775,0.9029,90541,2020-01-21
LEO-USD,0.9059,0.8893,0.9028,0.8954,150446,2020-01-22
LEO-USD,0.9107,0.8609,0.8954,0.9077,1026376,2020-01-23
LEO-USD,0.9143,0.9019,0.9079,0.9087,238137,2020-01-24
LEO-USD,0.9108,0.8975,0.9083,0.9015,114230,2020-01-25
LEO-USD,0.9053,0.8939,0.9015,0.8946,140597,2020-01-26
LEO-USD,0.9107,0.8945,0.8945,0.9053,98913,2020-01-27
LEO-USD,0.9107,0.8991,0.9052,0.9107,310926,2020-01-28
LEO-USD,0.9116,0.9044,0.9114,0.9097,193530,2020-01-29
LEO-USD,0.9117,0.881,0.9096,0.8886,228152,2020-01-30
LEO-USD,0.8934,0.8742,0.8886,0.8742,986722,2020-01-31
LEO-USD,0.8843,0.867,0.8743,0.8749,588532,2020-02-01
LEO-USD,0.895,0.8748,0.8749,0.8948,270985,2020-02-02
LEO-USD,0.8997,0.8894,0.8948,0.8929,162450,2020-02-03
LEO-USD,0.9131,0.8811,0.8929,0.895,544903,2020-02-04
LEO-USD,0.9097,0.8943,0.895,0.9072,259498,2020-02-05
LEO-USD,0.9134,0.9028,0.9072,0.9034,287755,2020-02-06
LEO-USD,0.9373,0.9026,0.9036,0.9373,535602,2020-02-07
LEO-USD,0.9549,0.909,0.9397,0.9405,1702280,2020-02-08
LEO-USD,0.9704,0.9273,0.9405,0.9704,971262,2020-02-09
LEO-USD,0.9986,0.9703,0.9703,0.9986,311100,2020-02-10
LEO-USD,1.0399,0.9803,0.9988,1.0374,686493,2020-02-11
LEO-USD,1.0383,1.0001,1.0377,1.015,459047,2020-02-12
LEO-USD,1.0264,0.9817,1.0152,1.0029,557302,2020-02-13
LEO-USD,1.0032,0.9659,1.0029,0.9838,2234208,2020-02-14
LEO-USD,0.9948,0.9693,0.9839,0.971,391930,2020-02-15
LEO-USD,0.9764,0.9673,0.971,0.9758,251057,2020-02-16
LEO-USD,0.9922,0.95,0.9766,0.9922,1405558,2020-02-17
LEO-USD,0.9948,0.9776,0.9921,0.9894,158649,2020-02-18
LEO-USD,0.9919,0.9766,0.9893,0.987,344958,2020-02-19
LEO-USD,0.9933,0.941,0.9871,0.9915,2768635,2020-02-20
LEO-USD,0.9916,0.9502,0.9915,0.9598,183735,2020-02-21
LEO-USD,0.9889,0.9502,0.957,0.9532,63656,2020-02-22
LEO-USD,0.9837,0.9499,0.9532,0.9557,90814,2020-02-23
LEO-USD,0.9695,0.9549,0.9553,0.9615,102376,2020-02-24
LEO-USD,0.9772,0.9105,0.9615,0.9151,278580,2020-02-25
LEO-USD,0.9652,0.9117,0.9149,0.962,424821,2020-02-26
LEO-USD,0.9688,0.9472,0.9619,0.9532,270908,2020-02-27
LEO-USD,0.9626,0.9446,0.9538,0.9608,85459,2020-02-28
LEO-USD,0.9609,0.9445,0.9605,0.9602,51405,2020-02-29
LEO-USD,0.9736,0.9557,0.9623,0.9665,227118,2020-03-01
LEO-USD,0.9694,0.956,0.9665,0.9676,97115,2020-03-02
LEO-USD,0.9686,0.9553,0.9681,0.9601,75530,2020-03-03
LEO-USD,0.9646,0.9556,0.96,0.9646,278245,2020-03-04
LEO-USD,0.9767,0.9641,0.9646,0.976,96476,2020-03-05
LEO-USD,0.9791,0.9729,0.9761,0.9786,118502,2020-03-06
LEO-USD,0.983,0.9782,0.9792,0.9795,53105,2020-03-07
LEO-USD,0.9935,0.9772,0.9797,0.9935,249582,2020-03-08
LEO-USD,1.0101,0.9812,0.9964,0.9867,622998,2020-03-09
LEO-USD,0.9946,0.979,0.9869,0.9918,83283,2020-03-10
LEO-USD,0.9994,0.9837,0.9921,0.9983,135671,2020-03-11
LEO-USD,1.0098,0.9594,0.9982,0.9794,2387682,2020-03-12
LEO-USD,0.9978,0.9268,0.9723,0.9722,1956796,2020-03-13
LEO-USD,0.9765,0.9428,0.9755,0.9596,296240,2020-03-14
LEO-USD,0.9676,0.9425,0.9596,0.9639,318279,2020-03-15
LEO-USD,0.9648,0.9249,0.9638,0.9359,848985,2020-03-16
LEO-USD,0.971,0.9273,0.9362,0.9708,217141,2020-03-17
LEO-USD,0.9936,0.9532,0.9706,0.9804,516308,2020-03-18
LEO-USD,1.0091,0.9709,0.9801,1.0009,556003,2020-03-19
LEO-USD,1.011,0.9789,0.9943,1.0029,594494,2020-03-20
LEO-USD,1.0148,1,1.0032,1.0137,398743,2020-03-21
LEO-USD,1.033,1.0125,1.0142,1.0298,329367,2020-03-22
LEO-USD,1.0384,1.0208,1.0293,1.0284,236093,2020-03-23
LEO-USD,1.0379,1.0185,1.0286,1.0311,223505,2020-03-24
LEO-USD,1.0461,1.0283,1.031,1.0334,121777,2020-03-25
LEO-USD,1.0378,1.0259,1.0333,1.0363,115891,2020-03-26
LEO-USD,1.0399,1.0253,1.0365,1.0266,199098,2020-03-27
LEO-USD,1.0352,1.0181,1.0261,1.0188,372402,2020-03-28
LEO-USD,1.0302,1.0184,1.0189,1.0289,147920,2020-03-29
LEO-USD,1.0597,1.0179,1.0288,1.0533,1050348,2020-03-30
LEO-USD,1.0563,1.0452,1.0519,1.0527,176846,2020-03-31
LEO-USD,1.0687,1.0475,1.0529,1.0687,70871,2020-04-01
LEO-USD,1.0712,1.0297,1.0693,1.0476,505988,2020-04-02
LEO-USD,1.0492,1.028,1.0479,1.0397,128423,2020-04-03
LEO-USD,1.0457,1.0291,1.0397,1.0425,34300,2020-04-04
LEO-USD,1.0454,1.0335,1.0426,1.0437,66081,2020-04-05
LEO-USD,1.048,1.0239,1.0437,1.0456,517436,2020-04-06
LEO-USD,1.0471,1.0078,1.0453,1.0204,1064027,2020-04-07
LEO-USD,1.0256,1.0143,1.0196,1.0207,124076,2020-04-08
LEO-USD,1.0238,1.0155,1.0222,1.0238,30203,2020-04-09
LEO-USD,1.0362,1.0205,1.0238,1.0346,105755,2020-04-10
LEO-USD,1.0357,1.0218,1.0348,1.0224,30181,2020-04-11
LEO-USD,1.0397,1.0199,1.0221,1.0323,63172,2020-04-12
LEO-USD,1.0307,1.0129,1.0307,1.0222,127671,2020-04-13
LEO-USD,1.0251,1.0117,1.022,1.0155,32840,2020-04-14
LEO-USD,1.0384,1.0117,1.014,1.0353,52895,2020-04-15
LEO-USD,1.0438,1.0301,1.0351,1.038,125149,2020-04-16
LEO-USD,1.047,1.0313,1.0382,1.047,110809,2020-04-17
LEO-USD,1.0504,1.0306,1.0467,1.0389,369157,2020-04-18
LEO-USD,1.0576,1.025,1.04,1.0498,497784,2020-04-19
LEO-USD,1.0514,1.0327,1.0494,1.0475,831608,2020-04-20
LEO-USD,1.0572,1.045,1.0468,1.0525,211522,2020-04-21
LEO-USD,1.0637,1.0466,1.0526,1.0536,516698,2020-04-22
LEO-USD,1.0663,1.0449,1.0567,1.0614,274582,2020-04-23
LEO-USD,1.0629,1.0496,1.061,1.0616,193372,2020-04-24
LEO-USD,1.0665,1.0514,1.0612,1.0604,484229,2020-04-25
LEO-USD,1.062,1.0493,1.0605,1.0583,56873,2020-04-26
LEO-USD,1.0656,1.0574,1.0586,1.0606,198232,2020-04-27
LEO-USD,1.0626,1.0479,1.0609,1.0626,168503,2020-04-28
LEO-USD,1.08,1.0454,1.0613,1.0709,322800,2020-04-29
LEO-USD,1.0745,1.0614,1.0679,1.073,251207,2020-04-30
LEO-USD,1.0762,1.0545,1.0724,1.0669,254037,2020-05-01
LEO-USD,1.0759,1.0536,1.0661,1.0653,108461,2020-05-02
LEO-USD,1.1189,1.0587,1.0656,1.0658,307471,2020-05-03
LEO-USD,1.1061,1.0585,1.0661,1.0638,191983,2020-05-04
LEO-USD,1.0661,1.0525,1.0636,1.0578,89395,2020-05-05
LEO-USD,1.0615,1.0439,1.0591,1.0534,487475,2020-05-06
LEO-USD,1.0714,1.0429,1.0546,1.0619,472896,2020-05-07
LEO-USD,1.0727,1.0562,1.0563,1.0697,89138,2020-05-08
LEO-USD,1.0769,1.0676,1.0696,1.0769,150883,2020-05-09
LEO-USD,1.0852,1.0573,1.077,1.085,495459,2020-05-10
LEO-USD,1.0881,1.0791,1.0856,1.0863,102718,2020-05-11
LEO-USD,1.0878,1.0813,1.0866,1.0854,33274,2020-05-12
LEO-USD,1.0888,1.0842,1.0857,1.0876,59194,2020-05-13
LEO-USD,1.0891,1.073,1.0881,1.0848,140514,2020-05-14
LEO-USD,1.0897,1.0801,1.0849,1.0891,51959,2020-05-15
LEO-USD,1.0904,1.0851,1.0895,1.0898,50847,2020-05-16
LEO-USD,1.0918,1.0878,1.0897,1.0916,64836,2020-05-17
LEO-USD,1.0932,1.0882,1.0915,1.0923,76186,2020-05-18
LEO-USD,1.0935,1.0895,1.092,1.0934,68499,2020-05-19
LEO-USD,1.1185,1.0907,1.0914,1.1185,153469,2020-05-20
LEO-USD,1.13,1.1088,1.1185,1.1296,124208,2020-05-21
LEO-USD,1.14,1.1293,1.1296,1.1377,125964,2020-05-22
LEO-USD,1.1444,1.1364,1.1379,1.1443,33424,2020-05-23
LEO-USD,1.1477,1.1421,1.1443,1.1456,58644,2020-05-24
LEO-USD,1.1551,1.1338,1.1457,1.1514,114271,2020-05-25
LEO-USD,1.1539,1.1427,1.152,1.1487,38641,2020-05-26
LEO-USD,1.1539,1.1457,1.1487,1.1536,69762,2020-05-27
LEO-USD,1.1707,1.1485,1.1537,1.1699,68846,2020-05-28
LEO-USD,1.1765,1.1693,1.1699,1.1709,66727,2020-05-29
LEO-USD,1.1852,1.1156,1.1724,1.1838,103303,2020-05-30
LEO-USD,1.1931,1.1839,1.1841,1.189,63018,2020-05-31
LEO-USD,1.2021,1.1467,1.1894,1.1999,229031,2020-06-01
LEO-USD,1.213,1.1777,1.2,1.1918,354076,2020-06-02
LEO-USD,1.2217,1.1896,1.192,1.2004,96141,2020-06-03
LEO-USD,1.2214,1.2004,1.2004,1.2213,102473,2020-06-04
LEO-USD,1.2355,1.221,1.221,1.2346,59917,2020-06-05
LEO-USD,1.2566,1.2342,1.2345,1.255,173962,2020-06-06
LEO-USD,1.2571,1.2364,1.255,1.2422,136499,2020-06-07
LEO-USD,1.2495,1.2327,1.2424,1.2455,88266,2020-06-08
LEO-USD,1.2521,1.2346,1.2448,1.2485,77231,2020-06-09
LEO-USD,1.2613,1.243,1.2489,1.254,99175,2020-06-10
LEO-USD,1.2673,1.2373,1.2542,1.2527,306813,2020-06-11
LEO-USD,1.2538,1.2425,1.253,1.2489,77982,2020-06-12
LEO-USD,1.251,1.232,1.2471,1.2392,188188,2020-06-13
LEO-USD,1.2397,1.1624,1.239,1.18,321001,2020-06-14
LEO-USD,1.1845,1.1433,1.18,1.1587,166536,2020-06-15
LEO-USD,1.1584,1.1189,1.1584,1.1341,165269,2020-06-16
LEO-USD,1.1394,1.1233,1.1341,1.1368,37267,2020-06-17
LEO-USD,1.148,1.1354,1.1367,1.1465,29208,2020-06-18
LEO-USD,1.1641,1.1382,1.1463,1.1634,72222,2020-06-19
LEO-USD,1.1757,1.1631,1.164,1.1757,109129,2020-06-20
LEO-USD,1.1816,1.1693,1.1708,1.1716,64820,2020-06-21
LEO-USD,1.1796,1.1444,1.1714,1.1642,593468,2020-06-22
LEO-USD,1.1752,1.1548,1.1641,1.1699,133888,2020-06-23
LEO-USD,1.1927,1.166,1.1703,1.1907,229547,2020-06-24
LEO-USD,1.2186,1.1886,1.1903,1.2186,178743,2020-06-25
LEO-USD,1.2464,1.216,1.2182,1.2361,273806,2020-06-26
LEO-USD,1.2508,1.2277,1.2335,1.2506,274866,2020-06-27
LEO-USD,1.2598,1.2479,1.2502,1.2591,188679,2020-06-28
LEO-USD,1.2773,1.2516,1.2592,1.266,352925,2020-06-29
LEO-USD,1.2746,1.2586,1.2659,1.2736,135478,2020-06-30
LEO-USD,1.2787,1.2566,1.2733,1.259,320222,2020-07-01
LEO-USD,1.2662,1.2398,1.2588,1.2542,233176,2020-07-02
LEO-USD,1.2559,1.2358,1.2537,1.2385,211823,2020-07-03
LEO-USD,1.2469,1.2289,1.2388,1.2382,393364,2020-07-04
LEO-USD,1.2384,1.1807,1.2383,1.1807,609745,2020-07-05
LEO-USD,1.2297,1.181,1.1812,1.2297,453257,2020-07-06
LEO-USD,1.2658,1.2288,1.2301,1.2304,252323,2020-07-07
LEO-USD,1.2401,1.215,1.2305,1.2373,265189,2020-07-08
LEO-USD,1.2365,1.2117,1.2365,1.2196,180223,2020-07-09
LEO-USD,1.2231,1.2139,1.2195,1.2223,207577,2020-07-10
LEO-USD,1.2312,1.202,1.2225,1.206,177284,2020-07-11
LEO-USD,1.2067,1.1198,1.206,1.1225,1063835,2020-07-12
LEO-USD,1.1365,1.1198,1.125,1.131,343328,2020-07-13
LEO-USD,1.1561,1.1242,1.1302,1.1384,463035,2020-07-14
LEO-USD,1.1614,1.137,1.1382,1.1607,134909,2020-07-15
LEO-USD,1.1759,1.1589,1.1614,1.1752,112910,2020-07-16
LEO-USD,1.1976,1.1718,1.1725,1.1963,178770,2020-07-17
LEO-USD,1.2011,1.1609,1.1959,1.1621,172208,2020-07-18
LEO-USD,1.1636,1.1394,1.1615,1.1625,206608,2020-07-19
LEO-USD,1.1848,1.1627,1.1628,1.1829,259110,2020-07-20
LEO-USD,1.1917,1.1797,1.183,1.1871,627984,2020-07-21
LEO-USD,1.1949,1.1837,1.1868,1.1911,150371,2020-07-22
LEO-USD,1.1987,1.1862,1.1911,1.1963,234530,2020-07-23
LEO-USD,1.2035,1.1958,1.1975,1.2028,245499,2020-07-24
LEO-USD,1.216,1.1994,1.2022,1.216,189413,2020-07-25
LEO-USD,1.2289,1.2149,1.2159,1.228,208025,2020-07-26
LEO-USD,1.2629,1.2272,1.2279,1.2627,495221,2020-07-27
LEO-USD,1.2658,1.2559,1.2631,1.2559,675831,2020-07-28
LEO-USD,1.2691,1.2518,1.2556,1.2599,724842,2020-07-29
LEO-USD,1.2661,1.2572,1.2603,1.2645,550578,2020-07-30
LEO-USD,1.2742,1.2624,1.2641,1.2733,311686,2020-07-31
LEO-USD,1.2864,1.2713,1.2735,1.2835,155720,2020-08-01
LEO-USD,1.2912,1.258,1.2841,1.263,488391,2020-08-02
LEO-USD,1.273,1.2616,1.2633,1.2719,198854,2020-08-03
LEO-USD,1.2766,1.2604,1.2712,1.2691,240404,2020-08-04
LEO-USD,1.2791,1.2654,1.2692,1.2791,187436,2020-08-05
LEO-USD,1.2865,1.2785,1.2789,1.2843,209318,2020-08-06
LEO-USD,1.289,1.2724,1.2849,1.2877,185885,2020-08-07
LEO-USD,1.2958,1.2816,1.2886,1.2949,101059,2020-08-08
LEO-USD,1.3027,1.2803,1.2959,1.283,247071,2020-08-09
LEO-USD,1.2897,1.2615,1.2866,1.275,465881,2020-08-10
LEO-USD,1.2843,1.2609,1.2739,1.2698,246108,2020-08-11
LEO-USD,1.2808,1.255,1.2691,1.2574,104926,2020-08-12
LEO-USD,1.275,1.2515,1.2555,1.2655,278501,2020-08-13
LEO-USD,1.2788,1.2558,1.2653,1.2645,195154,2020-08-14
LEO-USD,1.2869,1.265,1.265,1.2868,150877,2020-08-15
LEO-USD,1.2878,1.2815,1.2867,1.2832,106852,2020-08-16
LEO-USD,1.2878,1.262,1.2832,1.2712,343727,2020-08-17
LEO-USD,1.2821,1.2619,1.2739,1.2641,144878,2020-08-18
LEO-USD,1.2688,1.2595,1.263,1.2646,356397,2020-08-19
LEO-USD,1.2718,1.2595,1.2643,1.2674,161415,2020-08-20
LEO-USD,1.2733,1.2562,1.2681,1.2699,250275,2020-08-21
LEO-USD,1.2748,1.2651,1.271,1.2686,282961,2020-08-22
LEO-USD,1.2706,1.2605,1.2686,1.2655,115334,2020-08-23
LEO-USD,1.278,1.2639,1.265,1.2766,215149,2020-08-24
LEO-USD,1.2825,1.2692,1.2769,1.2744,375848,2020-08-25
LEO-USD,1.2774,1.2724,1.2742,1.2758,238424,2020-08-26
LEO-USD,1.2797,1.273,1.2766,1.2784,212459,2020-08-27
LEO-USD,1.2796,1.2618,1.2783,1.2767,722913,2020-08-28
LEO-USD,1.2768,1.2734,1.2767,1.2749,480789,2020-08-29
LEO-USD,1.2808,1.2732,1.2752,1.2794,606823,2020-08-30
LEO-USD,1.2838,1.2746,1.2795,1.2825,1065792,2020-08-31
LEO-USD,1.2826,1.2679,1.2818,1.2679,344030,2020-09-01
LEO-USD,1.2721,1.2592,1.2675,1.2594,139070,2020-09-02
LEO-USD,1.2594,1.2388,1.2594,1.2522,170656,2020-09-03
LEO-USD,1.2587,1.2165,1.2536,1.234,561467,2020-09-04
LEO-USD,1.2432,1.1906,1.2326,1.2069,1031439,2020-09-05
LEO-USD,1.2353,1.2069,1.2069,1.2352,50340,2020-09-06
LEO-USD,1.2421,1.1917,1.2354,1.2243,240018,2020-09-07
LEO-USD,1.2345,1.2143,1.2247,1.2194,131476,2020-09-08
LEO-USD,1.2279,1.2151,1.2199,1.2186,92775,2020-09-09
LEO-USD,1.2262,1.1754,1.219,1.1765,154111,2020-09-10
LEO-USD,1.2183,1.137,1.1766,1.2183,793026,2020-09-11
LEO-USD,1.2497,1.2184,1.2186,1.2469,159829,2020-09-12
LEO-USD,1.2508,1.2245,1.2452,1.2367,70551,2020-09-13
LEO-USD,1.2379,1.1269,1.2367,1.1328,265608,2020-09-14
LEO-USD,1.1923,1.1287,1.1349,1.1405,465205,2020-09-15
LEO-USD,1.1802,1.1282,1.1394,1.1624,559704,2020-09-16
LEO-USD,1.2077,1.1618,1.1621,1.2047,159798,2020-09-17
LEO-USD,1.2144,1.1895,1.2048,1.213,215944,2020-09-18
LEO-USD,1.2275,1.2112,1.2138,1.2172,73520,2020-09-19
LEO-USD,1.2429,1.2137,1.2164,1.2391,202224,2020-09-20
LEO-USD,1.2491,1.2111,1.2389,1.2328,429803,2020-09-21
LEO-USD,1.2405,1.2112,1.2325,1.2115,78613,2020-09-22
LEO-USD,1.2503,1.2069,1.213,1.2295,388619,2020-09-23
LEO-USD,1.2413,1.179,1.237,1.2368,941192,2020-09-24
LEO-USD,1.2491,1.2334,1.236,1.245,231198,2020-09-25
LEO-USD,1.2456,1.2376,1.2455,1.2417,89561,2020-09-26
LEO-USD,1.2539,1.2409,1.2416,1.2515,409154,2020-09-27
LEO-USD,1.2591,1.2505,1.2513,1.2557,219636,2020-09-28
LEO-USD,1.2654,1.2499,1.2559,1.2609,179085,2020-09-29
LEO-USD,1.281,1.26,1.2636,1.2802,549501,2020-09-30
LEO-USD,1.2825,1.2669,1.2802,1.2722,357921,2020-10-01
LEO-USD,1.2731,1.2588,1.2724,1.2596,454270,2020-10-02
LEO-USD,1.2624,1.2407,1.26,1.2421,208483,2020-10-03
LEO-USD,1.2419,1.1937,1.2414,1.2338,148237,2020-10-04
LEO-USD,1.2438,1.1925,1.2355,1.2095,254695,2020-10-05
LEO-USD,1.2478,1.1904,1.2106,1.1944,136058,2020-10-06
LEO-USD,1.2045,1.1898,1.1938,1.1988,110009,2020-10-07
LEO-USD,1.2366,1.1917,1.1991,1.2348,205748,2020-10-08
LEO-USD,1.2553,1.1988,1.2358,1.1988,383085,2020-10-09
LEO-USD,1.2339,1.1871,1.1957,1.1872,409890,2020-10-10
LEO-USD,1.1921,1.1867,1.1873,1.1896,192438,2020-10-11
LEO-USD,1.1946,1.182,1.1895,1.1881,254660,2020-10-12
LEO-USD,1.2119,1.1695,1.1862,1.1841,480289,2020-10-13
LEO-USD,1.1875,1.1772,1.1844,1.1842,348175,2020-10-14
LEO-USD,1.1893,1.1811,1.1843,1.1849,166299,2020-10-15
LEO-USD,1.1898,1.1704,1.1853,1.177,346906,2020-10-16
LEO-USD,1.2107,1.171,1.1768,1.1983,592951,2020-10-17
LEO-USD,1.269,1.1817,1.201,1.2455,258765,2020-10-18
LEO-USD,1.2594,1.1857,1.2594,1.2227,497940,2020-10-19
LEO-USD,1.226,1.2119,1.2235,1.2149,709328,2020-10-20
LEO-USD,1.2419,1.2113,1.216,1.2337,753148,2020-10-21
LEO-USD,1.2551,1.2233,1.2247,1.2423,503709,2020-10-22
LEO-USD,1.2704,1.2309,1.2422,1.2492,243255,2020-10-23
LEO-USD,1.2722,1.2454,1.2572,1.2549,409137,2020-10-24
LEO-USD,1.2671,1.2241,1.2548,1.2501,496429,2020-10-25
LEO-USD,1.2743,1.2457,1.2586,1.2623,398045,2020-10-26
LEO-USD,1.2904,1.2572,1.2572,1.2891,615229,2020-10-27
LEO-USD,1.2908,1.262,1.2861,1.2757,957322,2020-10-28
LEO-USD,1.2764,1.2521,1.2721,1.275,627569,2020-10-29
LEO-USD,1.2759,1.2653,1.2748,1.2678,471612,2020-10-30
LEO-USD,1.2756,1.2545,1.2709,1.2666,397273,2020-10-31
LEO-USD,1.2683,1.2473,1.2645,1.2608,613676,2020-11-01
LEO-USD,1.2699,1.2466,1.2603,1.2574,308650,2020-11-02
LEO-USD,1.2828,1.2387,1.2596,1.2695,384672,2020-11-03
LEO-USD,1.2777,1.2359,1.2661,1.2647,470788,2020-11-04
LEO-USD,1.282,1.2374,1.2704,1.2557,748410,2020-11-05
LEO-USD,1.2922,1.25,1.2574,1.2754,416878,2020-11-06
LEO-USD,1.2909,1.2629,1.2726,1.281,387056,2020-11-07
LEO-USD,1.2958,1.2668,1.2795,1.293,367008,2020-11-08
LEO-USD,1.2979,1.2859,1.2957,1.2932,306491,2020-11-09
LEO-USD,1.304,1.2869,1.2939,1.2951,405986,2020-11-10
LEO-USD,1.3031,1.2936,1.2979,1.3001,434587,2020-11-11
LEO-USD,1.3046,1.2938,1.303,1.2978,442533,2020-11-12
LEO-USD,1.3012,1.2647,1.3012,1.2647,260024,2020-11-13
LEO-USD,1.2918,1.2555,1.2906,1.2623,562385,2020-11-14
LEO-USD,1.2777,1.2558,1.2644,1.2693,293434,2020-11-15
LEO-USD,1.2846,1.2491,1.2652,1.2625,521422,2020-11-16
LEO-USD,1.3051,1.1762,1.2623,1.2965,607881,2020-11-17
LEO-USD,1.3187,1.2847,1.3033,1.2913,490000,2020-11-18
LEO-USD,1.2963,1.2455,1.2912,1.2637,453507,2020-11-19
LEO-USD,1.277,1.2444,1.267,1.2575,466893,2020-11-20
LEO-USD,1.2928,1.2443,1.258,1.2868,424110,2020-11-21
LEO-USD,1.3067,1.2803,1.2839,1.294,611213,2020-11-22
LEO-USD,1.3112,1.2901,1.2938,1.3098,462795,2020-11-23
LEO-USD,1.3141,1.2861,1.307,1.2987,742943,2020-11-24
LEO-USD,1.3258,1.295,1.2971,1.3211,730986,2020-11-25
LEO-USD,1.3394,1.3155,1.3198,1.3348,693196,2020-11-26
LEO-USD,1.3536,1.3199,1.3328,1.3476,374136,2020-11-27
LEO-USD,1.3567,1.3306,1.3369,1.3521,754733,2020-11-28
LEO-USD,1.3609,1.3388,1.3462,1.3571,615447,2020-11-29
LEO-USD,1.3643,1.3459,1.3554,1.3599,593836,2020-11-30
LEO-USD,1.3741,1.3495,1.3521,1.369,464870,2020-12-01
LEO-USD,1.3763,1.3536,1.3729,1.3623,532206,2020-12-02
LEO-USD,1.3665,1.3524,1.3602,1.3532,399309,2020-12-03
LEO-USD,1.3641,1.3533,1.3557,1.3575,365537,2020-12-04
LEO-USD,1.364,1.3493,1.3577,1.3528,302833,2020-12-05
LEO-USD,1.3628,1.3419,1.3563,1.3521,528561,2020-12-06
LEO-USD,1.3531,1.3383,1.3516,1.3465,330087,2020-12-07
LEO-USD,1.3601,1.3367,1.3486,1.3593,477673,2020-12-08
LEO-USD,1.3748,1.3415,1.3612,1.3707,943758,2020-12-09
LEO-USD,1.3774,1.3643,1.37,1.3748,378951,2020-12-10
LEO-USD,1.3789,1.3555,1.3758,1.3719,391075,2020-12-11
LEO-USD,1.3787,1.3606,1.3706,1.3717,360053,2020-12-12
LEO-USD,1.3783,1.3606,1.3657,1.3719,560246,2020-12-13
LEO-USD,1.3785,1.3554,1.3707,1.3674,459752,2020-12-14
LEO-USD,1.3763,1.3414,1.3636,1.3568,523011,2020-12-15
LEO-USD,1.3829,1.347,1.3526,1.3765,465191,2020-12-16
LEO-USD,1.3914,1.3639,1.3765,1.377,657445,2020-12-17
LEO-USD,1.4041,1.3635,1.3862,1.3771,419537,2020-12-18
LEO-USD,1.3862,1.3493,1.3767,1.3654,712262,2020-12-19
LEO-USD,1.3832,1.353,1.3644,1.3749,429306,2020-12-20
LEO-USD,1.3872,1.3544,1.3681,1.3814,429186,2020-12-21
LEO-USD,1.3813,1.3609,1.3813,1.3684,428497,2020-12-22
LEO-USD,1.4262,1.3441,1.3685,1.3784,551076,2020-12-23
LEO-USD,1.4012,1.3462,1.3584,1.3753,447547,2020-12-24
LEO-USD,1.3923,1.3561,1.3796,1.3887,450964,2020-12-25
LEO-USD,1.3926,1.3731,1.389,1.3783,342737,2020-12-26
LEO-USD,1.4064,1.3789,1.3804,1.3931,1137425,2020-12-27
LEO-USD,1.3995,1.3823,1.3903,1.3862,487145,2020-12-28
LEO-USD,1.4027,1.3811,1.3941,1.3957,435510,2020-12-29
LEO-USD,1.4036,1.3797,1.3959,1.3971,498171,2020-12-30
LEO-USD,1.4058,1.3843,1.3926,1.3911,727412,2020-12-31
LEO-USD,1.3971,1.3848,1.3934,1.3929,431290,2021-01-01
LEO-USD,1.4455,1.3841,1.3921,1.3935,840601,2021-01-02
LEO-USD,1.4026,1.3865,1.3956,1.3948,742706,2021-01-03
LEO-USD,1.4064,1.3246,1.3985,1.3441,1889595,2021-01-04
LEO-USD,1.3744,1.3066,1.35,1.3255,1125062,2021-01-05
LEO-USD,1.3918,1.3093,1.3293,1.3843,923030,2021-01-06
LEO-USD,1.3907,1.3507,1.3768,1.3594,888306,2021-01-07
LEO-USD,1.3788,1.3418,1.3573,1.3702,819782,2021-01-08
LEO-USD,1.3934,1.3466,1.3732,1.3751,1233173,2021-01-09
LEO-USD,1.3985,1.3565,1.3817,1.3867,1472293,2021-01-10
LEO-USD,1.3909,1.3595,1.3873,1.3741,1258400,2021-01-11
LEO-USD,1.3984,1.3557,1.3755,1.3775,861439,2021-01-12
LEO-USD,1.3967,1.3461,1.3583,1.3821,565470,2021-01-13
LEO-USD,1.4015,1.3538,1.3807,1.3947,595942,2021-01-14
LEO-USD,1.4115,1.3771,1.3872,1.3969,609985,2021-01-15
LEO-USD,1.4069,1.3719,1.3998,1.3911,767372,2021-01-16
LEO-USD,1.4013,1.3589,1.3969,1.386,500957,2021-01-17
LEO-USD,1.402,1.3797,1.3825,1.3945,587368,2021-01-18
LEO-USD,1.4024,1.3591,1.398,1.3965,1349919,2021-01-19
LEO-USD,1.3984,1.3746,1.3976,1.3943,568018,2021-01-20
LEO-USD,1.4027,1.3668,1.3972,1.3912,2060663,2021-01-21
LEO-USD,1.3939,1.3704,1.3908,1.375,630984,2021-01-22
LEO-USD,1.3977,1.364,1.3722,1.3891,577754,2021-01-23
LEO-USD,1.3991,1.3451,1.3899,1.3755,783066,2021-01-24
LEO-USD,1.3971,1.3586,1.3808,1.3733,709768,2021-01-25
LEO-USD,1.3942,1.3597,1.3759,1.3795,388604,2021-01-26
LEO-USD,1.3963,1.3753,1.3806,1.3844,536740,2021-01-27
LEO-USD,1.3963,1.3709,1.3874,1.3948,424854,2021-01-28
LEO-USD,1.3955,1.3727,1.3932,1.3922,880473,2021-01-29
LEO-USD,1.4127,1.3786,1.3923,1.4014,996794,2021-01-30
LEO-USD,1.4093,1.3804,1.3888,1.3981,857342,2021-01-31
LEO-USD,1.4054,1.397,1.4001,1.4027,862139,2021-02-01
LEO-USD,1.4085,1.3863,1.4031,1.4013,980368,2021-02-02
LEO-USD,1.4096,1.3837,1.4026,1.4041,745572,2021-02-03
LEO-USD,1.4121,1.3843,1.3979,1.3991,704524,2021-02-04
LEO-USD,1.4147,1.3953,1.4002,1.411,1359820,2021-02-05
LEO-USD,1.4161,1.4039,1.4106,1.412,843519,2021-02-06
LEO-USD,1.4175,1.4021,1.4121,1.4135,493665,2021-02-07
LEO-USD,1.512,1.4,1.4134,1.437,3465633,2021-02-08
LEO-USD,1.4571,1.4351,1.4365,1.4554,1846670,2021-02-09
LEO-USD,1.4836,1.433,1.4551,1.4755,1850015,2021-02-10
LEO-USD,1.4826,1.4316,1.4781,1.4486,1274529,2021-02-11
LEO-USD,1.4919,1.43,1.4364,1.4424,1020720,2021-02-12
LEO-USD,1.4751,1.4342,1.4374,1.4738,2420053,2021-02-13
LEO-USD,1.5018,1.4566,1.4718,1.4652,982324,2021-02-14
LEO-USD,1.4979,1.4495,1.4618,1.4709,848291,2021-02-15
LEO-USD,1.5502,1.4561,1.4827,1.4864,952667,2021-02-16
LEO-USD,1.4884,1.4742,1.4857,1.4759,670692,2021-02-17
LEO-USD,1.4833,1.4747,1.4765,1.4816,453330,2021-02-18
LEO-USD,1.6993,1.4779,1.4817,1.6993,18548659,2021-02-19
LEO-USD,1.7819,1.686,1.6897,1.7661,5379738,2021-02-20
LEO-USD,1.804,1.7545,1.7649,1.7923,2429413,2021-02-21
LEO-USD,1.8581,1.7788,1.7977,1.8489,6697133,2021-02-22
LEO-USD,2.1359,1.8381,1.8544,1.9558,17022634,2021-02-23
LEO-USD,2.1046,1.8958,1.9546,1.9292,2715188,2021-02-24
LEO-USD,2.1174,1.9281,1.9288,1.9488,2122641,2021-02-25
LEO-USD,2.0307,1.89,1.9459,2.024,1672400,2021-02-26
LEO-USD,2.0713,1.9995,2.0251,2.0378,1007473,2021-02-27
LEO-USD,2.0405,1.8784,2.0405,1.9075,1295350,2021-02-28
LEO-USD,2.104,1.9023,1.9073,2.1002,1684042,2021-03-01
LEO-USD,2.1071,1.9117,2.0999,1.9223,1040415,2021-03-02
LEO-USD,2.0358,1.9206,1.924,1.9268,851698,2021-03-03
LEO-USD,1.9388,1.8995,1.9266,1.9117,801562,2021-03-04
LEO-USD,1.9143,1.8506,1.9143,1.8752,940941,2021-03-05
LEO-USD,1.9284,1.8609,1.8754,1.9085,455756,2021-03-06
LEO-USD,1.9576,1.8513,1.9088,1.8756,457918,2021-03-07
LEO-USD,1.9362,1.8837,1.8837,1.9187,299150,2021-03-08
LEO-USD,1.9768,1.9166,1.9193,1.975,405847,2021-03-09
LEO-USD,2.0242,1.9716,1.9752,2.0223,742333,2021-03-10
LEO-USD,2.1154,2.0142,2.0205,2.1093,756135,2021-03-11
LEO-USD,2.1232,1.9509,2.1123,1.9548,941584,2021-03-12
LEO-USD,2.1198,1.919,1.9594,1.9763,1152608,2021-03-13
LEO-USD,2.0724,1.9338,1.9901,2.0103,675652,2021-03-14
LEO-USD,2.0655,1.981,2.01,2.0361,553466,2021-03-15
LEO-USD,2.0745,2.0358,2.037,2.0441,601256,2021-03-16
LEO-USD,2.1116,2.043,2.0446,2.1073,1219022,2021-03-17
LEO-USD,2.1173,2.1077,2.1078,2.1104,917924,2021-03-18
LEO-USD,2.1201,2.0855,2.1128,2.0993,514225,2021-03-19
LEO-USD,2.1189,2.0949,2.0967,2.114,561612,2021-03-20
LEO-USD,2.135,2.1057,2.1113,2.1207,735370,2021-03-21
LEO-USD,2.1349,2.0994,2.12,2.1135,639981,2021-03-22
LEO-USD,2.125,2.0935,2.1168,2.1059,588835,2021-03-23
LEO-USD,2.1207,2.0969,2.1101,2.1067,755983,2021-03-24
LEO-USD,2.1262,2.0918,2.1026,2.1135,1272857,2021-03-25
LEO-USD,2.132,2.0994,2.1136,2.1187,1428180,2021-03-26
LEO-USD,2.1413,2.1113,2.1264,2.1356,1054963,2021-03-27
LEO-USD,2.1695,2.1068,2.1309,2.1129,517607,2021-03-28
LEO-USD,2.1254,2.0996,2.1153,2.1124,843476,2021-03-29
LEO-USD,2.1165,2.0472,2.1131,2.0664,1076100,2021-03-30
LEO-USD,2.0854,2.025,2.0652,2.0282,1361592,2021-03-31
LEO-USD,2.0519,2.0237,2.0291,2.0348,816715,2021-04-01
LEO-USD,2.0325,2.0139,2.0295,2.0204,747347,2021-04-02
LEO-USD,2.0389,2.003,2.0182,2.0098,689572,2021-04-03
LEO-USD,2.0243,1.9861,2.0093,1.9935,566591,2021-04-04
LEO-USD,2.0422,1.978,1.9977,2.0295,879575,2021-04-05
LEO-USD,2.1058,1.9835,2.0286,2.0971,1020133,2021-04-06
LEO-USD,2.1167,2.0779,2.1018,2.0779,887067,2021-04-07
LEO-USD,2.1207,2.0781,2.0785,2.1025,818357,2021-04-08
LEO-USD,2.112,2.0831,2.0968,2.0864,630195,2021-04-09
LEO-USD,2.1282,2.081,2.086,2.1102,921559,2021-04-10
LEO-USD,2.1369,2.0991,2.1083,2.1083,915025,2021-04-11
LEO-USD,2.1426,2.1071,2.1195,2.1113,1165252,2021-04-12
LEO-USD,2.1362,2.1063,2.1115,2.1325,787870,2021-04-13
LEO-USD,2.175,2.1121,2.1285,2.175,3173395,2021-04-14
LEO-USD,2.2583,2.1702,2.1734,2.2565,5820673,2021-04-15
LEO-USD,2.2857,2.2023,2.2553,2.2426,5105703,2021-04-16
LEO-USD,2.2766,2.2374,2.2627,2.2544,651277,2021-04-17
LEO-USD,2.2897,2.1442,2.2522,2.1715,2022158,2021-04-18
LEO-USD,2.3189,1.9189,2.1748,1.9614,5644175,2021-04-19
LEO-USD,2.2431,1.9303,1.9615,2.1774,1689728,2021-04-20
LEO-USD,2.2019,2.1708,2.1728,2.1846,768644,2021-04-21
LEO-USD,2.259,2.1535,2.1789,2.1999,1349152,2021-04-22
LEO-USD,2.2822,1.9966,2.202,2.2794,2149818,2021-04-23
LEO-USD,2.3002,2.2421,2.2728,2.246,759357,2021-04-24
LEO-USD,2.311,2.2219,2.2413,2.2964,600595,2021-04-25
LEO-USD,2.3083,2.2849,2.2948,2.2963,536873,2021-04-26
LEO-USD,2.3596,2.291,2.2942,2.3454,1955874,2021-04-27
LEO-USD,2.3483,2.3049,2.3483,2.3115,772921,2021-04-28
LEO-USD,2.3384,2.3093,2.3107,2.3304,521913,2021-04-29
LEO-USD,2.4091,2.3087,2.3296,2.4088,1879723,2021-04-30
LEO-USD,2.462,2.4095,2.4108,2.456,702122,2021-05-01
LEO-USD,2.467,2.4382,2.4603,2.4616,404938,2021-05-02
LEO-USD,2.512,2.4548,2.4558,2.5082,1512809,2021-05-03
LEO-USD,2.5447,2.4874,2.5044,2.534,1082235,2021-05-04
LEO-USD,2.9595,2.5021,2.5364,2.9585,4269343,2021-05-05
LEO-USD,2.9892,2.7815,2.9537,2.9279,1853305,2021-05-06
LEO-USD,2.9269,2.852,2.9111,2.8607,1665868,2021-05-07
LEO-USD,3.0119,2.8632,2.8639,3.0119,929437,2021-05-08
LEO-USD,3.0724,2.9427,3.0103,2.9552,1083129,2021-05-09
LEO-USD,3.6093,2.9233,2.9445,3.5087,3910745,2021-05-10
LEO-USD,3.7652,3.2825,3.507,3.7333,2616300,2021-05-11
LEO-USD,3.9136,3.7361,3.7361,3.8987,3016896,2021-05-12
LEO-USD,3.8968,3.3612,3.894,3.422,2192347,2021-05-13
LEO-USD,3.9555,3.317,3.371,3.3371,3381970,2021-05-14
LEO-USD,3.7743,3.308,3.3392,3.769,1838834,2021-05-15
LEO-USD,3.8365,3.4355,3.7996,3.6828,1815005,2021-05-16
LEO-USD,3.9116,3.2449,3.6627,3.286,2441500,2021-05-17
LEO-USD,3.284,2.8361,3.2817,2.8476,2830935,2021-05-18
LEO-USD,3.2937,2.7115,2.8412,2.8194,5000352,2021-05-19
LEO-USD,3.0181,2.6751,2.8261,2.9389,2456219,2021-05-20
LEO-USD,3.0352,2.5465,2.9114,2.5883,4608627,2021-05-21
LEO-USD,2.5944,2.4472,2.5891,2.4472,1615997,2021-05-22
LEO-USD,2.6922,2.3098,2.4556,2.5222,1949208,2021-05-23
LEO-USD,2.5394,2.3239,2.5249,2.3545,1673179,2021-05-24
LEO-USD,2.4426,2.2553,2.3549,2.2596,1593575,2021-05-25
LEO-USD,2.2679,2.1636,2.2652,2.165,2168951,2021-05-26
LEO-USD,2.1688,2.0375,2.1655,2.0582,2228546,2021-05-27
LEO-USD,2.1797,2.0472,2.0605,2.1101,1359327,2021-05-28
LEO-USD,2.1402,2.0559,2.1233,2.069,661584,2021-05-29
LEO-USD,2.2812,2.0802,2.0802,2.2707,758938,2021-05-30
LEO-USD,2.4573,2.2137,2.2608,2.413,1125957,2021-05-31
LEO-USD,2.6802,2.381,2.3986,2.6636,1045729,2021-06-01
LEO-USD,2.9145,2.6356,2.6896,2.7499,805593,2021-06-02
LEO-USD,2.9419,2.7125,2.7305,2.8753,987173,2021-06-03
LEO-USD,2.9519,2.6763,2.8684,2.6894,1325695,2021-06-04
LEO-USD,2.7414,2.4609,2.7149,2.5779,1111965,2021-06-05
LEO-USD,2.6407,2.322,2.6051,2.4882,975399,2021-06-06
LEO-USD,2.577,2.4502,2.485,2.4631,650386,2021-06-07
LEO-USD,2.8623,2.4643,2.4643,2.622,1520546,2021-06-08
LEO-USD,2.6273,2.4511,2.6184,2.4642,1463644,2021-06-09
LEO-USD,2.4651,2.3829,2.4629,2.384,664442,2021-06-10
LEO-USD,2.5552,2.3811,2.3843,2.4155,373314,2021-06-11
LEO-USD,2.4909,2.3814,2.4156,2.3895,499525,2021-06-12
LEO-USD,2.8007,2.3842,2.389,2.7639,996220,2021-06-13
LEO-USD,2.8019,2.4771,2.7681,2.4786,1039773,2021-06-14
LEO-USD,2.48,2.3795,2.4779,2.3834,1661382,2021-06-15
LEO-USD,2.7303,2.3457,2.3814,2.5586,1362063,2021-06-16
LEO-USD,2.7444,2.5338,2.5515,2.5361,645490,2021-06-17
LEO-USD,2.6635,2.5343,2.5344,2.6522,373020,2021-06-18
LEO-USD,2.6733,2.5679,2.6502,2.5832,301247,2021-06-19
LEO-USD,2.6401,2.5572,2.5857,2.5697,444013,2021-06-20
LEO-USD,2.6116,2.4935,2.5712,2.4959,555336,2021-06-21
LEO-USD,2.5828,2.3753,2.4972,2.4759,1763235,2021-06-22
LEO-USD,2.74,2.4035,2.4796,2.4462,990575,2021-06-23
LEO-USD,2.6277,2.3955,2.4348,2.4008,802105,2021-06-24
LEO-USD,2.5685,2.3514,2.3992,2.3576,1880654,2021-06-25
LEO-USD,2.4198,2.1436,2.3551,2.1436,2955180,2021-06-26
LEO-USD,2.501,2.0665,2.1299,2.0901,3012935,2021-06-27
LEO-USD,2.4716,2.0687,2.0836,2.4172,1956461,2021-06-28
LEO-USD,2.5018,2.2992,2.4175,2.3172,1041491,2021-06-29
LEO-USD,2.5328,2.3154,2.3179,2.4758,728944,2021-06-30
LEO-USD,2.5452,2.3836,2.5321,2.4086,941970,2021-07-01
LEO-USD,2.4213,2.3213,2.4095,2.3375,727941,2021-07-02
LEO-USD,2.4282,2.3373,2.3422,2.3565,419665,2021-07-03
LEO-USD,2.4538,2.3036,2.3641,2.3715,888257,2021-07-04
LEO-USD,2.6243,2.3661,2.3711,2.5555,2233916,2021-07-05
LEO-USD,2.7188,2.5631,2.5655,2.7056,898088,2021-07-06
LEO-USD,2.7432,2.6925,2.7054,2.7422,674315,2021-07-07
LEO-USD,2.892,2.7171,2.7408,2.8802,982897,2021-07-08
LEO-USD,2.9034,2.8239,2.8784,2.8993,363331,2021-07-09
LEO-USD,2.923,2.8293,2.8988,2.888,409053,2021-07-10
LEO-USD,2.9153,2.8705,2.8871,2.9042,235195,2021-07-11
LEO-USD,2.9279,2.8976,2.9019,2.9234,266649,2021-07-12
LEO-USD,2.9371,2.908,2.9241,2.9159,236028,2021-07-13
LEO-USD,2.9188,2.9142,2.9142,2.9171,237005,2021-07-14
