MSD-USD,0.2342,0.0711,0.2214,0.1978,1317090,2017-10-01
MSD-USD,0.2124,0.1011,0.1977,0.1122,206124,2017-10-02
MSD-USD,0.1675,0.049,0.1122,0.122,289396,2017-10-03
MSD-USD,0.1508,0.076,0.1295,0.0877,460591,2017-10-04
MSD-USD,0.0887,0.0669,0.0857,0.0692,148044,2017-10-05
MSD-USD,0.0712,0.0543,0.071,0.0619,141466,2017-10-06
MSD-USD,0.0701,0.0475,0.063,0.049,168451,2017-10-07
MSD-USD,0.0534,0.0227,0.0487,0.0427,220380,2017-10-08
MSD-USD,0.0491,0.0308,0.0428,0.044,183485,2017-10-09
MSD-USD,0.0468,0.0153,0.0464,0.0279,282045,2017-10-10
MSD-USD,0.0444,0.0264,0.031,0.0353,210404,2017-10-11
MSD-USD,0.0399,0.0343,0.0352,0.038,205469,2017-10-12
MSD-USD,0.0412,0.0288,0.0381,0.0313,208726,2017-10-13
MSD-USD,0.0348,0.0265,0.0327,0.0279,184831,2017-10-14
MSD-USD,0.0296,0.0229,0.028,0.0244,127944,2017-10-15
MSD-USD,0.0261,0.0228,0.0244,0.0231,136900,2017-10-16
MSD-USD,0.024,0.0133,0.0232,0.014,147767,2017-10-17
MSD-USD,0.0219,0.012,0.0134,0.0161,127445,2017-10-18
MSD-USD,0.0183,0.0161,0.0163,0.0171,95968,2017-10-19
MSD-USD,0.0183,0.0164,0.0171,0.0173,142714,2017-10-20
MSD-USD,0.0183,0.0169,0.0172,0.0174,90595,2017-10-21
MSD-USD,0.0189,0.0169,0.0174,0.0187,105403,2017-10-22
MSD-USD,0.0192,0.0171,0.0187,0.0178,51647,2017-10-23
MSD-USD,0.0177,0.0168,0.0177,0.0169,25512,2017-10-24
MSD-USD,0.0173,0.0163,0.0169,0.0173,52202,2017-10-25
MSD-USD,0.0192,0.0171,0.0173,0.0182,69508,2017-10-26
MSD-USD,0.0377,0.0181,0.0182,0.0345,159151,2017-10-27
MSD-USD,0.0349,0.0283,0.0345,0.0306,159107,2017-10-28
MSD-USD,0.0318,0.0217,0.0305,0.0238,150480,2017-10-29
MSD-USD,0.0246,0.0191,0.0245,0.0207,83995,2017-10-30
MSD-USD,0.0252,0.0199,0.0206,0.0213,79018,2017-10-31
MSD-USD,0.0214,0.0202,0.0213,0.021,51161,2017-11-01
MSD-USD,0.0216,0.018,0.021,0.0197,94623,2017-11-02
MSD-USD,0.0208,0.0165,0.0197,0.0183,73293,2017-11-03
MSD-USD,0.0191,0.0165,0.0182,0.018,50718,2017-11-04
MSD-USD,0.0181,0.0172,0.0177,0.0175,48590,2017-11-05
MSD-USD,0.0178,0.0155,0.0174,0.0158,76403,2017-11-06
MSD-USD,0.0165,0.0142,0.0158,0.0148,74547,2017-11-07
MSD-USD,0.0156,0.0139,0.0146,0.0152,46932,2017-11-08
MSD-USD,0.0161,0.0149,0.0152,0.0153,116411,2017-11-09
MSD-USD,0.0161,0.0129,0.0153,0.0134,71457,2017-11-10
MSD-USD,0.0144,0.0125,0.0133,0.0127,57799,2017-11-11
MSD-USD,0.0127,0.0106,0.0127,0.0114,39462,2017-11-12
MSD-USD,0.0136,0.0111,0.0116,0.0126,57479,2017-11-13
MSD-USD,0.0133,0.0117,0.0126,0.0118,54002,2017-11-14
MSD-USD,0.0133,0.0102,0.0118,0.0116,88600,2017-11-15
MSD-USD,0.0117,0.0106,0.0116,0.0112,48783,2017-11-16
MSD-USD,0.0113,0.0082,0.0112,0.0093,52266,2017-11-17
MSD-USD,0.0103,0.0085,0.0093,0.01,36450,2017-11-18
MSD-USD,0.0118,0.0099,0.0099,0.0116,44295,2017-11-19
MSD-USD,0.0159,0.0116,0.0116,0.0139,106052,2017-11-20
MSD-USD,0.0146,0.0134,0.0139,0.0136,42679,2017-11-21
MSD-USD,0.0142,0.0133,0.0136,0.0137,39714,2017-11-22
MSD-USD,0.014,0.0134,0.0137,0.0136,22522,2017-11-23
MSD-USD,0.0144,0.0132,0.0135,0.0133,81656,2017-11-24
MSD-USD,0.0139,0.012,0.0133,0.0138,49658,2017-11-25
MSD-USD,0.014,0.0124,0.0139,0.0128,51935,2017-11-26
MSD-USD,0.0134,0.012,0.0128,0.0126,43169,2017-11-27
MSD-USD,0.0133,0.0123,0.0126,0.0125,39546,2017-11-28
MSD-USD,0.014,0.0107,0.0125,0.0116,66601,2017-11-29
MSD-USD,0.0126,0.0105,0.0117,0.0115,67672,2017-11-30
MSD-USD,0.0132,0.0112,0.0115,0.0131,50684,2017-12-01
MSD-USD,0.0131,0.0124,0.013,0.0129,70352,2017-12-02
MSD-USD,0.0133,0.011,0.0129,0.0119,88390,2017-12-03
MSD-USD,0.0129,0.0107,0.0119,0.0129,64307,2017-12-04
MSD-USD,0.0133,0.0109,0.0129,0.0117,74338,2017-12-05
MSD-USD,0.012,0.0056,0.0117,0.0091,80532,2017-12-06
MSD-USD,0.0111,0.0069,0.0089,0.01,86560,2017-12-07
MSD-USD,0.0104,0.0076,0.0101,0.0083,36794,2017-12-08
MSD-USD,0.0092,0.0079,0.0083,0.0091,50050,2017-12-09
MSD-USD,0.0094,0.0073,0.0092,0.0092,29422,2017-12-10
MSD-USD,0.0098,0.0084,0.0091,0.0091,38972,2017-12-11
MSD-USD,0.0094,0.0085,0.0088,0.0092,31338,2017-12-12
MSD-USD,0.0093,0.0083,0.0092,0.0087,36149,2017-12-13
MSD-USD,0.009,0.0074,0.0087,0.0076,52701,2017-12-14
MSD-USD,0.0082,0.0055,0.0076,0.0063,50916,2017-12-15
MSD-USD,0.0091,0.0065,0.0065,0.0088,37301,2017-12-16
MSD-USD,0.0091,0.0074,0.0088,0.0076,28473,2017-12-17
MSD-USD,0.0077,0.0067,0.0077,0.0071,39823,2017-12-18
MSD-USD,0.0072,0.006,0.0071,0.0062,12749,2017-12-19
MSD-USD,0.0064,0.0054,0.0062,0.0054,34484,2017-12-20
MSD-USD,0.0058,0.005,0.0054,0.0054,20797,2017-12-21
MSD-USD,0.0055,0.004,0.0054,0.0045,13324,2017-12-22
MSD-USD,0.0058,0.0045,0.0046,0.0052,27735,2017-12-23
MSD-USD,0.0055,0.0045,0.0052,0.0052,5142,2017-12-24
MSD-USD,0.0053,0.0043,0.0052,0.0048,44549,2017-12-25
MSD-USD,0.0056,0.0047,0.0047,0.0054,18530,2017-12-26
MSD-USD,0.0059,0.005,0.0054,0.0054,27596,2017-12-27
MSD-USD,0.0055,0.0047,0.0054,0.005,39567,2017-12-28
MSD-USD,0.0058,0.005,0.0051,0.0054,39607,2017-12-29
MSD-USD,0.0062,0.005,0.0054,0.0057,41773,2017-12-30
MSD-USD,0.0101,0.0056,0.0056,0.01,136102,2017-12-31
MSD-USD,0.0134,0.0092,0.0101,0.0108,90645,2018-01-01
MSD-USD,0.0135,0.0105,0.0108,0.0113,109160,2018-01-02
MSD-USD,0.0116,0.0093,0.0113,0.0098,66961,2018-01-03
MSD-USD,0.0099,0.0075,0.0099,0.0082,83840,2018-01-04
MSD-USD,0.0086,0.007,0.0079,0.0075,96719,2018-01-05
MSD-USD,0.008,0.007,0.0075,0.0074,35901,2018-01-06
MSD-USD,0.0079,0.007,0.0074,0.0073,29551,2018-01-07
MSD-USD,0.0075,0.0063,0.0073,0.0069,47323,2018-01-08
MSD-USD,0.0086,0.0067,0.0068,0.0071,48371,2018-01-09
MSD-USD,0.0071,0.0064,0.0071,0.0066,57429,2018-01-10
MSD-USD,0.007,0.0051,0.0066,0.006,53460,2018-01-11
MSD-USD,0.0063,0.0057,0.0061,0.0061,32504,2018-01-12
MSD-USD,0.0066,0.006,0.0061,0.0063,12449,2018-01-13
MSD-USD,0.0065,0.0057,0.0063,0.0059,25815,2018-01-14
MSD-USD,0.0062,0.0056,0.0059,0.0056,19201,2018-01-15
MSD-USD,0.0058,0.0044,0.0056,0.0051,13976,2018-01-16
MSD-USD,0.0054,0.0045,0.0051,0.0051,44642,2018-01-17
MSD-USD,0.0056,0.0049,0.0051,0.0052,13828,2018-01-18
MSD-USD,0.0059,0.0049,0.0052,0.0054,21559,2018-01-19
MSD-USD,0.0062,0.0053,0.0054,0.0061,12058,2018-01-20
MSD-USD,0.0061,0.0054,0.0061,0.0054,6441,2018-01-21
MSD-USD,0.0059,0.005,0.0056,0.0053,9530,2018-01-22
MSD-USD,0.0064,0.005,0.0053,0.0062,38080,2018-01-23
MSD-USD,0.0066,0.0058,0.0062,0.0064,19939,2018-01-24
MSD-USD,0.0078,0.0063,0.0064,0.0077,38000,2018-01-25
MSD-USD,0.0084,0.0065,0.0077,0.0073,47256,2018-01-26
MSD-USD,0.0076,0.0067,0.0073,0.0072,17838,2018-01-27
MSD-USD,0.0075,0.0068,0.0072,0.0071,15555,2018-01-28
MSD-USD,0.0072,0.0067,0.0071,0.0068,19971,2018-01-29
MSD-USD,0.0068,0.0054,0.0068,0.0054,35521,2018-01-30
MSD-USD,0.0066,0.0052,0.0054,0.0062,25440,2018-01-31
MSD-USD,0.0063,0.0052,0.0062,0.0054,21806,2018-02-01
MSD-USD,0.0056,0.0045,0.0054,0.0053,19559,2018-02-02
MSD-USD,0.0059,0.0048,0.0053,0.0057,36644,2018-02-03
MSD-USD,0.0058,0.0049,0.0056,0.0051,20229,2018-02-04
MSD-USD,0.0053,0.0041,0.0051,0.0043,30613,2018-02-05
MSD-USD,0.0055,0.0039,0.0043,0.0054,41226,2018-02-06
MSD-USD,0.0061,0.005,0.0054,0.0055,29240,2018-02-07
MSD-USD,0.0061,0.0054,0.0055,0.0059,15690,2018-02-08
MSD-USD,0.0061,0.0055,0.0059,0.0061,25297,2018-02-09
MSD-USD,0.0065,0.0058,0.0061,0.0061,19998,2018-02-10
MSD-USD,0.0062,0.0055,0.0061,0.0058,27453,2018-02-11
MSD-USD,0.0065,0.0059,0.0059,0.0063,18166,2018-02-12
MSD-USD,0.0067,0.0061,0.0063,0.0065,27891,2018-02-13
MSD-USD,0.0078,0.0065,0.0066,0.0077,30491,2018-02-14
MSD-USD,0.0086,0.0075,0.0076,0.0077,48427,2018-02-15
MSD-USD,0.0081,0.0064,0.008,0.0069,41097,2018-02-16
MSD-USD,0.0076,0.0065,0.0069,0.0073,6831,2018-02-17
MSD-USD,0.0074,0.0063,0.0072,0.0064,20447,2018-02-18
MSD-USD,0.0067,0.0061,0.0064,0.0061,32018,2018-02-19
MSD-USD,0.0065,0.0052,0.0061,0.0056,36800,2018-02-20
MSD-USD,0.0057,0.0051,0.0056,0.0053,14846,2018-02-21
MSD-USD,0.0068,0.0053,0.0053,0.0068,42738,2018-02-22
MSD-USD,0.0098,0.0067,0.0068,0.0091,117677,2018-02-23
MSD-USD,0.0099,0.0085,0.0091,0.009,16384,2018-02-24
MSD-USD,0.01,0.0088,0.009,0.0099,26870,2018-02-25
MSD-USD,0.0383,0.01,0.01,0.0297,355584,2018-02-26
MSD-USD,0.0295,0.0198,0.0295,0.0217,130526,2018-02-27
MSD-USD,0.0224,0.0202,0.0216,0.0204,49245,2018-02-28
MSD-USD,0.0215,0.0167,0.0205,0.0202,136382,2018-03-01
MSD-USD,0.0203,0.0178,0.0201,0.02,38267,2018-03-02
MSD-USD,0.0215,0.0178,0.0199,0.0197,64908,2018-03-03
MSD-USD,0.0197,0.0112,0.0197,0.0114,76522,2018-03-04
MSD-USD,0.0143,0.0087,0.0114,0.0134,64256,2018-03-05
MSD-USD,0.0135,0.0113,0.0134,0.0121,20996,2018-03-06
MSD-USD,0.0125,0.0105,0.0121,0.0113,18918,2018-03-07
MSD-USD,0.0115,0.0103,0.0113,0.0104,18914,2018-03-08
MSD-USD,0.0112,0.0096,0.0103,0.0108,25830,2018-03-09
MSD-USD,0.0121,0.0108,0.0108,0.0111,16671,2018-03-10
MSD-USD,0.0136,0.0107,0.011,0.0127,43538,2018-03-11
MSD-USD,0.0137,0.0119,0.0127,0.0128,12286,2018-03-12
MSD-USD,0.0145,0.0124,0.0127,0.0141,38857,2018-03-13
MSD-USD,0.0159,0.0132,0.0141,0.014,26994,2018-03-14
MSD-USD,0.014,0.0128,0.014,0.0139,22423,2018-03-15
MSD-USD,0.0162,0.0134,0.0139,0.016,31142,2018-03-16
MSD-USD,0.0171,0.0152,0.0163,0.016,36024,2018-03-17
MSD-USD,0.0187,0.0152,0.0159,0.018,49576,2018-03-18
MSD-USD,0.0197,0.0139,0.0179,0.0142,83043,2018-03-19
MSD-USD,0.0178,0.0092,0.0143,0.0171,158371,2018-03-20
MSD-USD,0.0176,0.0158,0.0172,0.0166,27524,2018-03-21
MSD-USD,0.0172,0.0156,0.0159,0.017,57354,2018-03-22
MSD-USD,0.0177,0.0161,0.017,0.0177,39029,2018-03-23
MSD-USD,0.0182,0.0173,0.0179,0.0174,14172,2018-03-24
MSD-USD,0.0175,0.0169,0.0172,0.0171,10614,2018-03-25
MSD-USD,0.0181,0.0168,0.017,0.0178,33672,2018-03-26
MSD-USD,0.0187,0.0172,0.0177,0.0172,42368,2018-03-27
MSD-USD,0.0185,0.0171,0.0172,0.0182,16408,2018-03-28
MSD-USD,0.0183,0.016,0.0183,0.0174,15866,2018-03-29
MSD-USD,0.0182,0.0154,0.0172,0.0166,45144,2018-03-30
MSD-USD,0.0176,0.0166,0.0166,0.017,6285,2018-03-31
MSD-USD,0.0174,0.0159,0.017,0.0169,12512,2018-04-01
MSD-USD,0.0176,0.0167,0.017,0.0172,11686,2018-04-02
MSD-USD,0.0187,0.0173,0.0174,0.0186,15398,2018-04-03
MSD-USD,0.0186,0.017,0.0186,0.0174,12657,2018-04-04
MSD-USD,0.0202,0.017,0.0174,0.0197,30542,2018-04-05
MSD-USD,0.0231,0.0187,0.0196,0.0229,40184,2018-04-06
MSD-USD,0.0278,0.0214,0.0229,0.0275,79909,2018-04-07
MSD-USD,0.0279,0.0258,0.0275,0.0273,30030,2018-04-08
MSD-USD,0.0281,0.0257,0.0274,0.0263,17144,2018-04-09
MSD-USD,0.0273,0.026,0.0263,0.027,18148,2018-04-10
MSD-USD,0.028,0.0269,0.0271,0.028,16430,2018-04-11
MSD-USD,0.0349,0.0278,0.0279,0.0346,55900,2018-04-12
MSD-USD,0.0351,0.033,0.0347,0.0333,31838,2018-04-13
MSD-USD,0.0343,0.0225,0.0333,0.0289,57229,2018-04-14
MSD-USD,0.033,0.0257,0.0289,0.031,15119,2018-04-15
MSD-USD,0.0316,0.029,0.031,0.0303,14077,2018-04-16
MSD-USD,0.031,0.0288,0.0303,0.0288,16182,2018-04-17
MSD-USD,0.0297,0.0264,0.0288,0.0288,21525,2018-04-18
MSD-USD,0.0288,0.0248,0.0288,0.0269,33185,2018-04-19
MSD-USD,0.0302,0.0257,0.0269,0.0301,16125,2018-04-20
MSD-USD,0.0303,0.0247,0.0301,0.0276,25823,2018-04-21
MSD-USD,0.0284,0.0266,0.0276,0.027,10204,2018-04-22
MSD-USD,0.028,0.0264,0.027,0.0278,18954,2018-04-23
MSD-USD,0.0285,0.0263,0.0279,0.0275,57809,2018-04-24
MSD-USD,0.0278,0.0215,0.0273,0.0215,38915,2018-04-25
MSD-USD,0.0229,0.0203,0.0217,0.0214,18154,2018-04-26
MSD-USD,0.0225,0.0188,0.0217,0.0207,25990,2018-04-27
MSD-USD,0.0274,0.0206,0.0206,0.0249,31326,2018-04-28
MSD-USD,0.0257,0.0232,0.0243,0.0242,8516,2018-04-29
MSD-USD,0.0249,0.0219,0.0242,0.0241,13516,2018-04-30
MSD-USD,0.0241,0.0207,0.0241,0.0217,11561,2018-05-01
MSD-USD,0.0226,0.0203,0.0217,0.0221,25197,2018-05-02
MSD-USD,0.023,0.0211,0.0221,0.022,25019,2018-05-03
MSD-USD,0.0218,0.0183,0.0218,0.0201,51265,2018-05-04
MSD-USD,0.0205,0.0189,0.0201,0.0196,15473,2018-05-05
MSD-USD,0.0202,0.0185,0.0196,0.0187,6617,2018-05-06
MSD-USD,0.0188,0.0162,0.0187,0.0166,31321,2018-05-07
MSD-USD,0.0173,0.0162,0.0167,0.017,7902,2018-05-08
MSD-USD,0.0191,0.0164,0.017,0.019,5520,2018-05-09
MSD-USD,0.0188,0.0169,0.0187,0.0174,5284,2018-05-10
MSD-USD,0.018,0.0161,0.0174,0.0174,8414,2018-05-11
MSD-USD,0.0176,0.0162,0.0174,0.0172,3104,2018-05-12
MSD-USD,0.021,0.0164,0.0172,0.0174,3444,2018-05-13
MSD-USD,0.0177,0.0164,0.0174,0.0171,6988,2018-05-14
MSD-USD,0.0177,0.0165,0.0171,0.017,7450,2018-05-15
MSD-USD,0.017,0.0161,0.017,0.0168,6118,2018-05-16
MSD-USD,0.0169,0.0161,0.0168,0.0161,3367,2018-05-17
MSD-USD,0.0169,0.0159,0.0162,0.0166,8829,2018-05-18
MSD-USD,0.0171,0.0165,0.0166,0.017,3969,2018-05-19
MSD-USD,0.0172,0.0166,0.017,0.0171,1564,2018-05-20
MSD-USD,0.0175,0.0169,0.0171,0.0173,8776,2018-05-21
MSD-USD,0.0242,0.0167,0.0173,0.0192,35546,2018-05-22
MSD-USD,0.0201,0.0077,0.0192,0.009,88656,2018-05-23
MSD-USD,0.0097,0.0063,0.009,0.0075,49403,2018-05-24
MSD-USD,0.0075,0.0057,0.0075,0.0069,40673,2018-05-25
MSD-USD,0.0082,0.0059,0.0069,0.0065,35597,2018-05-26
MSD-USD,0.007,0.0055,0.0065,0.0059,25556,2018-05-27
MSD-USD,0.0062,0.0051,0.0059,0.0055,33801,2018-05-28
MSD-USD,0.0061,0.0053,0.0053,0.006,20639,2018-05-29
MSD-USD,0.0066,0.0057,0.006,0.0059,45385,2018-05-30
MSD-USD,0.0063,0.005,0.0059,0.0054,61697,2018-05-31
MSD-USD,0.0055,0.0048,0.0054,0.005,37396,2018-06-01
MSD-USD,0.0052,0.0044,0.005,0.0047,27060,2018-06-02
MSD-USD,0.0048,0.0042,0.0047,0.0042,54388,2018-06-03
MSD-USD,0.0044,0.0035,0.0042,0.0041,58986,2018-06-04
MSD-USD,0.0042,0.0036,0.0041,0.0039,61785,2018-06-05
MSD-USD,0.0039,0.0032,0.0039,0.0034,49543,2018-06-06
MSD-USD,0.0042,0.0033,0.0034,0.0041,40385,2018-06-07
MSD-USD,0.0057,0.0041,0.0041,0.0053,49556,2018-06-08
MSD-USD,0.0053,0.0044,0.0053,0.0046,23863,2018-06-09
MSD-USD,0.0053,0.004,0.0046,0.0043,53953,2018-06-10
MSD-USD,0.0044,0.0039,0.0043,0.0042,22077,2018-06-11
MSD-USD,0.0052,0.004,0.0042,0.0043,84223,2018-06-12
MSD-USD,0.0043,0.0039,0.0043,0.0041,33662,2018-06-13
MSD-USD,0.0043,0.004,0.0041,0.0043,15957,2018-06-14
MSD-USD,0.0043,0.0039,0.0043,0.0041,19426,2018-06-15
MSD-USD,0.0042,0.0039,0.004,0.004,19853,2018-06-16
MSD-USD,0.0041,0.0038,0.004,0.004,13256,2018-06-17
MSD-USD,0.0048,0.004,0.004,0.0046,57685,2018-06-18
MSD-USD,0.0047,0.0041,0.0046,0.0042,30904,2018-06-19
MSD-USD,0.0043,0.004,0.0043,0.0041,55377,2018-06-20
MSD-USD,0.0042,0.0038,0.0042,0.004,30336,2018-06-21
MSD-USD,0.0041,0.0036,0.004,0.0037,24280,2018-06-22
MSD-USD,0.0041,0.0037,0.0037,0.0039,16020,2018-06-23
MSD-USD,0.0042,0.0036,0.0039,0.0039,40306,2018-06-24
MSD-USD,0.0042,0.0038,0.0039,0.004,24906,2018-06-25
MSD-USD,0.0041,0.0036,0.004,0.0036,27837,2018-06-26
MSD-USD,0.0039,0.0035,0.0036,0.0036,20450,2018-06-27
MSD-USD,0.0038,0.0035,0.0036,0.0036,10719,2018-06-28
MSD-USD,0.0038,0.0033,0.0036,0.0037,17228,2018-06-29
MSD-USD,0.0039,0.0037,0.0037,0.0038,5942,2018-06-30
MSD-USD,0.0039,0.0035,0.0038,0.0035,28299,2018-07-01
MSD-USD,0.0039,0.0034,0.0035,0.0038,21727,2018-07-02
MSD-USD,0.0039,0.0036,0.0037,0.0036,23985,2018-07-03
MSD-USD,0.0039,0.0036,0.0036,0.0037,19499,2018-07-04
MSD-USD,0.0038,0.0036,0.0037,0.0037,13717,2018-07-05
MSD-USD,0.0038,0.0036,0.0037,0.0038,13642,2018-07-06
MSD-USD,0.0039,0.0036,0.0038,0.0037,21420,2018-07-07
MSD-USD,0.0038,0.0036,0.0037,0.0037,7910,2018-07-08
MSD-USD,0.0038,0.0036,0.0037,0.0037,12481,2018-07-09
MSD-USD,0.0037,0.0035,0.0037,0.0035,14397,2018-07-10
MSD-USD,0.0036,0.0034,0.0035,0.0035,14240,2018-07-11
MSD-USD,0.0035,0.0033,0.0035,0.0034,10144,2018-07-12
MSD-USD,0.0034,0.0033,0.0034,0.0034,8506,2018-07-13
MSD-USD,0.0034,0.0032,0.0034,0.0033,16204,2018-07-14
MSD-USD,0.0033,0.0027,0.0033,0.0032,18388,2018-07-15
MSD-USD,0.0036,0.003,0.0032,0.0034,16024,2018-07-16
MSD-USD,0.0038,0.0033,0.0034,0.0037,25659,2018-07-17
MSD-USD,0.0038,0.0033,0.0037,0.0037,24242,2018-07-18
MSD-USD,0.0037,0.0034,0.0037,0.0034,26120,2018-07-19
MSD-USD,0.0036,0.0033,0.0034,0.0035,15730,2018-07-20
MSD-USD,0.0038,0.0034,0.0034,0.0038,19022,2018-07-21
MSD-USD,0.0048,0.0037,0.0038,0.0037,54995,2018-07-22
MSD-USD,0.004,0.0037,0.0037,0.0039,26307,2018-07-23
MSD-USD,0.0042,0.0029,0.0039,0.004,44914,2018-07-24
MSD-USD,0.004,0.002,0.004,0.003,71578,2018-07-25
MSD-USD,0.0041,0.003,0.003,0.0038,53437,2018-07-26
MSD-USD,0.0043,0.0037,0.0038,0.0038,55799,2018-07-27
MSD-USD,0.004,0.0038,0.0039,0.0038,37800,2018-07-28
MSD-USD,0.004,0.0038,0.0039,0.0039,29181,2018-07-29
MSD-USD,0.0074,0.0039,0.0039,0.0071,133208,2018-07-30
MSD-USD,0.0121,0.0045,0.0067,0.0056,176254,2018-07-31
MSD-USD,0.0067,0.0049,0.0056,0.0053,97753,2018-08-01
MSD-USD,0.0057,0.005,0.0052,0.0054,71943,2018-08-02
MSD-USD,0.0058,0.0053,0.0054,0.0056,58935,2018-08-03
MSD-USD,0.0062,0.0056,0.0056,0.006,83608,2018-08-04
MSD-USD,0.0067,0.0059,0.0061,0.0065,92042,2018-08-05
MSD-USD,0.0077,0.0062,0.0065,0.0067,132025,2018-08-06
MSD-USD,0.0068,0.006,0.0065,0.0062,73529,2018-08-07
MSD-USD,0.0062,0.0052,0.0062,0.0056,59948,2018-08-08
MSD-USD,0.0059,0.0052,0.0056,0.0058,39130,2018-08-09
MSD-USD,0.0058,0.0053,0.0058,0.0053,47466,2018-08-10
MSD-USD,0.0056,0.005,0.0053,0.0054,32824,2018-08-11
MSD-USD,0.0055,0.0047,0.0054,0.005,74887,2018-08-12
MSD-USD,0.0054,0.0049,0.005,0.005,32321,2018-08-13
MSD-USD,0.005,0.0047,0.0049,0.005,27086,2018-08-14
MSD-USD,0.005,0.0043,0.005,0.0043,87702,2018-08-15
MSD-USD,0.0053,0.0042,0.0043,0.0047,39316,2018-08-16
MSD-USD,0.0049,0.0045,0.0047,0.0047,34313,2018-08-17
MSD-USD,0.0048,0.0045,0.0047,0.0045,16985,2018-08-18
MSD-USD,0.005,0.0045,0.0045,0.0049,32063,2018-08-19
MSD-USD,0.005,0.0046,0.0049,0.0047,20839,2018-08-20
MSD-USD,0.0051,0.0047,0.0047,0.005,29148,2018-08-21
MSD-USD,0.0053,0.0047,0.005,0.0048,23936,2018-08-22
MSD-USD,0.005,0.0047,0.0048,0.0049,22233,2018-08-23
MSD-USD,0.0051,0.0048,0.0049,0.005,49423,2018-08-24
MSD-USD,0.0053,0.005,0.005,0.0051,35239,2018-08-25
MSD-USD,0.0051,0.0049,0.0051,0.0051,19611,2018-08-26
MSD-USD,0.0052,0.005,0.0051,0.0052,23801,2018-08-27
MSD-USD,0.0054,0.0052,0.0053,0.0053,55343,2018-08-28
MSD-USD,0.0054,0.0052,0.0053,0.0053,26562,2018-08-29
MSD-USD,0.0053,0.005,0.0053,0.0052,36756,2018-08-30
MSD-USD,0.0056,0.0052,0.0052,0.0056,40647,2018-08-31
MSD-USD,0.0059,0.0055,0.0056,0.0055,34403,2018-09-01
MSD-USD,0.0057,0.0054,0.0056,0.0055,18329,2018-09-02
MSD-USD,0.0055,0.0053,0.0055,0.0054,17397,2018-09-03
MSD-USD,0.0055,0.0051,0.0054,0.0054,34141,2018-09-04
MSD-USD,0.0055,0.0045,0.0054,0.0047,45909,2018-09-05
MSD-USD,0.0048,0.0044,0.0048,0.0048,44754,2018-09-06
MSD-USD,0.0048,0.0046,0.0048,0.0047,47993,2018-09-07
MSD-USD,0.0049,0.0045,0.0047,0.0046,26181,2018-09-08
MSD-USD,0.0047,0.0042,0.0046,0.0045,52579,2018-09-09
MSD-USD,0.0047,0.0045,0.0045,0.0046,36967,2018-09-10
MSD-USD,0.0047,0.0045,0.0046,0.0046,24043,2018-09-11
MSD-USD,0.0047,0.0045,0.0046,0.0046,14166,2018-09-12
MSD-USD,0.0048,0.0045,0.0046,0.0047,9735,2018-09-13
MSD-USD,0.0047,0.0045,0.0047,0.0046,13870,2018-09-14
MSD-USD,0.0047,0.0045,0.0046,0.0046,11478,2018-09-15
MSD-USD,0.0046,0.0044,0.0046,0.0046,22110,2018-09-16
MSD-USD,0.0046,0.0041,0.0046,0.0042,34674,2018-09-17
MSD-USD,0.0044,0.004,0.0042,0.0041,33899,2018-09-18
MSD-USD,0.0042,0.0038,0.0041,0.004,17707,2018-09-19
MSD-USD,0.0043,0.0038,0.004,0.0041,20476,2018-09-20
MSD-USD,0.0045,0.004,0.0041,0.0044,24833,2018-09-21
MSD-USD,0.0045,0.0042,0.0043,0.0043,39079,2018-09-22
MSD-USD,0.0045,0.0042,0.0043,0.0044,23933,2018-09-23
MSD-USD,0.0046,0.0042,0.0044,0.0045,35825,2018-09-24
MSD-USD,0.0046,0.0042,0.0045,0.0046,41324,2018-09-25
MSD-USD,0.0052,0.0045,0.0046,0.005,67457,2018-09-26
MSD-USD,0.0052,0.0049,0.005,0.0051,47109,2018-09-27
MSD-USD,0.0054,0.0051,0.0051,0.0053,55144,2018-09-28
MSD-USD,0.0061,0.0051,0.0052,0.006,79588,2018-09-29
MSD-USD,0.0062,0.0053,0.006,0.0058,77331,2018-09-30
MSD-USD,0.0058,0.0053,0.0057,0.0053,29429,2018-10-01
MSD-USD,0.0055,0.0051,0.0053,0.0052,44195,2018-10-02
MSD-USD,0.0053,0.0051,0.0052,0.0051,19500,2018-10-03
MSD-USD,0.0053,0.005,0.0051,0.0052,23058,2018-10-04
MSD-USD,0.0053,0.005,0.0052,0.0052,25869,2018-10-05
MSD-USD,0.0053,0.0051,0.0052,0.0052,27420,2018-10-06
MSD-USD,0.0052,0.005,0.0052,0.005,32875,2018-10-07
MSD-USD,0.0052,0.005,0.0051,0.0051,36142,2018-10-08
MSD-USD,0.0051,0.0049,0.0051,0.0049,13838,2018-10-09
MSD-USD,0.0052,0.0049,0.0049,0.0051,32102,2018-10-10
MSD-USD,0.0051,0.0047,0.0051,0.0047,15189,2018-10-11
MSD-USD,0.005,0.0047,0.0047,0.0049,15308,2018-10-12
MSD-USD,0.0051,0.0048,0.0049,0.0049,24078,2018-10-13
MSD-USD,0.0054,0.0048,0.0049,0.0051,21034,2018-10-14
MSD-USD,0.0057,0.0048,0.0051,0.0051,57338,2018-10-15
MSD-USD,0.0053,0.0051,0.0051,0.0052,22006,2018-10-16
MSD-USD,0.0052,0.0051,0.0052,0.0052,24706,2018-10-17
MSD-USD,0.0068,0.0051,0.0052,0.0058,160248,2018-10-18
MSD-USD,0.0069,0.0058,0.0058,0.0064,101762,2018-10-19
MSD-USD,0.0074,0.0064,0.0064,0.0072,118434,2018-10-20
MSD-USD,0.0085,0.0071,0.0071,0.0084,122574,2018-10-21
MSD-USD,0.0091,0.0083,0.0084,0.0088,94310,2018-10-22
MSD-USD,0.009,0.0082,0.0087,0.0085,65252,2018-10-23
MSD-USD,0.0089,0.0081,0.0084,0.0081,67277,2018-10-24
MSD-USD,0.0083,0.0065,0.0078,0.0068,61844,2018-10-25
MSD-USD,0.0073,0.0064,0.0068,0.0073,81249,2018-10-26
MSD-USD,0.0076,0.0068,0.0073,0.007,32198,2018-10-27
MSD-USD,0.0071,0.0064,0.0071,0.0065,42434,2018-10-28
MSD-USD,0.007,0.0062,0.0066,0.0064,41731,2018-10-29
MSD-USD,0.0066,0.0062,0.0064,0.0064,32567,2018-10-30
MSD-USD,0.0065,0.0064,0.0064,0.0064,21919,2018-10-31
MSD-USD,0.0066,0.0063,0.0064,0.0064,32403,2018-11-01
MSD-USD,0.0065,0.0063,0.0064,0.0064,22406,2018-11-02
MSD-USD,0.0066,0.0063,0.0064,0.0066,37854,2018-11-03
MSD-USD,0.0066,0.0064,0.0066,0.0066,18147,2018-11-04
MSD-USD,0.0067,0.0065,0.0066,0.0066,20438,2018-11-05
MSD-USD,0.0067,0.0065,0.0066,0.0067,50023,2018-11-06
MSD-USD,0.0067,0.0066,0.0067,0.0066,41940,2018-11-07
MSD-USD,0.0067,0.0062,0.0066,0.0062,40989,2018-11-08
MSD-USD,0.0063,0.0052,0.0062,0.0056,23524,2018-11-09
MSD-USD,0.0062,0.0054,0.0056,0.0058,12912,2018-11-10
MSD-USD,0.0059,0.0056,0.0058,0.0058,14357,2018-11-11
MSD-USD,0.0058,0.0054,0.0058,0.0055,21040,2018-11-12
MSD-USD,0.0056,0.0053,0.0055,0.0053,23023,2018-11-13
MSD-USD,0.0054,0.0042,0.0053,0.0044,30816,2018-11-14
MSD-USD,0.005,0.0044,0.0044,0.0048,45533,2018-11-15
MSD-USD,0.005,0.0047,0.0048,0.0048,21857,2018-11-16
MSD-USD,0.0049,0.0047,0.0048,0.0048,14375,2018-11-17
MSD-USD,0.005,0.0048,0.0048,0.005,14379,2018-11-18
MSD-USD,0.005,0.0042,0.005,0.0043,37460,2018-11-19
MSD-USD,0.0047,0.004,0.0043,0.0044,40117,2018-11-20
MSD-USD,0.0047,0.0043,0.0044,0.0046,40508,2018-11-21
MSD-USD,0.0048,0.0044,0.0046,0.0044,16876,2018-11-22
MSD-USD,0.0047,0.0043,0.0044,0.0046,46479,2018-11-23
MSD-USD,0.0047,0.0041,0.0045,0.0043,19475,2018-11-24
MSD-USD,0.0047,0.0042,0.0043,0.0045,54488,2018-11-25
MSD-USD,0.0047,0.004,0.0045,0.0042,28463,2018-11-26
MSD-USD,0.0044,0.0041,0.0042,0.0042,21337,2018-11-27
MSD-USD,0.005,0.0042,0.0042,0.0048,19868,2018-11-28
MSD-USD,0.0049,0.0045,0.0048,0.0047,50108,2018-11-29
MSD-USD,0.0047,0.0041,0.0047,0.0043,46993,2018-11-30
MSD-USD,0.0047,0.0042,0.0043,0.0046,20841,2018-12-01
MSD-USD,0.0047,0.0044,0.0046,0.0045,13320,2018-12-02
MSD-USD,0.0046,0.0042,0.0046,0.0043,18161,2018-12-03
MSD-USD,0.0045,0.0042,0.0043,0.0043,25485,2018-12-04
MSD-USD,0.0044,0.0041,0.0043,0.0042,20487,2018-12-05
MSD-USD,0.0044,0.0039,0.0042,0.0039,61846,2018-12-06
MSD-USD,0.0042,0.0038,0.0039,0.0041,37087,2018-12-07
MSD-USD,0.0049,0.0041,0.0041,0.0048,58823,2018-12-08
MSD-USD,0.0054,0.0047,0.0048,0.0047,56882,2018-12-09
MSD-USD,0.0049,0.0042,0.0047,0.0045,35842,2018-12-10
MSD-USD,0.0046,0.0041,0.0045,0.0044,24132,2018-12-11
MSD-USD,0.0044,0.0042,0.0044,0.0043,13011,2018-12-12
MSD-USD,0.0044,0.0041,0.0044,0.0041,31643,2018-12-13
MSD-USD,0.0043,0.0041,0.0041,0.0041,22760,2018-12-14
MSD-USD,0.0043,0.004,0.0041,0.0042,8749,2018-12-15
MSD-USD,0.0043,0.0041,0.0042,0.0043,35933,2018-12-16
MSD-USD,0.0046,0.0041,0.0043,0.0045,16671,2018-12-17
MSD-USD,0.0046,0.0044,0.0045,0.0046,9975,2018-12-18
MSD-USD,0.0048,0.0042,0.0047,0.0045,33457,2018-12-19
MSD-USD,0.0049,0.0044,0.0045,0.0047,13902,2018-12-20
MSD-USD,0.0047,0.0041,0.0047,0.0042,18748,2018-12-21
MSD-USD,0.0045,0.0042,0.0042,0.0045,10223,2018-12-22
MSD-USD,0.0045,0.0042,0.0045,0.0042,16010,2018-12-23
MSD-USD,0.0045,0.0041,0.0042,0.0042,28132,2018-12-24
MSD-USD,0.0042,0.0038,0.0042,0.0039,21647,2018-12-25
MSD-USD,0.0042,0.0038,0.0039,0.004,28285,2018-12-26
MSD-USD,0.0041,0.0038,0.0041,0.0039,8457,2018-12-27
MSD-USD,0.0042,0.0038,0.0039,0.0041,30578,2018-12-28
MSD-USD,0.0042,0.0038,0.0041,0.0038,20943,2018-12-29
MSD-USD,0.0041,0.0038,0.0039,0.0038,9871,2018-12-30
MSD-USD,0.0041,0.0037,0.0038,0.0038,11527,2018-12-31
MSD-USD,0.0039,0.0037,0.0038,0.0039,6259,2019-01-01
MSD-USD,0.004,0.0037,0.0039,0.0039,11937,2019-01-02
MSD-USD,0.004,0.0037,0.0039,0.0038,15928,2019-01-03
MSD-USD,0.0041,0.0037,0.0038,0.0039,31925,2019-01-04
MSD-USD,0.004,0.0039,0.0039,0.0039,8928,2019-01-05
MSD-USD,0.0042,0.0038,0.0039,0.004,17498,2019-01-06
MSD-USD,0.0041,0.0039,0.004,0.004,10879,2019-01-07
MSD-USD,0.004,0.0038,0.004,0.0038,23438,2019-01-08
MSD-USD,0.004,0.0038,0.0038,0.0039,17473,2019-01-09
MSD-USD,0.0039,0.0035,0.0039,0.0036,9818,2019-01-10
MSD-USD,0.0039,0.0035,0.0036,0.0036,23722,2019-01-11
MSD-USD,0.0038,0.0036,0.0036,0.0037,9442,2019-01-12
MSD-USD,0.0039,0.0035,0.0037,0.0035,20177,2019-01-13
MSD-USD,0.0039,0.0035,0.0035,0.0037,12714,2019-01-14
MSD-USD,0.0039,0.0037,0.0037,0.0037,743,2019-01-15
MSD-USD,0.0038,0.0037,0.0037,0.0038,7624,2019-01-16
MSD-USD,0.0039,0.0037,0.0038,0.0038,8735,2019-01-17
MSD-USD,0.0039,0.0037,0.0038,0.0037,9090,2019-01-18
MSD-USD,0.0039,0.0037,0.0037,0.0038,9956,2019-01-19
MSD-USD,0.0039,0.0037,0.0038,0.0037,12361,2019-01-20
MSD-USD,0.0037,0.0036,0.0037,0.0037,9472,2019-01-21
MSD-USD,0.0038,0.0036,0.0037,0.0037,9874,2019-01-22
MSD-USD,0.0046,0.0037,0.0037,0.0046,36667,2019-01-23
MSD-USD,0.0057,0.0046,0.0046,0.0056,90663,2019-01-24
MSD-USD,0.0056,0.0051,0.0056,0.0053,14584,2019-01-25
MSD-USD,0.0056,0.0053,0.0053,0.0055,17238,2019-01-26
MSD-USD,0.0056,0.0054,0.0055,0.0056,33711,2019-01-27
MSD-USD,0.0061,0.0056,0.0056,0.006,47775,2019-01-28
MSD-USD,0.0062,0.0059,0.006,0.0061,31775,2019-01-29
MSD-USD,0.0061,0.0045,0.0061,0.0046,47616,2019-01-30
MSD-USD,0.0048,0.0038,0.0046,0.0044,24730,2019-01-31
MSD-USD,0.0057,0.0043,0.0043,0.0052,26637,2019-02-01
MSD-USD,0.0055,0.0047,0.0052,0.0052,14246,2019-02-02
MSD-USD,0.0055,0.005,0.0052,0.0054,9775,2019-02-03
MSD-USD,0.0055,0.0051,0.0055,0.0052,9594,2019-02-04
MSD-USD,0.0053,0.0051,0.0052,0.0051,8549,2019-02-05
MSD-USD,0.0051,0.005,0.0051,0.005,5759,2019-02-06
MSD-USD,0.0051,0.0049,0.005,0.005,4474,2019-02-07
MSD-USD,0.0056,0.0049,0.005,0.0055,14533,2019-02-08
MSD-USD,0.0055,0.0048,0.0055,0.0051,11155,2019-02-09
MSD-USD,0.0051,0.0048,0.0051,0.0049,10449,2019-02-10
MSD-USD,0.0049,0.0047,0.0049,0.0047,13024,2019-02-11
MSD-USD,0.0048,0.0044,0.0047,0.0046,9117,2019-02-12
MSD-USD,0.0046,0.0043,0.0046,0.0044,5429,2019-02-13
MSD-USD,0.0046,0.0043,0.0044,0.0044,11959,2019-02-14
MSD-USD,0.0046,0.0043,0.0044,0.0044,5479,2019-02-15
MSD-USD,0.0045,0.0038,0.0044,0.004,10199,2019-02-16
MSD-USD,0.0042,0.0039,0.004,0.0041,4242,2019-02-17
MSD-USD,0.0044,0.004,0.0041,0.0043,14393,2019-02-18
MSD-USD,0.0044,0.0042,0.0043,0.0042,20138,2019-02-19
MSD-USD,0.0044,0.0042,0.0042,0.0044,1575,2019-02-20
MSD-USD,0.0046,0.0042,0.0044,0.0043,12342,2019-02-21
MSD-USD,0.0048,0.0042,0.0043,0.0044,20029,2019-02-22
MSD-USD,0.0047,0.0043,0.0044,0.0046,7800,2019-02-23
MSD-USD,0.0047,0.0041,0.0047,0.0041,18154,2019-02-24
MSD-USD,0.0043,0.0041,0.0041,0.0042,12664,2019-02-25
MSD-USD,0.0043,0.0042,0.0042,0.0042,14095,2019-02-26
MSD-USD,0.0043,0.0041,0.0042,0.0042,15936,2019-02-27
MSD-USD,0.0043,0.004,0.0042,0.0042,11632,2019-02-28
MSD-USD,0.0042,0.004,0.0042,0.0041,9269,2019-03-01
MSD-USD,0.0042,0.0041,0.0041,0.0041,7427,2019-03-02
MSD-USD,0.0042,0.004,0.0041,0.0041,5934,2019-03-03
MSD-USD,0.0041,0.0039,0.0041,0.004,5344,2019-03-04
MSD-USD,0.0041,0.0038,0.004,0.0041,8515,2019-03-05
MSD-USD,0.0041,0.0039,0.0041,0.004,16622,2019-03-06
MSD-USD,0.0041,0.0038,0.004,0.0039,25778,2019-03-07
MSD-USD,0.0039,0.0036,0.0039,0.0039,9214,2019-03-08
MSD-USD,0.0041,0.0038,0.0039,0.0039,13504,2019-03-09
MSD-USD,0.004,0.0037,0.0039,0.0038,10094,2019-03-10
MSD-USD,0.0038,0.0036,0.0038,0.0036,4326,2019-03-11
MSD-USD,0.0037,0.0035,0.0036,0.0036,17731,2019-03-12
MSD-USD,0.0037,0.0035,0.0036,0.0036,15244,2019-03-13
MSD-USD,0.0037,0.0035,0.0036,0.0035,18071,2019-03-14
MSD-USD,0.0035,0.0033,0.0035,0.0033,10305,2019-03-15
MSD-USD,0.0035,0.0032,0.0033,0.0033,11869,2019-03-16
MSD-USD,0.0034,0.0032,0.0033,0.0034,9883,2019-03-17
MSD-USD,0.0034,0.0032,0.0034,0.0033,2947,2019-03-18
MSD-USD,0.0034,0.0032,0.0033,0.0033,8965,2019-03-19
MSD-USD,0.0033,0.0031,0.0033,0.0031,18980,2019-03-20
MSD-USD,0.0031,0.0026,0.0031,0.0027,25436,2019-03-21
MSD-USD,0.0036,0.0023,0.0027,0.0032,37115,2019-03-22
MSD-USD,0.0033,0.0029,0.0032,0.0031,4911,2019-03-23
MSD-USD,0.0033,0.0031,0.0031,0.0032,10394,2019-03-24
MSD-USD,0.0032,0.0029,0.0032,0.003,2586,2019-03-25
MSD-USD,0.003,0.0028,0.003,0.003,8497,2019-03-26
MSD-USD,0.003,0.0027,0.003,0.0029,4365,2019-03-27
MSD-USD,0.0029,0.0027,0.0029,0.0027,4853,2019-03-28
MSD-USD,0.0027,0.0025,0.0027,0.0027,8157,2019-03-29
MSD-USD,0.0028,0.0024,0.0027,0.0025,20993,2019-03-30
MSD-USD,0.0026,0.0025,0.0025,0.0026,3467,2019-03-31
MSD-USD,0.0026,0.0025,0.0026,0.0026,1370,2019-04-01
MSD-USD,0.003,0.0025,0.0026,0.0025,15663,2019-04-02
MSD-USD,0.0027,0.0022,0.0025,0.0022,15126,2019-04-03
MSD-USD,0.0025,0.0022,0.0022,0.0025,7199,2019-04-04
MSD-USD,0.0027,0.0022,0.0025,0.0026,16001,2019-04-05
MSD-USD,0.0027,0.0024,0.0026,0.0024,9934,2019-04-06
MSD-USD,0.0026,0.0023,0.0024,0.0024,13181,2019-04-07
MSD-USD,0.0026,0.0022,0.0024,0.0024,5101,2019-04-08
MSD-USD,0.0025,0.0023,0.0024,0.0024,6122,2019-04-09
MSD-USD,0.0025,0.0023,0.0024,0.0023,6610,2019-04-10
MSD-USD,0.0024,0.0021,0.0023,0.0021,6684,2019-04-11
MSD-USD,0.0023,0.0021,0.0021,0.0022,5566,2019-04-12
MSD-USD,0.0025,0.0022,0.0022,0.0025,6810,2019-04-13
MSD-USD,0.0026,0.0025,0.0025,0.0025,8572,2019-04-14
MSD-USD,0.0026,0.0024,0.0025,0.0025,11435,2019-04-15
MSD-USD,0.0027,0.0025,0.0025,0.0027,6376,2019-04-16
MSD-USD,0.0027,0.0025,0.0027,0.0026,6964,2019-04-17
MSD-USD,0.0026,0.0026,0.0026,0.0026,9971,2019-04-18
MSD-USD,0.0029,0.0026,0.0026,0.0027,19594,2019-04-19
MSD-USD,0.0035,0.0027,0.0027,0.0029,29503,2019-04-20
MSD-USD,0.0035,0.0029,0.0029,0.0031,23703,2019-04-21
MSD-USD,0.0033,0.0029,0.0031,0.0031,14365,2019-04-22
MSD-USD,0.0036,0.0031,0.0031,0.0034,28927,2019-04-23
MSD-USD,0.0037,0.0034,0.0034,0.0036,24176,2019-04-24
MSD-USD,0.0041,0.0034,0.0036,0.0035,31807,2019-04-25
MSD-USD,0.004,0.0027,0.0035,0.003,68321,2019-04-26
MSD-USD,0.0032,0.0025,0.003,0.0029,22477,2019-04-27
MSD-USD,0.0031,0.0027,0.0029,0.003,30890,2019-04-28
MSD-USD,0.0033,0.0029,0.003,0.0033,30728,2019-04-29
MSD-USD,0.0038,0.0032,0.0033,0.0037,46272,2019-04-30
MSD-USD,0.0048,0.0037,0.0037,0.0042,60134,2019-05-01
MSD-USD,0.0043,0.0037,0.0042,0.0038,28086,2019-05-02
MSD-USD,0.0041,0.0037,0.0038,0.0038,13396,2019-05-03
MSD-USD,0.0039,0.0036,0.0038,0.0039,8731,2019-05-04
MSD-USD,0.0039,0.0036,0.0039,0.0036,7357,2019-05-05
MSD-USD,0.0036,0.0033,0.0036,0.0034,21774,2019-05-06
MSD-USD,0.0036,0.0033,0.0034,0.0035,21396,2019-05-07
MSD-USD,0.0035,0.0033,0.0035,0.0035,7637,2019-05-08
MSD-USD,0.0036,0.0032,0.0035,0.0033,11285,2019-05-09
MSD-USD,0.0035,0.0032,0.0033,0.0033,9034,2019-05-10
MSD-USD,0.0037,0.0031,0.0033,0.0034,24894,2019-05-11
MSD-USD,0.0034,0.0028,0.0034,0.003,13467,2019-05-12
MSD-USD,0.0033,0.0027,0.003,0.0027,21776,2019-05-13
MSD-USD,0.0031,0.0024,0.0027,0.0026,30780,2019-05-14
MSD-USD,0.0029,0.0026,0.0026,0.0028,3393,2019-05-15
MSD-USD,0.003,0.0026,0.0028,0.0027,12841,2019-05-16
MSD-USD,0.0028,0.0023,0.0027,0.0025,19159,2019-05-17
MSD-USD,0.0026,0.0023,0.0025,0.0024,10196,2019-05-18
MSD-USD,0.0027,0.0024,0.0024,0.0025,7475,2019-05-19
MSD-USD,0.0027,0.0024,0.0025,0.0027,6321,2019-05-20
MSD-USD,0.0027,0.0024,0.0027,0.0025,10387,2019-05-21
MSD-USD,0.0026,0.0024,0.0025,0.0025,4193,2019-05-22
MSD-USD,0.0025,0.0023,0.0024,0.0025,5123,2019-05-23
MSD-USD,0.0026,0.0024,0.0025,0.0024,4895,2019-05-24
MSD-USD,0.0025,0.0024,0.0024,0.0025,1075,2019-05-25
MSD-USD,0.0026,0.0024,0.0025,0.0025,9613,2019-05-26
MSD-USD,0.0027,0.0023,0.0025,0.0023,7704,2019-05-27
MSD-USD,0.0025,0.0023,0.0023,0.0024,1423,2019-05-28
MSD-USD,0.0027,0.0021,0.0024,0.0025,21875,2019-05-29
MSD-USD,0.0027,0.0024,0.0025,0.0024,5354,2019-05-30
MSD-USD,0.0027,0.0024,0.0024,0.0026,7417,2019-05-31
MSD-USD,0.0028,0.0026,0.0026,0.0027,12013,2019-06-01
MSD-USD,0.0029,0.0026,0.0027,0.0027,7346,2019-06-02
MSD-USD,0.0028,0.0024,0.0027,0.0024,12484,2019-06-03
MSD-USD,0.0025,0.0022,0.0024,0.0023,6592,2019-06-04
MSD-USD,0.0025,0.0023,0.0023,0.0024,7239,2019-06-05
MSD-USD,0.0029,0.0024,0.0024,0.0026,9932,2019-06-06
MSD-USD,0.0036,0.0026,0.0026,0.0034,21787,2019-06-07
MSD-USD,0.0035,0.0032,0.0034,0.0033,12005,2019-06-08
MSD-USD,0.004,0.0033,0.0033,0.0039,25967,2019-06-09
MSD-USD,0.0052,0.0036,0.0039,0.0045,51664,2019-06-10
MSD-USD,0.0049,0.0043,0.0045,0.0044,23260,2019-06-11
MSD-USD,0.0044,0.0035,0.0044,0.0041,21871,2019-06-12
MSD-USD,0.0045,0.0036,0.0041,0.004,45623,2019-06-13
MSD-USD,0.0042,0.0037,0.004,0.0038,43555,2019-06-14
MSD-USD,0.0041,0.0036,0.0038,0.0037,37169,2019-06-15
MSD-USD,0.0039,0.0033,0.0037,0.0037,47533,2019-06-16
MSD-USD,0.0046,0.0036,0.0037,0.0045,49072,2019-06-17
MSD-USD,0.0058,0.0041,0.0045,0.0053,101448,2019-06-18
MSD-USD,0.0081,0.0053,0.0056,0.0081,237465,2019-06-19
MSD-USD,0.0176,0.0081,0.0081,0.0175,714208,2019-06-20
MSD-USD,0.0299,0.0172,0.0175,0.0176,1298376,2019-06-21
MSD-USD,0.0239,0.0094,0.0176,0.0174,413655,2019-06-22
MSD-USD,0.0192,0.0168,0.0174,0.0178,156971,2019-06-23
MSD-USD,0.0185,0.0171,0.0178,0.018,124593,2019-06-24
MSD-USD,0.0192,0.018,0.018,0.019,151138,2019-06-25
MSD-USD,0.0195,0.0138,0.019,0.0174,449049,2019-06-26
MSD-USD,0.0182,0.0145,0.0174,0.0159,173668,2019-06-27
MSD-USD,0.0185,0.0154,0.0159,0.0185,178858,2019-06-28
MSD-USD,0.0185,0.0168,0.0185,0.0169,120964,2019-06-29
MSD-USD,0.0176,0.0157,0.0169,0.0157,87563,2019-06-30
MSD-USD,0.0166,0.0146,0.0157,0.0155,94269,2019-07-01
MSD-USD,0.0175,0.0146,0.0155,0.0172,161302,2019-07-02
MSD-USD,0.0197,0.0164,0.0172,0.0196,201785,2019-07-03
MSD-USD,0.0236,0.0194,0.0196,0.0209,345093,2019-07-04
MSD-USD,0.0212,0.0133,0.0209,0.0153,453647,2019-07-05
MSD-USD,0.0158,0.0104,0.0153,0.0118,315314,2019-07-06
MSD-USD,0.0129,0.0111,0.0118,0.012,106065,2019-07-07
MSD-USD,0.0126,0.011,0.012,0.011,164598,2019-07-08
MSD-USD,0.0114,0.0069,0.011,0.0084,284729,2019-07-09
MSD-USD,0.0088,0.0074,0.0084,0.008,85287,2019-07-10
MSD-USD,0.008,0.0069,0.008,0.0071,67318,2019-07-11
MSD-USD,0.0082,0.007,0.0072,0.008,74514,2019-07-12
MSD-USD,0.0124,0.0079,0.008,0.0088,232291,2019-07-13
MSD-USD,0.0102,0.0073,0.0089,0.0074,109749,2019-07-14
MSD-USD,0.0085,0.0071,0.0074,0.0084,48013,2019-07-15
MSD-USD,0.0085,0.0074,0.0084,0.0083,46118,2019-07-16
MSD-USD,0.0084,0.007,0.0083,0.0076,73658,2019-07-17
MSD-USD,0.0082,0.0071,0.0076,0.0081,51065,2019-07-18
MSD-USD,0.0081,0.0072,0.0081,0.0076,35995,2019-07-19
MSD-USD,0.0078,0.0074,0.0076,0.0075,30097,2019-07-20
MSD-USD,0.0076,0.0068,0.0075,0.0069,33363,2019-07-21
MSD-USD,0.0069,0.006,0.0069,0.0061,79601,2019-07-22
MSD-USD,0.0063,0.0052,0.0061,0.0053,40054,2019-07-23
MSD-USD,0.006,0.005,0.0053,0.0059,47367,2019-07-24
MSD-USD,0.0073,0.0059,0.0059,0.0064,54439,2019-07-25
MSD-USD,0.0064,0.0059,0.0064,0.0061,19697,2019-07-26
MSD-USD,0.0063,0.0057,0.0061,0.0058,20277,2019-07-27
MSD-USD,0.0059,0.0055,0.0058,0.0057,9765,2019-07-28
MSD-USD,0.0059,0.0056,0.0057,0.0056,12723,2019-07-29
MSD-USD,0.0059,0.0056,0.0056,0.0059,14634,2019-07-30
MSD-USD,0.0062,0.0057,0.0059,0.0061,19617,2019-07-31
MSD-USD,0.0062,0.0059,0.0062,0.0061,18557,2019-08-01
MSD-USD,0.0062,0.0056,0.0061,0.0058,30352,2019-08-02
MSD-USD,0.0061,0.0058,0.0058,0.0058,12189,2019-08-03
MSD-USD,0.006,0.0056,0.0058,0.0058,17546,2019-08-04
MSD-USD,0.0063,0.0053,0.0058,0.0058,54305,2019-08-05
MSD-USD,0.007,0.0053,0.0058,0.0056,28370,2019-08-06
MSD-USD,0.0059,0.0055,0.0056,0.0059,6357,2019-08-07
MSD-USD,0.0059,0.0053,0.0059,0.0055,19824,2019-08-08
MSD-USD,0.0056,0.0053,0.0055,0.0056,10385,2019-08-09
MSD-USD,0.0056,0.0051,0.0056,0.0052,14699,2019-08-10
MSD-USD,0.0054,0.0052,0.0052,0.0054,13289,2019-08-11
MSD-USD,0.0054,0.005,0.0054,0.0052,12386,2019-08-12
MSD-USD,0.0052,0.0049,0.0052,0.0049,9233,2019-08-13
MSD-USD,0.005,0.0046,0.0049,0.0046,20353,2019-08-14
MSD-USD,0.0048,0.0043,0.0046,0.0045,15444,2019-08-15
MSD-USD,0.0047,0.0044,0.0045,0.0046,10201,2019-08-16
MSD-USD,0.0047,0.0044,0.0046,0.0045,11609,2019-08-17
MSD-USD,0.0047,0.0043,0.0045,0.0044,30319,2019-08-18
MSD-USD,0.0047,0.0044,0.0044,0.0046,21264,2019-08-19
MSD-USD,0.0046,0.0042,0.0046,0.0042,18342,2019-08-20
MSD-USD,0.0043,0.004,0.0042,0.0041,6055,2019-08-21
MSD-USD,0.0041,0.0037,0.0041,0.0039,15927,2019-08-22
MSD-USD,0.0044,0.0038,0.0039,0.0043,10865,2019-08-23
MSD-USD,0.0043,0.004,0.0043,0.0041,2700,2019-08-24
MSD-USD,0.0047,0.004,0.0041,0.0046,20172,2019-08-25
MSD-USD,0.0049,0.0044,0.0047,0.0045,13624,2019-08-26
MSD-USD,0.0046,0.0042,0.0045,0.0042,10839,2019-08-27
MSD-USD,0.0042,0.004,0.0042,0.004,5992,2019-08-28
MSD-USD,0.0041,0.0039,0.004,0.0041,5484,2019-08-29
MSD-USD,0.0043,0.004,0.0041,0.0042,7166,2019-08-30
MSD-USD,0.0043,0.0039,0.0042,0.0041,19255,2019-08-31
MSD-USD,0.0041,0.0039,0.0041,0.004,12257,2019-09-01
MSD-USD,0.0044,0.004,0.004,0.0043,9958,2019-09-02
MSD-USD,0.0045,0.0041,0.0043,0.0044,5882,2019-09-03
MSD-USD,0.0044,0.0042,0.0044,0.0043,14655,2019-09-04
MSD-USD,0.0044,0.0042,0.0043,0.0042,13409,2019-09-05
MSD-USD,0.0047,0.0042,0.0042,0.0043,5655,2019-09-06
MSD-USD,0.005,0.0043,0.0044,0.0048,28606,2019-09-07
MSD-USD,0.006,0.0048,0.0048,0.0052,44926,2019-09-08
MSD-USD,0.0053,0.0046,0.0052,0.0048,17880,2019-09-09
MSD-USD,0.0052,0.0047,0.0048,0.0048,9442,2019-09-10
MSD-USD,0.0056,0.0045,0.0048,0.0056,47604,2019-09-11
MSD-USD,0.0087,0.0054,0.0056,0.0087,119189,2019-09-12
MSD-USD,0.0087,0.0062,0.0087,0.0063,73875,2019-09-13
MSD-USD,0.0067,0.0059,0.0063,0.0067,24398,2019-09-14
MSD-USD,0.0078,0.0066,0.0067,0.0069,36936,2019-09-15
MSD-USD,0.0073,0.0063,0.0068,0.0065,38772,2019-09-16
MSD-USD,0.0072,0.0065,0.0065,0.007,17120,2019-09-17
MSD-USD,0.0073,0.0068,0.007,0.007,16232,2019-09-18
MSD-USD,0.0073,0.0068,0.007,0.0071,24621,2019-09-19
MSD-USD,0.0071,0.0057,0.0071,0.0065,81145,2019-09-20
MSD-USD,0.0065,0.0061,0.0065,0.0061,11097,2019-09-21
MSD-USD,0.0068,0.0061,0.0061,0.0065,22686,2019-09-22
MSD-USD,0.0065,0.0061,0.0065,0.0062,7260,2019-09-23
MSD-USD,0.0063,0.0052,0.0062,0.0053,25686,2019-09-24
MSD-USD,0.0058,0.0051,0.0053,0.0057,32096,2019-09-25
MSD-USD,0.0058,0.0052,0.0057,0.0054,7028,2019-09-26
MSD-USD,0.0057,0.0054,0.0054,0.0057,11303,2019-09-27
MSD-USD,0.0057,0.0053,0.0057,0.0057,16393,2019-09-28
MSD-USD,0.0062,0.0056,0.0057,0.0062,38501,2019-09-29
MSD-USD,0.0074,0.0061,0.0062,0.0066,93515,2019-09-30
MSD-USD,0.007,0.0063,0.0066,0.0064,14210,2019-10-01
MSD-USD,0.0066,0.0063,0.0064,0.0066,20370,2019-10-02
MSD-USD,0.0066,0.0062,0.0066,0.0063,19594,2019-10-03
MSD-USD,0.0063,0.0062,0.0063,0.0063,4217,2019-10-04
MSD-USD,0.0066,0.0062,0.0063,0.0065,13751,2019-10-05
MSD-USD,0.0069,0.0064,0.0065,0.0067,23578,2019-10-06
MSD-USD,0.0085,0.0066,0.0067,0.0084,128373,2019-10-07
MSD-USD,0.0084,0.0072,0.0084,0.0079,58705,2019-10-08
MSD-USD,0.0085,0.0079,0.0079,0.0083,25064,2019-10-09
MSD-USD,0.0084,0.008,0.0083,0.0082,32801,2019-10-10
MSD-USD,0.0084,0.0076,0.0082,0.0076,25504,2019-10-11
MSD-USD,0.0082,0.0076,0.0076,0.0082,24794,2019-10-12
MSD-USD,0.0083,0.0075,0.0082,0.0078,44936,2019-10-13
MSD-USD,0.0079,0.0066,0.0078,0.0068,59225,2019-10-14
MSD-USD,0.007,0.0054,0.0068,0.0063,46648,2019-10-15
MSD-USD,0.0068,0.006,0.0063,0.0068,18356,2019-10-16
MSD-USD,0.0072,0.0063,0.0068,0.0065,17739,2019-10-17
MSD-USD,0.0068,0.0064,0.0065,0.0068,13691,2019-10-18
MSD-USD,0.0068,0.0055,0.0068,0.0064,18791,2019-10-19
MSD-USD,0.0064,0.0048,0.0064,0.0049,42273,2019-10-20
MSD-USD,0.006,0.0042,0.0049,0.0049,60889,2019-10-21
MSD-USD,0.005,0.0043,0.0049,0.0045,17276,2019-10-22
MSD-USD,0.005,0.0041,0.0045,0.0041,28472,2019-10-23
MSD-USD,0.0045,0.004,0.0041,0.0041,15056,2019-10-24
MSD-USD,0.0044,0.0035,0.0041,0.0044,51001,2019-10-25
MSD-USD,0.0046,0.0038,0.0044,0.0043,42288,2019-10-26
MSD-USD,0.0045,0.004,0.0043,0.0043,12936,2019-10-27
MSD-USD,0.0044,0.0041,0.0043,0.0042,11416,2019-10-28
MSD-USD,0.0044,0.0041,0.0042,0.0041,23507,2019-10-29
MSD-USD,0.0043,0.0039,0.0042,0.0042,12957,2019-10-30
MSD-USD,0.0042,0.0039,0.0042,0.004,2132,2019-10-31
MSD-USD,0.0043,0.004,0.004,0.0041,13696,2019-11-01
MSD-USD,0.0042,0.004,0.0041,0.004,11663,2019-11-02
MSD-USD,0.0041,0.0038,0.004,0.0039,9368,2019-11-03
MSD-USD,0.0041,0.0039,0.0039,0.004,3044,2019-11-04
MSD-USD,0.0041,0.0039,0.004,0.004,9764,2019-11-05
MSD-USD,0.0041,0.0037,0.004,0.0039,10972,2019-11-06
MSD-USD,0.0039,0.0034,0.0039,0.0035,22902,2019-11-07
MSD-USD,0.0037,0.0033,0.0035,0.0033,13234,2019-11-08
MSD-USD,0.0058,0.0033,0.0033,0.0053,64845,2019-11-09
MSD-USD,0.0054,0.0044,0.0053,0.0048,41623,2019-11-10
MSD-USD,0.0049,0.0045,0.0048,0.0047,12628,2019-11-11
MSD-USD,0.0048,0.004,0.0047,0.0042,30904,2019-11-12
MSD-USD,0.0042,0.004,0.0042,0.0041,16233,2019-11-13
MSD-USD,0.0041,0.0037,0.0041,0.004,30202,2019-11-14
MSD-USD,0.004,0.0035,0.004,0.0039,6420,2019-11-15
MSD-USD,0.0048,0.0035,0.0039,0.0043,51828,2019-11-16
MSD-USD,0.0045,0.004,0.0043,0.0043,45911,2019-11-17
MSD-USD,0.0043,0.004,0.0043,0.0041,11084,2019-11-18
MSD-USD,0.0043,0.0039,0.0041,0.0041,18054,2019-11-19
MSD-USD,0.0043,0.004,0.0041,0.0042,12842,2019-11-20
MSD-USD,0.0042,0.0039,0.0042,0.004,16865,2019-11-21
MSD-USD,0.0041,0.0037,0.004,0.0039,18038,2019-11-22
MSD-USD,0.004,0.0038,0.0039,0.0039,9359,2019-11-23
MSD-USD,0.004,0.0036,0.0039,0.0036,14195,2019-11-24
MSD-USD,0.004,0.0034,0.0036,0.0039,25165,2019-11-25
MSD-USD,0.004,0.0037,0.0039,0.004,4716,2019-11-26
MSD-USD,0.0042,0.0038,0.0039,0.0041,5146,2019-11-27
MSD-USD,0.0042,0.0038,0.0041,0.0039,24088,2019-11-28
MSD-USD,0.0054,0.0038,0.0039,0.0048,68945,2019-11-29
MSD-USD,0.0051,0.0048,0.0048,0.0049,14021,2019-11-30
MSD-USD,0.0051,0.0047,0.0049,0.005,13315,2019-12-01
MSD-USD,0.005,0.0048,0.005,0.0049,9556,2019-12-02
MSD-USD,0.005,0.0047,0.0049,0.0047,14093,2019-12-03
MSD-USD,0.0051,0.0046,0.0047,0.0048,7357,2019-12-04
MSD-USD,0.0052,0.0047,0.0048,0.0051,31774,2019-12-05
MSD-USD,0.006,0.0051,0.0051,0.0057,39586,2019-12-06
MSD-USD,0.0061,0.0054,0.0057,0.0059,18748,2019-12-07
MSD-USD,0.0066,0.0058,0.0059,0.0064,24369,2019-12-08
MSD-USD,0.0075,0.0062,0.0064,0.0074,79164,2019-12-09
MSD-USD,0.0096,0.0059,0.0074,0.0071,129776,2019-12-10
MSD-USD,0.0071,0.0056,0.0071,0.0061,94264,2019-12-11
MSD-USD,0.0072,0.006,0.0061,0.0067,31720,2019-12-12
MSD-USD,0.007,0.0064,0.0067,0.0067,24595,2019-12-13
MSD-USD,0.0067,0.0058,0.0067,0.006,35541,2019-12-14
MSD-USD,0.0063,0.0057,0.006,0.0062,18640,2019-12-15
MSD-USD,0.0064,0.0057,0.0062,0.0062,17829,2019-12-16
MSD-USD,0.0063,0.0057,0.0062,0.0057,11062,2019-12-17
MSD-USD,0.0066,0.0057,0.0057,0.0066,21293,2019-12-18
MSD-USD,0.0066,0.0062,0.0066,0.0064,5317,2019-12-19
MSD-USD,0.0064,0.0063,0.0064,0.0064,1733,2019-12-20
MSD-USD,0.0065,0.0063,0.0064,0.0064,2763,2019-12-21
MSD-USD,0.0065,0.0059,0.0064,0.0065,17318,2019-12-22
MSD-USD,0.0066,0.0062,0.0065,0.0064,8529,2019-12-23
MSD-USD,0.0068,0.0063,0.0064,0.0064,18181,2019-12-24
MSD-USD,0.0065,0.0061,0.0064,0.0063,15297,2019-12-25
MSD-USD,0.0066,0.0062,0.0063,0.0064,7246,2019-12-26
MSD-USD,0.0066,0.0062,0.0064,0.0064,8986,2019-12-27
MSD-USD,0.0066,0.0063,0.0064,0.0066,26592,2019-12-28
MSD-USD,0.0069,0.0066,0.0066,0.0066,8326,2019-12-29
MSD-USD,0.0067,0.0065,0.0066,0.0066,9084,2019-12-30
MSD-USD,0.0066,0.0064,0.0066,0.0065,13512,2019-12-31
MSD-USD,0.0066,0.0064,0.0065,0.0064,6407,2020-01-01
MSD-USD,0.0065,0.006,0.0064,0.0061,8513,2020-01-02
MSD-USD,0.0064,0.0058,0.0061,0.0059,32909,2020-01-03
MSD-USD,0.0061,0.0056,0.0059,0.0059,17923,2020-01-04
MSD-USD,0.0062,0.0057,0.0059,0.0058,7858,2020-01-05
MSD-USD,0.0061,0.0058,0.0058,0.006,4767,2020-01-06
MSD-USD,0.0061,0.0055,0.006,0.0058,19420,2020-01-07
MSD-USD,0.0063,0.0054,0.0058,0.0056,14540,2020-01-08
MSD-USD,0.0059,0.0055,0.0056,0.0057,6918,2020-01-09
MSD-USD,0.0062,0.0054,0.0057,0.0058,16527,2020-01-10
MSD-USD,0.0059,0.0056,0.0058,0.0057,14675,2020-01-11
MSD-USD,0.0062,0.0056,0.0057,0.0057,24103,2020-01-12
MSD-USD,0.0058,0.0056,0.0057,0.0057,7023,2020-01-13
MSD-USD,0.0197,0.0054,0.0057,0.0062,22880,2020-01-14
MSD-USD,0.0062,0.0057,0.0062,0.006,17156,2020-01-15
MSD-USD,0.006,0.0052,0.006,0.0056,18780,2020-01-16
MSD-USD,0.0057,0.0048,0.0056,0.0053,24795,2020-01-17
MSD-USD,0.0054,0.005,0.0053,0.0053,11279,2020-01-18
MSD-USD,0.0054,0.0048,0.0053,0.0051,10398,2020-01-19
MSD-USD,0.0056,0.0049,0.0051,0.0051,20566,2020-01-20
MSD-USD,0.0056,0.0051,0.0051,0.0054,18943,2020-01-21
MSD-USD,0.0057,0.0054,0.0054,0.0056,4661,2020-01-22
MSD-USD,0.0056,0.0053,0.0056,0.0055,3104,2020-01-23
MSD-USD,0.0055,0.0052,0.0055,0.0054,5196,2020-01-24
MSD-USD,0.0054,0.005,0.0054,0.0053,8700,2020-01-25
MSD-USD,0.0053,0.0052,0.0053,0.0053,3974,2020-01-26
MSD-USD,0.0056,0.0053,0.0053,0.0055,10797,2020-01-27
MSD-USD,0.0058,0.0054,0.0055,0.0056,11699,2020-01-28
MSD-USD,0.0056,0.0052,0.0056,0.0052,9338,2020-01-29
MSD-USD,0.0055,0.0052,0.0052,0.0053,3200,2020-01-30
MSD-USD,0.0054,0.005,0.0053,0.0051,8429,2020-01-31
MSD-USD,0.0055,0.0051,0.0051,0.0053,7569,2020-02-01
MSD-USD,0.0053,0.005,0.0053,0.0052,4386,2020-02-02
MSD-USD,0.0054,0.0051,0.0052,0.0052,1997,2020-02-03
MSD-USD,0.0052,0.005,0.0052,0.0051,5312,2020-02-04
MSD-USD,0.0051,0.0049,0.0051,0.005,8736,2020-02-05
MSD-USD,0.0051,0.0046,0.005,0.0046,23943,2020-02-06
MSD-USD,0.0054,0.0046,0.0046,0.0049,9599,2020-02-07
MSD-USD,0.0049,0.0045,0.0049,0.0045,21576,2020-02-08
MSD-USD,0.0046,0.0043,0.0045,0.0044,15990,2020-02-09
MSD-USD,0.005,0.0043,0.0044,0.0045,20654,2020-02-10
MSD-USD,0.0047,0.0045,0.0045,0.0046,11617,2020-02-11
MSD-USD,0.0047,0.0042,0.0046,0.0046,19885,2020-02-12
MSD-USD,0.0046,0.0042,0.0046,0.0045,5512,2020-02-13
MSD-USD,0.0046,0.0043,0.0045,0.0045,3534,2020-02-14
MSD-USD,0.0046,0.0041,0.0045,0.0042,3124,2020-02-15
MSD-USD,0.0044,0.0041,0.0042,0.0044,4116,2020-02-16
MSD-USD,0.0044,0.0042,0.0044,0.0043,1752,2020-02-17
MSD-USD,0.0046,0.0041,0.0043,0.0044,2405,2020-02-18
MSD-USD,0.0047,0.0041,0.0044,0.0041,3531,2020-02-19
MSD-USD,0.0044,0.0041,0.0041,0.0044,5320,2020-02-20
MSD-USD,0.0044,0.0043,0.0044,0.0044,4324,2020-02-21
MSD-USD,0.0045,0.0043,0.0044,0.0045,1300,2020-02-22
MSD-USD,0.0046,0.0043,0.0045,0.0046,1754,2020-02-23
MSD-USD,0.0046,0.0043,0.0046,0.0043,1097,2020-02-24
MSD-USD,0.0045,0.0042,0.0043,0.0042,698,2020-02-25
MSD-USD,0.0044,0.0041,0.0042,0.0043,2005,2020-02-26
MSD-USD,0.0043,0.004,0.0043,0.004,2322,2020-02-27
MSD-USD,0.0044,0.0038,0.004,0.0039,9199,2020-02-28
MSD-USD,0.0042,0.0038,0.0039,0.0039,4180,2020-02-29
MSD-USD,0.004,0.0038,0.0039,0.0039,2411,2020-03-01
MSD-USD,0.0041,0.0038,0.0039,0.0041,2381,2020-03-02
MSD-USD,0.0042,0.004,0.0041,0.004,244,2020-03-03
MSD-USD,0.0042,0.0039,0.004,0.0041,4015,2020-03-04
MSD-USD,0.0043,0.0039,0.0041,0.004,10335,2020-03-05
MSD-USD,0.004,0.0036,0.004,0.0036,14254,2020-03-06
MSD-USD,0.0041,0.0036,0.0036,0.0037,8783,2020-03-07
MSD-USD,0.0037,0.0033,0.0037,0.0034,898,2020-03-08
MSD-USD,0.0035,0.0032,0.0034,0.0035,5540,2020-03-09
MSD-USD,0.0039,0.0034,0.0035,0.0037,3220,2020-03-10
MSD-USD,0.0047,0.0037,0.0037,0.0045,27826,2020-03-11
MSD-USD,0.0052,0.0036,0.0045,0.0039,62348,2020-03-12
MSD-USD,0.0063,0.0034,0.0039,0.0056,121689,2020-03-13
MSD-USD,0.0079,0.0046,0.0056,0.0054,182105,2020-03-14
MSD-USD,0.007,0.0053,0.0054,0.0064,43827,2020-03-15
MSD-USD,0.0064,0.0055,0.0064,0.006,36007,2020-03-16
MSD-USD,0.0136,0.0056,0.0061,0.0134,420897,2020-03-17
MSD-USD,0.0137,0.0083,0.0132,0.01,230228,2020-03-18
MSD-USD,0.0115,0.0091,0.01,0.0106,95842,2020-03-19
MSD-USD,0.0107,0.0069,0.0106,0.0099,143984,2020-03-20
MSD-USD,0.0126,0.0097,0.0099,0.0122,199781,2020-03-21
MSD-USD,0.0132,0.0113,0.0122,0.0116,99348,2020-03-22
MSD-USD,0.0128,0.0111,0.0116,0.0128,50950,2020-03-23
MSD-USD,0.0136,0.0123,0.0128,0.0132,68302,2020-03-24
MSD-USD,0.0144,0.0129,0.0132,0.0134,101138,2020-03-25
MSD-USD,0.0137,0.0113,0.0134,0.0124,75853,2020-03-26
MSD-USD,0.0125,0.0067,0.0124,0.009,155958,2020-03-27
MSD-USD,0.0096,0.0062,0.009,0.0078,75083,2020-03-28
MSD-USD,0.0097,0.0078,0.0078,0.009,27331,2020-03-29
MSD-USD,0.0111,0.0089,0.009,0.011,40456,2020-03-30
MSD-USD,0.0111,0.01,0.011,0.0108,20042,2020-03-31
MSD-USD,0.0113,0.0105,0.0108,0.0113,14038,2020-04-01
MSD-USD,0.0115,0.0107,0.0113,0.0109,13133,2020-04-02
MSD-USD,0.0114,0.0107,0.0109,0.011,5721,2020-04-03
MSD-USD,0.0112,0.0094,0.011,0.0099,18133,2020-04-04
MSD-USD,0.0103,0.0095,0.0099,0.0096,4245,2020-04-05
MSD-USD,0.0101,0.0096,0.0096,0.0101,8182,2020-04-06
MSD-USD,0.0102,0.0091,0.0101,0.0095,35141,2020-04-07
MSD-USD,0.0101,0.0094,0.0095,0.0101,8265,2020-04-08
MSD-USD,0.0101,0.0095,0.0101,0.0099,6601,2020-04-09
MSD-USD,0.0099,0.0091,0.0099,0.0095,11082,2020-04-10
MSD-USD,0.0095,0.0091,0.0095,0.0092,2005,2020-04-11
MSD-USD,0.0095,0.0089,0.0092,0.0093,4174,2020-04-12
MSD-USD,0.0093,0.0087,0.0093,0.0092,7091,2020-04-13
MSD-USD,0.0093,0.0081,0.0092,0.0085,19844,2020-04-14
MSD-USD,0.0085,0.0068,0.0085,0.0072,20335,2020-04-15
MSD-USD,0.0086,0.0071,0.0072,0.0078,14262,2020-04-16
MSD-USD,0.0081,0.0075,0.0078,0.0079,46244,2020-04-17
MSD-USD,0.0083,0.0077,0.0079,0.0083,12623,2020-04-18
MSD-USD,0.0088,0.0078,0.0083,0.008,52084,2020-04-19
MSD-USD,0.008,0.0076,0.008,0.0076,47993,2020-04-20
MSD-USD,0.0077,0.0075,0.0076,0.0076,53671,2020-04-21
MSD-USD,0.008,0.0076,0.0076,0.008,53043,2020-04-22
MSD-USD,0.0082,0.0075,0.008,0.0078,50480,2020-04-23
MSD-USD,0.0085,0.0077,0.0078,0.0079,80418,2020-04-24
MSD-USD,0.0089,0.0077,0.0079,0.0085,66634,2020-04-25
MSD-USD,0.0087,0.0079,0.0085,0.0081,57729,2020-04-26
MSD-USD,0.0085,0.0079,0.0081,0.008,30642,2020-04-27
MSD-USD,0.008,0.0074,0.008,0.0074,23215,2020-04-28
MSD-USD,0.0076,0.0057,0.0074,0.0061,97075,2020-04-29
MSD-USD,0.0073,0.0055,0.0061,0.0061,12900,2020-04-30
MSD-USD,0.0061,0.005,0.0061,0.0057,21199,2020-05-01
MSD-USD,0.0061,0.0056,0.0057,0.0061,14257,2020-05-02
MSD-USD,0.0064,0.006,0.0061,0.0062,4310,2020-05-03
MSD-USD,0.0063,0.006,0.0062,0.0063,2676,2020-05-04
MSD-USD,0.0063,0.0057,0.0063,0.0059,2724,2020-05-05
MSD-USD,0.0066,0.0059,0.0059,0.0065,9159,2020-05-06
MSD-USD,0.0065,0.0058,0.0065,0.0059,13925,2020-05-07
MSD-USD,0.0059,0.0053,0.0059,0.0053,7031,2020-05-08
MSD-USD,0.0059,0.0051,0.0053,0.0058,5994,2020-05-09
MSD-USD,0.0058,0.005,0.0057,0.0053,1813,2020-05-10
MSD-USD,0.0053,0.0049,0.0053,0.005,2076,2020-05-11
MSD-USD,0.0056,0.005,0.005,0.0055,2432,2020-05-12
MSD-USD,0.0058,0.0055,0.0055,0.0058,979,2020-05-13
MSD-USD,0.0066,0.0058,0.0058,0.0063,15765,2020-05-14
MSD-USD,0.0063,0.0059,0.0063,0.006,4442,2020-05-15
MSD-USD,0.006,0.0058,0.006,0.0058,2505,2020-05-16
MSD-USD,0.006,0.0054,0.0058,0.0054,26351,2020-05-17
MSD-USD,0.0056,0.0053,0.0054,0.0056,5600,2020-05-18
MSD-USD,0.0058,0.0054,0.0056,0.0055,8730,2020-05-19
MSD-USD,0.0056,0.0053,0.0055,0.0054,6326,2020-05-20
MSD-USD,0.0054,0.0051,0.0054,0.0053,2298,2020-05-21
MSD-USD,0.0054,0.0052,0.0053,0.0053,1397,2020-05-22
MSD-USD,0.0056,0.0053,0.0053,0.0055,1647,2020-05-23
MSD-USD,0.0062,0.0055,0.0055,0.0056,5397,2020-05-24
MSD-USD,0.0056,0.0052,0.0056,0.0055,837,2020-05-25
MSD-USD,0.0058,0.0053,0.0055,0.0053,2124,2020-05-26
MSD-USD,0.0054,0.005,0.0053,0.0051,11719,2020-05-27
MSD-USD,0.0058,0.0051,0.0051,0.0058,2090,2020-05-28
MSD-USD,0.0065,0.0057,0.0058,0.0065,14648,2020-05-29
MSD-USD,0.0065,0.0057,0.0065,0.0058,8388,2020-05-30
MSD-USD,0.0062,0.0057,0.0058,0.0059,1359,2020-05-31
MSD-USD,0.0062,0.0057,0.0059,0.0062,10537,2020-06-01
MSD-USD,0.0062,0.0055,0.0062,0.0056,32224,2020-06-02
MSD-USD,0.0058,0.0054,0.0056,0.0058,15258,2020-06-03
MSD-USD,0.0062,0.0054,0.0058,0.0062,16671,2020-06-04
MSD-USD,0.0062,0.0056,0.0062,0.0057,6306,2020-06-05
MSD-USD,0.0059,0.0057,0.0057,0.0058,1148,2020-06-06
MSD-USD,0.0061,0.0056,0.0058,0.0061,4300,2020-06-07
MSD-USD,0.0061,0.0056,0.0061,0.0057,1896,2020-06-08
MSD-USD,0.006,0.0055,0.0057,0.0057,17647,2020-06-09
MSD-USD,0.006,0.0055,0.0057,0.0059,8438,2020-06-10
MSD-USD,0.0068,0.0057,0.0059,0.0066,30701,2020-06-11
MSD-USD,0.0094,0.0061,0.0066,0.0094,47572,2020-06-12
MSD-USD,0.0103,0.0076,0.0094,0.008,42317,2020-06-13
MSD-USD,0.0085,0.0077,0.008,0.0084,12584,2020-06-14
MSD-USD,0.0085,0.0077,0.0084,0.0083,10638,2020-06-15
MSD-USD,0.0083,0.0076,0.0083,0.0078,19415,2020-06-16
MSD-USD,0.0078,0.0062,0.0078,0.0065,18443,2020-06-17
MSD-USD,0.0068,0.0062,0.0065,0.0065,9239,2020-06-18
MSD-USD,0.0069,0.006,0.0065,0.0062,15467,2020-06-19
MSD-USD,0.0067,0.0058,0.0062,0.0066,8871,2020-06-20
MSD-USD,0.0068,0.0061,0.0066,0.0062,3045,2020-06-21
MSD-USD,0.0077,0.0061,0.0062,0.0068,18897,2020-06-22
MSD-USD,0.0075,0.0067,0.0068,0.007,8193,2020-06-23
MSD-USD,0.0073,0.0064,0.007,0.0065,8708,2020-06-24
MSD-USD,0.0066,0.0052,0.0065,0.0061,29251,2020-06-25
MSD-USD,0.0067,0.0055,0.0061,0.0059,7431,2020-06-26
MSD-USD,0.0067,0.0057,0.0059,0.0064,10292,2020-06-27
MSD-USD,0.0067,0.0055,0.0064,0.0066,15245,2020-06-28
MSD-USD,0.0066,0.0059,0.0066,0.0062,4055,2020-06-29
MSD-USD,0.0067,0.0058,0.0062,0.006,11321,2020-06-30
MSD-USD,0.0064,0.0046,0.0064,0.005,72452,2020-07-01
MSD-USD,0.005,0.0049,0.005,0.0049,0,2020-07-02
MSD-USD,0.0049,0.0049,0.0049,0.0049,0,2020-07-03
MSD-USD,0.0049,0.0049,0.0049,0.0049,0,2020-07-04
MSD-USD,0.0049,0.0049,0.0049,0.0049,0,2020-07-05
MSD-USD,0.0049,0.0049,0.0049,0.0049,0,2020-07-06
MSD-USD,0.0049,0.0049,0.0049,0.0049,0,2020-07-07
MSD-USD,0.0049,0.0049,0.0049,0.0049,0,2020-07-08
MSD-USD,0.0049,0.0049,0.0049,0.0049,0,2020-07-09
MSD-USD,0.0049,0.0049,0.0049,0.0049,0,2020-07-10
MSD-USD,0.0049,0.0049,0.0049,0.0049,0,2020-07-11
MSD-USD,0.0049,0.0049,0.0049,0.0049,0,2020-07-12
MSD-USD,0.0049,0.0049,0.0049,0.0049,0,2020-07-13
MSD-USD,0.0049,0.0049,0.0049,0.0049,0,2020-07-14
MSD-USD,0.0049,0.0049,0.0049,0.0049,0,2020-07-15
MSD-USD,0.0049,0.0049,0.0049,0.0049,0,2020-07-16
MSD-USD,0.0049,0.0049,0.0049,0.0049,0,2020-07-17
MSD-USD,0.0049,0.0049,0.0049,0.0049,0,2020-07-18
MSD-USD,0.0049,0.0049,0.0049,0.0049,0,2020-07-19
MSD-USD,0.0049,0.0049,0.0049,0.0049,0,2020-07-20
MSD-USD,0.0049,0.0049,0.0049,0.0049,0,2020-07-21
MSD-USD,0.0049,0.0049,0.0049,0.0049,0,2020-07-22
MSD-USD,0.0049,0.0049,0.0049,0.0049,0,2020-07-23
MSD-USD,0.0049,0.0049,0.0049,0.0049,0,2020-07-24
MSD-USD,0.0049,0.0049,0.0049,0.0049,0,2020-07-25
MSD-USD,0.0049,0.0049,0.0049,0.0049,0,2020-07-26
MSD-USD,0.0049,0.0049,0.0049,0.0049,0,2020-07-27
MSD-USD,0.0049,0.0049,0.0049,0.0049,0,2020-07-28
MSD-USD,0.0049,0.0049,0.0049,0.0049,0,2020-07-29
MSD-USD,0.0049,0.0049,0.0049,0.0049,0,2020-07-30
MSD-USD,0.0049,0.0049,0.0049,0.0049,0,2020-07-31
MSD-USD,0.0049,0.0049,0.0049,0.0049,0,2020-08-01
MSD-USD,0.0049,0.0049,0.0049,0.0049,0,2020-08-02
MSD-USD,0.0049,0.0049,0.0049,0.0049,0,2020-08-03
MSD-USD,0.0049,0.0049,0.0049,0.0049,0,2020-08-04
MSD-USD,0.0049,0.0049,0.0049,0.0049,0,2020-08-05
MSD-USD,0.0049,0.0049,0.0049,0.0049,0,2020-08-06
MSD-USD,0.0049,0.0049,0.0049,0.0049,0,2020-08-07
MSD-USD,0.0049,0.0049,0.0049,0.0049,0,2020-08-08
MSD-USD,0.0049,0.0049,0.0049,0.0049,0,2020-08-09
MSD-USD,0.0049,0.0049,0.0049,0.0049,0,2020-08-10
MSD-USD,0.0049,0.0049,0.0049,0.0049,0,2020-08-11
MSD-USD,0.0049,0.0049,0.0049,0.0049,0,2020-08-12
MSD-USD,0.0049,0.0049,0.0049,0.0049,0,2020-08-13
MSD-USD,0.0049,0.0049,0.0049,0.0049,0,2020-08-14
MSD-USD,0.0049,0.0049,0.0049,0.0049,0,2020-08-15
MSD-USD,0.0049,0.0049,0.0049,0.0049,0,2020-08-16
MSD-USD,0.0049,0.0049,0.0049,0.0049,0,2020-08-17
MSD-USD,0.0049,0.0049,0.0049,0.0049,0,2020-08-18
MSD-USD,0.0049,0.0049,0.0049,0.0049,0,2020-08-19
MSD-USD,0.0049,0.0049,0.0049,0.0049,0,2020-08-20
MSD-USD,0.0049,0.0049,0.0049,0.0049,0,2020-08-21
MSD-USD,0.0049,0.0049,0.0049,0.0049,0,2020-08-22
MSD-USD,0.0049,0.0049,0.0049,0.0049,0,2020-08-23
MSD-USD,0.0049,0.0049,0.0049,0.0049,0,2020-08-24
MSD-USD,0.0049,0.0049,0.0049,0.0049,0,2020-08-25
MSD-USD,0.0049,0.0049,0.0049,0.0049,0,2020-08-26
MSD-USD,0.0049,0.0049,0.0049,0.0049,0,2020-08-27
MSD-USD,0.0049,0.0049,0.0049,0.0049,0,2020-08-28
MSD-USD,0.0049,0.0049,0.0049,0.0049,0,2020-08-29
MSD-USD,0.0049,0.0049,0.0049,0.0049,0,2020-08-30
MSD-USD,0.0049,0.0049,0.0049,0.0049,0,2020-08-31
MSD-USD,0.0049,0.0049,0.0049,0.0049,0,2020-09-01
MSD-USD,0.0049,0.0049,0.0049,0.0049,0,2020-09-02
MSD-USD,0.0049,0.0049,0.0049,0.0049,0,2020-09-03
MSD-USD,0.0049,0.0049,0.0049,0.0049,0,2020-09-04
MSD-USD,0.0049,0.0049,0.0049,0.0049,0,2020-09-05
MSD-USD,0.0049,0.0049,0.0049,0.0049,0,2020-09-06
MSD-USD,0.0049,0.0049,0.0049,0.0049,0,2020-09-07
MSD-USD,0.0049,0.0049,0.0049,0.0049,0,2020-09-08
MSD-USD,0.0049,0.0049,0.0049,0.0049,0,2020-09-09
MSD-USD,0.0049,0.0049,0.0049,0.0049,0,2020-09-10
MSD-USD,0.0049,0.0049,0.0049,0.0049,0,2020-09-11
MSD-USD,0.0049,0.0049,0.0049,0.0049,0,2020-09-12
MSD-USD,0.0049,0.0049,0.0049,0.0049,0,2020-09-13
MSD-USD,0.0049,0.0049,0.0049,0.0049,0,2020-09-14
MSD-USD,0.0049,0.0049,0.0049,0.0049,0,2020-09-15
MSD-USD,0.0049,0.0049,0.0049,0.0049,0,2020-09-16
MSD-USD,0.0049,0.0049,0.0049,0.0049,0,2020-09-17
MSD-USD,0.0049,0.0049,0.0049,0.0049,0,2020-09-18
MSD-USD,0.0049,0.0049,0.0049,0.0049,0,2020-09-19
MSD-USD,0.0049,0.0049,0.0049,0.0049,0,2020-09-20
MSD-USD,0.0049,0.0049,0.0049,0.0049,0,2020-09-21
MSD-USD,0.0049,0.0049,0.0049,0.0049,0,2020-09-22
MSD-USD,0.0076,0.0075,0.0076,0.0075,0,2020-09-23
MSD-USD,0.0077,0.0075,0.0075,0.0077,0,2020-09-24
MSD-USD,0.0077,0.0076,0.0077,0.0077,0,2020-09-25
MSD-USD,0.0077,0.0077,0.0077,0.0077,0,2020-09-26
MSD-USD,0.0077,0.0076,0.0077,0.0077,0,2020-09-27
MSD-USD,0.0077,0.0077,0.0077,0.0077,0,2020-09-28
MSD-USD,0.0077,0.0076,0.0077,0.0077,0,2020-09-29
MSD-USD,0.0077,0.0077,0.0077,0.0077,0,2020-09-30
MSD-USD,0.0077,0.0076,0.0077,0.0076,0,2020-10-01
MSD-USD,0.0076,0.0076,0.0076,0.0076,0,2020-10-02
MSD-USD,0.0076,0.0076,0.0076,0.0076,0,2020-10-03
MSD-USD,0.0077,0.0076,0.0076,0.0077,0,2020-10-04
MSD-USD,0.0077,0.0076,0.0077,0.0077,0,2020-10-05
MSD-USD,0.0077,0.0076,0.0077,0.0076,0,2020-10-06
MSD-USD,0.0077,0.0076,0.0076,0.0077,0,2020-10-07
MSD-USD,0.0077,0.0076,0.0077,0.0077,0,2020-10-08
MSD-USD,0.0078,0.0077,0.0077,0.0078,0,2020-10-09
MSD-USD,0.0079,0.0078,0.0078,0.0078,0,2020-10-10
MSD-USD,0.0079,0.0078,0.0078,0.0078,0,2020-10-11
MSD-USD,0.0079,0.0078,0.0078,0.0079,0,2020-10-12
MSD-USD,0.0079,0.0078,0.0079,0.0079,0,2020-10-13
MSD-USD,0.0079,0.0078,0.0079,0.0079,0,2020-10-14
MSD-USD,0.0079,0.0078,0.0079,0.0079,0,2020-10-15
MSD-USD,0.0079,0.0078,0.0079,0.0078,0,2020-10-16
MSD-USD,0.0078,0.0078,0.0078,0.0078,0,2020-10-17
MSD-USD,0.0079,0.0078,0.0078,0.0079,0,2020-10-18
MSD-USD,0.008,0.0079,0.0079,0.0079,0,2020-10-19
MSD-USD,0.008,0.0079,0.0079,0.008,0,2020-10-20
MSD-USD,0.0083,0.008,0.008,0.0082,0,2020-10-21
MSD-USD,0.0083,0.0082,0.0082,0.0083,0,2020-10-22
MSD-USD,0.0083,0.0082,0.0083,0.0083,0,2020-10-23
MSD-USD,0.0083,0.0083,0.0083,0.0083,0,2020-10-24
MSD-USD,0.0084,0.0083,0.0083,0.0083,0,2020-10-25
MSD-USD,0.0083,0.0082,0.0083,0.0083,0,2020-10-26
MSD-USD,0.0085,0.0083,0.0083,0.0085,0,2020-10-27
MSD-USD,0.0085,0.0083,0.0085,0.0084,0,2020-10-28
MSD-USD,0.0084,0.0083,0.0084,0.0084,0,2020-10-29
MSD-USD,0.0085,0.0083,0.0084,0.0084,0,2020-10-30
MSD-USD,0.0086,0.0084,0.0084,0.0085,0,2020-10-31
MSD-USD,0.0085,0.0084,0.0085,0.0085,0,2020-11-01
MSD-USD,0.0085,0.0083,0.0085,0.0084,0,2020-11-02
MSD-USD,0.0085,0.0084,0.0084,0.0085,0,2020-11-03
MSD-USD,0.0086,0.0084,0.0085,0.0086,0,2020-11-04
MSD-USD,0.009,0.0086,0.0086,0.009,0,2020-11-05
MSD-USD,0.0091,0.0089,0.009,0.009,0,2020-11-06
MSD-USD,0.009,0.0087,0.009,0.0088,0,2020-11-07
MSD-USD,0.009,0.0088,0.0088,0.009,0,2020-11-08
MSD-USD,0.009,0.0088,0.009,0.0089,0,2020-11-09
MSD-USD,0.0089,0.0089,0.0089,0.0089,0,2020-11-10
MSD-USD,0.0091,0.0089,0.0089,0.009,0,2020-11-11
MSD-USD,0.0092,0.009,0.009,0.0092,0,2020-11-12
MSD-USD,0.0092,0.0091,0.0092,0.0092,0,2020-11-13
MSD-USD,0.0092,0.009,0.0092,0.0091,0,2020-11-14
MSD-USD,0.0091,0.009,0.0091,0.0091,0,2020-11-15
MSD-USD,0.0093,0.0091,0.0091,0.0093,0,2020-11-16
MSD-USD,0.0096,0.0092,0.0093,0.0095,0,2020-11-17
MSD-USD,0.0097,0.0095,0.0095,0.0096,0,2020-11-18
MSD-USD,0.0097,0.0095,0.0096,0.0096,0,2020-11-19
MSD-USD,0.0098,0.0096,0.0096,0.0098,0,2020-11-20
MSD-USD,0.0099,0.0097,0.0098,0.0098,0,2020-11-21
MSD-USD,0.0098,0.0095,0.0098,0.0097,0,2020-11-22
MSD-USD,0.0098,0.0096,0.0097,0.0097,0,2020-11-23
MSD-USD,0.01,0.0097,0.0097,0.0099,0,2020-11-24
MSD-USD,0.01,0.0098,0.0099,0.0098,0,2020-11-25
MSD-USD,0.0099,0.0092,0.0098,0.0094,0,2020-11-26
MSD-USD,0.0095,0.0092,0.0094,0.0094,0,2020-11-27
MSD-USD,0.0096,0.0093,0.0094,0.0096,0,2020-11-28
MSD-USD,0.0097,0.0095,0.0096,0.0097,0,2020-11-29
MSD-USD,0.0101,0.0097,0.0097,0.0101,0,2020-11-30
MSD-USD,0.0101,0.0097,0.0101,0.0099,0,2020-12-01
MSD-USD,0.01,0.0097,0.0099,0.01,0,2020-12-02
MSD-USD,0.0101,0.0099,0.01,0.01,0,2020-12-03
MSD-USD,0.01,0.0098,0.01,0.0098,0,2020-12-04
MSD-USD,0.0099,0.0098,0.0098,0.0099,0,2020-12-05
MSD-USD,0.01,0.0099,0.0099,0.01,0,2020-12-06
MSD-USD,0.01,0.0099,0.01,0.01,0,2020-12-07
MSD-USD,0.01,0.0097,0.01,0.0097,0,2020-12-08
MSD-USD,0.0098,0.0096,0.0097,0.0098,0,2020-12-09
MSD-USD,0.0098,0.0096,0.0098,0.0097,0,2020-12-10
MSD-USD,0.0097,0.0095,0.0097,0.0096,0,2020-12-11
MSD-USD,0.0099,0.0096,0.0096,0.0098,0,2020-12-12
MSD-USD,0.01,0.0098,0.0098,0.0099,0,2020-12-13
MSD-USD,0.01,0.0099,0.0099,0.01,0,2020-12-14
MSD-USD,0.01,0.0099,0.01,0.01,0,2020-12-15
MSD-USD,0.0106,0.01,0.01,0.0105,0,2020-12-16
MSD-USD,0.0111,0.0105,0.0105,0.0109,0,2020-12-17
MSD-USD,0.011,0.0108,0.0109,0.011,0,2020-12-18
MSD-USD,0.0113,0.0109,0.011,0.0112,0,2020-12-19
MSD-USD,0.0113,0.011,0.0112,0.0111,0,2020-12-20
MSD-USD,0.0113,0.0107,0.0111,0.0109,0,2020-12-21
MSD-USD,0.0112,0.0108,0.0109,0.0112,0,2020-12-22
MSD-USD,0.0113,0.0109,0.0112,0.011,0,2020-12-23
MSD-USD,0.0112,0.0109,0.011,0.0112,0,2020-12-24
MSD-USD,0.0114,0.0111,0.0112,0.0114,0,2020-12-25
MSD-USD,0.012,0.0114,0.0114,0.0119,0,2020-12-26
MSD-USD,0.0124,0.0118,0.0119,0.0119,0,2020-12-27
MSD-USD,0.0122,0.0118,0.0119,0.0121,0,2020-12-28
MSD-USD,0.0122,0.0118,0.0121,0.0121,0,2020-12-29
MSD-USD,0.0126,0.0121,0.0121,0.0125,0,2020-12-30
MSD-USD,0.0127,0.0124,0.0126,0.0126,0,2020-12-31
MSD-USD,0.0128,0.0125,0.0126,0.0127,0,2021-01-01
MSD-USD,0.0137,0.0126,0.0127,0.0134,0,2021-01-02
MSD-USD,0.0141,0.0134,0.0134,0.0136,0,2021-01-03
MSD-USD,0.0138,0.0125,0.0136,0.0134,0,2021-01-04
MSD-USD,0.0141,0.0129,0.0134,0.014,0,2021-01-05
MSD-USD,0.0147,0.0138,0.014,0.0147,0,2021-01-06
MSD-USD,0.0156,0.0146,0.0147,0.0154,0,2021-01-07
MSD-USD,0.0161,0.0147,0.0154,0.0158,0,2021-01-08
MSD-USD,0.016,0.0153,0.0158,0.0157,0,2021-01-09
MSD-USD,0.016,0.0145,0.0157,0.0151,0,2021-01-10
MSD-USD,0.0151,0.013,0.0151,0.0144,0,2021-01-11
MSD-USD,0.0146,0.0136,0.0144,0.0139,0,2021-01-12
MSD-USD,0.0149,0.0136,0.0139,0.0148,0,2021-01-13
MSD-USD,0.0156,0.0147,0.0148,0.0153,0,2021-01-14
MSD-USD,0.0154,0.0141,0.0153,0.0147,0,2021-01-15
MSD-USD,0.015,0.0144,0.0147,0.0145,0,2021-01-16
MSD-USD,0.0147,0.014,0.0145,0.0144,0,2021-01-17
MSD-USD,0.0148,0.0142,0.0144,0.0147,0,2021-01-18
MSD-USD,0.015,0.0145,0.0147,0.0145,0,2021-01-19
MSD-USD,0.0146,0.0138,0.0145,0.0144,0,2021-01-20
MSD-USD,0.0144,0.0129,0.0144,0.0131,0,2021-01-21
MSD-USD,0.0139,0.0126,0.0131,0.0137,0,2021-01-22
MSD-USD,0.0138,0.0133,0.0137,0.0134,0,2021-01-23
MSD-USD,0.0137,0.0132,0.0134,0.0135,0,2021-01-24
MSD-USD,0.0142,0.0134,0.0135,0.0135,0,2021-01-25
MSD-USD,0.0136,0.0132,0.0135,0.0136,0,2021-01-26
MSD-USD,0.0136,0.0127,0.0136,0.013,0,2021-01-27
MSD-USD,0.0139,0.0129,0.013,0.0138,0,2021-01-28
MSD-USD,0.0152,0.0134,0.0138,0.014,0,2021-01-29
MSD-USD,0.0142,0.0137,0.014,0.014,0,2021-01-30
MSD-USD,0.014,0.0135,0.014,0.0137,0,2021-01-31
MSD-USD,0.0141,0.0135,0.0137,0.0138,0,2021-02-01
MSD-USD,0.0145,0.0138,0.0138,0.0144,0,2021-02-02
MSD-USD,0.0149,0.0143,0.0144,0.0149,0,2021-02-03
MSD-USD,0.0152,0.0146,0.0149,0.0147,0,2021-02-04
MSD-USD,0.0151,0.0147,0.0147,0.0151,0,2021-02-05
MSD-USD,0.0158,0.0151,0.0151,0.0154,0,2021-02-06
MSD-USD,0.0155,0.0149,0.0154,0.0153,0,2021-02-07
MSD-USD,0.0172,0.0151,0.0153,0.0172,0,2021-02-08
MSD-USD,0.0177,0.017,0.0172,0.0173,0,2021-02-09
MSD-USD,0.0175,0.0166,0.0173,0.0169,0,2021-02-10
MSD-USD,0.0179,0.0167,0.0169,0.0177,0,2021-02-11
MSD-USD,0.0179,0.0173,0.0177,0.0176,0,2021-02-12
MSD-USD,0.0177,0.0173,0.0176,0.0175,0,2021-02-13
MSD-USD,0.0181,0.0175,0.0175,0.0179,0,2021-02-14
MSD-USD,0.018,0.0173,0.0179,0.0177,0,2021-02-15
MSD-USD,0.0184,0.0175,0.0177,0.0181,0,2021-02-16
MSD-USD,0.019,0.018,0.0181,0.0189,0,2021-02-17
MSD-USD,0.0189,0.0185,0.0188,0.0187,0,2021-02-18
MSD-USD,0.0199,0.0185,0.0187,0.0199,0,2021-02-19
MSD-USD,0.0203,0.0195,0.0199,0.0199,0,2021-02-20
MSD-USD,0.0205,0.0198,0.0199,0.0203,0,2021-02-21
MSD-USD,0.0203,0.018,0.0203,0.0194,0,2021-02-22
MSD-USD,0.0194,0.017,0.0194,0.0179,0,2021-02-23
MSD-USD,0.0186,0.0175,0.018,0.0182,0,2021-02-24
MSD-USD,0.0188,0.0175,0.0182,0.0175,0,2021-02-25
MSD-USD,0.0178,0.0168,0.0175,0.0173,0,2021-02-26
MSD-USD,0.0178,0.017,0.0173,0.0172,0,2021-02-27
MSD-USD,0.0174,0.0165,0.0172,0.017,0,2021-02-28
MSD-USD,0.0182,0.017,0.017,0.0182,0,2021-03-01
MSD-USD,0.0183,0.0175,0.0182,0.0178,0,2021-03-02
MSD-USD,0.019,0.0178,0.0178,0.0184,0,2021-03-03
MSD-USD,0.0187,0.0176,0.0184,0.0179,0,2021-03-04
MSD-USD,0.0181,0.0173,0.0179,0.018,0,2021-03-05
MSD-USD,0.018,0.0175,0.018,0.018,0,2021-03-06
MSD-USD,0.0186,0.018,0.018,0.0186,0,2021-03-07
MSD-USD,0.0189,0.0181,0.0186,0.0189,0,2021-03-08
MSD-USD,0.0196,0.0188,0.0189,0.0196,0,2021-03-09
MSD-USD,0.0202,0.0192,0.0196,0.0199,0,2021-03-10
MSD-USD,0.0205,0.0195,0.0199,0.0204,0,2021-03-11
MSD-USD,0.0204,0.0197,0.0204,0.0203,0,2021-03-12
MSD-USD,0.0214,0.0199,0.0202,0.0213,0,2021-03-13
MSD-USD,0.0214,0.0208,0.0213,0.0208,0,2021-03-14
MSD-USD,0.0211,0.0197,0.0208,0.0199,0,2021-03-15
MSD-USD,0.0201,0.0192,0.0199,0.0201,0,2021-03-16
MSD-USD,0.0207,0.0195,0.0201,0.0207,0,2021-03-17
MSD-USD,0.021,0.0194,0.0207,0.0204,0,2021-03-18
MSD-USD,0.0208,0.0201,0.0204,0.0205,0,2021-03-19
MSD-USD,0.021,0.0205,0.0205,0.0205,0,2021-03-20
MSD-USD,0.0206,0.0199,0.0205,0.0203,0,2021-03-21
MSD-USD,0.0206,0.0194,0.0203,0.0195,0,2021-03-22
MSD-USD,0.0199,0.0192,0.0195,0.0196,0,2021-03-23
MSD-USD,0.0202,0.019,0.0196,0.019,0,2021-03-24
MSD-USD,0.0192,0.0185,0.019,0.0187,0,2021-03-25
MSD-USD,0.0197,0.0187,0.0187,0.0197,0,2021-03-26
MSD-USD,0.02,0.0194,0.0197,0.0199,0,2021-03-27
MSD-USD,0.0201,0.0196,0.0199,0.0199,0,2021-03-28
MSD-USD,0.0205,0.0197,0.0199,0.0204,0,2021-03-29
MSD-USD,0.0208,0.0202,0.0204,0.0207,0,2021-03-30
MSD-USD,0.021,0.0204,0.0207,0.0207,0,2021-03-31
MSD-USD,0.0209,0.0206,0.0207,0.0207,0,2021-04-01
MSD-USD,0.021,0.0207,0.0207,0.0208,0,2021-04-02
MSD-USD,0.021,0.0203,0.0208,0.0203,0,2021-04-03
MSD-USD,0.0207,0.0202,0.0203,0.0206,0,2021-04-04
MSD-USD,0.0209,0.0204,0.0206,0.0207,0,2021-04-05
MSD-USD,0.0208,0.0203,0.0207,0.0205,0,2021-04-06
MSD-USD,0.0206,0.0198,0.0205,0.0199,0,2021-04-07
MSD-USD,0.0205,0.0199,0.0199,0.0205,0,2021-04-08
MSD-USD,0.0207,0.0204,0.0205,0.0205,0,2021-04-09
MSD-USD,0.0213,0.0204,0.0205,0.0209,0,2021-04-10
MSD-USD,0.0212,0.0208,0.0209,0.021,0,2021-04-11
MSD-USD,0.0213,0.0209,0.021,0.0209,0,2021-04-12
MSD-USD,0.022,0.0209,0.0209,0.0219,0,2021-04-13
MSD-USD,0.0223,0.0214,0.0219,0.0218,0,2021-04-14
MSD-USD,0.022,0.0216,0.0218,0.0219,0,2021-04-15
MSD-USD,0.0219,0.021,0.0219,0.0214,0,2021-04-16
MSD-USD,0.0217,0.0211,0.0214,0.0212,0,2021-04-17
MSD-USD,0.0213,0.0191,0.0212,0.0199,0,2021-04-18
MSD-USD,0.0203,0.0194,0.0199,0.0198,0,2021-04-19
MSD-USD,0.0202,0.0192,0.0198,0.02,0,2021-04-20
MSD-USD,0.0201,0.0193,0.02,0.0193,0,2021-04-21
MSD-USD,0.0197,0.0184,0.0193,0.0188,0,2021-04-22
MSD-USD,0.0188,0.0177,0.0187,0.0186,0,2021-04-23
MSD-USD,0.0186,0.0179,0.0186,0.0183,0,2021-04-24
MSD-USD,0.0184,0.0175,0.0183,0.018,0,2021-04-25
MSD-USD,0.0194,0.018,0.018,0.0194,0,2021-04-26
MSD-USD,0.0197,0.0192,0.0194,0.0196,0,2021-04-27
MSD-USD,0.0199,0.0193,0.0196,0.0196,0,2021-04-28
MSD-USD,0.0196,0.0189,0.0196,0.0192,0,2021-04-29
MSD-USD,0.0204,0.0191,0.0192,0.0204,0,2021-04-30
MSD-USD,0.0205,0.0202,0.0204,0.0204,0,2021-05-01
MSD-USD,0.0204,0.0199,0.0204,0.0201,0,2021-05-02
MSD-USD,0.0207,0.02,0.0201,0.0202,0,2021-05-03
MSD-USD,0.0202,0.0191,0.0202,0.0192,0,2021-05-04
MSD-USD,0.0204,0.0191,0.0192,0.0203,0,2021-05-05
MSD-USD,0.0205,0.0197,0.0203,0.02,0,2021-05-06
MSD-USD,0.0206,0.0197,0.02,0.0203,0,2021-05-07
MSD-USD,0.0208,0.0202,0.0203,0.0206,0,2021-05-08
MSD-USD,0.0208,0.02,0.0206,0.0205,0,2021-05-09
MSD-USD,0.0208,0.0194,0.0205,0.0198,0,2021-05-10
MSD-USD,0.0201,0.0195,0.0199,0.0201,0,2021-05-11
MSD-USD,0.0204,0.0182,0.0201,0.0182,0,2021-05-12
MSD-USD,0.0186,0.0175,0.018,0.0182,0,2021-05-13
MSD-USD,0.0187,0.018,0.0182,0.0182,0,2021-05-14
MSD-USD,0.0184,0.0174,0.0182,0.0174,0,2021-05-15
MSD-USD,0.0182,0.0166,0.0174,0.0173,0,2021-05-16
MSD-USD,0.0174,0.0162,0.0173,0.0165,0,2021-05-17
MSD-USD,0.0171,0.0162,0.0165,0.0164,0,2021-05-18
MSD-USD,0.0165,0.0131,0.0164,0.0148,0,2021-05-19
MSD-USD,0.0162,0.0142,0.0148,0.0157,0,2021-05-20
MSD-USD,0.0162,0.0138,0.0158,0.0148,0,2021-05-21
MSD-USD,0.0153,0.0143,0.0149,0.0149,0,2021-05-22
MSD-USD,0.0151,0.0132,0.0149,0.0142,0,2021-05-23
MSD-USD,0.0155,0.0141,0.0141,0.0152,0,2021-05-24
MSD-USD,0.0155,0.0147,0.0152,0.0151,0,2021-05-25
MSD-USD,0.0158,0.015,0.0151,0.0154,0,2021-05-26
MSD-USD,0.0157,0.0148,0.0154,0.0151,0,2021-05-27
MSD-USD,0.0153,0.0142,0.0152,0.0144,0,2021-05-28
MSD-USD,0.0148,0.0139,0.0144,0.0141,0,2021-05-29
MSD-USD,0.0146,0.0138,0.0141,0.0144,0,2021-05-30
MSD-USD,0.0149,0.014,0.0144,0.0148,0,2021-05-31
MSD-USD,0.015,0.0144,0.0149,0.0147,0,2021-06-01
MSD-USD,0.0151,0.0145,0.0147,0.0149,0,2021-06-02
MSD-USD,0.0154,0.0148,0.0149,0.0153,0,2021-06-03
MSD-USD,0.0154,0.0144,0.0154,0.0147,0,2021-06-04
MSD-USD,0.015,0.0142,0.0147,0.0144,0,2021-06-05
MSD-USD,0.0146,0.0143,0.0144,0.0145,0,2021-06-06
MSD-USD,0.0147,0.0138,0.0145,0.0138,0,2021-06-07
MSD-USD,0.014,0.0132,0.0138,0.0138,0,2021-06-08
MSD-USD,0.0149,0.0135,0.0138,0.0148,0,2021-06-09
MSD-USD,0.0151,0.0145,0.0149,0.0147,0,2021-06-10
MSD-USD,0.0149,0.0145,0.0147,0.0149,0,2021-06-11
MSD-USD,0.0149,0.0141,0.0149,0.0144,0,2021-06-12
MSD-USD,0.0154,0.0142,0.0144,0.0153,0,2021-06-13
MSD-USD,0.0158,0.0152,0.0153,0.0157,1,2021-06-14
MSD-USD,0.0159,0.0155,0.0157,0.0157,1,2021-06-15
MSD-USD,0.0157,0.0151,0.0156,0.0151,0,2021-06-16
MSD-USD,0.0154,0.0149,0.0151,0.015,0,2021-06-17
MSD-USD,0.0151,0.0143,0.0151,0.0144,0,2021-06-18
MSD-USD,0.0146,0.0142,0.0145,0.0144,0,2021-06-19
MSD-USD,0.0145,0.0138,0.0144,0.0144,0,2021-06-20
MSD-USD,0.0144,0.0132,0.0144,0.0133,0,2021-06-21
MSD-USD,0.0138,0.0126,0.0133,0.0135,0,2021-06-22
MSD-USD,0.0142,0.0134,0.0136,0.0139,0,2021-06-23
MSD-USD,0.0143,0.0135,0.0139,0.0141,0,2021-06-24
MSD-USD,0.0144,0.0132,0.0141,0.0133,0,2021-06-25
MSD-USD,0.0136,0.0129,0.0133,0.0134,0,2021-06-26
MSD-USD,0.0141,0.0134,0.0135,0.0141,0,2021-06-27
MSD-USD,0.0143,0.0139,0.0141,0.0141,0,2021-06-28
MSD-USD,0.0146,0.014,0.0141,0.0145,0,2021-06-29
MSD-USD,0.0145,0.014,0.0145,0.0142,0,2021-06-30
MSD-USD,0.0142,0.0136,0.0142,0.0138,0,2021-07-01
MSD-USD,0.0139,0.0136,0.0138,0.0139,0,2021-07-02
MSD-USD,0.0142,0.0138,0.0139,0.0141,0,2021-07-03
MSD-USD,0.0145,0.0141,0.0141,0.0143,0,2021-07-04
MSD-USD,0.0143,0.0137,0.0143,0.0139,0,2021-07-05
MSD-USD,0.0142,0.0138,0.0139,0.014,0,2021-07-06
MSD-USD,0.0142,0.0139,0.014,0.0139,0,2021-07-07
MSD-USD,0.0139,0.0134,0.0139,0.0136,0,2021-07-08
MSD-USD,0.014,0.0135,0.0136,0.0139,0,2021-07-09
MSD-USD,0.014,0.0137,0.0139,0.0138,0,2021-07-10
MSD-USD,0.0141,0.0138,0.0138,0.014,0,2021-07-11
MSD-USD,0.0141,0.0136,0.014,0.0137,0,2021-07-12
MSD-USD,0.0138,0.0135,0.0137,0.0136,0,2021-07-13
