MTH-USD,0.2897,0.2262,0.2262,0.2853,2743890,2017-09-06
MTH-USD,0.4116,0.2818,0.2858,0.342,4799890,2017-09-07
MTH-USD,0.3427,0.2357,0.3427,0.2665,1340900,2017-09-08
MTH-USD,0.3342,0.2624,0.2661,0.2749,1167320,2017-09-09
MTH-USD,0.2755,0.2189,0.2754,0.2201,1118340,2017-09-10
MTH-USD,0.2516,0.1865,0.2207,0.2382,1327440,2017-09-11
MTH-USD,0.3679,0.2402,0.2402,0.2506,1303530,2017-09-12
MTH-USD,0.2659,0.199,0.253,0.2189,1028680,2017-09-13
MTH-USD,0.3304,0.1734,0.2189,0.1734,435359,2017-09-14
MTH-USD,0.3548,0.1562,0.1725,0.1865,619595,2017-09-15
MTH-USD,0.215,0.1759,0.1879,0.1949,591624,2017-09-16
MTH-USD,0.2206,0.1742,0.1955,0.187,625908,2017-09-17
MTH-USD,0.3224,0.1853,0.1867,0.1857,657704,2017-09-18
MTH-USD,0.1909,0.1674,0.1787,0.1798,615339,2017-09-19
MTH-USD,0.2171,0.1611,0.1768,0.1944,1166480,2017-09-20
MTH-USD,0.305,0.1478,0.1938,0.1562,647349,2017-09-21
MTH-USD,0.1607,0.142,0.1562,0.142,592697,2017-09-22
MTH-USD,0.1632,0.131,0.1405,0.1456,419814,2017-09-23
MTH-USD,0.1489,0.1011,0.1459,0.1155,702874,2017-09-24
MTH-USD,0.1276,0.1132,0.1163,0.1236,491525,2017-09-25
MTH-USD,0.2222,0.117,0.1236,0.1239,526672,2017-09-26
MTH-USD,0.161,0.1221,0.1237,0.1598,626903,2017-09-27
MTH-USD,0.1614,0.1289,0.1597,0.1381,533497,2017-09-28
MTH-USD,0.1748,0.1228,0.1379,0.1324,394875,2017-09-29
MTH-USD,0.1425,0.129,0.1325,0.1379,351187,2017-09-30
MTH-USD,0.183,0.1367,0.1378,0.1716,1128420,2017-10-01
MTH-USD,0.1742,0.1458,0.1716,0.1476,731474,2017-10-02
MTH-USD,0.1546,0.1346,0.1449,0.1355,455594,2017-10-03
MTH-USD,0.1573,0.127,0.1358,0.129,402377,2017-10-04
MTH-USD,0.1435,0.1296,0.1296,0.1393,449742,2017-10-05
MTH-USD,0.1445,0.1367,0.1381,0.1418,262550,2017-10-06
MTH-USD,0.1455,0.1178,0.1417,0.124,339068,2017-10-07
MTH-USD,0.1301,0.1029,0.1238,0.1029,338911,2017-10-08
MTH-USD,0.1131,0.0944,0.1029,0.0974,513367,2017-10-09
MTH-USD,0.1043,0.0925,0.0976,0.1035,279531,2017-10-10
MTH-USD,0.1144,0.0941,0.1035,0.1044,209890,2017-10-11
MTH-USD,0.1103,0.0944,0.1045,0.0962,223139,2017-10-12
MTH-USD,0.1399,0.0931,0.0961,0.1116,1024520,2017-10-13
MTH-USD,0.1138,0.1029,0.1116,0.1029,300929,2017-10-14
MTH-USD,0.1075,0.0913,0.1038,0.0963,307705,2017-10-15
MTH-USD,0.1025,0.0861,0.0965,0.0972,271628,2017-10-16
MTH-USD,0.1015,0.084,0.0973,0.0854,211748,2017-10-17
MTH-USD,0.0878,0.0774,0.0853,0.0832,415738,2017-10-18
MTH-USD,0.0878,0.0794,0.0831,0.0812,273435,2017-10-19
MTH-USD,0.0823,0.0736,0.0812,0.0799,253479,2017-10-20
MTH-USD,0.0895,0.0741,0.0798,0.085,391486,2017-10-21
MTH-USD,0.0886,0.0809,0.0857,0.0846,220098,2017-10-22
MTH-USD,0.0851,0.069,0.0837,0.0737,201901,2017-10-23
MTH-USD,0.0835,0.0698,0.0744,0.0746,484389,2017-10-24
MTH-USD,0.0794,0.0736,0.0756,0.0758,201226,2017-10-25
MTH-USD,0.08,0.0676,0.0758,0.0721,283249,2017-10-26
MTH-USD,0.075,0.068,0.0722,0.0736,362836,2017-10-27
MTH-USD,0.0773,0.0707,0.0738,0.073,281258,2017-10-28
MTH-USD,0.0768,0.0706,0.073,0.0717,349988,2017-10-29
MTH-USD,0.0756,0.067,0.0715,0.0696,403137,2017-10-30
MTH-USD,0.0716,0.0623,0.0695,0.0661,501649,2017-10-31
MTH-USD,0.0701,0.0544,0.0686,0.0555,583515,2017-11-01
MTH-USD,0.0576,0.0487,0.0557,0.0559,501710,2017-11-02
MTH-USD,0.0683,0.0536,0.056,0.0683,491676,2017-11-03
MTH-USD,0.075,0.0639,0.0684,0.0732,504572,2017-11-04
MTH-USD,0.0814,0.0717,0.0727,0.0729,550024,2017-11-05
MTH-USD,0.0763,0.0654,0.073,0.0657,501238,2017-11-06
MTH-USD,0.0778,0.0657,0.0657,0.0712,645301,2017-11-07
MTH-USD,0.0845,0.071,0.0712,0.0822,578565,2017-11-08
MTH-USD,0.101,0.0815,0.0828,0.0953,775612,2017-11-09
MTH-USD,0.1049,0.0772,0.0955,0.0833,834072,2017-11-10
MTH-USD,0.0916,0.0755,0.0829,0.0757,661995,2017-11-11
MTH-USD,0.0799,0.0679,0.0747,0.072,455119,2017-11-12
MTH-USD,0.0808,0.0707,0.0714,0.076,473714,2017-11-13
MTH-USD,0.0819,0.0736,0.0776,0.0747,510856,2017-11-14
MTH-USD,0.0808,0.0719,0.077,0.075,519151,2017-11-15
MTH-USD,0.0787,0.0687,0.0757,0.072,540765,2017-11-16
MTH-USD,0.0769,0.0669,0.075,0.0696,458377,2017-11-17
MTH-USD,0.0734,0.0639,0.0685,0.0719,628398,2017-11-18
MTH-USD,0.0721,0.0587,0.0717,0.0686,553029,2017-11-19
MTH-USD,0.0688,0.0607,0.0685,0.0625,522600,2017-11-20
MTH-USD,0.0657,0.0559,0.0626,0.0591,556285,2017-11-21
MTH-USD,0.0663,0.0562,0.0596,0.061,800231,2017-11-22
MTH-USD,0.0643,0.0594,0.0612,0.0596,745650,2017-11-23
MTH-USD,0.0683,0.0582,0.0593,0.0645,701407,2017-11-24
MTH-USD,0.0715,0.0638,0.0645,0.0656,622939,2017-11-25
MTH-USD,0.0675,0.0629,0.0664,0.0653,693393,2017-11-26
MTH-USD,0.0686,0.0627,0.0657,0.0648,667953,2017-11-27
MTH-USD,0.0654,0.0612,0.0654,0.0626,666353,2017-11-28
MTH-USD,0.0652,0.0491,0.0628,0.0519,778635,2017-11-29
MTH-USD,0.0565,0.0475,0.0527,0.0533,665981,2017-11-30
MTH-USD,0.059,0.0503,0.0525,0.0561,584611,2017-12-01
MTH-USD,0.0616,0.0548,0.0561,0.0593,618619,2017-12-02
MTH-USD,0.0688,0.058,0.0592,0.0629,975839,2017-12-03
MTH-USD,0.072,0.0622,0.0623,0.0717,823391,2017-12-04
MTH-USD,0.1091,0.0708,0.0712,0.0964,2980230,2017-12-05
MTH-USD,0.0974,0.0729,0.0971,0.0892,2056570,2017-12-06
MTH-USD,0.1022,0.0739,0.0891,0.0861,1576760,2017-12-07
MTH-USD,0.0848,0.0682,0.0848,0.0767,991843,2017-12-08
MTH-USD,0.1008,0.0741,0.0768,0.095,1252820,2017-12-09
MTH-USD,0.0951,0.074,0.0951,0.083,816877,2017-12-10
MTH-USD,0.0867,0.08,0.0821,0.0829,983968,2017-12-11
MTH-USD,0.0862,0.065,0.0819,0.0724,1396330,2017-12-12
MTH-USD,0.0887,0.0623,0.0725,0.084,1916970,2017-12-13
MTH-USD,0.0958,0.0706,0.0834,0.0958,2155680,2017-12-14
MTH-USD,0.0974,0.076,0.0962,0.0902,1508070,2017-12-15
MTH-USD,0.1098,0.0875,0.091,0.1082,2105410,2017-12-16
MTH-USD,0.1693,0.1071,0.1077,0.1351,5703810,2017-12-17
MTH-USD,0.1778,0.1305,0.1357,0.1778,4254470,2017-12-18
MTH-USD,0.2403,0.1609,0.1763,0.2052,6349490,2017-12-19
MTH-USD,0.2052,0.1631,0.2052,0.1741,3682970,2017-12-20
MTH-USD,0.2108,0.1625,0.1713,0.1798,3977260,2017-12-21
MTH-USD,0.1854,0.0979,0.1812,0.1433,2445020,2017-12-22
MTH-USD,0.2357,0.1385,0.1419,0.1966,7301620,2017-12-23
MTH-USD,0.2392,0.1823,0.1992,0.2112,5466040,2017-12-24
MTH-USD,0.221,0.1902,0.2112,0.1978,3763380,2017-12-25
MTH-USD,0.3353,0.1966,0.1972,0.2919,17094500,2017-12-26
MTH-USD,0.4243,0.2904,0.2982,0.3298,23229200,2017-12-27
MTH-USD,0.3359,0.2544,0.3359,0.2937,8186750,2017-12-28
MTH-USD,0.3174,0.2575,0.2928,0.2711,5883990,2017-12-29
MTH-USD,0.2708,0.2119,0.2701,0.237,5066780,2017-12-30
MTH-USD,0.3176,0.2296,0.2369,0.3141,6326560,2017-12-31
MTH-USD,0.3143,0.2639,0.3143,0.3028,4915090,2018-01-01
MTH-USD,0.3399,0.2651,0.3047,0.2893,5728350,2018-01-02
MTH-USD,0.3314,0.2787,0.2921,0.3165,6761060,2018-01-03
MTH-USD,0.4941,0.3149,0.3154,0.49,15757100,2018-01-04
MTH-USD,0.598,0.3846,0.4867,0.4218,14897300,2018-01-05
MTH-USD,0.5078,0.4367,0.4451,0.4434,7244850,2018-01-06
MTH-USD,0.563,0.4448,0.4453,0.5228,9992010,2018-01-07
MTH-USD,0.5491,0.3889,0.5266,0.4752,7475730,2018-01-08
MTH-USD,0.5044,0.4373,0.4763,0.4757,6402010,2018-01-09
MTH-USD,0.587,0.4345,0.4714,0.5748,15400400,2018-01-10
MTH-USD,0.6467,0.487,0.5795,0.5216,16102900,2018-01-11
MTH-USD,0.5373,0.4925,0.5319,0.5001,4408800,2018-01-12
MTH-USD,0.5124,0.4604,0.4991,0.4666,4522960,2018-01-13
MTH-USD,0.4995,0.4088,0.467,0.4136,3756820,2018-01-14
MTH-USD,0.4279,0.3288,0.4117,0.3288,3999330,2018-01-15
MTH-USD,0.3309,0.2008,0.3281,0.2552,5552820,2018-01-16
MTH-USD,0.3434,0.2033,0.2554,0.3114,7529910,2018-01-17
MTH-USD,0.363,0.2798,0.3121,0.3,2825290,2018-01-18
MTH-USD,0.3844,0.2877,0.3002,0.3141,5732800,2018-01-19
MTH-USD,0.3585,0.3162,0.3162,0.3455,4431810,2018-01-20
MTH-USD,0.3468,0.2583,0.3468,0.2745,2510620,2018-01-21
MTH-USD,0.301,0.2266,0.277,0.2504,2322860,2018-01-22
MTH-USD,0.2642,0.2139,0.2491,0.2491,1606260,2018-01-23
MTH-USD,0.2524,0.2372,0.2464,0.2399,1485520,2018-01-24
MTH-USD,0.2571,0.2381,0.2429,0.252,1940800,2018-01-25
MTH-USD,0.2753,0.2124,0.2513,0.238,2579880,2018-01-26
MTH-USD,0.2581,0.2278,0.2381,0.2452,1871430,2018-01-27
MTH-USD,0.3909,0.2421,0.2459,0.3534,33190200,2018-01-28
MTH-USD,0.3766,0.2686,0.3679,0.2751,19866000,2018-01-29
MTH-USD,0.2781,0.2149,0.2763,0.2258,2914550,2018-01-30
MTH-USD,0.2327,0.2084,0.2245,0.2284,1442050,2018-01-31
MTH-USD,0.2353,0.1656,0.2288,0.1862,1570430,2018-02-01
MTH-USD,0.1844,0.125,0.1844,0.1719,1523870,2018-02-02
MTH-USD,0.1952,0.1586,0.1734,0.1844,1352610,2018-02-03
MTH-USD,0.1899,0.1482,0.1848,0.1562,678804,2018-02-04
MTH-USD,0.1641,0.1042,0.1546,0.1142,1169510,2018-02-05
MTH-USD,0.1454,0.0924,0.1149,0.1449,1383490,2018-02-06
MTH-USD,0.1613,0.1264,0.1426,0.1369,809184,2018-02-07
MTH-USD,0.1551,0.1359,0.1359,0.1489,767805,2018-02-08
MTH-USD,0.1583,0.1413,0.1493,0.1551,79199,2018-02-09
MTH-USD,0.1738,0.1444,0.1551,0.1505,1243920,2018-02-10
MTH-USD,0.1502,0.1288,0.1502,0.1345,579843,2018-02-11
MTH-USD,0.1721,0.1363,0.1363,0.1586,1541570,2018-02-12
MTH-USD,0.1627,0.1426,0.1619,0.1515,1471370,2018-02-13
MTH-USD,0.1736,0.1503,0.1503,0.171,1276570,2018-02-14
MTH-USD,0.1823,0.1658,0.1715,0.1785,1236690,2018-02-15
MTH-USD,0.185,0.167,0.1799,0.1782,748899,2018-02-16
MTH-USD,0.2038,0.1758,0.1782,0.1979,2075470,2018-02-17
MTH-USD,0.201,0.1766,0.1988,0.179,1820700,2018-02-18
MTH-USD,0.192,0.1771,0.1778,0.1894,652516,2018-02-19
MTH-USD,0.2136,0.1888,0.1895,0.1919,5204710,2018-02-20
MTH-USD,0.1939,0.1662,0.1939,0.1679,1458070,2018-02-21
MTH-USD,0.18,0.1509,0.167,0.155,778925,2018-02-22
MTH-USD,0.1664,0.1499,0.1552,0.1556,756841,2018-02-23
MTH-USD,0.161,0.1416,0.1556,0.1449,804605,2018-02-24
MTH-USD,0.1548,0.1431,0.1447,0.1508,597367,2018-02-25
MTH-USD,0.1579,0.1443,0.1507,0.1547,532240,2018-02-26
MTH-USD,0.1597,0.1479,0.1552,0.1504,566684,2018-02-27
MTH-USD,0.1546,0.1437,0.1504,0.1437,741927,2018-02-28
MTH-USD,0.1538,0.1418,0.1427,0.1463,524812,2018-03-01
MTH-USD,0.1483,0.1392,0.1461,0.1444,531300,2018-03-02
MTH-USD,0.1758,0.1408,0.1456,0.1502,2378440,2018-03-03
MTH-USD,0.1515,0.1376,0.1501,0.1463,827358,2018-03-04
MTH-USD,0.1472,0.1394,0.1472,0.1424,495975,2018-03-05
MTH-USD,0.1417,0.1249,0.1417,0.1276,519088,2018-03-06
MTH-USD,0.1477,0.1001,0.1276,0.1348,2658800,2018-03-07
MTH-USD,0.1461,0.112,0.1355,0.1133,5181160,2018-03-08
MTH-USD,0.1145,0.0989,0.1138,0.1106,866701,2018-03-09
MTH-USD,0.1152,0.1027,0.111,0.1058,386800,2018-03-10
MTH-USD,0.1135,0.0994,0.105,0.1115,314001,2018-03-11
MTH-USD,0.1167,0.1016,0.1113,0.1041,307648,2018-03-12
MTH-USD,0.1117,0.1016,0.1034,0.1042,372289,2018-03-13
MTH-USD,0.1071,0.0859,0.1045,0.0888,538711,2018-03-14
MTH-USD,0.1088,0.0816,0.0894,0.0995,2293040,2018-03-15
MTH-USD,0.1158,0.0924,0.1,0.1047,2120470,2018-03-16
MTH-USD,0.1149,0.095,0.1059,0.0965,861950,2018-03-17
MTH-USD,0.0964,0.0782,0.0962,0.0958,536227,2018-03-18
MTH-USD,0.1099,0.0932,0.0952,0.1077,563125,2018-03-19
MTH-USD,0.1139,0.102,0.1107,0.1094,845776,2018-03-20
MTH-USD,0.1203,0.1095,0.11,0.1121,509460,2018-03-21
MTH-USD,0.1156,0.1037,0.1117,0.1078,463105,2018-03-22
MTH-USD,0.108,0.0984,0.1079,0.104,437086,2018-03-23
MTH-USD,0.1192,0.1043,0.1053,0.11,1001110,2018-03-24
MTH-USD,0.123,0.1084,0.1084,0.1142,2059450,2018-03-25
MTH-USD,0.1202,0.1023,0.1152,0.1122,1057130,2018-03-26
MTH-USD,0.1123,0.1019,0.112,0.106,888168,2018-03-27
MTH-USD,0.1256,0.1048,0.1054,0.1219,2013160,2018-03-28
MTH-USD,0.1245,0.0952,0.1209,0.0998,1518790,2018-03-29
MTH-USD,0.1002,0.0867,0.099,0.0906,1025200,2018-03-30
MTH-USD,0.0999,0.0852,0.0903,0.0862,972793,2018-03-31
MTH-USD,0.0874,0.0732,0.0863,0.076,782798,2018-04-01
MTH-USD,0.0813,0.0756,0.0764,0.0811,317175,2018-04-02
MTH-USD,0.087,0.081,0.081,0.0867,594872,2018-04-03
MTH-USD,0.0875,0.0759,0.0861,0.0768,666520,2018-04-04
MTH-USD,0.0777,0.0738,0.0763,0.076,327953,2018-04-05
MTH-USD,0.0768,0.072,0.0757,0.0742,279476,2018-04-06
MTH-USD,0.0796,0.0733,0.0743,0.0768,257313,2018-04-07
MTH-USD,0.0805,0.0765,0.0769,0.0791,287906,2018-04-08
MTH-USD,0.0817,0.0708,0.0793,0.0719,622824,2018-04-09
MTH-USD,0.0762,0.072,0.072,0.075,708988,2018-04-10
MTH-USD,0.0794,0.0751,0.0751,0.0788,556768,2018-04-11
MTH-USD,0.0928,0.0758,0.0782,0.0928,1667120,2018-04-12
MTH-USD,0.1003,0.0904,0.0929,0.0916,1250670,2018-04-13
MTH-USD,0.0979,0.0905,0.0916,0.0936,827944,2018-04-14
MTH-USD,0.0996,0.0932,0.0939,0.0992,923514,2018-04-15
MTH-USD,0.0992,0.0904,0.099,0.0919,551256,2018-04-16
MTH-USD,0.1056,0.0909,0.0921,0.0955,2911100,2018-04-17
MTH-USD,0.1062,0.0953,0.0953,0.1041,2239540,2018-04-18
MTH-USD,0.1139,0.1026,0.1042,0.1115,2209090,2018-04-19
MTH-USD,0.1171,0.1062,0.1109,0.1154,1580080,2018-04-20
MTH-USD,0.1151,0.1001,0.1149,0.1092,1588900,2018-04-21
MTH-USD,0.1254,0.1067,0.1086,0.117,2882360,2018-04-22
MTH-USD,0.139,0.1172,0.1172,0.1316,5523160,2018-04-23
MTH-USD,0.1399,0.1287,0.1317,0.1384,2974870,2018-04-24
MTH-USD,0.1366,0.1063,0.1366,0.111,1912820,2018-04-25
MTH-USD,0.128,0.1061,0.1117,0.1246,1729380,2018-04-26
MTH-USD,0.1284,0.1172,0.1252,0.1172,1358370,2018-04-27
MTH-USD,0.1279,0.1161,0.1167,0.1251,1118040,2018-04-28
MTH-USD,0.1426,0.1254,0.1254,0.1417,3309780,2018-04-29
MTH-USD,0.1604,0.1397,0.141,0.1454,7379760,2018-04-30
MTH-USD,0.1457,0.131,0.1457,0.142,2296890,2018-05-01
MTH-USD,0.1448,0.1374,0.1417,0.1436,1404230,2018-05-02
MTH-USD,0.1462,0.1386,0.1433,0.142,2032120,2018-05-03
MTH-USD,0.1473,0.1347,0.1415,0.1404,1466800,2018-05-04
MTH-USD,0.1521,0.1391,0.1405,0.141,1576930,2018-05-05
MTH-USD,0.1446,0.1308,0.1412,0.1341,1112950,2018-05-06
MTH-USD,0.1372,0.1241,0.1341,0.1328,1725500,2018-05-07
MTH-USD,0.1357,0.1223,0.1331,0.1283,1355530,2018-05-08
MTH-USD,0.1301,0.1167,0.1277,0.1233,932862,2018-05-09
MTH-USD,0.1272,0.1105,0.1233,0.1105,1717950,2018-05-10
MTH-USD,0.1108,0.0946,0.1108,0.0968,1169920,2018-05-11
MTH-USD,0.1021,0.0919,0.0963,0.0991,689194,2018-05-12
MTH-USD,0.1103,0.0977,0.0988,0.1065,950451,2018-05-13
MTH-USD,0.1095,0.0986,0.1069,0.1045,728615,2018-05-14
MTH-USD,0.1145,0.1026,0.1041,0.1043,1367810,2018-05-15
MTH-USD,0.1046,0.0959,0.1043,0.1001,448336,2018-05-16
MTH-USD,0.1017,0.0946,0.0994,0.0956,513252,2018-05-17
MTH-USD,0.0989,0.0933,0.096,0.0989,510185,2018-05-18
MTH-USD,0.0998,0.0962,0.099,0.0974,279715,2018-05-19
MTH-USD,0.1024,0.0967,0.0975,0.1008,338037,2018-05-20
MTH-USD,0.1022,0.0954,0.1011,0.0963,322379,2018-05-21
MTH-USD,0.0969,0.087,0.0965,0.0872,345954,2018-05-22
MTH-USD,0.0881,0.073,0.0874,0.0745,1210110,2018-05-23
MTH-USD,0.0775,0.0697,0.0743,0.0775,455494,2018-05-24
MTH-USD,0.081,0.0741,0.0777,0.0762,897115,2018-05-25
MTH-USD,0.0823,0.0742,0.0761,0.0755,508404,2018-05-26
MTH-USD,0.0757,0.0734,0.0757,0.075,191873,2018-05-27
MTH-USD,0.0754,0.067,0.0751,0.0677,267458,2018-05-28
MTH-USD,0.076,0.0648,0.0677,0.074,483357,2018-05-29
MTH-USD,0.0762,0.071,0.0739,0.0737,238761,2018-05-30
MTH-USD,0.0782,0.072,0.0734,0.0768,258412,2018-05-31
MTH-USD,0.078,0.0727,0.0766,0.0775,265690,2018-06-01
MTH-USD,0.0846,0.0752,0.0774,0.0816,687966,2018-06-02
MTH-USD,0.0848,0.079,0.0816,0.0793,461194,2018-06-03
MTH-USD,0.0804,0.0728,0.0798,0.0739,468014,2018-06-04
MTH-USD,0.0752,0.0696,0.074,0.0734,304273,2018-06-05
MTH-USD,0.0738,0.0693,0.0729,0.0706,298388,2018-06-06
MTH-USD,0.0732,0.0706,0.0709,0.0718,311892,2018-06-07
MTH-USD,0.0734,0.0675,0.0717,0.0699,291089,2018-06-08
MTH-USD,0.0708,0.0655,0.0695,0.0655,268398,2018-06-09
MTH-USD,0.0654,0.0532,0.0654,0.0549,446951,2018-06-10
MTH-USD,0.0566,0.0516,0.0549,0.0566,207516,2018-06-11
MTH-USD,0.0598,0.0508,0.0565,0.051,847123,2018-06-12
MTH-USD,0.0543,0.0459,0.0508,0.0467,1096400,2018-06-13
MTH-USD,0.0527,0.0466,0.0467,0.0508,239457,2018-06-14
MTH-USD,0.0547,0.0488,0.0507,0.0489,331540,2018-06-15
MTH-USD,0.0504,0.0473,0.0487,0.048,115488,2018-06-16
MTH-USD,0.0575,0.0478,0.0481,0.0506,658374,2018-06-17
MTH-USD,0.0565,0.0493,0.0505,0.0518,786050,2018-06-18
MTH-USD,0.0532,0.0511,0.0517,0.0526,200358,2018-06-19
MTH-USD,0.0534,0.0495,0.0528,0.0501,466422,2018-06-20
MTH-USD,0.0534,0.0483,0.0501,0.0485,412319,2018-06-21
MTH-USD,0.0511,0.0402,0.0485,0.0411,556361,2018-06-22
MTH-USD,0.0427,0.04,0.0412,0.0412,105313,2018-06-23
MTH-USD,0.0418,0.0343,0.0411,0.0368,212497,2018-06-24
MTH-USD,0.0454,0.0359,0.0366,0.0411,962449,2018-06-25
MTH-USD,0.0415,0.0362,0.0411,0.0362,301024,2018-06-26
MTH-USD,0.0366,0.0341,0.0362,0.036,133258,2018-06-27
MTH-USD,0.0368,0.0322,0.0361,0.0335,113301,2018-06-28
MTH-USD,0.035,0.0309,0.0335,0.0346,221488,2018-06-29
MTH-USD,0.0369,0.0337,0.0345,0.0363,234044,2018-06-30
MTH-USD,0.0446,0.0354,0.0363,0.0393,1712230,2018-07-01
MTH-USD,0.0453,0.0371,0.0393,0.0429,667295,2018-07-02
MTH-USD,0.0449,0.0401,0.0429,0.0403,624149,2018-07-03
MTH-USD,0.0573,0.0395,0.0405,0.0456,3125470,2018-07-04
MTH-USD,0.0489,0.0419,0.0458,0.0424,879709,2018-07-05
MTH-USD,0.0428,0.0389,0.0425,0.0405,276365,2018-07-06
MTH-USD,0.0514,0.0398,0.0405,0.0443,2248310,2018-07-07
MTH-USD,0.0483,0.0443,0.0443,0.0457,808620,2018-07-08
MTH-USD,0.0459,0.0426,0.0459,0.0426,284615,2018-07-09
MTH-USD,0.0429,0.0371,0.0427,0.0383,189111,2018-07-10
MTH-USD,0.0428,0.0366,0.0381,0.0374,383309,2018-07-11
MTH-USD,0.0378,0.0357,0.0377,0.037,173131,2018-07-12
MTH-USD,0.0401,0.0365,0.0379,0.0372,246263,2018-07-13
MTH-USD,0.0443,0.0363,0.0372,0.0385,309879,2018-07-14
MTH-USD,0.0414,0.0379,0.0384,0.0381,211143,2018-07-15
MTH-USD,0.0415,0.0367,0.0381,0.0415,175515,2018-07-16
MTH-USD,0.0442,0.0398,0.0414,0.0434,221601,2018-07-17
MTH-USD,0.047,0.0427,0.0434,0.0446,276885,2018-07-18
MTH-USD,0.0465,0.043,0.0445,0.0437,297697,2018-07-19
MTH-USD,0.0479,0.0372,0.0437,0.0382,1041210,2018-07-20
MTH-USD,0.0412,0.0375,0.0381,0.0396,256900,2018-07-21
MTH-USD,0.0452,0.0383,0.0396,0.0386,623296,2018-07-22
MTH-USD,0.0402,0.0379,0.0386,0.0382,204062,2018-07-23
MTH-USD,0.044,0.0351,0.0383,0.038,658901,2018-07-24
MTH-USD,0.0387,0.0363,0.038,0.0375,169259,2018-07-25
MTH-USD,0.0391,0.0363,0.0375,0.0365,132608,2018-07-26
MTH-USD,0.0373,0.0348,0.0365,0.0356,91425,2018-07-27
MTH-USD,0.0379,0.0354,0.0356,0.0369,208805,2018-07-28
MTH-USD,0.043,0.0364,0.037,0.0389,703223,2018-07-29
MTH-USD,0.0406,0.0357,0.039,0.0367,361959,2018-07-30
MTH-USD,0.0533,0.0337,0.0364,0.034,583199,2018-07-31
MTH-USD,0.0355,0.0309,0.034,0.0316,401083,2018-08-01
MTH-USD,0.0323,0.0302,0.0316,0.0305,103328,2018-08-02
MTH-USD,0.0331,0.0271,0.0305,0.0289,118616,2018-08-03
MTH-USD,0.0298,0.026,0.0289,0.0267,95550,2018-08-04
MTH-USD,0.0273,0.0236,0.0267,0.0236,86877,2018-08-05
MTH-USD,0.0272,0.0231,0.0236,0.0269,73962,2018-08-06
MTH-USD,0.0339,0.0234,0.0256,0.026,850644,2018-08-07
MTH-USD,0.027,0.023,0.026,0.0262,775762,2018-08-08
MTH-USD,0.0253,0.0231,0.0248,0.0245,240575,2018-08-09
MTH-USD,0.0247,0.0216,0.0244,0.0225,108469,2018-08-10
MTH-USD,0.024,0.0213,0.0224,0.0234,292979,2018-08-11
MTH-USD,0.0252,0.0231,0.0235,0.0239,148088,2018-08-12
MTH-USD,0.024,0.0216,0.0238,0.0216,245786,2018-08-13
MTH-USD,0.0216,0.0183,0.0216,0.0192,126863,2018-08-14
MTH-USD,0.022,0.0192,0.0192,0.0199,207555,2018-08-15
MTH-USD,0.0211,0.0196,0.0199,0.021,71801,2018-08-16
MTH-USD,0.025,0.02,0.0209,0.0247,306276,2018-08-17
MTH-USD,0.026,0.0222,0.0247,0.0233,234343,2018-08-18
MTH-USD,0.0249,0.0225,0.0232,0.0244,165016,2018-08-19
MTH-USD,0.0246,0.0218,0.0244,0.0221,291435,2018-08-20
MTH-USD,0.0226,0.0214,0.0221,0.0218,84991,2018-08-21
MTH-USD,0.0229,0.0201,0.0219,0.0204,87256,2018-08-22
MTH-USD,0.0211,0.0199,0.0204,0.0204,68426,2018-08-23
MTH-USD,0.0225,0.0196,0.0204,0.0224,128135,2018-08-24
MTH-USD,0.0228,0.022,0.0224,0.0225,68905,2018-08-25
MTH-USD,0.023,0.0217,0.0225,0.0221,85682,2018-08-26
MTH-USD,0.0228,0.0216,0.0221,0.0227,89856,2018-08-27
MTH-USD,0.0253,0.0227,0.0227,0.0251,147582,2018-08-28
MTH-USD,0.0266,0.0241,0.0251,0.0256,272398,2018-08-29
MTH-USD,0.0261,0.0231,0.0257,0.0251,185331,2018-08-30
MTH-USD,0.0299,0.0239,0.0251,0.0256,192596,2018-08-31
MTH-USD,0.0274,0.0251,0.0256,0.0264,84695,2018-09-01
MTH-USD,0.028,0.0255,0.0266,0.0268,71402,2018-09-02
MTH-USD,0.0268,0.0252,0.0268,0.0262,81871,2018-09-03
MTH-USD,0.027,0.0255,0.0262,0.0262,144198,2018-09-04
MTH-USD,0.0271,0.0216,0.0262,0.0216,215915,2018-09-05
MTH-USD,0.0217,0.02,0.0216,0.0205,189999,2018-09-06
MTH-USD,0.021,0.0196,0.0207,0.0204,118281,2018-09-07
MTH-USD,0.0206,0.018,0.0204,0.018,74461,2018-09-08
MTH-USD,0.0191,0.0171,0.018,0.0179,63768,2018-09-09
MTH-USD,0.0202,0.0176,0.0179,0.0195,302426,2018-09-10
MTH-USD,0.0212,0.0183,0.0196,0.0187,190265,2018-09-11
MTH-USD,0.0188,0.0169,0.0187,0.018,81385,2018-09-12
MTH-USD,0.02,0.0179,0.018,0.0197,96472,2018-09-13
MTH-USD,0.0204,0.0187,0.0197,0.0193,127750,2018-09-14
MTH-USD,0.0203,0.019,0.0193,0.0202,85032,2018-09-15
MTH-USD,0.0239,0.0201,0.0207,0.0229,609999,2018-09-16
MTH-USD,0.0458,0.0222,0.0231,0.0394,19679177,2018-09-17
MTH-USD,0.0392,0.0266,0.0392,0.0267,4626319,2018-09-18
MTH-USD,0.028,0.0243,0.0269,0.0254,921920,2018-09-19
MTH-USD,0.032,0.0252,0.0255,0.0274,3133418,2018-09-20
MTH-USD,0.0323,0.0267,0.0273,0.0276,1830031,2018-09-21
MTH-USD,0.0305,0.0259,0.0277,0.0293,1125493,2018-09-22
MTH-USD,0.0307,0.0274,0.0293,0.0279,583139,2018-09-23
MTH-USD,0.0299,0.0266,0.0278,0.0274,576837,2018-09-24
MTH-USD,0.0277,0.0249,0.0274,0.0263,555899,2018-09-25
MTH-USD,0.0289,0.0258,0.0264,0.0271,598117,2018-09-26
MTH-USD,0.0286,0.0267,0.0271,0.0278,545788,2018-09-27
MTH-USD,0.0303,0.0276,0.0278,0.0282,444110,2018-09-28
MTH-USD,0.0357,0.0273,0.0282,0.0309,4983253,2018-09-29
MTH-USD,0.0315,0.0285,0.031,0.0291,1103789,2018-09-30
MTH-USD,0.0314,0.0289,0.0292,0.0305,1240878,2018-10-01
MTH-USD,0.031,0.0297,0.0303,0.03,571039,2018-10-02
MTH-USD,0.0301,0.0284,0.0299,0.0296,396478,2018-10-03
MTH-USD,0.0317,0.0295,0.0296,0.0303,993296,2018-10-04
MTH-USD,0.0306,0.0295,0.0303,0.0303,377501,2018-10-05
MTH-USD,0.0333,0.03,0.0303,0.0318,972131,2018-10-06
MTH-USD,0.0332,0.0307,0.0319,0.0313,801429,2018-10-07
MTH-USD,0.0318,0.0306,0.0311,0.0314,361845,2018-10-08
MTH-USD,0.0315,0.0294,0.0314,0.0299,406762,2018-10-09
MTH-USD,0.0363,0.0288,0.0299,0.0333,2113787,2018-10-10
MTH-USD,0.0391,0.0289,0.0329,0.0325,5559189,2018-10-11
MTH-USD,0.0352,0.0308,0.0322,0.0311,1362850,2018-10-12
MTH-USD,0.0416,0.0311,0.0311,0.0376,3066823,2018-10-13
MTH-USD,0.0442,0.0375,0.0377,0.0402,3357166,2018-10-14
MTH-USD,0.0407,0.0357,0.0407,0.0371,1560915,2018-10-15
MTH-USD,0.0398,0.0362,0.0371,0.0368,890761,2018-10-16
MTH-USD,0.038,0.0365,0.0367,0.0367,637013,2018-10-17
MTH-USD,0.0379,0.0346,0.0367,0.0352,604675,2018-10-18
MTH-USD,0.0375,0.0343,0.0351,0.0372,977900,2018-10-19
MTH-USD,0.0377,0.0355,0.0372,0.0362,789681,2018-10-20
MTH-USD,0.0399,0.0361,0.0362,0.037,1305510,2018-10-21
MTH-USD,0.0384,0.0367,0.0372,0.0383,528240,2018-10-22
MTH-USD,0.0413,0.0376,0.0383,0.0403,893564,2018-10-23
MTH-USD,0.0418,0.0388,0.0402,0.0405,561594,2018-10-24
MTH-USD,0.0406,0.0374,0.0405,0.038,550470,2018-10-25
MTH-USD,0.0384,0.0372,0.0379,0.0372,273726,2018-10-26
MTH-USD,0.0381,0.035,0.0372,0.0357,445725,2018-10-27
MTH-USD,0.0419,0.0356,0.0356,0.0391,1133007,2018-10-28
MTH-USD,0.0417,0.0365,0.0391,0.0376,819583,2018-10-29
MTH-USD,0.045,0.0372,0.0372,0.0414,3213330,2018-10-30
MTH-USD,0.0465,0.0412,0.0414,0.0448,2993590,2018-10-31
MTH-USD,0.045,0.0416,0.0445,0.0418,615544,2018-11-01
MTH-USD,0.0452,0.0415,0.0417,0.0439,833924,2018-11-02
MTH-USD,0.0452,0.0422,0.0436,0.0427,620875,2018-11-03
MTH-USD,0.0433,0.0394,0.0427,0.0406,1061786,2018-11-04
MTH-USD,0.0409,0.0375,0.0406,0.0383,511007,2018-11-05
MTH-USD,0.0383,0.0357,0.038,0.0379,506334,2018-11-06
MTH-USD,0.0416,0.0375,0.0379,0.0416,518835,2018-11-07
MTH-USD,0.0599,0.0396,0.0414,0.0568,14721146,2018-11-08
MTH-USD,0.0564,0.0504,0.0556,0.0515,8782760,2018-11-09
MTH-USD,0.0659,0.0505,0.0513,0.0636,11815741,2018-11-10
MTH-USD,0.0739,0.0555,0.0634,0.0569,12921354,2018-11-11
MTH-USD,0.0583,0.0493,0.057,0.0501,4333954,2018-11-12
MTH-USD,0.0506,0.046,0.0503,0.0463,2404173,2018-11-13
MTH-USD,0.0488,0.0374,0.0462,0.0394,2699017,2018-11-14
MTH-USD,0.0411,0.0329,0.0396,0.0369,2366703,2018-11-15
MTH-USD,0.0382,0.034,0.037,0.0353,1591967,2018-11-16
MTH-USD,0.0418,0.0343,0.0353,0.0397,3813013,2018-11-17
MTH-USD,0.0441,0.0394,0.0397,0.041,3450532,2018-11-18
MTH-USD,0.041,0.0306,0.0409,0.0306,1704160,2018-11-19
MTH-USD,0.0311,0.0226,0.0306,0.0244,1220679,2018-11-20
MTH-USD,0.0272,0.024,0.0246,0.0261,658116,2018-11-21
MTH-USD,0.0276,0.0236,0.0261,0.0236,534760,2018-11-22
MTH-USD,0.0237,0.0216,0.0233,0.0223,492711,2018-11-23
MTH-USD,0.0232,0.0183,0.0224,0.0186,270749,2018-11-24
MTH-USD,0.0191,0.0161,0.0186,0.0181,364804,2018-11-25
MTH-USD,0.0198,0.0167,0.0184,0.0176,436476,2018-11-26
MTH-USD,0.0209,0.0167,0.0176,0.0195,931377,2018-11-27
MTH-USD,0.0241,0.0195,0.0196,0.024,1921826,2018-11-28
MTH-USD,0.0261,0.0222,0.0243,0.0246,1460461,2018-11-29
MTH-USD,0.0249,0.0206,0.0244,0.0215,635932,2018-11-30
MTH-USD,0.0239,0.0212,0.0213,0.0228,394020,2018-12-01
MTH-USD,0.0266,0.0224,0.0228,0.0247,1233924,2018-12-02
MTH-USD,0.0248,0.0213,0.0245,0.0218,813543,2018-12-03
MTH-USD,0.0256,0.0206,0.0218,0.0229,1244785,2018-12-04
MTH-USD,0.023,0.0206,0.0229,0.0206,705581,2018-12-05
MTH-USD,0.0213,0.0179,0.0205,0.0179,421206,2018-12-06
MTH-USD,0.0196,0.0164,0.0178,0.018,370998,2018-12-07
MTH-USD,0.0189,0.0174,0.0182,0.0182,234188,2018-12-08
MTH-USD,0.0198,0.0182,0.0182,0.0192,148203,2018-12-09
MTH-USD,0.0195,0.0174,0.0192,0.0177,165381,2018-12-10
MTH-USD,0.0179,0.0162,0.0177,0.017,422713,2018-12-11
MTH-USD,0.019,0.0166,0.0169,0.0177,396077,2018-12-12
MTH-USD,0.0178,0.0159,0.0177,0.0162,196938,2018-12-13
MTH-USD,0.0165,0.0154,0.0161,0.0156,125514,2018-12-14
MTH-USD,0.016,0.0153,0.0156,0.0158,69781,2018-12-15
MTH-USD,0.0166,0.0155,0.0158,0.0159,109552,2018-12-16
MTH-USD,0.018,0.0158,0.0159,0.0176,172644,2018-12-17
MTH-USD,0.0185,0.0172,0.0176,0.0183,116066,2018-12-18
MTH-USD,0.0201,0.0174,0.0184,0.0177,444576,2018-12-19
MTH-USD,0.0195,0.0176,0.0177,0.0191,340946,2018-12-20
MTH-USD,0.0194,0.0181,0.0191,0.0182,253734,2018-12-21
MTH-USD,0.0194,0.0182,0.0182,0.019,206367,2018-12-22
MTH-USD,0.0196,0.0188,0.0188,0.0193,230817,2018-12-23
MTH-USD,0.0211,0.0193,0.0194,0.0197,547965,2018-12-24
MTH-USD,0.0197,0.0167,0.0197,0.0176,315195,2018-12-25
MTH-USD,0.0181,0.0168,0.0176,0.0175,128480,2018-12-26
MTH-USD,0.0178,0.0154,0.0176,0.0155,100856,2018-12-27
MTH-USD,0.0178,0.0155,0.0155,0.0173,97863,2018-12-28
MTH-USD,0.0181,0.0168,0.0174,0.0168,90255,2018-12-29
MTH-USD,0.0176,0.0165,0.0168,0.017,90348,2018-12-30
MTH-USD,0.0175,0.0161,0.0171,0.0164,58407,2018-12-31
MTH-USD,0.0172,0.0159,0.0164,0.0172,49993,2019-01-01
MTH-USD,0.0176,0.0166,0.0172,0.0175,89608,2019-01-02
MTH-USD,0.0181,0.017,0.0175,0.0171,260113,2019-01-03
MTH-USD,0.0183,0.0169,0.0171,0.0181,303937,2019-01-04
MTH-USD,0.0189,0.0174,0.0182,0.0176,556942,2019-01-05
MTH-USD,0.0226,0.0174,0.0176,0.0198,3054350,2019-01-06
MTH-USD,0.0198,0.0185,0.0197,0.0187,635625,2019-01-07
MTH-USD,0.0187,0.0179,0.0187,0.0181,299372,2019-01-08
MTH-USD,0.019,0.018,0.0181,0.0184,280216,2019-01-09
MTH-USD,0.0185,0.0149,0.0184,0.0153,393794,2019-01-10
MTH-USD,0.0155,0.015,0.0152,0.0151,91217,2019-01-11
MTH-USD,0.0158,0.0149,0.0151,0.0154,173510,2019-01-12
MTH-USD,0.0167,0.0142,0.0154,0.0142,331102,2019-01-13
MTH-USD,0.0162,0.0143,0.0143,0.0158,346116,2019-01-14
MTH-USD,0.0194,0.0156,0.0157,0.0167,2361538,2019-01-15
MTH-USD,0.0172,0.016,0.017,0.0167,983840,2019-01-16
MTH-USD,0.0192,0.0166,0.0167,0.0178,1931091,2019-01-17
MTH-USD,0.0198,0.0172,0.0178,0.0188,1551172,2019-01-18
MTH-USD,0.022,0.0179,0.0187,0.0212,2664961,2019-01-19
MTH-USD,0.0235,0.0185,0.0212,0.0188,3182958,2019-01-20
MTH-USD,0.0192,0.0178,0.0187,0.0179,968040,2019-01-21
MTH-USD,0.0182,0.0172,0.0179,0.018,539673,2019-01-22
MTH-USD,0.0185,0.0172,0.018,0.0175,661354,2019-01-23
MTH-USD,0.0179,0.0169,0.0175,0.0177,468757,2019-01-24
MTH-USD,0.0182,0.0174,0.0177,0.0178,387031,2019-01-25
MTH-USD,0.0182,0.0176,0.0178,0.0176,174273,2019-01-26
MTH-USD,0.0178,0.0167,0.0176,0.0167,285791,2019-01-27
MTH-USD,0.0167,0.015,0.0167,0.0155,297019,2019-01-28
MTH-USD,0.0167,0.015,0.0155,0.0167,372665,2019-01-29
MTH-USD,0.0179,0.0164,0.0166,0.0172,861352,2019-01-30
MTH-USD,0.0173,0.0156,0.0172,0.0156,424376,2019-01-31
MTH-USD,0.0161,0.015,0.0157,0.0159,280883,2019-02-01
MTH-USD,0.0171,0.0157,0.0159,0.0169,540323,2019-02-02
MTH-USD,0.017,0.0157,0.017,0.0159,241354,2019-02-03
MTH-USD,0.0162,0.0156,0.0159,0.0159,176734,2019-02-04
MTH-USD,0.0159,0.0154,0.0159,0.0156,121371,2019-02-05
MTH-USD,0.0161,0.0152,0.0157,0.0156,221763,2019-02-06
MTH-USD,0.016,0.0155,0.0156,0.0158,148219,2019-02-07
MTH-USD,0.0171,0.0156,0.0158,0.0168,290000,2019-02-08
MTH-USD,0.0173,0.0165,0.0168,0.0172,241529,2019-02-09
MTH-USD,0.0174,0.0165,0.0172,0.0171,248943,2019-02-10
MTH-USD,0.0171,0.0165,0.0171,0.0166,134576,2019-02-11
MTH-USD,0.0172,0.0163,0.0166,0.0169,263968,2019-02-12
MTH-USD,0.0172,0.0166,0.0169,0.017,142888,2019-02-13
MTH-USD,0.0171,0.0165,0.017,0.0167,134970,2019-02-14
MTH-USD,0.017,0.0162,0.0168,0.0164,248959,2019-02-15
MTH-USD,0.0165,0.016,0.0164,0.0162,113285,2019-02-16
MTH-USD,0.017,0.0159,0.0162,0.0169,220358,2019-02-17
MTH-USD,0.0178,0.0169,0.017,0.0176,136193,2019-02-18
MTH-USD,0.0182,0.0175,0.0176,0.0179,91898,2019-02-19
MTH-USD,0.0185,0.0177,0.0179,0.0184,105722,2019-02-20
MTH-USD,0.0186,0.0175,0.0184,0.0181,273193,2019-02-21
MTH-USD,0.0192,0.0181,0.0181,0.0187,318139,2019-02-22
MTH-USD,0.0193,0.0181,0.0186,0.0192,276467,2019-02-23
MTH-USD,0.0197,0.0167,0.0193,0.0167,227139,2019-02-24
MTH-USD,0.0174,0.0166,0.0167,0.017,122022,2019-02-25
MTH-USD,0.0179,0.0168,0.017,0.0179,259952,2019-02-26
MTH-USD,0.0179,0.017,0.0179,0.0173,162093,2019-02-27
MTH-USD,0.0179,0.0173,0.0173,0.0175,191519,2019-02-28
MTH-USD,0.018,0.0174,0.0175,0.0177,126461,2019-03-01
MTH-USD,0.0182,0.0176,0.0177,0.018,249940,2019-03-02
MTH-USD,0.0185,0.0178,0.018,0.0181,451199,2019-03-03
MTH-USD,0.0196,0.0165,0.0182,0.0178,1333671,2019-03-04
MTH-USD,0.0206,0.0176,0.0178,0.0202,1399818,2019-03-05
MTH-USD,0.0218,0.0188,0.0202,0.0188,3297332,2019-03-06
MTH-USD,0.0195,0.0185,0.0189,0.0191,1469213,2019-03-07
MTH-USD,0.0191,0.0179,0.0191,0.0182,648474,2019-03-08
MTH-USD,0.0192,0.0181,0.0182,0.0188,481692,2019-03-09
MTH-USD,0.02,0.0186,0.0188,0.0198,667426,2019-03-10
MTH-USD,0.0201,0.0187,0.0198,0.0192,674381,2019-03-11
MTH-USD,0.0206,0.018,0.0191,0.02,818405,2019-03-12
MTH-USD,0.02,0.0191,0.02,0.0192,374628,2019-03-13
MTH-USD,0.0199,0.019,0.0192,0.0195,389398,2019-03-14
MTH-USD,0.0204,0.0194,0.0195,0.0201,596538,2019-03-15
MTH-USD,0.0202,0.0196,0.02,0.0197,386044,2019-03-16
MTH-USD,0.0197,0.0189,0.0197,0.0193,342334,2019-03-17
MTH-USD,0.0195,0.0189,0.0193,0.0194,265485,2019-03-18
MTH-USD,0.02,0.0194,0.0195,0.0197,255260,2019-03-19
MTH-USD,0.02,0.0193,0.0197,0.0199,224777,2019-03-20
MTH-USD,0.0206,0.0191,0.0199,0.0198,659955,2019-03-21
MTH-USD,0.02,0.0197,0.0198,0.0198,302035,2019-03-22
MTH-USD,0.0201,0.0194,0.0198,0.0196,251686,2019-03-23
MTH-USD,0.0197,0.0192,0.0196,0.0193,197325,2019-03-24
MTH-USD,0.0216,0.0192,0.0193,0.0197,1410079,2019-03-25
MTH-USD,0.0325,0.0197,0.0197,0.0255,14913723,2019-03-26
MTH-USD,0.0289,0.0221,0.0251,0.0227,10683965,2019-03-27
MTH-USD,0.0237,0.022,0.0229,0.0228,2599936,2019-03-28
MTH-USD,0.0234,0.0219,0.0229,0.022,1202976,2019-03-29
MTH-USD,0.0232,0.0209,0.022,0.0228,1502925,2019-03-30
MTH-USD,0.0242,0.0224,0.0228,0.0228,1406391,2019-03-31
MTH-USD,0.023,0.0224,0.0227,0.0228,741922,2019-04-01
MTH-USD,0.0254,0.0222,0.0228,0.0249,1538083,2019-04-02
MTH-USD,0.0271,0.025,0.025,0.0258,898559,2019-04-03
MTH-USD,0.028,0.0251,0.0257,0.0257,1245952,2019-04-04
MTH-USD,0.0267,0.0255,0.0256,0.0263,481050,2019-04-05
MTH-USD,0.0266,0.0255,0.0264,0.026,225685,2019-04-06
MTH-USD,0.0274,0.0259,0.026,0.0267,548939,2019-04-07
MTH-USD,0.0282,0.0259,0.0268,0.0272,993959,2019-04-08
MTH-USD,0.0289,0.0266,0.0272,0.0279,1291188,2019-04-09
MTH-USD,0.0286,0.0263,0.0279,0.0269,1101108,2019-04-10
MTH-USD,0.0272,0.0252,0.0269,0.0261,798718,2019-04-11
MTH-USD,0.0267,0.025,0.0261,0.0261,461830,2019-04-12
MTH-USD,0.0266,0.0257,0.0262,0.0261,226312,2019-04-13
MTH-USD,0.0265,0.0254,0.0261,0.0263,270932,2019-04-14
MTH-USD,0.0268,0.0255,0.0266,0.0259,325866,2019-04-15
MTH-USD,0.0271,0.0256,0.0259,0.0268,210807,2019-04-16
MTH-USD,0.0277,0.0267,0.0269,0.0275,362402,2019-04-17
MTH-USD,0.0291,0.0273,0.0275,0.0287,647160,2019-04-18
MTH-USD,0.0295,0.0275,0.0286,0.0278,910045,2019-04-19
MTH-USD,0.0279,0.0268,0.0279,0.027,401529,2019-04-20
MTH-USD,0.0271,0.0246,0.027,0.0256,497242,2019-04-21
MTH-USD,0.0261,0.0249,0.0256,0.0251,417300,2019-04-22
MTH-USD,0.0252,0.0235,0.025,0.0237,598694,2019-04-23
MTH-USD,0.0236,0.0205,0.0236,0.0212,340492,2019-04-24
MTH-USD,0.0219,0.0193,0.0213,0.0195,344638,2019-04-25
MTH-USD,0.0196,0.0182,0.0195,0.0187,222724,2019-04-26
MTH-USD,0.0198,0.0182,0.0187,0.0195,249243,2019-04-27
MTH-USD,0.0199,0.0186,0.0195,0.0191,206327,2019-04-28
MTH-USD,0.0194,0.0178,0.0192,0.0183,175935,2019-04-29
MTH-USD,0.0198,0.018,0.0183,0.0195,190069,2019-04-30
MTH-USD,0.0201,0.019,0.0195,0.0198,76385,2019-05-01
MTH-USD,0.0205,0.0191,0.0198,0.0196,107734,2019-05-02
MTH-USD,0.0204,0.0189,0.0196,0.0195,179137,2019-05-03
MTH-USD,0.0199,0.018,0.0197,0.0187,182665,2019-05-04
MTH-USD,0.0194,0.018,0.0187,0.0188,157427,2019-05-05
MTH-USD,0.0214,0.0184,0.0188,0.0201,685721,2019-05-06
MTH-USD,0.021,0.0193,0.0201,0.0193,339155,2019-05-07
MTH-USD,0.0198,0.0185,0.019,0.0187,164977,2019-05-08
MTH-USD,0.0195,0.0176,0.0187,0.0186,135907,2019-05-09
MTH-USD,0.0201,0.0176,0.0186,0.0181,426557,2019-05-10
MTH-USD,0.0203,0.0175,0.018,0.0193,383765,2019-05-11
MTH-USD,0.02,0.018,0.0192,0.0184,273101,2019-05-12
MTH-USD,0.0202,0.0175,0.0185,0.0178,365170,2019-05-13
MTH-USD,0.0185,0.0174,0.0178,0.0177,274648,2019-05-14
MTH-USD,0.0302,0.0178,0.0178,0.0209,526904,2019-05-15
MTH-USD,0.0247,0.0195,0.0208,0.0232,1724262,2019-05-16
MTH-USD,0.0237,0.0189,0.0237,0.0213,511817,2019-05-17
MTH-USD,0.0218,0.0206,0.0216,0.0208,287502,2019-05-18
MTH-USD,0.0227,0.0208,0.0208,0.0225,269816,2019-05-19
MTH-USD,0.0225,0.0206,0.0225,0.0218,431009,2019-05-20
MTH-USD,0.0266,0.0214,0.0217,0.0249,1261374,2019-05-21
MTH-USD,0.0338,0.0241,0.0248,0.0295,4668602,2019-05-22
MTH-USD,0.0322,0.0263,0.0297,0.0285,3656525,2019-05-23
MTH-USD,0.029,0.0254,0.0287,0.0255,1326707,2019-05-24
MTH-USD,0.0257,0.024,0.0256,0.0246,577154,2019-05-25
MTH-USD,0.027,0.0238,0.0246,0.0251,1526501,2019-05-26
MTH-USD,0.0261,0.0242,0.025,0.0259,587990,2019-05-27
MTH-USD,0.0282,0.0251,0.0258,0.0267,1001797,2019-05-28
MTH-USD,0.0269,0.0245,0.0267,0.0262,414026,2019-05-29
MTH-USD,0.0274,0.0238,0.0262,0.0239,550871,2019-05-30
MTH-USD,0.0247,0.0227,0.0239,0.0247,274638,2019-05-31
MTH-USD,0.0248,0.0231,0.0246,0.0239,279824,2019-06-01
MTH-USD,0.0255,0.0235,0.024,0.0255,249981,2019-06-02
MTH-USD,0.0258,0.0232,0.0254,0.0232,298258,2019-06-03
MTH-USD,0.0233,0.0213,0.0232,0.0216,346128,2019-06-04
MTH-USD,0.0231,0.0216,0.0217,0.0221,213418,2019-06-05
MTH-USD,0.023,0.0212,0.0221,0.0224,279960,2019-06-06
MTH-USD,0.0242,0.0221,0.0224,0.0237,467654,2019-06-07
MTH-USD,0.0241,0.0228,0.0236,0.0238,256954,2019-06-08
MTH-USD,0.0239,0.0216,0.0237,0.0219,278165,2019-06-09
MTH-USD,0.0245,0.0216,0.022,0.0239,574082,2019-06-10
MTH-USD,0.0256,0.0232,0.024,0.0249,1152050,2019-06-11
MTH-USD,0.0255,0.024,0.025,0.0248,517450,2019-06-12
MTH-USD,0.0266,0.0239,0.0247,0.0257,689578,2019-06-13
MTH-USD,0.067,0.0256,0.0258,0.0376,49877498,2019-06-14
MTH-USD,0.0389,0.0312,0.0377,0.0316,6229141,2019-06-15
MTH-USD,0.0328,0.0294,0.0318,0.0296,3153639,2019-06-16
MTH-USD,0.0307,0.027,0.0296,0.0273,1498768,2019-06-17
MTH-USD,0.0288,0.026,0.0271,0.028,1351992,2019-06-18
MTH-USD,0.0286,0.0268,0.028,0.0279,1025338,2019-06-19
MTH-USD,0.0312,0.0268,0.0278,0.0276,3051578,2019-06-20
MTH-USD,0.0285,0.0255,0.0276,0.0256,1178474,2019-06-21
MTH-USD,0.0264,0.0241,0.0253,0.0245,1069549,2019-06-22
MTH-USD,0.0273,0.0241,0.0244,0.025,1065018,2019-06-23
MTH-USD,0.0316,0.0238,0.025,0.0274,2684113,2019-06-24
MTH-USD,0.0283,0.025,0.027,0.0268,1957769,2019-06-25
MTH-USD,0.0276,0.023,0.0266,0.0237,1645715,2019-06-26
MTH-USD,0.0264,0.0215,0.0232,0.0217,978740,2019-06-27
MTH-USD,0.0233,0.0216,0.0221,0.0221,764072,2019-06-28
MTH-USD,0.0238,0.0214,0.0222,0.0237,987005,2019-06-29
MTH-USD,0.024,0.0212,0.0234,0.0212,367790,2019-06-30
MTH-USD,0.024,0.0211,0.0211,0.0225,701767,2019-07-01
MTH-USD,0.0266,0.0212,0.0226,0.0266,2232603,2019-07-02
MTH-USD,0.0309,0.0249,0.0282,0.0271,6096704,2019-07-03
MTH-USD,0.0311,0.0266,0.0274,0.0289,2474101,2019-07-04
MTH-USD,0.0291,0.0259,0.0287,0.0269,1229667,2019-07-05
MTH-USD,0.0268,0.0242,0.0268,0.0246,1464825,2019-07-06
MTH-USD,0.0249,0.0233,0.0246,0.0234,544620,2019-07-07
MTH-USD,0.0242,0.0218,0.0234,0.0222,728873,2019-07-08
MTH-USD,0.023,0.0207,0.0222,0.0212,928823,2019-07-09
MTH-USD,0.0215,0.0193,0.0212,0.0202,540325,2019-07-10
MTH-USD,0.0206,0.0184,0.02,0.0186,279188,2019-07-11
MTH-USD,0.0207,0.0184,0.0186,0.02,446052,2019-07-12
MTH-USD,0.0205,0.0187,0.02,0.0192,284149,2019-07-13
MTH-USD,0.0197,0.0169,0.0192,0.0171,217486,2019-07-14
MTH-USD,0.0173,0.0161,0.0172,0.0168,226366,2019-07-15
MTH-USD,0.0171,0.014,0.0168,0.0145,179460,2019-07-16
MTH-USD,0.0164,0.0139,0.0145,0.0154,218883,2019-07-17
MTH-USD,0.0173,0.0151,0.0161,0.0172,461958,2019-07-18
MTH-USD,0.0177,0.0156,0.0171,0.0166,141212,2019-07-19
MTH-USD,0.0181,0.016,0.0166,0.017,137546,2019-07-20
MTH-USD,0.018,0.0161,0.0171,0.0172,138325,2019-07-21
MTH-USD,0.0174,0.0156,0.0171,0.0159,179706,2019-07-22
MTH-USD,0.0169,0.0156,0.0159,0.0156,347911,2019-07-23
MTH-USD,0.0168,0.0151,0.0155,0.0165,217169,2019-07-24
MTH-USD,0.0173,0.0162,0.0164,0.0167,142628,2019-07-25
MTH-USD,0.0179,0.0161,0.0167,0.0179,255014,2019-07-26
MTH-USD,0.0179,0.0159,0.0179,0.0164,219928,2019-07-27
MTH-USD,0.0175,0.0158,0.0164,0.0166,178886,2019-07-28
MTH-USD,0.0176,0.0165,0.0166,0.0169,297272,2019-07-29
MTH-USD,0.017,0.0162,0.0167,0.0162,151828,2019-07-30
MTH-USD,0.0167,0.0154,0.0162,0.0155,328879,2019-07-31
MTH-USD,0.0156,0.0143,0.0155,0.0144,267717,2019-08-01
MTH-USD,0.0153,0.0142,0.0144,0.0146,132269,2019-08-02
MTH-USD,0.0155,0.0139,0.0146,0.0143,125210,2019-08-03
MTH-USD,0.0146,0.0136,0.0143,0.0141,133642,2019-08-04
MTH-USD,0.0145,0.0131,0.0141,0.0133,250590,2019-08-05
MTH-USD,0.0153,0.0127,0.0133,0.0132,605655,2019-08-06
MTH-USD,0.0136,0.0125,0.0132,0.0128,190073,2019-08-07
MTH-USD,0.0129,0.0122,0.0127,0.0126,169502,2019-08-08
MTH-USD,0.0126,0.0114,0.0126,0.0118,176107,2019-08-09
MTH-USD,0.0138,0.0116,0.0118,0.0131,516550,2019-08-10
MTH-USD,0.0131,0.0121,0.0131,0.0126,229654,2019-08-11
MTH-USD,0.0134,0.0123,0.0125,0.0131,247113,2019-08-12
MTH-USD,0.0134,0.0123,0.0131,0.0126,141311,2019-08-13
MTH-USD,0.0126,0.0108,0.0126,0.0108,198626,2019-08-14
MTH-USD,0.0115,0.0092,0.0109,0.0112,172881,2019-08-15
MTH-USD,0.012,0.0107,0.0112,0.0113,317310,2019-08-16
MTH-USD,0.0127,0.0111,0.0113,0.0118,307507,2019-08-17
MTH-USD,0.0128,0.0114,0.0118,0.0122,123467,2019-08-18
MTH-USD,0.0126,0.0118,0.0122,0.0122,222106,2019-08-19
MTH-USD,0.0141,0.0118,0.0122,0.0135,629906,2019-08-20
MTH-USD,0.014,0.0118,0.0135,0.0125,384450,2019-08-21
MTH-USD,0.0135,0.0119,0.0125,0.0131,338658,2019-08-22
MTH-USD,0.0138,0.0127,0.0132,0.0129,532409,2019-08-23
MTH-USD,0.0251,0.0128,0.0128,0.0217,5442505,2019-08-24
MTH-USD,0.0244,0.0181,0.0214,0.0187,5545644,2019-08-25
MTH-USD,0.0279,0.0166,0.0188,0.0238,7751289,2019-08-26
MTH-USD,0.0272,0.0211,0.0256,0.0224,7410283,2019-08-27
MTH-USD,0.0242,0.0206,0.0226,0.0209,1631180,2019-08-28
MTH-USD,0.0229,0.0198,0.0209,0.0208,818874,2019-08-29
MTH-USD,0.03,0.0201,0.0211,0.0294,6746567,2019-08-30
MTH-USD,0.0304,0.0246,0.0304,0.0257,8216334,2019-08-31
MTH-USD,0.0273,0.0219,0.0258,0.0223,3841557,2019-09-01
MTH-USD,0.0238,0.0215,0.0222,0.0224,1951243,2019-09-02
MTH-USD,0.0226,0.0192,0.0221,0.0198,1216751,2019-09-03
MTH-USD,0.0211,0.0183,0.0201,0.0189,1032404,2019-09-04
MTH-USD,0.019,0.0166,0.0189,0.017,436628,2019-09-05
MTH-USD,0.0171,0.0141,0.0167,0.0149,1581576,2019-09-06
MTH-USD,0.0179,0.0149,0.0151,0.0155,1720382,2019-09-07
MTH-USD,0.0171,0.0151,0.0156,0.0161,677477,2019-09-08
MTH-USD,0.0187,0.016,0.0161,0.0181,1807669,2019-09-09
MTH-USD,0.0188,0.0151,0.0181,0.0155,1021110,2019-09-10
MTH-USD,0.0163,0.0144,0.0154,0.0145,556347,2019-09-11
MTH-USD,0.0149,0.0135,0.0145,0.0139,412814,2019-09-12
MTH-USD,0.0147,0.0136,0.0139,0.0143,298555,2019-09-13
MTH-USD,0.0147,0.0141,0.0143,0.0144,159889,2019-09-14
MTH-USD,0.0167,0.0143,0.0143,0.0155,830094,2019-09-15
MTH-USD,0.0162,0.015,0.0155,0.0154,569714,2019-09-16
MTH-USD,0.0158,0.0152,0.0155,0.0158,487447,2019-09-17
MTH-USD,0.017,0.0156,0.0157,0.0159,999803,2019-09-18
MTH-USD,0.0163,0.0149,0.0159,0.0162,5680412,2019-09-19
MTH-USD,0.0181,0.0156,0.0161,0.0167,1518547,2019-09-20
MTH-USD,0.0177,0.0165,0.0168,0.0166,429287,2019-09-21
MTH-USD,0.0175,0.0159,0.0166,0.0168,732635,2019-09-22
MTH-USD,0.0205,0.0168,0.0168,0.018,2616253,2019-09-23
MTH-USD,0.0184,0.0117,0.0184,0.0129,1249957,2019-09-24
MTH-USD,0.0138,0.0119,0.0128,0.0134,639340,2019-09-25
MTH-USD,0.0141,0.0116,0.0134,0.0126,571462,2019-09-26
MTH-USD,0.0142,0.0123,0.0126,0.0139,630657,2019-09-27
MTH-USD,0.0155,0.014,0.014,0.015,1042406,2019-09-28
MTH-USD,0.0152,0.013,0.0151,0.0135,480376,2019-09-29
MTH-USD,0.0148,0.0126,0.0135,0.0143,718434,2019-09-30
MTH-USD,0.0148,0.0139,0.0143,0.0139,292212,2019-10-01
MTH-USD,0.0157,0.0138,0.0139,0.0155,883232,2019-10-02
MTH-USD,0.0169,0.0154,0.0156,0.0157,1406234,2019-10-03
MTH-USD,0.0162,0.0149,0.0157,0.0159,691312,2019-10-04
MTH-USD,0.016,0.0151,0.0159,0.0154,361971,2019-10-05
MTH-USD,0.0155,0.0146,0.0154,0.015,365730,2019-10-06
MTH-USD,0.0159,0.0149,0.015,0.0155,299176,2019-10-07
MTH-USD,0.0169,0.0153,0.0155,0.0167,675944,2019-10-08
MTH-USD,0.0168,0.0151,0.0168,0.0158,889555,2019-10-09
MTH-USD,0.0162,0.0148,0.0158,0.0153,454982,2019-10-10
MTH-USD,0.0155,0.0145,0.0153,0.0148,524991,2019-10-11
MTH-USD,0.0163,0.0147,0.0148,0.0155,616637,2019-10-12
MTH-USD,0.0158,0.0148,0.0155,0.0152,365468,2019-10-13
MTH-USD,0.0154,0.0149,0.0152,0.0151,190937,2019-10-14
MTH-USD,0.0154,0.0145,0.0151,0.0146,241146,2019-10-15
MTH-USD,0.0147,0.0135,0.0146,0.0141,186874,2019-10-16
MTH-USD,0.0149,0.0139,0.0141,0.0147,214989,2019-10-17
MTH-USD,0.0148,0.0138,0.0147,0.0141,109919,2019-10-18
MTH-USD,0.0145,0.0137,0.0141,0.0141,193461,2019-10-19
MTH-USD,0.0146,0.0138,0.0141,0.0145,130991,2019-10-20
MTH-USD,0.0153,0.0143,0.0145,0.0153,201564,2019-10-21
MTH-USD,0.016,0.0149,0.0153,0.0154,438601,2019-10-22
MTH-USD,0.0156,0.0133,0.0154,0.0136,275003,2019-10-23
MTH-USD,0.0143,0.0133,0.0137,0.014,211834,2019-10-24
MTH-USD,0.0152,0.0136,0.014,0.0148,310720,2019-10-25
MTH-USD,0.0156,0.0139,0.0148,0.0143,276483,2019-10-26
MTH-USD,0.015,0.0138,0.0143,0.0145,330208,2019-10-27
MTH-USD,0.0152,0.0141,0.0145,0.0146,313100,2019-10-28
MTH-USD,0.0152,0.0144,0.0145,0.0147,223395,2019-10-29
MTH-USD,0.0148,0.0142,0.0147,0.0145,228268,2019-10-30
MTH-USD,0.0147,0.0138,0.0145,0.0141,192722,2019-10-31
MTH-USD,0.0147,0.0138,0.0141,0.0146,98740,2019-11-01
MTH-USD,0.0147,0.0141,0.0146,0.0146,123608,2019-11-02
MTH-USD,0.0149,0.014,0.0146,0.0146,168185,2019-11-03
MTH-USD,0.0154,0.0144,0.0146,0.0148,452513,2019-11-04
MTH-USD,0.0151,0.0146,0.0148,0.015,140178,2019-11-05
MTH-USD,0.0152,0.0144,0.0149,0.0144,186768,2019-11-06
MTH-USD,0.0147,0.014,0.0144,0.0145,190033,2019-11-07
MTH-USD,0.0146,0.0132,0.0145,0.0137,116467,2019-11-08
MTH-USD,0.0141,0.0135,0.0136,0.0138,182871,2019-11-09
MTH-USD,0.0143,0.0138,0.0139,0.0139,117906,2019-11-10
MTH-USD,0.0142,0.0135,0.0139,0.0137,109389,2019-11-11
MTH-USD,0.014,0.0137,0.0137,0.014,141597,2019-11-12
MTH-USD,0.015,0.0138,0.014,0.014,107834,2019-11-13
MTH-USD,0.0141,0.0134,0.014,0.0138,133163,2019-11-14
MTH-USD,0.0141,0.0133,0.0138,0.0137,235328,2019-11-15
MTH-USD,0.0141,0.0136,0.0137,0.0141,127832,2019-11-16
MTH-USD,0.0144,0.0138,0.0141,0.014,128112,2019-11-17
MTH-USD,0.0145,0.0133,0.014,0.0136,235027,2019-11-18
MTH-USD,0.0147,0.0132,0.0136,0.0136,544619,2019-11-19
MTH-USD,0.0139,0.0128,0.0137,0.0129,276339,2019-11-20
MTH-USD,0.013,0.0115,0.0129,0.0119,202980,2019-11-21
MTH-USD,0.012,0.0099,0.0119,0.0107,254843,2019-11-22
MTH-USD,0.0112,0.0103,0.0107,0.0112,153904,2019-11-23
MTH-USD,0.0112,0.0102,0.0112,0.0106,110941,2019-11-24
MTH-USD,0.0133,0.01,0.0106,0.0124,1834757,2019-11-25
MTH-USD,0.0131,0.0112,0.0124,0.0118,562908,2019-11-26
MTH-USD,0.012,0.0108,0.0118,0.0119,360077,2019-11-27
MTH-USD,0.0125,0.0115,0.0118,0.012,212167,2019-11-28
MTH-USD,0.0124,0.012,0.012,0.0121,220730,2019-11-29
MTH-USD,0.0124,0.0118,0.0122,0.0122,101308,2019-11-30
MTH-USD,0.0123,0.0116,0.0122,0.0119,228211,2019-12-01
MTH-USD,0.0134,0.0118,0.0119,0.012,921928,2019-12-02
MTH-USD,0.013,0.012,0.0121,0.0124,522138,2019-12-03
MTH-USD,0.0129,0.0117,0.0124,0.0118,344985,2019-12-04
MTH-USD,0.0122,0.0117,0.0118,0.012,155064,2019-12-05
MTH-USD,0.0124,0.0119,0.012,0.0123,106936,2019-12-06
MTH-USD,0.0128,0.0122,0.0123,0.0126,136604,2019-12-07
MTH-USD,0.013,0.0125,0.0126,0.0126,153608,2019-12-08
MTH-USD,0.0128,0.0121,0.0126,0.0122,248654,2019-12-09
MTH-USD,0.0122,0.0104,0.0122,0.0108,347323,2019-12-10
MTH-USD,0.0116,0.0108,0.0108,0.0113,158303,2019-12-11
MTH-USD,0.0114,0.0109,0.0113,0.0113,107784,2019-12-12
MTH-USD,0.0115,0.0112,0.0113,0.0114,69716,2019-12-13
MTH-USD,0.0115,0.0107,0.0114,0.0108,88042,2019-12-14
MTH-USD,0.0114,0.0107,0.0109,0.011,126974,2019-12-15
MTH-USD,0.0115,0.0103,0.011,0.0104,174706,2019-12-16
MTH-USD,0.0105,0.0093,0.0105,0.0094,109090,2019-12-17
MTH-USD,0.0102,0.0088,0.0094,0.0101,284915,2019-12-18
MTH-USD,0.0104,0.0097,0.0101,0.0104,100052,2019-12-19
MTH-USD,0.0106,0.01,0.0104,0.0104,110022,2019-12-20
MTH-USD,0.0106,0.01,0.0104,0.0103,81212,2019-12-21
MTH-USD,0.0105,0.0099,0.0104,0.0103,100262,2019-12-22
MTH-USD,0.011,0.0094,0.0103,0.0094,1750315,2019-12-23
MTH-USD,0.0097,0.0093,0.0094,0.0096,416843,2019-12-24
MTH-USD,0.0097,0.0091,0.0096,0.0093,163721,2019-12-25
MTH-USD,0.0095,0.009,0.0093,0.0092,137800,2019-12-26
MTH-USD,0.0096,0.0091,0.0092,0.0092,132970,2019-12-27
MTH-USD,0.0097,0.0091,0.0092,0.0095,119501,2019-12-28
MTH-USD,0.0097,0.0092,0.0095,0.0093,147961,2019-12-29
MTH-USD,0.0095,0.009,0.0093,0.0094,109484,2019-12-30
MTH-USD,0.0104,0.0089,0.0094,0.01,945267,2019-12-31
MTH-USD,0.0106,0.0095,0.0099,0.0098,727959,2020-01-01
MTH-USD,0.0098,0.0088,0.0097,0.0089,342872,2020-01-02
MTH-USD,0.0096,0.0086,0.0089,0.0093,379487,2020-01-03
MTH-USD,0.0098,0.0092,0.0093,0.0096,262169,2020-01-04
MTH-USD,0.01,0.0094,0.0097,0.0096,192887,2020-01-05
MTH-USD,0.01,0.0095,0.0095,0.01,300858,2020-01-06
MTH-USD,0.0105,0.0093,0.01,0.0095,715656,2020-01-07
MTH-USD,0.0097,0.0091,0.0095,0.0093,259579,2020-01-08
MTH-USD,0.0096,0.009,0.0093,0.0091,159881,2020-01-09
MTH-USD,0.0099,0.0089,0.009,0.0095,289894,2020-01-10
MTH-USD,0.0098,0.0091,0.0095,0.0094,177567,2020-01-11
MTH-USD,0.0098,0.0092,0.0094,0.0094,237441,2020-01-12
MTH-USD,0.0095,0.009,0.0094,0.009,141407,2020-01-13
MTH-USD,0.0093,0.0087,0.009,0.0091,291478,2020-01-14
MTH-USD,0.0093,0.0089,0.009,0.0092,208616,2020-01-15
MTH-USD,0.0101,0.0089,0.0092,0.01,1435551,2020-01-16
MTH-USD,0.0102,0.0095,0.01,0.0098,259125,2020-01-17
MTH-USD,0.01,0.0095,0.0098,0.0098,105823,2020-01-18
MTH-USD,0.0099,0.0092,0.0098,0.0094,151767,2020-01-19
MTH-USD,0.0101,0.0094,0.0094,0.0097,433349,2020-01-20
MTH-USD,0.01,0.0096,0.0097,0.0098,124294,2020-01-21
MTH-USD,0.0098,0.0095,0.0098,0.0097,156346,2020-01-22
MTH-USD,0.0098,0.0092,0.0097,0.0093,93859,2020-01-23
MTH-USD,0.0097,0.0089,0.0093,0.0094,156736,2020-01-24
MTH-USD,0.0095,0.0091,0.0094,0.0093,105359,2020-01-25
MTH-USD,0.0098,0.0093,0.0093,0.0095,359627,2020-01-26
MTH-USD,0.0097,0.0094,0.0095,0.0096,102791,2020-01-27
MTH-USD,0.0097,0.0093,0.0096,0.0096,116228,2020-01-28
MTH-USD,0.0097,0.0092,0.0096,0.0092,117697,2020-01-29
MTH-USD,0.0095,0.0091,0.0092,0.0094,120937,2020-01-30
MTH-USD,0.0097,0.0093,0.0093,0.0095,102284,2020-01-31
MTH-USD,0.01,0.0094,0.0094,0.0097,413332,2020-02-01
MTH-USD,0.0101,0.0096,0.0098,0.0097,187971,2020-02-02
MTH-USD,0.01,0.0096,0.0097,0.01,232651,2020-02-03
MTH-USD,0.0107,0.0099,0.01,0.0105,463508,2020-02-04
MTH-USD,0.0106,0.01,0.0106,0.0103,350057,2020-02-05
MTH-USD,0.0119,0.0103,0.0104,0.0119,621298,2020-02-06
MTH-USD,0.0121,0.0115,0.0118,0.0118,408025,2020-02-07
MTH-USD,0.0119,0.011,0.0117,0.0112,352591,2020-02-08
MTH-USD,0.0123,0.011,0.0112,0.0119,265996,2020-02-09
MTH-USD,0.0125,0.0114,0.0118,0.0124,398782,2020-02-10
MTH-USD,0.0129,0.012,0.0124,0.0127,439041,2020-02-11
MTH-USD,0.0149,0.0127,0.0127,0.014,1765815,2020-02-12
MTH-USD,0.0147,0.0135,0.014,0.0138,826122,2020-02-13
MTH-USD,0.0147,0.0135,0.0138,0.0147,514841,2020-02-14
MTH-USD,0.0151,0.0136,0.0147,0.0139,870324,2020-02-15
MTH-USD,0.0155,0.0117,0.014,0.013,1277205,2020-02-16
MTH-USD,0.0129,0.0111,0.0129,0.0121,650319,2020-02-17
MTH-USD,0.0127,0.0117,0.0121,0.0124,375950,2020-02-18
MTH-USD,0.0126,0.011,0.0124,0.0111,260877,2020-02-19
MTH-USD,0.0114,0.0104,0.0113,0.0107,240657,2020-02-20
MTH-USD,0.0115,0.0106,0.0107,0.011,213515,2020-02-21
MTH-USD,0.0112,0.0106,0.0109,0.0109,120701,2020-02-22
MTH-USD,0.0114,0.0108,0.011,0.0113,120106,2020-02-23
MTH-USD,0.0114,0.0105,0.0113,0.0108,102572,2020-02-24
MTH-USD,0.0132,0.0104,0.0108,0.0114,2108676,2020-02-25
MTH-USD,0.0116,0.0089,0.0113,0.0092,767722,2020-02-26
MTH-USD,0.0099,0.0088,0.0093,0.0093,309349,2020-02-27
MTH-USD,0.0101,0.0089,0.0094,0.0097,1120182,2020-02-28
MTH-USD,0.0099,0.0091,0.0097,0.0092,187618,2020-02-29
MTH-USD,0.0095,0.0089,0.0091,0.0092,160985,2020-03-01
MTH-USD,0.01,0.0092,0.0093,0.0098,196057,2020-03-02
MTH-USD,0.01,0.0095,0.0098,0.0098,176768,2020-03-03
MTH-USD,0.0103,0.0096,0.0098,0.01,239344,2020-03-04
MTH-USD,0.0104,0.01,0.01,0.0101,215027,2020-03-05
MTH-USD,0.0105,0.0099,0.0101,0.0104,144076,2020-03-06
MTH-USD,0.0105,0.0096,0.0104,0.0098,178245,2020-03-07
MTH-USD,0.0099,0.0084,0.0099,0.0084,166424,2020-03-08
MTH-USD,0.0087,0.0079,0.0084,0.0084,180252,2020-03-09
MTH-USD,0.0088,0.0082,0.0084,0.0084,151598,2020-03-10
MTH-USD,0.0088,0.008,0.0084,0.0087,425928,2020-03-11
MTH-USD,0.0088,0.0041,0.0087,0.0041,196451,2020-03-12
MTH-USD,0.0052,0.0033,0.004,0.0048,185922,2020-03-13
MTH-USD,0.0049,0.0044,0.0048,0.0044,70567,2020-03-14
MTH-USD,0.005,0.0044,0.0044,0.0046,90345,2020-03-15
MTH-USD,0.0046,0.0036,0.0046,0.004,85653,2020-03-16
MTH-USD,0.0045,0.004,0.004,0.0044,43026,2020-03-17
MTH-USD,0.0044,0.004,0.0043,0.0042,29681,2020-03-18
MTH-USD,0.0054,0.0042,0.0042,0.0054,197112,2020-03-19
MTH-USD,0.0065,0.0049,0.0055,0.0057,502916,2020-03-20
MTH-USD,0.0061,0.0054,0.0057,0.0057,235041,2020-03-21
MTH-USD,0.0061,0.005,0.0058,0.005,121570,2020-03-22
MTH-USD,0.0056,0.0048,0.0049,0.0056,279708,2020-03-23
MTH-USD,0.0058,0.0052,0.0054,0.0054,216675,2020-03-24
MTH-USD,0.0057,0.0051,0.0054,0.0055,138895,2020-03-25
MTH-USD,0.0059,0.0054,0.0055,0.0058,139866,2020-03-26
MTH-USD,0.006,0.0055,0.0059,0.0056,98371,2020-03-27
MTH-USD,0.0059,0.0052,0.0056,0.0059,72810,2020-03-28
MTH-USD,0.0059,0.005,0.0059,0.0052,425997,2020-03-29
MTH-USD,0.0059,0.0051,0.0052,0.0056,67131,2020-03-30
MTH-USD,0.006,0.0056,0.0056,0.0057,66698,2020-03-31
MTH-USD,0.0059,0.0054,0.0057,0.0057,59572,2020-04-01
MTH-USD,0.0063,0.0057,0.0057,0.006,85430,2020-04-02
MTH-USD,0.0062,0.0057,0.006,0.006,91207,2020-04-03
MTH-USD,0.006,0.0058,0.006,0.006,36840,2020-04-04
MTH-USD,0.0061,0.0057,0.006,0.0058,44621,2020-04-05
MTH-USD,0.0062,0.0057,0.0058,0.0058,164217,2020-04-06
MTH-USD,0.0063,0.0058,0.0058,0.0059,114472,2020-04-07
MTH-USD,0.0062,0.0059,0.0059,0.0061,58832,2020-04-08
MTH-USD,0.0063,0.0059,0.0061,0.0062,76093,2020-04-09
MTH-USD,0.0062,0.0052,0.0062,0.0055,120863,2020-04-10
MTH-USD,0.0056,0.0053,0.0055,0.0055,63830,2020-04-11
MTH-USD,0.0058,0.0054,0.0055,0.0056,75964,2020-04-12
MTH-USD,0.0056,0.0052,0.0056,0.0055,51261,2020-04-13
MTH-USD,0.0057,0.0054,0.0055,0.0055,43341,2020-04-14
MTH-USD,0.0056,0.0053,0.0055,0.0053,38976,2020-04-15
MTH-USD,0.0056,0.0052,0.0053,0.0056,43765,2020-04-16
MTH-USD,0.0056,0.0053,0.0056,0.0055,51039,2020-04-17
MTH-USD,0.0059,0.0055,0.0055,0.0058,55348,2020-04-18
MTH-USD,0.0058,0.0056,0.0058,0.0056,40981,2020-04-19
MTH-USD,0.0057,0.0052,0.0056,0.0053,67714,2020-04-20
MTH-USD,0.0054,0.0051,0.0053,0.0053,51220,2020-04-21
MTH-USD,0.0055,0.0051,0.0053,0.0053,39520,2020-04-22
MTH-USD,0.0057,0.0051,0.0053,0.0055,77785,2020-04-23
MTH-USD,0.0056,0.0055,0.0055,0.0056,38366,2020-04-24
MTH-USD,0.0058,0.0055,0.0056,0.0057,31918,2020-04-25
MTH-USD,0.0058,0.0054,0.0056,0.0058,22491,2020-04-26
MTH-USD,0.0059,0.0055,0.0058,0.0058,49907,2020-04-27
MTH-USD,0.0058,0.0056,0.0058,0.0058,62367,2020-04-28
MTH-USD,0.006,0.0057,0.0058,0.0058,154231,2020-04-29
MTH-USD,0.0061,0.0053,0.0058,0.0061,318978,2020-04-30
MTH-USD,0.0069,0.006,0.0061,0.0065,697346,2020-05-01
MTH-USD,0.007,0.0064,0.0065,0.0069,267726,2020-05-02
MTH-USD,0.0069,0.0066,0.0069,0.0066,128900,2020-05-03
MTH-USD,0.0067,0.0061,0.0067,0.0063,89590,2020-05-04
MTH-USD,0.0064,0.006,0.0063,0.0062,76868,2020-05-05
MTH-USD,0.0065,0.0061,0.0063,0.0064,51752,2020-05-06
MTH-USD,0.0066,0.0057,0.0063,0.0058,197818,2020-05-07
MTH-USD,0.0063,0.0056,0.0058,0.006,154228,2020-05-08
MTH-USD,0.0064,0.0059,0.006,0.0061,58242,2020-05-09
MTH-USD,0.006,0.0052,0.006,0.0055,104295,2020-05-10
MTH-USD,0.0062,0.0051,0.0055,0.0058,1890974,2020-05-11
MTH-USD,0.0062,0.0052,0.0057,0.0056,2567487,2020-05-12
MTH-USD,0.0058,0.0053,0.0056,0.0057,178394,2020-05-13
MTH-USD,0.0061,0.0055,0.0056,0.006,97915,2020-05-14
MTH-USD,0.0062,0.0056,0.006,0.0057,62524,2020-05-15
MTH-USD,0.0062,0.0056,0.0057,0.0059,122351,2020-05-16
MTH-USD,0.0061,0.0056,0.0059,0.0058,74641,2020-05-17
MTH-USD,0.0064,0.0058,0.0058,0.0064,54801,2020-05-18
MTH-USD,0.0064,0.0055,0.0064,0.0058,95212,2020-05-19
MTH-USD,0.0062,0.0057,0.0058,0.0061,64059,2020-05-20
MTH-USD,0.0061,0.0054,0.0061,0.0057,204841,2020-05-21
MTH-USD,0.0062,0.0055,0.0056,0.0062,127029,2020-05-22
MTH-USD,0.0062,0.0057,0.0062,0.006,95538,2020-05-23
MTH-USD,0.0065,0.0058,0.006,0.0062,289027,2020-05-24
MTH-USD,0.0077,0.0061,0.0062,0.0073,816104,2020-05-25
MTH-USD,0.0075,0.0066,0.0073,0.0068,421893,2020-05-26
MTH-USD,0.0074,0.0066,0.0068,0.0071,315351,2020-05-27
MTH-USD,0.0073,0.0068,0.0071,0.0071,160504,2020-05-28
MTH-USD,0.0074,0.007,0.0072,0.0072,166039,2020-05-29
MTH-USD,0.0093,0.007,0.0072,0.0074,319340,2020-05-30
MTH-USD,0.0079,0.0071,0.0074,0.0072,256715,2020-05-31
MTH-USD,0.0077,0.0072,0.0072,0.0073,216640,2020-06-01
MTH-USD,0.0076,0.0067,0.0074,0.007,187987,2020-06-02
MTH-USD,0.0074,0.0069,0.007,0.0073,112662,2020-06-03
MTH-USD,0.0075,0.0072,0.0073,0.0073,167529,2020-06-04
MTH-USD,0.0077,0.0072,0.0073,0.0075,100752,2020-06-05
MTH-USD,0.0077,0.0073,0.0077,0.0074,121966,2020-06-06
MTH-USD,0.0077,0.0071,0.0074,0.0075,154017,2020-06-07
MTH-USD,0.0077,0.0073,0.0075,0.0074,165293,2020-06-08
MTH-USD,0.0077,0.0073,0.0074,0.0074,96277,2020-06-09
MTH-USD,0.0084,0.0073,0.0074,0.0083,460424,2020-06-10
MTH-USD,0.0083,0.007,0.0083,0.007,221551,2020-06-11
MTH-USD,0.0075,0.0069,0.0069,0.0074,165303,2020-06-12
MTH-USD,0.0085,0.0074,0.0074,0.0082,464255,2020-06-13
MTH-USD,0.0084,0.0076,0.0082,0.0079,461955,2020-06-14
MTH-USD,0.0082,0.0072,0.0079,0.0082,263474,2020-06-15
MTH-USD,0.0086,0.0081,0.0082,0.0086,254477,2020-06-16
MTH-USD,0.0087,0.0081,0.0086,0.0085,155538,2020-06-17
MTH-USD,0.0085,0.0078,0.0084,0.008,137472,2020-06-18
MTH-USD,0.008,0.0076,0.008,0.0078,149547,2020-06-19
MTH-USD,0.0085,0.0078,0.0078,0.0084,320655,2020-06-20
MTH-USD,0.0096,0.0083,0.0083,0.009,1245891,2020-06-21
MTH-USD,0.0095,0.0085,0.009,0.0089,468307,2020-06-22
MTH-USD,0.0106,0.0087,0.0088,0.0099,2188932,2020-06-23
MTH-USD,0.0102,0.0083,0.0099,0.0087,1925065,2020-06-24
MTH-USD,0.0089,0.0083,0.0088,0.0085,336851,2020-06-25
MTH-USD,0.0087,0.0079,0.0085,0.008,221045,2020-06-26
MTH-USD,0.0081,0.0073,0.0081,0.0074,147717,2020-06-27
MTH-USD,0.0079,0.0071,0.0075,0.0076,98140,2020-06-28
MTH-USD,0.0078,0.0075,0.0076,0.0078,67984,2020-06-29
MTH-USD,0.0079,0.0075,0.0078,0.0077,64273,2020-06-30
MTH-USD,0.0079,0.0075,0.0077,0.0079,66776,2020-07-01
MTH-USD,0.0083,0.0075,0.0078,0.0082,439147,2020-07-02
MTH-USD,0.0084,0.0078,0.0082,0.0079,188867,2020-07-03
MTH-USD,0.0081,0.0077,0.0079,0.008,114952,2020-07-04
MTH-USD,0.0084,0.0077,0.008,0.0079,208313,2020-07-05
MTH-USD,0.0085,0.0079,0.008,0.0084,161558,2020-07-06
MTH-USD,0.0085,0.0081,0.0084,0.0082,122363,2020-07-07
MTH-USD,0.0084,0.008,0.0082,0.0083,185169,2020-07-08
MTH-USD,0.0085,0.0079,0.0083,0.0083,130701,2020-07-09
MTH-USD,0.0086,0.008,0.0083,0.0086,523974,2020-07-10
MTH-USD,0.0087,0.0083,0.0086,0.0085,186766,2020-07-11
MTH-USD,0.0091,0.0083,0.0085,0.0091,493641,2020-07-12
MTH-USD,0.0091,0.0083,0.009,0.0084,210587,2020-07-13
MTH-USD,0.0086,0.0082,0.0084,0.0085,121557,2020-07-14
MTH-USD,0.0087,0.0083,0.0085,0.0083,91828,2020-07-15
MTH-USD,0.0084,0.0079,0.0083,0.0083,75921,2020-07-16
MTH-USD,0.0086,0.008,0.0083,0.0084,98500,2020-07-17
MTH-USD,0.0088,0.0083,0.0084,0.0086,202211,2020-07-18
MTH-USD,0.0088,0.0084,0.0086,0.0085,124785,2020-07-19
MTH-USD,0.0088,0.0083,0.0086,0.0086,283890,2020-07-20
MTH-USD,0.0096,0.0086,0.0086,0.0093,399809,2020-07-21
MTH-USD,0.0113,0.0091,0.0093,0.0104,1322555,2020-07-22
MTH-USD,0.0114,0.0096,0.0103,0.0098,663474,2020-07-23
MTH-USD,0.0105,0.0096,0.0099,0.0105,463757,2020-07-24
MTH-USD,0.0121,0.0102,0.0105,0.0108,3635910,2020-07-25
MTH-USD,0.0108,0.0096,0.0108,0.0105,611284,2020-07-26
MTH-USD,0.0107,0.0084,0.0106,0.0086,667322,2020-07-27
MTH-USD,0.0107,0.0086,0.0087,0.0096,613858,2020-07-28
MTH-USD,0.0101,0.0087,0.0096,0.0096,302867,2020-07-29
MTH-USD,0.0105,0.0093,0.0096,0.0104,283150,2020-07-30
MTH-USD,0.0105,0.0093,0.0103,0.0097,321839,2020-07-31
MTH-USD,0.0097,0.009,0.0095,0.0091,225940,2020-08-01
MTH-USD,0.0097,0.0086,0.009,0.0088,264322,2020-08-02
MTH-USD,0.0095,0.0086,0.0088,0.0086,175063,2020-08-03
MTH-USD,0.009,0.0085,0.0086,0.0089,132573,2020-08-04
MTH-USD,0.009,0.0086,0.0088,0.0089,161300,2020-08-05
MTH-USD,0.0101,0.0088,0.0089,0.01,157247,2020-08-06
MTH-USD,0.0102,0.0089,0.01,0.0095,202742,2020-08-07
MTH-USD,0.0099,0.0092,0.0092,0.0094,162370,2020-08-08
MTH-USD,0.0099,0.0092,0.0095,0.0096,312525,2020-08-09
MTH-USD,0.0103,0.0092,0.0097,0.01,404021,2020-08-10
MTH-USD,0.0109,0.0097,0.0101,0.0106,1013255,2020-08-11
MTH-USD,0.0116,0.0099,0.0106,0.0116,687405,2020-08-12
MTH-USD,0.0118,0.0105,0.0116,0.011,400547,2020-08-13
MTH-USD,0.0114,0.0106,0.011,0.0113,330987,2020-08-14
MTH-USD,0.0113,0.0105,0.0113,0.0108,256555,2020-08-15
MTH-USD,0.0123,0.0105,0.0108,0.0118,1309225,2020-08-16
MTH-USD,0.0135,0.0117,0.0118,0.0126,896791,2020-08-17
MTH-USD,0.0146,0.0124,0.0125,0.0132,868280,2020-08-18
MTH-USD,0.0132,0.0114,0.0131,0.012,447717,2020-08-19
MTH-USD,0.0131,0.0118,0.012,0.0128,440592,2020-08-20
MTH-USD,0.0134,0.0114,0.0127,0.0114,416788,2020-08-21
MTH-USD,0.012,0.0109,0.0114,0.0117,200290,2020-08-22
MTH-USD,0.0122,0.0114,0.0118,0.0114,127329,2020-08-23
MTH-USD,0.0122,0.0112,0.0113,0.012,293699,2020-08-24
MTH-USD,0.0121,0.0108,0.012,0.0111,182091,2020-08-25
MTH-USD,0.0117,0.0108,0.0111,0.0116,155789,2020-08-26
MTH-USD,0.0116,0.0104,0.0116,0.0109,239514,2020-08-27
MTH-USD,0.0114,0.0106,0.0109,0.0114,133340,2020-08-28
MTH-USD,0.012,0.0109,0.0114,0.0114,439847,2020-08-29
MTH-USD,0.0118,0.0113,0.0114,0.0117,229975,2020-08-30
MTH-USD,0.0122,0.011,0.0118,0.0119,373480,2020-08-31
MTH-USD,0.0132,0.0115,0.0119,0.0116,709507,2020-09-01
MTH-USD,0.0116,0.0103,0.0116,0.0109,292622,2020-09-02
MTH-USD,0.0109,0.0088,0.0109,0.0089,222807,2020-09-03
MTH-USD,0.009,0.0079,0.0088,0.0086,275940,2020-09-04
MTH-USD,0.0093,0.0072,0.0086,0.0077,360425,2020-09-05
MTH-USD,0.0083,0.0071,0.0078,0.0083,223546,2020-09-06
MTH-USD,0.0088,0.0077,0.0084,0.0086,105724,2020-09-07
MTH-USD,0.0088,0.0076,0.0086,0.0081,107062,2020-09-08
MTH-USD,0.0084,0.0076,0.0084,0.0079,90876,2020-09-09
MTH-USD,0.009,0.0079,0.0079,0.0089,214032,2020-09-10
MTH-USD,0.0092,0.0084,0.0089,0.0088,191865,2020-09-11
MTH-USD,0.0095,0.0085,0.0088,0.0089,82289,2020-09-12
MTH-USD,0.0095,0.0078,0.0089,0.0082,150872,2020-09-13
MTH-USD,0.0089,0.0077,0.0082,0.0083,92079,2020-09-14
MTH-USD,0.0091,0.0078,0.0084,0.0079,118514,2020-09-15
MTH-USD,0.0086,0.0074,0.0079,0.0078,92325,2020-09-16
MTH-USD,0.0085,0.0074,0.0078,0.0081,116142,2020-09-17
MTH-USD,0.0084,0.0073,0.0082,0.0075,98260,2020-09-18
MTH-USD,0.009,0.0074,0.0075,0.0082,102550,2020-09-19
MTH-USD,0.0085,0.0073,0.0081,0.0079,104321,2020-09-20
MTH-USD,0.009,0.0068,0.0079,0.007,92293,2020-09-21
MTH-USD,0.0079,0.007,0.007,0.007,62448,2020-09-22
MTH-USD,0.0074,0.0065,0.007,0.0067,95738,2020-09-23
MTH-USD,0.0073,0.0065,0.0067,0.0073,67074,2020-09-24
MTH-USD,0.0076,0.0071,0.0073,0.0075,76524,2020-09-25
MTH-USD,0.0077,0.0073,0.0075,0.0074,77037,2020-09-26
MTH-USD,0.0075,0.0069,0.0074,0.0069,54522,2020-09-27
MTH-USD,0.0073,0.0067,0.0069,0.0067,82042,2020-09-28
MTH-USD,0.0072,0.0066,0.0067,0.0072,72882,2020-09-29
MTH-USD,0.0074,0.0067,0.0072,0.0074,76389,2020-09-30
MTH-USD,0.0075,0.0066,0.0074,0.0068,98596,2020-10-01
MTH-USD,0.007,0.0063,0.0068,0.0066,87529,2020-10-02
MTH-USD,0.007,0.0063,0.0066,0.0069,62250,2020-10-03
MTH-USD,0.0074,0.0062,0.0069,0.0065,93992,2020-10-04
MTH-USD,0.0071,0.0065,0.0065,0.0067,85657,2020-10-05
MTH-USD,0.0072,0.006,0.0067,0.0062,113397,2020-10-06
MTH-USD,0.0065,0.0058,0.0062,0.0063,84523,2020-10-07
MTH-USD,0.0071,0.006,0.0064,0.0065,51004,2020-10-08
MTH-USD,0.0087,0.0062,0.0065,0.007,920536,2020-10-09
MTH-USD,0.0072,0.0067,0.0069,0.0067,221854,2020-10-10
MTH-USD,0.0076,0.0065,0.0068,0.007,94108,2020-10-11
MTH-USD,0.0079,0.0066,0.007,0.0066,59466,2020-10-12
MTH-USD,0.0079,0.0065,0.0066,0.0071,79557,2020-10-13
MTH-USD,0.0082,0.0066,0.0071,0.007,78816,2020-10-14
MTH-USD,0.008,0.0065,0.007,0.0072,96860,2020-10-15
MTH-USD,0.0079,0.0063,0.0072,0.0074,69681,2020-10-16
MTH-USD,0.0077,0.0061,0.0073,0.0065,58955,2020-10-17
MTH-USD,0.0078,0.0062,0.0065,0.0069,50356,2020-10-18
MTH-USD,0.0085,0.0062,0.0069,0.0069,38394,2020-10-19
MTH-USD,0.0085,0.0065,0.0069,0.0072,109297,2020-10-20
MTH-USD,0.0083,0.0065,0.0072,0.0075,83631,2020-10-21
MTH-USD,0.0084,0.007,0.0075,0.0074,102081,2020-10-22
MTH-USD,0.0091,0.0073,0.0075,0.0086,58740,2020-10-23
MTH-USD,0.0094,0.0078,0.0086,0.0079,54667,2020-10-24
MTH-USD,0.0088,0.0076,0.0079,0.008,57362,2020-10-25
MTH-USD,0.0085,0.0074,0.008,0.0078,63793,2020-10-26
MTH-USD,0.0085,0.0077,0.0078,0.008,71598,2020-10-27
MTH-USD,0.0083,0.0067,0.008,0.0071,79689,2020-10-28
MTH-USD,0.0076,0.0064,0.0071,0.0066,66580,2020-10-29
MTH-USD,0.008,0.0063,0.0066,0.007,75614,2020-10-30
MTH-USD,0.0079,0.0061,0.007,0.0063,226602,2020-10-31
MTH-USD,0.0079,0.0059,0.0063,0.0066,52617,2020-11-01
MTH-USD,0.0076,0.0066,0.0066,0.0071,99509,2020-11-02
MTH-USD,0.0071,0.0064,0.0071,0.0066,54235,2020-11-03
MTH-USD,0.0073,0.0064,0.0067,0.0069,88550,2020-11-04
MTH-USD,0.0075,0.0063,0.0069,0.0066,111681,2020-11-05
MTH-USD,0.0082,0.0068,0.0068,0.0076,243352,2020-11-06
MTH-USD,0.0079,0.0069,0.0076,0.007,103077,2020-11-07
MTH-USD,0.0089,0.007,0.007,0.0083,214923,2020-11-08
MTH-USD,0.0092,0.008,0.0083,0.0091,148686,2020-11-09
MTH-USD,0.0095,0.0083,0.0091,0.0088,108453,2020-11-10
MTH-USD,0.0097,0.0086,0.0088,0.0089,113823,2020-11-11
MTH-USD,0.0102,0.0078,0.0089,0.0087,126761,2020-11-12
MTH-USD,0.0095,0.0072,0.0087,0.0094,100722,2020-11-13
MTH-USD,0.0098,0.0066,0.0095,0.009,117609,2020-11-14
MTH-USD,0.0097,0.0071,0.009,0.0094,132581,2020-11-15
MTH-USD,0.0099,0.0072,0.0094,0.0082,69654,2020-11-16
MTH-USD,0.0098,0.0072,0.0082,0.0074,127565,2020-11-17
MTH-USD,0.0085,0.0069,0.0074,0.0077,128228,2020-11-18
MTH-USD,0.0105,0.0073,0.0074,0.01,3423352,2020-11-19
MTH-USD,0.0107,0.0073,0.0103,0.0079,3745941,2020-11-20
MTH-USD,0.0085,0.0075,0.0077,0.0083,244639,2020-11-21
MTH-USD,0.0085,0.0075,0.0082,0.0084,158111,2020-11-22
MTH-USD,0.0089,0.0078,0.0084,0.0081,148673,2020-11-23
MTH-USD,0.009,0.0078,0.0082,0.0086,331534,2020-11-24
MTH-USD,0.0095,0.0083,0.0086,0.0087,302305,2020-11-25
MTH-USD,0.0088,0.0069,0.0088,0.0074,134722,2020-11-26
MTH-USD,0.0078,0.0071,0.0074,0.0078,103483,2020-11-27
MTH-USD,0.0082,0.0074,0.0078,0.0076,121653,2020-11-28
MTH-USD,0.0084,0.0076,0.0077,0.008,87921,2020-11-29
MTH-USD,0.009,0.008,0.0081,0.0086,120829,2020-11-30
MTH-USD,0.0091,0.0077,0.0086,0.0082,113254,2020-12-01
MTH-USD,0.0089,0.008,0.0081,0.0085,115984,2020-12-02
MTH-USD,0.0094,0.0082,0.0085,0.0086,115588,2020-12-03
MTH-USD,0.0092,0.0078,0.0086,0.0084,111119,2020-12-04
MTH-USD,0.0087,0.0074,0.0084,0.0086,97349,2020-12-05
MTH-USD,0.009,0.0078,0.0086,0.0082,105515,2020-12-06
MTH-USD,0.0091,0.0077,0.0082,0.0082,130686,2020-12-07
MTH-USD,0.0083,0.0071,0.0082,0.0074,154877,2020-12-08
MTH-USD,0.0076,0.0067,0.0074,0.0075,104975,2020-12-09
MTH-USD,0.0081,0.0069,0.0074,0.0073,90351,2020-12-10
MTH-USD,0.0075,0.0067,0.0072,0.007,47372,2020-12-11
MTH-USD,0.0078,0.0067,0.0071,0.0076,59783,2020-12-12
MTH-USD,0.0083,0.0071,0.0076,0.0077,100453,2020-12-13
MTH-USD,0.0083,0.0077,0.0077,0.0082,142545,2020-12-14
MTH-USD,0.0084,0.0076,0.0081,0.0076,137009,2020-12-15
MTH-USD,0.0084,0.0076,0.0076,0.0081,164818,2020-12-16
MTH-USD,0.0086,0.0076,0.0081,0.0082,154519,2020-12-17
MTH-USD,0.0092,0.0081,0.0082,0.0088,88108,2020-12-18
MTH-USD,0.0089,0.0075,0.0087,0.008,183832,2020-12-19
MTH-USD,0.0094,0.0074,0.008,0.0082,591952,2020-12-20
MTH-USD,0.0091,0.0071,0.0082,0.0078,233416,2020-12-21
MTH-USD,0.0086,0.0071,0.0078,0.0078,209647,2020-12-22
MTH-USD,0.008,0.0069,0.0078,0.0071,226188,2020-12-23
MTH-USD,0.0075,0.0062,0.0071,0.0069,156407,2020-12-24
MTH-USD,0.0079,0.0061,0.0069,0.007,169760,2020-12-25
MTH-USD,0.0079,0.0063,0.007,0.0073,164454,2020-12-26
MTH-USD,0.0089,0.0071,0.0071,0.0073,274245,2020-12-27
MTH-USD,0.0085,0.007,0.0073,0.0074,196637,2020-12-28
MTH-USD,0.0077,0.0066,0.007,0.0068,235201,2020-12-29
MTH-USD,0.0077,0.0063,0.0071,0.0072,213743,2020-12-30
MTH-USD,0.0079,0.0057,0.0072,0.0074,183371,2020-12-31
MTH-USD,0.0092,0.0062,0.0074,0.0077,497501,2021-01-01
MTH-USD,0.0086,0.0068,0.0078,0.0074,312481,2021-01-02
MTH-USD,0.0083,0.0069,0.0077,0.0075,225505,2021-01-03
MTH-USD,0.0089,0.006,0.0074,0.0075,223298,2021-01-04
MTH-USD,0.0094,0.0061,0.0074,0.0092,264528,2021-01-05
MTH-USD,0.0091,0.0076,0.0091,0.0085,297257,2021-01-06
MTH-USD,0.0097,0.0079,0.0085,0.0085,295889,2021-01-07
MTH-USD,0.0101,0.0081,0.0085,0.0093,246785,2021-01-08
MTH-USD,0.0105,0.0086,0.0093,0.0099,297351,2021-01-09
MTH-USD,0.0109,0.0086,0.0099,0.0097,342586,2021-01-10
MTH-USD,0.0096,0.0071,0.0096,0.0079,172047,2021-01-11
MTH-USD,0.0098,0.0074,0.0079,0.0082,152140,2021-01-12
MTH-USD,0.0092,0.0069,0.0083,0.0089,167844,2021-01-13
MTH-USD,0.0101,0.0079,0.0093,0.0087,147893,2021-01-14
MTH-USD,0.0098,0.0072,0.0086,0.0088,202216,2021-01-15
MTH-USD,0.0097,0.0077,0.0084,0.008,249314,2021-01-16
MTH-USD,0.0094,0.0078,0.0079,0.0079,214850,2021-01-17
MTH-USD,0.0099,0.0077,0.0079,0.0086,238446,2021-01-18
MTH-USD,0.0109,0.0081,0.0086,0.0091,309743,2021-01-19
MTH-USD,0.0108,0.0081,0.0092,0.0088,405330,2021-01-20
MTH-USD,0.0097,0.0082,0.0088,0.0086,556944,2021-01-21
MTH-USD,0.0098,0.0078,0.0088,0.0094,637024,2021-01-22
MTH-USD,0.0101,0.0087,0.0092,0.0097,283933,2021-01-23
MTH-USD,0.0105,0.0091,0.0098,0.0104,205200,2021-01-24
MTH-USD,0.0107,0.009,0.0095,0.0095,272032,2021-01-25
MTH-USD,0.0099,0.0083,0.0094,0.0092,191768,2021-01-26
MTH-USD,0.0099,0.0079,0.0092,0.0083,211383,2021-01-27
MTH-USD,0.0096,0.008,0.0083,0.0088,400828,2021-01-28
MTH-USD,0.0114,0.0087,0.0088,0.0105,1182109,2021-01-29
MTH-USD,0.0129,0.0102,0.0108,0.0113,1296574,2021-01-30
MTH-USD,0.0134,0.0105,0.011,0.0123,1152048,2021-01-31
MTH-USD,0.0181,0.0113,0.0122,0.0121,5480576,2021-02-01
MTH-USD,0.0132,0.0113,0.0115,0.0126,1124249,2021-02-02
MTH-USD,0.0155,0.0123,0.0126,0.0152,1000918,2021-02-03
MTH-USD,0.0209,0.0149,0.0156,0.0173,4288285,2021-02-04
MTH-USD,0.0238,0.017,0.0173,0.0178,2318805,2021-02-05
MTH-USD,0.0194,0.0163,0.0179,0.018,4558816,2021-02-06
MTH-USD,0.0197,0.0172,0.018,0.0193,1061912,2021-02-07
MTH-USD,0.0208,0.0183,0.02,0.0201,858622,2021-02-08
MTH-USD,0.0211,0.0183,0.0201,0.0197,995968,2021-02-09
MTH-USD,0.0212,0.0183,0.02,0.0191,740055,2021-02-10
MTH-USD,0.0207,0.0167,0.0195,0.02,854462,2021-02-11
MTH-USD,0.0244,0.0187,0.0201,0.0239,1353430,2021-02-12
MTH-USD,0.0253,0.0219,0.0234,0.0221,1525232,2021-02-13
MTH-USD,0.0233,0.0214,0.0226,0.0221,804526,2021-02-14
MTH-USD,0.0228,0.0193,0.0217,0.0215,798941,2021-02-15
MTH-USD,0.0233,0.0197,0.0218,0.021,885935,2021-02-16
MTH-USD,0.0227,0.0199,0.0214,0.0219,671288,2021-02-17
MTH-USD,0.0256,0.0215,0.0219,0.0242,1288971,2021-02-18
MTH-USD,0.0251,0.0235,0.0241,0.0237,774301,2021-02-19
MTH-USD,0.0251,0.0226,0.0237,0.0231,677929,2021-02-20
MTH-USD,0.025,0.0223,0.0226,0.024,633240,2021-02-21
MTH-USD,0.0248,0.0195,0.024,0.0209,679443,2021-02-22
MTH-USD,0.0216,0.0155,0.0209,0.0175,588514,2021-02-23
MTH-USD,0.0196,0.0166,0.0176,0.0184,502232,2021-02-24
MTH-USD,0.0204,0.018,0.0181,0.0186,467409,2021-02-25
MTH-USD,0.0226,0.0172,0.0188,0.0213,1469955,2021-02-26
MTH-USD,0.023,0.0191,0.0209,0.0195,1043037,2021-02-27
MTH-USD,0.0216,0.0186,0.0197,0.0214,581203,2021-02-28
MTH-USD,0.0267,0.0208,0.021,0.0222,4061618,2021-03-01
MTH-USD,0.0225,0.0191,0.0217,0.0197,1009894,2021-03-02
MTH-USD,0.0214,0.0195,0.0201,0.0205,743966,2021-03-03
MTH-USD,0.0216,0.0195,0.0205,0.02,504458,2021-03-04
MTH-USD,0.021,0.0186,0.0203,0.0209,714255,2021-03-05
MTH-USD,0.0219,0.0198,0.0209,0.0211,454730,2021-03-06
MTH-USD,0.0429,0.0206,0.0215,0.024,9640960,2021-03-07
MTH-USD,0.0256,0.0231,0.0239,0.0243,1577054,2021-03-08
MTH-USD,0.0295,0.0238,0.0243,0.0275,2749069,2021-03-09
MTH-USD,0.0404,0.0271,0.0281,0.034,6614164,2021-03-10
MTH-USD,0.0366,0.0308,0.034,0.0339,2477899,2021-03-11
MTH-USD,0.0378,0.0309,0.0339,0.0309,1896354,2021-03-12
MTH-USD,0.0402,0.0304,0.0308,0.0386,2668961,2021-03-13
MTH-USD,0.0395,0.0356,0.0386,0.0358,1143144,2021-03-14
MTH-USD,0.0384,0.0322,0.0356,0.0368,1380305,2021-03-15
MTH-USD,0.0442,0.0351,0.0368,0.0442,2796844,2021-03-16
MTH-USD,0.0444,0.0379,0.0439,0.0395,1535612,2021-03-17
MTH-USD,0.0422,0.0379,0.0401,0.0384,1532721,2021-03-18
MTH-USD,0.0406,0.0369,0.0384,0.0401,1065207,2021-03-19
MTH-USD,0.044,0.0388,0.0401,0.0432,1119782,2021-03-20
MTH-USD,0.0447,0.0396,0.0431,0.0411,1366020,2021-03-21
MTH-USD,0.0449,0.041,0.0411,0.0419,981764,2021-03-22
MTH-USD,0.0434,0.0399,0.0414,0.0408,690072,2021-03-23
MTH-USD,0.0454,0.0397,0.0411,0.0401,905186,2021-03-24
MTH-USD,0.0428,0.0384,0.0404,0.0416,1093506,2021-03-25
MTH-USD,0.0471,0.0415,0.0415,0.0462,1194163,2021-03-26
MTH-USD,0.051,0.0458,0.0463,0.0506,1060297,2021-03-27
MTH-USD,0.053,0.0474,0.0506,0.0494,1461665,2021-03-28
MTH-USD,0.0529,0.0485,0.0494,0.0525,1183958,2021-03-29
MTH-USD,0.0694,0.0518,0.0525,0.0683,4505251,2021-03-30
MTH-USD,0.0949,0.0656,0.0689,0.0739,15861976,2021-03-31
MTH-USD,0.0786,0.0683,0.0739,0.0737,3410135,2021-04-01
MTH-USD,0.0753,0.0688,0.0737,0.0716,2089819,2021-04-02
MTH-USD,0.0836,0.0686,0.0715,0.0708,3669775,2021-04-03
MTH-USD,0.0835,0.0693,0.0707,0.0803,3132351,2021-04-04
MTH-USD,0.0994,0.0766,0.0809,0.0795,7132130,2021-04-05
MTH-USD,0.0835,0.0726,0.0802,0.0733,2781863,2021-04-06
MTH-USD,0.0739,0.0642,0.0727,0.0674,1838371,2021-04-07
MTH-USD,0.0787,0.0672,0.0672,0.0752,1491251,2021-04-08
MTH-USD,0.0812,0.0728,0.0747,0.0737,1533882,2021-04-09
MTH-USD,0.0794,0.072,0.0736,0.0778,1011744,2021-04-10
MTH-USD,0.0809,0.0719,0.0786,0.0732,1452816,2021-04-11
MTH-USD,0.0742,0.0623,0.0733,0.0628,2545657,2021-04-12
MTH-USD,0.0638,0.0554,0.0638,0.0591,2725310,2021-04-13
MTH-USD,0.0639,0.0547,0.0591,0.0596,1813670,2021-04-14
MTH-USD,0.068,0.0588,0.0604,0.0638,1558851,2021-04-15
MTH-USD,0.0652,0.0572,0.0633,0.0629,1885511,2021-04-16
MTH-USD,0.0651,0.0588,0.0623,0.0588,1277784,2021-04-17
MTH-USD,0.0592,0.0469,0.0592,0.0534,1501564,2021-04-18
MTH-USD,0.0559,0.0476,0.0528,0.0481,715481,2021-04-19
MTH-USD,0.0528,0.0423,0.0478,0.0483,1208434,2021-04-20
MTH-USD,0.0507,0.0458,0.0484,0.0469,745534,2021-04-21
MTH-USD,0.0491,0.0395,0.0472,0.0406,652173,2021-04-22
MTH-USD,0.0414,0.0326,0.04,0.0408,1296770,2021-04-23
MTH-USD,0.0436,0.0352,0.0409,0.0387,998695,2021-04-24
MTH-USD,0.054,0.0355,0.0387,0.0407,750888,2021-04-25
MTH-USD,0.0491,0.0401,0.0405,0.0473,700604,2021-04-26
MTH-USD,0.0508,0.0434,0.0477,0.0507,2355327,2021-04-27
MTH-USD,0.0548,0.0466,0.0503,0.0525,1283625,2021-04-28
MTH-USD,0.0584,0.0479,0.0525,0.0559,854071,2021-04-29
MTH-USD,0.0599,0.0508,0.0559,0.0584,1449258,2021-04-30
MTH-USD,0.0647,0.052,0.0584,0.0551,1760609,2021-05-01
MTH-USD,0.0588,0.053,0.0551,0.0548,705958,2021-05-02
MTH-USD,0.0638,0.0537,0.0552,0.0634,782376,2021-05-03
MTH-USD,0.0604,0.0495,0.0604,0.0536,855295,2021-05-04
MTH-USD,0.0606,0.0484,0.0531,0.052,672350,2021-05-05
MTH-USD,0.0626,0.0495,0.052,0.052,1107122,2021-05-06
MTH-USD,0.0548,0.0485,0.0519,0.0536,1017547,2021-05-07
MTH-USD,0.0605,0.0504,0.0536,0.0583,2272281,2021-05-08
MTH-USD,0.0778,0.0575,0.0589,0.0596,11801307,2021-05-09
MTH-USD,0.0608,0.0492,0.0591,0.0513,2762914,2021-05-10
MTH-USD,0.0548,0.0464,0.0518,0.0496,1097377,2021-05-11
MTH-USD,0.0568,0.0428,0.0496,0.0428,1963231,2021-05-12
MTH-USD,0.0493,0.0394,0.0419,0.0475,754414,2021-05-13
MTH-USD,0.0542,0.0417,0.0475,0.0443,3040933,2021-05-14
MTH-USD,0.0451,0.039,0.0442,0.0419,917255,2021-05-15
MTH-USD,0.0498,0.0362,0.0423,0.0449,702850,2021-05-16
MTH-USD,0.0464,0.0343,0.045,0.0369,491923,2021-05-17
MTH-USD,0.047,0.0355,0.0368,0.0373,563488,2021-05-18
MTH-USD,0.0407,0.02,0.0379,0.0252,1011781,2021-05-19
MTH-USD,0.0336,0.0225,0.0248,0.0315,481310,2021-05-20
MTH-USD,0.0344,0.0211,0.0304,0.0234,694516,2021-05-21
MTH-USD,0.0304,0.022,0.0232,0.0304,498348,2021-05-22
MTH-USD,0.0307,0.017,0.0303,0.0208,555671,2021-05-23
MTH-USD,0.0303,0.0197,0.0207,0.0293,417303,2021-05-24
MTH-USD,0.0296,0.0217,0.029,0.0284,471958,2021-05-25
MTH-USD,0.0315,0.0243,0.0286,0.0296,496150,2021-05-26
MTH-USD,0.0319,0.0212,0.0297,0.0218,234720,2021-05-27
MTH-USD,0.0225,0.02,0.0217,0.0213,476281,2021-05-28
MTH-USD,0.0234,0.0186,0.0213,0.0195,314128,2021-05-29
MTH-USD,0.0242,0.0185,0.0195,0.0224,831874,2021-05-30
MTH-USD,0.0254,0.0216,0.0224,0.0232,380422,2021-05-31
MTH-USD,0.031,0.0217,0.0233,0.031,10848213,2021-06-01
MTH-USD,0.0313,0.0252,0.031,0.0265,5685344,2021-06-02
MTH-USD,0.0269,0.024,0.0268,0.0248,504180,2021-06-03
MTH-USD,0.0251,0.0209,0.0251,0.0227,307924,2021-06-04
MTH-USD,0.0247,0.0204,0.0226,0.0225,275382,2021-06-05
MTH-USD,0.0312,0.0214,0.0225,0.0286,2500901,2021-06-06
MTH-USD,0.0297,0.0233,0.0286,0.0234,633424,2021-06-07
MTH-USD,0.0242,0.0209,0.0231,0.0224,411803,2021-06-08
MTH-USD,0.0272,0.0219,0.0224,0.0266,573270,2021-06-09
MTH-USD,0.0279,0.0243,0.0266,0.0252,409045,2021-06-10
MTH-USD,0.026,0.0236,0.025,0.0248,285361,2021-06-11
MTH-USD,0.0248,0.0219,0.0248,0.0224,408830,2021-06-12
MTH-USD,0.0253,0.0212,0.0227,0.0238,482844,2021-06-13
MTH-USD,0.0249,0.0226,0.0239,0.0242,328772,2021-06-14
MTH-USD,0.0254,0.0228,0.0242,0.0231,286334,2021-06-15
MTH-USD,0.0243,0.0204,0.023,0.0208,181797,2021-06-16
MTH-USD,0.0247,0.0206,0.0208,0.0232,336254,2021-06-17
MTH-USD,0.0246,0.0205,0.0232,0.0206,250392,2021-06-18
MTH-USD,0.0229,0.0196,0.0207,0.0198,145605,2021-06-19
MTH-USD,0.0225,0.0186,0.0197,0.0207,224915,2021-06-20
MTH-USD,0.0219,0.0171,0.0207,0.0174,213948,2021-06-21
MTH-USD,0.0192,0.0155,0.0174,0.0175,233911,2021-06-22
MTH-USD,0.0196,0.0172,0.0175,0.0187,207996,2021-06-23
MTH-USD,0.0203,0.0174,0.0187,0.0194,1126651,2021-06-24
MTH-USD,0.0196,0.0161,0.0191,0.0173,226225,2021-06-25
MTH-USD,0.0194,0.0157,0.0169,0.0176,198153,2021-06-26
MTH-USD,0.0205,0.0166,0.0185,0.0176,661584,2021-06-27
MTH-USD,0.0204,0.0172,0.0179,0.0203,291213,2021-06-28
MTH-USD,0.0216,0.0189,0.0203,0.0212,251684,2021-06-29
MTH-USD,0.0221,0.0188,0.0218,0.02,196060,2021-06-30
MTH-USD,0.022,0.0185,0.0204,0.0208,284795,2021-07-01
MTH-USD,0.0218,0.0187,0.0207,0.0216,176477,2021-07-02
MTH-USD,0.0222,0.0199,0.0217,0.0209,191983,2021-07-03
MTH-USD,0.0238,0.0208,0.0209,0.0228,176288,2021-07-04
MTH-USD,0.0228,0.0195,0.0228,0.0199,175481,2021-07-05
MTH-USD,0.0218,0.0186,0.0198,0.0205,221558,2021-07-06
MTH-USD,0.0232,0.0195,0.0206,0.0195,182558,2021-07-07
MTH-USD,0.0209,0.0182,0.0195,0.0194,510514,2021-07-08
MTH-USD,0.0206,0.0186,0.0193,0.0202,236451,2021-07-09
MTH-USD,0.0211,0.0185,0.0202,0.0199,273290,2021-07-10
MTH-USD,0.0205,0.0188,0.0196,0.0195,221144,2021-07-11
MTH-USD,0.0211,0.0185,0.0193,0.0191,205742,2021-07-12
MTH-USD,0.0202,0.0177,0.019,0.019,212087,2021-07-13
MTH-USD,0.0191,0.0186,0.0191,0.0186,204484,2021-07-14
