POST-USD,0.0009,0.0009,0.0009,0.0009,131,2016-04-08
POST-USD,0.0009,0.0007,0.0009,0.0008,61,2016-04-09
POST-USD,0.0008,0.0005,0.0008,0.0006,90,2016-04-10
POST-USD,0.001,0.0005,0.0006,0.001,466,2016-04-11
POST-USD,0.001,0.0005,0.001,0.0008,200,2016-04-12
POST-USD,0.0009,0.0003,0.0008,0.0005,513,2016-04-13
POST-USD,0.0014,0.0004,0.0005,0.001,4891,2016-04-14
POST-USD,0.0012,0.0008,0.0008,0.0009,2040,2016-04-15
POST-USD,0.0011,0.0007,0.0009,0.0007,193,2016-04-16
POST-USD,0.0012,0.0007,0.0009,0.0008,1883,2016-04-17
POST-USD,0.0018,0.0008,0.0008,0.0014,5580,2016-04-18
POST-USD,0.0018,0.001,0.0017,0.0018,3320,2016-04-19
POST-USD,0.0018,0.0011,0.0018,0.0015,4572,2016-04-20
POST-USD,0.0015,0.001,0.0015,0.0011,2358,2016-04-21
POST-USD,0.0012,0.0007,0.0011,0.0007,467,2016-04-22
POST-USD,0.0013,0.0007,0.0007,0.0011,2973,2016-04-23
POST-USD,0.0011,0.0005,0.0011,0.0007,1069,2016-04-24
POST-USD,0.0017,0.0005,0.0007,0.001,11118,2016-04-25
POST-USD,0.001,0.0007,0.0009,0.001,20567,2016-04-26
POST-USD,0.001,0.0007,0.001,0.0009,4371,2016-04-27
POST-USD,0.0009,0.0007,0.0009,0.0008,2923,2016-04-28
POST-USD,0.0009,0.0007,0.0008,0.0007,1162,2016-04-29
POST-USD,0.0008,0.0005,0.0007,0.0007,1294,2016-04-30
POST-USD,0.0008,0.0005,0.0006,0.0006,381,2016-05-01
POST-USD,0.0008,0.0006,0.0006,0.0006,380,2016-05-02
POST-USD,0.0007,0.0004,0.0006,0.0006,4324,2016-05-03
POST-USD,0.0007,0.0005,0.0006,0.0007,2278,2016-05-04
POST-USD,0.0008,0.0006,0.0007,0.0007,2250,2016-05-05
POST-USD,0.0008,0.0006,0.0007,0.0007,1342,2016-05-06
POST-USD,0.0007,0.0006,0.0007,0.0006,90,2016-05-07
POST-USD,0.0007,0.0005,0.0006,0.0006,28,2016-05-08
POST-USD,0.0006,0.0005,0.0006,0.0006,59,2016-05-09
POST-USD,0.0008,0.0005,0.0006,0.0007,4475,2016-05-10
POST-USD,0.0008,0.0007,0.0007,0.0007,2041,2016-05-11
POST-USD,0.0009,0.0006,0.0007,0.0008,3268,2016-05-12
POST-USD,0.001,0.0008,0.0008,0.0009,1367,2016-05-13
POST-USD,0.001,0.0008,0.0009,0.0009,2505,2016-05-14
POST-USD,0.001,0.0007,0.0009,0.0009,1749,2016-05-15
POST-USD,0.0009,0.0007,0.0009,0.0008,2112,2016-05-16
POST-USD,0.0009,0.0007,0.0008,0.0008,3607,2016-05-17
POST-USD,0.0009,0.0007,0.0008,0.0008,4023,2016-05-18
POST-USD,0.0009,0.0007,0.0008,0.0008,2409,2016-05-19
POST-USD,0.0009,0.0007,0.0008,0.0007,3601,2016-05-20
POST-USD,0.0008,0.0006,0.0007,0.0008,677,2016-05-21
POST-USD,0.0008,0.0007,0.0007,0.0008,3038,2016-05-22
POST-USD,0.0011,0.0007,0.0008,0.0008,7094,2016-05-23
POST-USD,0.0008,0.0007,0.0008,0.0008,3088,2016-05-24
POST-USD,0.0008,0.0007,0.0008,0.0008,3549,2016-05-25
POST-USD,0.0008,0.0007,0.0008,0.0007,242,2016-05-26
POST-USD,0.0009,0.0006,0.0007,0.0009,232,2016-05-27
POST-USD,0.0009,0.0008,0.0009,0.0009,62,2016-05-28
POST-USD,0.001,0.0008,0.0009,0.0009,2233,2016-05-29
POST-USD,0.001,0.0009,0.0009,0.001,1933,2016-05-30
POST-USD,0.001,0.0009,0.001,0.0009,6140,2016-05-31
POST-USD,0.0009,0.0009,0.0009,0.0009,2850,2016-06-01
POST-USD,0.0009,0.0008,0.0009,0.0009,5021,2016-06-02
POST-USD,0.0009,0.0001,0.0009,0.0007,2046,2016-06-03
POST-USD,0.0008,0.0006,0.0007,0.0006,109,2016-06-04
POST-USD,0.0007,0.0003,0.0006,0.0003,81,2016-06-05
POST-USD,0.0006,0.0003,0.0003,0.0005,2940,2016-06-06
POST-USD,0.0008,0.0004,0.0005,0.0007,1916,2016-06-07
POST-USD,0.0008,0.0005,0.0008,0.0007,1558,2016-06-08
POST-USD,0.0011,0.0006,0.0007,0.0011,1751,2016-06-09
POST-USD,0.0011,0.0009,0.0011,0.001,2478,2016-06-10
POST-USD,0.0011,0.0009,0.001,0.001,27,2016-06-11
POST-USD,0.0011,0.001,0.001,0.0011,3689,2016-06-12
POST-USD,0.0012,0.001,0.0011,0.0011,1089,2016-06-13
POST-USD,0.0011,0.0009,0.0011,0.001,1062,2016-06-14
POST-USD,0.001,0.0003,0.001,0.0006,1175,2016-06-15
POST-USD,0.001,0.0005,0.0006,0.0008,541,2016-06-16
POST-USD,0.0008,0.0005,0.0008,0.0008,170,2016-06-17
POST-USD,0.001,0.0006,0.0008,0.001,1618,2016-06-18
POST-USD,0.001,0.0008,0.001,0.001,2220,2016-06-19
POST-USD,0.001,0.0008,0.001,0.0009,90,2016-06-20
POST-USD,0.0009,0.0006,0.0009,0.0007,72,2016-06-21
POST-USD,0.0008,0.0005,0.0007,0.0007,245,2016-06-22
POST-USD,0.0007,0.0005,0.0007,0.0007,70,2016-06-23
POST-USD,0.0008,0.0006,0.0007,0.0006,148,2016-06-24
POST-USD,0.0008,0.0006,0.0006,0.0008,57,2016-06-25
POST-USD,0.0008,0.0006,0.0008,0.0008,176,2016-06-26
POST-USD,0.0008,0.0006,0.0008,0.0007,125,2016-06-27
POST-USD,0.0008,0.0006,0.0008,0.0007,93,2016-06-28
POST-USD,0.0008,0.0006,0.0007,0.0007,229,2016-06-29
POST-USD,0.0008,0.0007,0.0007,0.0007,56,2016-06-30
POST-USD,0.0025,0.0006,0.0007,0.002,958,2016-07-01
POST-USD,0.002,0.001,0.002,0.001,91,2016-07-02
POST-USD,0.0013,0.0007,0.001,0.0007,419,2016-07-03
POST-USD,0.0025,0.0007,0.0007,0.0013,1457,2016-07-04
POST-USD,0.0013,0.0009,0.0013,0.0012,661,2016-07-05
POST-USD,0.0014,0.0009,0.0012,0.001,57,2016-07-06
POST-USD,0.001,0.0008,0.001,0.0009,62,2016-07-07
POST-USD,0.0011,0.0006,0.0009,0.0011,210,2016-07-08
POST-USD,0.0011,0.0009,0.0011,0.001,168,2016-07-09
POST-USD,0.001,0.0008,0.001,0.0009,92,2016-07-10
POST-USD,0.0011,0.0008,0.0009,0.0011,370,2016-07-11
POST-USD,0.0011,0.0008,0.0011,0.0011,177,2016-07-12
POST-USD,0.0011,0.001,0.0011,0.001,70,2016-07-13
POST-USD,0.001,0.0005,0.001,0.001,136,2016-07-14
POST-USD,0.001,0.0007,0.001,0.0009,10,2016-07-15
POST-USD,0.001,0.0009,0.0009,0.001,19,2016-07-16
POST-USD,0.001,0.0008,0.001,0.001,195,2016-07-17
POST-USD,0.0012,0.001,0.001,0.0012,630,2016-07-18
POST-USD,0.0012,0.001,0.0012,0.0012,38,2016-07-19
POST-USD,0.0012,0.001,0.0012,0.001,73,2016-07-20
POST-USD,0.0012,0.001,0.001,0.0011,303,2016-07-21
POST-USD,0.0012,0.001,0.0011,0.0012,112,2016-07-22
POST-USD,0.0012,0.0011,0.0012,0.0012,148,2016-07-23
POST-USD,0.0012,0.0011,0.0012,0.0012,111,2016-07-24
POST-USD,0.0014,0.0011,0.0012,0.0012,280,2016-07-25
POST-USD,0.0014,0.0012,0.0012,0.0014,170,2016-07-26
POST-USD,0.0014,0.001,0.0014,0.0014,281,2016-07-27
POST-USD,0.0014,0.0012,0.0014,0.0012,76,2016-07-28
POST-USD,0.0014,0.0012,0.0012,0.0014,132,2016-07-29
POST-USD,0.0014,0.0013,0.0014,0.0014,81,2016-07-30
POST-USD,0.0014,0.0013,0.0014,0.0014,13,2016-07-31
POST-USD,0.0014,0.0013,0.0014,0.0014,166,2016-08-01
POST-USD,0.0015,0.0012,0.0014,0.0012,426,2016-08-02
POST-USD,0.0018,0.0012,0.0012,0.0018,447,2016-08-03
POST-USD,0.0018,0.0014,0.0018,0.0017,156,2016-08-04
POST-USD,0.0018,0.0013,0.0017,0.0018,236,2016-08-05
POST-USD,0.0018,0.0015,0.0018,0.0017,45,2016-08-06
POST-USD,0.0018,0.0008,0.0017,0.0017,393,2016-08-07
POST-USD,0.0018,0.0007,0.0017,0.0014,2007,2016-08-08
POST-USD,0.0014,0.0009,0.0014,0.0013,817,2016-08-09
POST-USD,0.0015,0.0012,0.0013,0.0013,179,2016-08-10
POST-USD,0.0015,0.0013,0.0013,0.0013,335,2016-08-11
POST-USD,0.0015,0.0012,0.0013,0.0015,156,2016-08-12
POST-USD,0.0015,0.0012,0.0015,0.0015,190,2016-08-13
POST-USD,0.0022,0.0013,0.0015,0.0013,41,2016-08-14
POST-USD,0.0014,0.0012,0.0013,0.0014,81,2016-08-15
POST-USD,0.0015,0.0013,0.0014,0.0013,202,2016-08-16
POST-USD,0.0015,0.0013,0.0013,0.0013,109,2016-08-17
POST-USD,0.0015,0.0013,0.0013,0.0013,109,2016-08-18
POST-USD,0.0014,0.0013,0.0013,0.0013,4,2016-08-19
POST-USD,0.0015,0.0013,0.0013,0.0014,54,2016-08-20
POST-USD,0.0018,0.0014,0.0014,0.0014,505,2016-08-21
POST-USD,0.0017,0.0014,0.0014,0.0014,23,2016-08-22
POST-USD,0.0017,0.0014,0.0014,0.0017,54,2016-08-23
POST-USD,0.0017,0.0008,0.0017,0.0014,744,2016-08-24
POST-USD,0.0016,0.0012,0.0014,0.0012,192,2016-08-25
POST-USD,0.0014,0.0012,0.0012,0.0014,15,2016-08-26
POST-USD,0.0016,0.0012,0.0014,0.0013,133,2016-08-27
POST-USD,0.0016,0.0011,0.0013,0.0012,122,2016-08-28
POST-USD,0.0015,0.0012,0.0012,0.0014,113,2016-08-29
POST-USD,0.0014,0.0011,0.0014,0.0012,115,2016-08-30
POST-USD,0.0013,0.0011,0.0012,0.0011,23,2016-08-31
POST-USD,0.0013,0.0011,0.0011,0.0011,50,2016-09-01
POST-USD,0.0013,0.0011,0.0011,0.0012,5,2016-09-02
POST-USD,0.0013,0.0011,0.0012,0.0013,39,2016-09-03
POST-USD,0.0014,0.0012,0.0013,0.0014,37,2016-09-04
POST-USD,0.0014,0.0012,0.0014,0.0013,311,2016-09-05
POST-USD,0.0016,0.0013,0.0013,0.0014,316,2016-09-06
POST-USD,0.0019,0.0014,0.0014,0.0019,577,2016-09-07
POST-USD,0.0022,0.0015,0.0019,0.0019,628,2016-09-08
POST-USD,0.0019,0.0016,0.0019,0.0018,71,2016-09-09
POST-USD,0.0022,0.0017,0.0018,0.0022,77,2016-09-10
POST-USD,0.0022,0.0019,0.0022,0.0021,72,2016-09-11
POST-USD,0.0021,0.0017,0.0021,0.002,147,2016-09-12
POST-USD,0.002,0.0017,0.002,0.0018,44,2016-09-13
POST-USD,0.002,0.0018,0.0018,0.002,18,2016-09-14
POST-USD,0.0022,0.0018,0.002,0.0021,861,2016-09-15
POST-USD,0.0021,0.0018,0.0021,0.0018,253,2016-09-16
POST-USD,0.002,0.0018,0.0018,0.0019,76,2016-09-17
POST-USD,0.0021,0.0017,0.0019,0.0018,163,2016-09-18
POST-USD,0.002,0.0016,0.0018,0.0019,104,2016-09-19
POST-USD,0.0019,0.0016,0.0019,0.0019,102,2016-09-20
POST-USD,0.0019,0.0017,0.0019,0.0018,272,2016-09-21
POST-USD,0.002,0.0018,0.0018,0.0019,493,2016-09-22
POST-USD,0.002,0.0019,0.0019,0.002,179,2016-09-23
POST-USD,0.002,0.0019,0.002,0.002,35,2016-09-24
POST-USD,0.002,0.0018,0.002,0.002,58,2016-09-25
POST-USD,0.0022,0.0019,0.002,0.0021,547,2016-09-26
POST-USD,0.0021,0.0018,0.0021,0.0019,310,2016-09-27
POST-USD,0.002,0.0019,0.0019,0.002,44,2016-09-28
POST-USD,0.0024,0.002,0.002,0.0021,196,2016-09-29
POST-USD,0.0022,0.0019,0.0021,0.0019,127,2016-09-30
POST-USD,0.0021,0.0019,0.002,0.0019,128,2016-10-01
POST-USD,0.002,0.0019,0.0019,0.0019,6,2016-10-02
POST-USD,0.0021,0.0019,0.0019,0.002,102,2016-10-03
POST-USD,0.0021,0.0019,0.002,0.0021,154,2016-10-04
POST-USD,0.0021,0.0019,0.0021,0.0021,81,2016-10-05
POST-USD,0.0021,0.0019,0.0021,0.0019,45,2016-10-06
POST-USD,0.0021,0.0019,0.0019,0.002,450,2016-10-07
POST-USD,0.0021,0.0019,0.002,0.002,27,2016-10-08
POST-USD,0.0021,0.0019,0.002,0.0019,358,2016-10-09
POST-USD,0.0021,0.0019,0.0019,0.002,410,2016-10-10
POST-USD,0.0021,0.0018,0.002,0.0019,295,2016-10-11
POST-USD,0.0021,0.0019,0.0019,0.002,363,2016-10-12
POST-USD,0.0021,0.0019,0.002,0.0019,14,2016-10-13
POST-USD,0.0021,0.0019,0.0019,0.002,548,2016-10-14
POST-USD,0.0021,0.0019,0.002,0.002,46,2016-10-15
POST-USD,0.0021,0.002,0.002,0.002,29,2016-10-16
POST-USD,0.0021,0.002,0.002,0.0021,322,2016-10-17
POST-USD,0.0021,0.002,0.0021,0.002,10,2016-10-18
POST-USD,0.002,0.0019,0.002,0.0019,14,2016-10-19
POST-USD,0.0019,0.0019,0.0019,0.0019,14,2016-10-20
POST-USD,0.0021,0.0019,0.0019,0.002,481,2016-10-21
POST-USD,0.0021,0.002,0.002,0.002,144,2016-10-22
POST-USD,0.0021,0.002,0.002,0.002,66,2016-10-23
POST-USD,0.0021,0.0019,0.002,0.0021,698,2016-10-24
POST-USD,0.0021,0.0021,0.0021,0.0021,53,2016-10-25
POST-USD,0.0022,0.0021,0.0021,0.0022,129,2016-10-26
POST-USD,0.0022,0.002,0.0022,0.0021,729,2016-10-27
POST-USD,0.0022,0.0019,0.0021,0.0022,177,2016-10-28
POST-USD,0.0024,0.0021,0.0022,0.0022,870,2016-10-29
POST-USD,0.0022,0.0021,0.0022,0.0022,79,2016-10-30
POST-USD,0.0022,0.0021,0.0022,0.0022,550,2016-10-31
POST-USD,0.0023,0.0022,0.0022,0.0022,300,2016-11-01
POST-USD,0.0025,0.0022,0.0022,0.0025,866,2016-11-02
POST-USD,0.0028,0.0023,0.0025,0.0024,551,2016-11-03
POST-USD,0.0025,0.0022,0.0024,0.0024,264,2016-11-04
POST-USD,0.0024,0.0021,0.0024,0.0024,515,2016-11-05
POST-USD,0.0024,0.0022,0.0024,0.0022,271,2016-11-06
POST-USD,0.0024,0.0022,0.0022,0.0024,157,2016-11-07
POST-USD,0.0024,0.0021,0.0024,0.0022,317,2016-11-08
POST-USD,0.0024,0.0021,0.0022,0.0023,180,2016-11-09
POST-USD,0.0023,0.0021,0.0023,0.0023,87,2016-11-10
POST-USD,0.0024,0.0022,0.0023,0.0024,296,2016-11-11
POST-USD,0.0024,0.0022,0.0024,0.0023,408,2016-11-12
POST-USD,0.0024,0.0022,0.0023,0.0023,472,2016-11-13
POST-USD,0.0024,0.0021,0.0023,0.0022,525,2016-11-14
POST-USD,0.0022,0.0021,0.0022,0.0021,79,2016-11-15
POST-USD,0.0022,0.0015,0.0021,0.0021,520,2016-11-16
POST-USD,0.0024,0.002,0.0021,0.0023,331,2016-11-17
POST-USD,0.0023,0.0021,0.0023,0.0023,132,2016-11-18
POST-USD,0.0024,0.0023,0.0023,0.0023,202,2016-11-19
POST-USD,0.0023,0.0017,0.0023,0.0019,25,2016-11-20
POST-USD,0.0022,0.0019,0.0019,0.0022,60,2016-11-21
POST-USD,0.0022,0.002,0.0022,0.0022,327,2016-11-22
POST-USD,0.0022,0.0019,0.0022,0.002,65,2016-11-23
POST-USD,0.0022,0.002,0.002,0.0022,192,2016-11-24
POST-USD,0.0026,0.002,0.0022,0.0024,3008,2016-11-25
POST-USD,0.0027,0.0023,0.0024,0.0025,1782,2016-11-26
POST-USD,0.0028,0.0024,0.0025,0.0026,1382,2016-11-27
POST-USD,0.0027,0.0025,0.0026,0.0026,159,2016-11-28
POST-USD,0.0027,0.0024,0.0026,0.0024,473,2016-11-29
POST-USD,0.0027,0.0024,0.0024,0.0025,586,2016-11-30
POST-USD,0.0032,0.0025,0.0025,0.0029,3233,2016-12-01
POST-USD,0.0055,0.0028,0.0029,0.0032,5648,2016-12-02
POST-USD,0.0036,0.003,0.0032,0.0035,1145,2016-12-03
POST-USD,0.0039,0.0035,0.0035,0.0039,1131,2016-12-04
POST-USD,0.005,0.0038,0.0039,0.0049,3045,2016-12-05
POST-USD,0.005,0.0038,0.0049,0.0045,2650,2016-12-06
POST-USD,0.005,0.0042,0.0045,0.0046,3477,2016-12-07
POST-USD,0.0057,0.0046,0.0046,0.0053,5015,2016-12-08
POST-USD,0.0057,0.0049,0.0053,0.0055,3666,2016-12-09
POST-USD,0.0059,0.0055,0.0055,0.0055,3138,2016-12-10
POST-USD,0.0059,0.0054,0.0055,0.0059,2727,2016-12-11
POST-USD,0.006,0.0054,0.0059,0.006,2885,2016-12-12
POST-USD,0.0062,0.0057,0.006,0.0062,2193,2016-12-13
POST-USD,0.0087,0.0059,0.0061,0.0074,5280,2016-12-14
POST-USD,0.0102,0.0068,0.0074,0.0099,5221,2016-12-15
POST-USD,0.01,0.0078,0.0083,0.008,7286,2016-12-16
POST-USD,0.01,0.008,0.008,0.0096,5881,2016-12-17
POST-USD,0.0101,0.0083,0.0096,0.01,4688,2016-12-18
POST-USD,0.01,0.0088,0.01,0.0095,3396,2016-12-19
POST-USD,0.0099,0.0085,0.0095,0.0096,4767,2016-12-20
POST-USD,0.01,0.0087,0.0096,0.009,1199,2016-12-21
POST-USD,0.0108,0.009,0.009,0.0108,2862,2016-12-22
POST-USD,0.0114,0.0103,0.0108,0.0104,740,2016-12-23
POST-USD,0.0109,0.0096,0.0104,0.0099,2621,2016-12-24
POST-USD,0.0108,0.0093,0.0099,0.0101,918,2016-12-25
POST-USD,0.011,0.0098,0.0101,0.0099,1970,2016-12-26
POST-USD,0.0109,0.0099,0.0099,0.0104,2823,2016-12-27
POST-USD,0.0123,0.0104,0.0104,0.0122,7256,2016-12-28
POST-USD,0.0129,0.0113,0.0122,0.0115,3045,2016-12-29
POST-USD,0.0115,0.0105,0.0115,0.0114,2549,2016-12-30
POST-USD,0.0115,0.0107,0.0114,0.011,488,2016-12-31
POST-USD,0.0118,0.0109,0.011,0.0113,2331,2017-01-01
POST-USD,0.0122,0.0113,0.0113,0.0118,3165,2017-01-02
POST-USD,0.0126,0.0116,0.0118,0.0126,2643,2017-01-03
POST-USD,0.0135,0.012,0.0126,0.013,6568,2017-01-04
POST-USD,0.0138,0.0104,0.013,0.011,1857,2017-01-05
POST-USD,0.0118,0.0098,0.011,0.0099,3212,2017-01-06
POST-USD,0.011,0.0091,0.0099,0.0102,3456,2017-01-07
POST-USD,0.0112,0.0101,0.0102,0.0102,504,2017-01-08
POST-USD,0.0106,0.0099,0.0102,0.0105,1015,2017-01-09
POST-USD,0.0105,0.0101,0.0105,0.0102,932,2017-01-10
POST-USD,0.0103,0.0088,0.0102,0.009,882,2017-01-11
POST-USD,0.0095,0.0086,0.009,0.0091,823,2017-01-12
POST-USD,0.0103,0.0089,0.0091,0.0095,3567,2017-01-13
POST-USD,0.0111,0.0094,0.0095,0.0106,3732,2017-01-14
POST-USD,0.0118,0.0095,0.0106,0.0099,3969,2017-01-15
POST-USD,0.0104,0.0097,0.0099,0.0103,1120,2017-01-16
POST-USD,0.0119,0.0103,0.0103,0.0109,1341,2017-01-17
POST-USD,0.0115,0.0104,0.0109,0.0111,1010,2017-01-18
POST-USD,0.0115,0.0105,0.0112,0.0114,1961,2017-01-19
POST-USD,0.016,0.0108,0.0114,0.0141,42296,2017-01-20
POST-USD,0.015,0.0129,0.0141,0.0141,2170,2017-01-21
POST-USD,0.0152,0.0141,0.0141,0.0145,2800,2017-01-22
POST-USD,0.0162,0.0144,0.0145,0.0146,2758,2017-01-23
POST-USD,0.0152,0.0115,0.0132,0.0141,4992,2017-01-24
POST-USD,0.0143,0.0091,0.0141,0.0133,7125,2017-01-25
POST-USD,0.0146,0.011,0.0136,0.0126,5235,2017-01-26
POST-USD,0.0141,0.0097,0.0126,0.0141,4264,2017-01-27
POST-USD,0.0141,0.0097,0.0141,0.0111,1244,2017-01-28
POST-USD,0.0124,0.0111,0.0111,0.0119,2392,2017-01-29
POST-USD,0.0137,0.0119,0.0119,0.0121,847,2017-01-30
POST-USD,0.0146,0.012,0.0121,0.0125,1604,2017-01-31
POST-USD,0.0143,0.0122,0.0125,0.0132,983,2017-02-01
POST-USD,0.0134,0.0121,0.0132,0.0134,2353,2017-02-02
POST-USD,0.0138,0.0121,0.0134,0.0136,10659,2017-02-03
POST-USD,0.0148,0.012,0.0137,0.0137,1397,2017-02-04
POST-USD,0.0137,0.0121,0.0137,0.0134,972,2017-02-05
POST-USD,0.0135,0.0122,0.0134,0.0124,2126,2017-02-06
POST-USD,0.0138,0.0123,0.0125,0.0129,1575,2017-02-07
POST-USD,0.0139,0.0124,0.0129,0.0127,228,2017-02-08
POST-USD,0.0136,0.0115,0.0127,0.0129,2182,2017-02-09
POST-USD,0.0129,0.0116,0.0129,0.0122,193,2017-02-10
POST-USD,0.013,0.0118,0.0122,0.0129,1134,2017-02-11
POST-USD,0.0129,0.012,0.0129,0.0125,1368,2017-02-12
POST-USD,0.0127,0.0118,0.0125,0.0118,476,2017-02-13
POST-USD,0.0127,0.0118,0.0118,0.0126,707,2017-02-14
POST-USD,0.0127,0.012,0.0127,0.0124,721,2017-02-15
POST-USD,0.0129,0.0122,0.0124,0.0124,1113,2017-02-16
POST-USD,0.0131,0.0124,0.0124,0.0126,1381,2017-02-17
POST-USD,0.0132,0.0126,0.0126,0.0127,517,2017-02-18
POST-USD,0.0131,0.0126,0.0128,0.0126,1671,2017-02-19
POST-USD,0.0134,0.0125,0.0126,0.0134,682,2017-02-20
POST-USD,0.0138,0.0129,0.0134,0.0138,1962,2017-02-21
POST-USD,0.0138,0.0117,0.0138,0.0136,1947,2017-02-22
POST-USD,0.0143,0.0136,0.0136,0.0142,1274,2017-02-23
POST-USD,0.0149,0.012,0.0143,0.0139,4066,2017-02-24
POST-USD,0.0143,0.0131,0.0143,0.0134,654,2017-02-25
POST-USD,0.0141,0.0136,0.0139,0.0139,810,2017-02-26
POST-USD,0.0142,0.013,0.0138,0.0141,1325,2017-02-27
POST-USD,0.0142,0.0124,0.0141,0.0138,1810,2017-02-28
POST-USD,0.014,0.0124,0.0138,0.0134,554,2017-03-01
POST-USD,0.0144,0.0123,0.0134,0.0137,1630,2017-03-02
POST-USD,0.0144,0.0125,0.0137,0.0127,2762,2017-03-03
POST-USD,0.0146,0.0127,0.0127,0.013,699,2017-03-04
POST-USD,0.0138,0.012,0.0129,0.0138,858,2017-03-05
POST-USD,0.0139,0.0128,0.0138,0.0129,1323,2017-03-06
POST-USD,0.0138,0.012,0.0129,0.0128,2430,2017-03-07
POST-USD,0.0131,0.0044,0.0128,0.012,2750,2017-03-08
POST-USD,0.0127,0.0108,0.0121,0.0108,947,2017-03-09
POST-USD,0.0134,0.0108,0.0108,0.0118,523,2017-03-10
POST-USD,0.0125,0.0113,0.0118,0.0114,442,2017-03-11
POST-USD,0.0126,0.0114,0.0114,0.0125,786,2017-03-12
POST-USD,0.0126,0.0119,0.0125,0.0126,481,2017-03-13
POST-USD,0.0138,0.0121,0.0126,0.0134,2151,2017-03-14
POST-USD,0.014,0.0124,0.0135,0.0124,1797,2017-03-15
POST-USD,0.0126,0.0115,0.0125,0.0122,1603,2017-03-16
POST-USD,0.0124,0.0113,0.0121,0.0117,3371,2017-03-17
POST-USD,0.0119,0.0094,0.0117,0.0096,946,2017-03-18
POST-USD,0.0107,0.0098,0.0098,0.0104,560,2017-03-19
POST-USD,0.011,0.0104,0.0104,0.0106,1641,2017-03-20
POST-USD,0.0113,0.0106,0.0106,0.0113,1043,2017-03-21
POST-USD,0.0113,0.0102,0.0113,0.0107,1524,2017-03-22
POST-USD,0.0107,0.0103,0.0107,0.0104,1102,2017-03-23
POST-USD,0.0105,0.0095,0.0105,0.0095,1822,2017-03-24
POST-USD,0.0099,0.0091,0.0095,0.0098,777,2017-03-25
POST-USD,0.0101,0.0096,0.0098,0.0097,1773,2017-03-26
POST-USD,0.0105,0.0097,0.0097,0.0104,3186,2017-03-27
POST-USD,0.0109,0.0101,0.0104,0.0104,1374,2017-03-28
POST-USD,0.0104,0.01,0.0104,0.0103,896,2017-03-29
POST-USD,0.0367,0.0101,0.0105,0.0105,12124,2017-03-30
POST-USD,0.0121,0.0103,0.0105,0.0112,2759,2017-03-31
POST-USD,0.0112,0.0106,0.0112,0.0109,3524,2017-04-01
POST-USD,0.0111,0.0108,0.0109,0.0111,1469,2017-04-02
POST-USD,0.0116,0.0111,0.0111,0.0114,6195,2017-04-03
POST-USD,0.0116,0.0112,0.0115,0.0112,2391,2017-04-04
POST-USD,0.0114,0.0111,0.0112,0.0112,1800,2017-04-05
POST-USD,0.0119,0.0112,0.0112,0.0119,2735,2017-04-06
POST-USD,0.0119,0.0116,0.0118,0.0118,378,2017-04-07
POST-USD,0.0119,0.0115,0.0117,0.0118,1949,2017-04-08
POST-USD,0.012,0.0116,0.0118,0.0119,2001,2017-04-09
POST-USD,0.0119,0.0117,0.0119,0.0119,4960,2017-04-10
POST-USD,0.0121,0.0117,0.0119,0.012,1664,2017-04-11
POST-USD,0.0121,0.0118,0.012,0.012,2885,2017-04-12
POST-USD,0.0121,0.0116,0.012,0.0117,1341,2017-04-13
POST-USD,0.0119,0.0116,0.0117,0.0117,1939,2017-04-14
POST-USD,0.012,0.0116,0.0117,0.0117,2870,2017-04-15
POST-USD,0.0119,0.0117,0.0117,0.0119,1315,2017-04-16
POST-USD,0.0119,0.0117,0.0119,0.0119,3582,2017-04-17
POST-USD,0.0128,0.0119,0.0119,0.0125,3277,2017-04-18
POST-USD,0.0127,0.0121,0.0125,0.0125,3493,2017-04-19
POST-USD,0.0176,0.0125,0.0125,0.0143,4982,2017-04-20
POST-USD,0.0166,0.0133,0.0143,0.0134,3995,2017-04-21
POST-USD,0.0178,0.0122,0.0135,0.0142,8748,2017-04-22
POST-USD,0.0147,0.0133,0.0142,0.0143,6729,2017-04-23
POST-USD,0.0146,0.0134,0.0143,0.0142,6771,2017-04-24
POST-USD,0.0146,0.0137,0.0142,0.0139,5001,2017-04-25
POST-USD,0.0149,0.0137,0.0139,0.0142,3482,2017-04-26
POST-USD,0.015,0.0132,0.0142,0.0143,4287,2017-04-27
POST-USD,0.0151,0.0141,0.0143,0.0147,4666,2017-04-28
POST-USD,0.0149,0.0131,0.0147,0.0147,4555,2017-04-29
POST-USD,0.0151,0.0144,0.0147,0.0151,3750,2017-04-30
POST-USD,0.0159,0.0142,0.0151,0.0158,4603,2017-05-01
POST-USD,0.0164,0.0154,0.0158,0.0159,3431,2017-05-02
POST-USD,0.0164,0.0153,0.0159,0.0164,2821,2017-05-03
POST-USD,0.0177,0.0164,0.0164,0.0169,3083,2017-05-04
POST-USD,0.0179,0.0166,0.0169,0.0172,3925,2017-05-05
POST-USD,0.0174,0.0165,0.0172,0.0173,4134,2017-05-06
POST-USD,0.0178,0.0156,0.0173,0.0178,4529,2017-05-07
POST-USD,0.0185,0.017,0.0178,0.0181,2485,2017-05-08
POST-USD,0.0196,0.0174,0.0181,0.0188,4685,2017-05-09
POST-USD,0.019,0.0181,0.0188,0.019,5097,2017-05-10
POST-USD,0.0209,0.0184,0.019,0.0205,5955,2017-05-11
POST-USD,0.0207,0.0183,0.0205,0.0193,5145,2017-05-12
POST-USD,0.0203,0.0174,0.0193,0.0203,6422,2017-05-13
POST-USD,0.0207,0.0193,0.0204,0.0196,4058,2017-05-14
POST-USD,0.0204,0.0171,0.0196,0.019,5413,2017-05-15
POST-USD,0.019,0.0165,0.0189,0.018,2030,2017-05-16
POST-USD,0.0204,0.0179,0.018,0.0186,3731,2017-05-17
POST-USD,0.0208,0.0181,0.0186,0.0198,3541,2017-05-18
POST-USD,0.0207,0.0191,0.0198,0.0199,1355,2017-05-19
POST-USD,0.0219,0.0199,0.0199,0.0216,3606,2017-05-20
POST-USD,0.0216,0.02,0.0216,0.0203,3998,2017-05-21
POST-USD,0.0228,0.0194,0.0204,0.0203,3738,2017-05-22
POST-USD,0.0235,0.0202,0.0202,0.0234,4125,2017-05-23
POST-USD,0.0256,0.0234,0.0234,0.0251,8518,2017-05-24
POST-USD,0.0283,0.0227,0.0251,0.0232,6396,2017-05-25
POST-USD,0.0264,0.0207,0.023,0.022,3389,2017-05-26
POST-USD,0.0229,0.0154,0.022,0.0176,1534,2017-05-27
POST-USD,0.0219,0.0176,0.0177,0.0213,2172,2017-05-28
POST-USD,0.0236,0.0181,0.0212,0.0203,1645,2017-05-29
POST-USD,0.0235,0.02,0.0204,0.0208,3656,2017-05-30
POST-USD,0.024,0.0202,0.0211,0.0238,4324,2017-05-31
POST-USD,0.0249,0.0228,0.0237,0.024,3980,2017-06-01
POST-USD,0.0243,0.0229,0.024,0.0242,2574,2017-06-02
POST-USD,0.0254,0.0231,0.024,0.025,4843,2017-06-03
POST-USD,0.0329,0.0229,0.0244,0.0237,4662,2017-06-04
POST-USD,0.0256,0.0234,0.0235,0.0245,6012,2017-06-05
POST-USD,0.0317,0.0232,0.024,0.0256,6376,2017-06-06
POST-USD,0.027,0.0234,0.0251,0.0241,2457,2017-06-07
POST-USD,0.0263,0.0235,0.0238,0.0261,2351,2017-06-08
POST-USD,0.0389,0.0245,0.0264,0.0388,7361,2017-06-09
POST-USD,0.0391,0.0277,0.0387,0.0293,4326,2017-06-10
POST-USD,0.0325,0.0279,0.0285,0.0289,3708,2017-06-11
POST-USD,0.0301,0.0242,0.0284,0.0248,7744,2017-06-12
POST-USD,0.0264,0.0241,0.0246,0.0246,4679,2017-06-13
POST-USD,0.0267,0.0215,0.0248,0.0228,1876,2017-06-14
POST-USD,0.0228,0.0186,0.0227,0.0219,2490,2017-06-15
POST-USD,0.0243,0.0205,0.022,0.0232,3115,2017-06-16
POST-USD,0.0249,0.0225,0.0225,0.0247,3768,2017-06-17
POST-USD,0.0253,0.0235,0.0244,0.0239,4459,2017-06-18
POST-USD,0.0241,0.0231,0.0238,0.0239,3957,2017-06-19
POST-USD,0.0245,0.023,0.0241,0.0236,2288,2017-06-20
POST-USD,0.0239,0.0221,0.0238,0.0229,3596,2017-06-21
POST-USD,0.0246,0.0222,0.023,0.0233,3342,2017-06-22
POST-USD,0.0291,0.0224,0.0229,0.0257,4446,2017-06-23
POST-USD,0.0266,0.0242,0.026,0.0245,4066,2017-06-24
POST-USD,0.0252,0.0226,0.0244,0.0233,4462,2017-06-25
POST-USD,0.0239,0.02,0.0234,0.0224,3768,2017-06-26
POST-USD,0.0228,0.0206,0.0224,0.0228,2717,2017-06-27
POST-USD,0.027,0.0216,0.0229,0.0266,3429,2017-06-28
POST-USD,0.0259,0.0234,0.0254,0.0237,4054,2017-06-29
POST-USD,0.0243,0.023,0.0238,0.0232,1579,2017-06-30
POST-USD,0.0232,0.0218,0.0229,0.0219,2234,2017-07-01
POST-USD,0.0234,0.0216,0.0217,0.023,4517,2017-07-02
POST-USD,0.0247,0.0221,0.0229,0.0233,2709,2017-07-03
POST-USD,0.0252,0.0227,0.0228,0.0238,2500,2017-07-04
POST-USD,0.0242,0.0222,0.0239,0.0235,3054,2017-07-05
POST-USD,0.0241,0.0228,0.0233,0.0233,1466,2017-07-06
POST-USD,0.0237,0.0222,0.0233,0.0225,3118,2017-07-07
POST-USD,0.0234,0.0215,0.0225,0.0226,5273,2017-07-08
POST-USD,0.0232,0.0221,0.0226,0.0222,6127,2017-07-09
POST-USD,0.0638,0.0219,0.0224,0.0272,14844,2017-07-10
POST-USD,0.0275,0.0203,0.027,0.0214,6061,2017-07-11
POST-USD,0.0218,0.02,0.0214,0.0218,5612,2017-07-12
POST-USD,0.0219,0.0206,0.0217,0.0207,1602,2017-07-13
POST-USD,0.0213,0.0189,0.0213,0.0198,2528,2017-07-14
POST-USD,0.0205,0.0179,0.02,0.0194,1832,2017-07-15
POST-USD,0.0194,0.0173,0.0189,0.0181,1606,2017-07-16
POST-USD,0.0207,0.0175,0.0179,0.0207,3338,2017-07-17
POST-USD,0.0286,0.0201,0.0209,0.0226,5589,2017-07-18
POST-USD,0.0229,0.0208,0.0226,0.0218,4904,2017-07-19
POST-USD,0.0266,0.0217,0.0218,0.0265,3247,2017-07-20
POST-USD,0.0267,0.024,0.0267,0.0245,4035,2017-07-21
POST-USD,0.0278,0.0242,0.0243,0.0269,3402,2017-07-22
POST-USD,0.0275,0.0246,0.0262,0.0257,5076,2017-07-23
POST-USD,0.0263,0.0251,0.0259,0.0259,3028,2017-07-24
POST-USD,0.0264,0.0226,0.026,0.0235,5545,2017-07-25
POST-USD,0.0239,0.0223,0.0234,0.0231,1937,2017-07-26
POST-USD,0.0246,0.023,0.023,0.0244,2289,2017-07-27
POST-USD,0.0257,0.0241,0.0243,0.0249,5560,2017-07-28
POST-USD,0.025,0.0221,0.0244,0.0232,1817,2017-07-29
POST-USD,0.0242,0.0215,0.0236,0.024,3459,2017-07-30
POST-USD,0.0252,0.0235,0.024,0.0244,1732,2017-07-31
POST-USD,0.0247,0.0226,0.0242,0.0232,2097,2017-08-01
POST-USD,0.0239,0.0222,0.0237,0.0227,1872,2017-08-02
POST-USD,0.0247,0.0198,0.0228,0.0239,6170,2017-08-03
POST-USD,0.0254,0.0237,0.0239,0.0246,3070,2017-08-04
POST-USD,0.0296,0.0241,0.0247,0.0285,3516,2017-08-05
POST-USD,0.0292,0.0263,0.0287,0.0283,1600,2017-08-06
POST-USD,0.0297,0.027,0.0283,0.0278,3403,2017-08-07
POST-USD,0.0304,0.0272,0.0279,0.0281,3050,2017-08-08
POST-USD,0.0283,0.0257,0.0281,0.0278,3316,2017-08-09
POST-USD,0.0285,0.0267,0.0278,0.0274,2110,2017-08-10
POST-USD,0.0293,0.0265,0.0276,0.0283,4300,2017-08-11
POST-USD,0.0314,0.0273,0.0282,0.0305,4354,2017-08-12
POST-USD,0.0343,0.0288,0.0302,0.0312,2553,2017-08-13
POST-USD,0.0333,0.0286,0.0295,0.0324,2133,2017-08-14
POST-USD,0.0331,0.0284,0.0325,0.0304,3020,2017-08-15
POST-USD,0.0309,0.0281,0.0301,0.0297,4210,2017-08-16
POST-USD,0.0299,0.0273,0.0296,0.0285,9884,2017-08-17
POST-USD,0.029,0.0257,0.0286,0.0266,3050,2017-08-18
POST-USD,0.0328,0.0239,0.0267,0.0314,8564,2017-08-19
POST-USD,0.0328,0.0303,0.0314,0.0314,2012,2017-08-20
POST-USD,0.0339,0.0274,0.0309,0.0315,2601,2017-08-21
POST-USD,0.036,0.0298,0.0317,0.0348,19369,2017-08-22
POST-USD,0.0371,0.0334,0.0347,0.0359,4281,2017-08-23
POST-USD,0.0372,0.0332,0.0362,0.0345,6025,2017-08-24
POST-USD,0.0361,0.0338,0.0338,0.0351,2333,2017-08-25
POST-USD,0.0368,0.0325,0.0351,0.0326,6131,2017-08-26
POST-USD,0.0345,0.0318,0.0326,0.0343,899,2017-08-27
POST-USD,0.0348,0.0328,0.0343,0.0341,8029,2017-08-28
POST-USD,0.036,0.0333,0.0339,0.0341,5703,2017-08-29
POST-USD,0.039,0.034,0.0348,0.037,4473,2017-08-30
POST-USD,0.0424,0.0333,0.0365,0.0351,4691,2017-08-31
POST-USD,0.0371,0.0324,0.0334,0.0366,2548,2017-09-01
POST-USD,0.0369,0.0301,0.0355,0.0332,5670,2017-09-02
POST-USD,0.0339,0.0313,0.0334,0.0328,4821,2017-09-03
POST-USD,0.0328,0.0282,0.0328,0.0286,4257,2017-09-04
POST-USD,0.0321,0.0263,0.0285,0.0303,4703,2017-09-05
POST-USD,0.0333,0.0278,0.0303,0.0318,8087,2017-09-06
POST-USD,0.0322,0.0275,0.032,0.0311,7176,2017-09-07
POST-USD,0.0326,0.0285,0.031,0.0301,5058,2017-09-08
POST-USD,0.0307,0.0283,0.0301,0.03,5055,2017-09-09
POST-USD,0.0313,0.027,0.0304,0.0293,2050,2017-09-10
POST-USD,0.0314,0.0273,0.0303,0.0295,3038,2017-09-11
POST-USD,0.0326,0.0277,0.0295,0.0287,3707,2017-09-12
POST-USD,0.0292,0.0254,0.029,0.0264,2884,2017-09-13
POST-USD,0.027,0.0063,0.027,0.0205,5040,2017-09-14
POST-USD,0.0257,0.0196,0.0202,0.0243,3954,2017-09-15
POST-USD,0.0269,0.023,0.0251,0.0238,5719,2017-09-16
POST-USD,0.0238,0.0213,0.0238,0.0228,3088,2017-09-17
POST-USD,0.0257,0.0221,0.0231,0.0246,2256,2017-09-18
POST-USD,0.0252,0.0229,0.0241,0.0237,3988,2017-09-19
POST-USD,0.025,0.0229,0.0233,0.0235,1583,2017-09-20
POST-USD,0.0242,0.0217,0.0239,0.022,2721,2017-09-21
POST-USD,0.023,0.0209,0.0223,0.0218,1605,2017-09-22
POST-USD,0.0232,0.0211,0.0212,0.0224,1565,2017-09-23
POST-USD,0.0225,0.0188,0.0225,0.0211,1890,2017-09-24
POST-USD,0.0231,0.021,0.0215,0.0229,2725,2017-09-25
POST-USD,0.0233,0.0218,0.023,0.0222,1753,2017-09-26
POST-USD,0.0247,0.0216,0.0219,0.0246,2268,2017-09-27
POST-USD,0.0256,0.0236,0.0243,0.0253,3667,2017-09-28
POST-USD,0.0311,0.0232,0.0251,0.0253,3255,2017-09-29
POST-USD,0.0261,0.0225,0.026,0.025,3451,2017-09-30
POST-USD,0.0253,0.0229,0.025,0.0243,4694,2017-10-01
POST-USD,0.0345,0.0221,0.0243,0.0254,5807,2017-10-02
POST-USD,0.0263,0.0219,0.0256,0.0242,1738,2017-10-03
POST-USD,0.0333,0.0226,0.0243,0.0313,2723,2017-10-04
POST-USD,0.032,0.0227,0.0295,0.0253,3921,2017-10-05
POST-USD,0.0275,0.0223,0.0252,0.0259,3614,2017-10-06
POST-USD,0.0278,0.0228,0.0259,0.0246,1525,2017-10-07
POST-USD,0.0246,0.0217,0.0244,0.0221,2015,2017-10-08
POST-USD,0.024,0.0199,0.0217,0.023,1555,2017-10-09
POST-USD,0.0259,0.0227,0.0229,0.0244,4273,2017-10-10
POST-USD,0.026,0.0215,0.0241,0.0248,3050,2017-10-11
POST-USD,0.0279,0.023,0.0249,0.0278,2527,2017-10-12
POST-USD,0.0301,0.0271,0.0278,0.0286,4266,2017-10-13
POST-USD,0.0319,0.0272,0.029,0.0319,1466,2017-10-14
POST-USD,0.0323,0.0278,0.0319,0.032,2101,2017-10-15
POST-USD,0.0327,0.0289,0.032,0.0292,1724,2017-10-16
POST-USD,0.0314,0.0254,0.031,0.0295,2322,2017-10-17
POST-USD,0.0296,0.025,0.0295,0.0276,3413,2017-10-18
POST-USD,0.0292,0.0271,0.0274,0.0282,2131,2017-10-19
POST-USD,0.0305,0.0275,0.0283,0.0275,2653,2017-10-20
POST-USD,0.0301,0.0266,0.0279,0.0278,2217,2017-10-21
POST-USD,0.0288,0.0243,0.0286,0.0245,3116,2017-10-22
POST-USD,0.0265,0.0199,0.0248,0.0213,5963,2017-10-23
POST-USD,0.022,0.0175,0.0212,0.0181,2196,2017-10-24
POST-USD,0.0238,0.0171,0.0184,0.0176,7060,2017-10-25
POST-USD,0.0208,0.017,0.0179,0.0172,2375,2017-10-26
POST-USD,0.0187,0.0159,0.0173,0.0168,2444,2017-10-27
POST-USD,0.0182,0.0163,0.017,0.0172,1601,2017-10-28
POST-USD,0.0195,0.0172,0.0173,0.0194,915,2017-10-29
POST-USD,0.0199,0.0188,0.0193,0.0192,370,2017-10-30
POST-USD,0.0201,0.0183,0.019,0.0196,1607,2017-10-31
POST-USD,0.0197,0.016,0.0195,0.0186,1992,2017-11-01
POST-USD,0.0215,0.0164,0.018,0.0208,2167,2017-11-02
POST-USD,0.024,0.0205,0.0206,0.0214,2485,2017-11-03
POST-USD,0.0224,0.0201,0.0217,0.021,2004,2017-11-04
POST-USD,0.0219,0.0186,0.0209,0.0199,1327,2017-11-05
POST-USD,0.0218,0.0157,0.0198,0.0177,1752,2017-11-06
POST-USD,0.0199,0.0176,0.0181,0.0197,2227,2017-11-07
POST-USD,0.0209,0.0153,0.0197,0.0181,2502,2017-11-08
POST-USD,0.0181,0.0145,0.0181,0.017,3634,2017-11-09
POST-USD,0.0185,0.0146,0.0168,0.0156,2485,2017-11-10
POST-USD,0.0174,0.0148,0.0157,0.0152,2453,2017-11-11
POST-USD,0.0162,0.0137,0.0154,0.0145,918,2017-11-12
POST-USD,0.017,0.0132,0.0151,0.0149,4275,2017-11-13
POST-USD,0.0174,0.0138,0.0147,0.0142,3156,2017-11-14
POST-USD,0.0173,0.0142,0.0142,0.0162,1218,2017-11-15
POST-USD,0.0164,0.0144,0.0162,0.0159,1798,2017-11-16
POST-USD,0.0194,0.015,0.015,0.0191,2619,2017-11-17
POST-USD,0.0211,0.0168,0.0191,0.0205,2269,2017-11-18
POST-USD,0.0246,0.0192,0.0205,0.023,6587,2017-11-19
POST-USD,0.0231,0.0213,0.0229,0.0222,2698,2017-11-20
POST-USD,0.0231,0.0209,0.0224,0.0226,1376,2017-11-21
POST-USD,0.023,0.0218,0.0226,0.0227,1776,2017-11-22
POST-USD,0.0229,0.0215,0.0227,0.0215,912,2017-11-23
POST-USD,0.0336,0.0207,0.0215,0.0219,1479,2017-11-24
POST-USD,0.0231,0.0203,0.0219,0.0223,3837,2017-11-25
POST-USD,0.0239,0.0214,0.0223,0.0222,1347,2017-11-26
POST-USD,0.0242,0.0213,0.0221,0.023,2228,2017-11-27
POST-USD,0.0241,0.0219,0.0233,0.0238,1587,2017-11-28
POST-USD,0.027,0.0203,0.0238,0.0203,2751,2017-11-29
POST-USD,0.0252,0.0213,0.0214,0.0247,3496,2017-11-30
POST-USD,0.0247,0.0204,0.0246,0.0217,2863,2017-12-01
POST-USD,0.0216,0.0177,0.0216,0.0185,3069,2017-12-02
POST-USD,0.0207,0.0181,0.0185,0.0188,1211,2017-12-03
POST-USD,0.0332,0.0187,0.0188,0.0192,4586,2017-12-04
POST-USD,0.0197,0.0179,0.0193,0.0189,4168,2017-12-05
POST-USD,0.0245,0.0185,0.0185,0.0244,2330,2017-12-06
POST-USD,0.054,0.02,0.0243,0.0314,16784,2017-12-07
POST-USD,0.0322,0.0202,0.0318,0.0212,3883,2017-12-08
POST-USD,0.0228,0.018,0.022,0.0194,1900,2017-12-09
POST-USD,0.0197,0.0166,0.0194,0.019,2665,2017-12-10
POST-USD,0.0212,0.0179,0.0188,0.0189,4903,2017-12-11
POST-USD,0.0206,0.0183,0.019,0.0203,2093,2017-12-12
POST-USD,0.0207,0.018,0.0204,0.0186,1324,2017-12-13
POST-USD,0.0417,0.0159,0.0185,0.0251,4998,2017-12-14
POST-USD,0.027,0.019,0.0249,0.0204,1944,2017-12-15
POST-USD,0.0234,0.0195,0.0205,0.0232,3721,2017-12-16
POST-USD,0.0236,0.0207,0.0233,0.021,973,2017-12-17
POST-USD,0.0248,0.0199,0.0211,0.0248,2195,2017-12-18
POST-USD,0.0251,0.0199,0.0248,0.0214,2886,2017-12-19
POST-USD,0.0267,0.0195,0.0214,0.0267,863,2017-12-20
POST-USD,0.0689,0.0191,0.0267,0.0246,13060,2017-12-21
POST-USD,0.0278,0.017,0.0247,0.0232,8176,2017-12-22
POST-USD,0.0334,0.0227,0.0236,0.0249,13232,2017-12-23
POST-USD,0.0268,0.0223,0.0252,0.0262,2361,2017-12-24
POST-USD,0.0278,0.0248,0.0267,0.0262,6878,2017-12-25
POST-USD,0.0306,0.0253,0.0261,0.0291,4145,2017-12-26
POST-USD,0.0301,0.0262,0.0292,0.0282,3582,2017-12-27
POST-USD,0.0286,0.0238,0.0285,0.0252,6350,2017-12-28
POST-USD,0.0275,0.0233,0.0256,0.0274,4487,2017-12-29
POST-USD,0.0342,0.0215,0.0268,0.0249,10255,2017-12-30
POST-USD,0.0268,0.0221,0.0247,0.0259,4769,2017-12-31
POST-USD,0.0269,0.024,0.026,0.0264,1377,2018-01-01
POST-USD,0.0285,0.0238,0.0264,0.0261,6028,2018-01-02
POST-USD,0.0346,0.026,0.026,0.0313,9493,2018-01-03
POST-USD,0.0355,0.0294,0.0334,0.0311,8845,2018-01-04
POST-USD,0.0385,0.0294,0.0315,0.0343,8645,2018-01-05
POST-USD,0.0461,0.0333,0.0339,0.0461,9984,2018-01-06
POST-USD,0.0809,0.043,0.0467,0.0606,24553,2018-01-07
POST-USD,0.063,0.045,0.0613,0.0629,8062,2018-01-08
POST-USD,0.0712,0.0601,0.0624,0.0665,12638,2018-01-09
POST-USD,0.0746,0.0587,0.0691,0.0633,11612,2018-01-10
POST-USD,0.0637,0.0434,0.0615,0.0552,8520,2018-01-11
POST-USD,0.1013,0.0543,0.0564,0.1013,35725,2018-01-12
POST-USD,0.1905,0.0881,0.1013,0.1264,176447,2018-01-13
POST-USD,0.1286,0.0937,0.1273,0.0941,24593,2018-01-14
POST-USD,0.1323,0.0879,0.0934,0.0995,165892,2018-01-15
POST-USD,0.1947,0.0851,0.0996,0.0914,133682,2018-01-16
POST-USD,0.0986,0.0637,0.0909,0.0784,35770,2018-01-17
POST-USD,0.0834,0.062,0.0678,0.0658,22518,2018-01-18
POST-USD,0.0668,0.0515,0.0663,0.0595,18208,2018-01-19
POST-USD,0.0625,0.0511,0.0601,0.0569,11813,2018-01-20
POST-USD,0.0876,0.0497,0.057,0.0696,70276,2018-01-21
POST-USD,0.0878,0.0498,0.0705,0.0545,26710,2018-01-22
POST-USD,0.0793,0.0455,0.0543,0.0538,29303,2018-01-23
POST-USD,0.0631,0.0518,0.0537,0.0544,10497,2018-01-24
POST-USD,0.0569,0.0433,0.0545,0.0503,11800,2018-01-25
POST-USD,0.0536,0.0437,0.051,0.0482,6280,2018-01-26
POST-USD,0.0528,0.0466,0.0482,0.049,6929,2018-01-27
POST-USD,0.0605,0.0462,0.0491,0.0476,11638,2018-01-28
POST-USD,0.0492,0.041,0.0479,0.0449,4716,2018-01-29
POST-USD,0.0475,0.039,0.045,0.0392,3706,2018-01-30
POST-USD,0.0418,0.0363,0.0393,0.0403,5188,2018-01-31
POST-USD,0.0406,0.0314,0.0404,0.0335,3386,2018-02-01
POST-USD,0.0334,0.0265,0.0316,0.0299,4311,2018-02-02
POST-USD,0.0335,0.0274,0.0295,0.0285,4262,2018-02-03
POST-USD,0.0381,0.0241,0.0285,0.0263,3751,2018-02-04
POST-USD,0.0267,0.0196,0.026,0.0221,3212,2018-02-05
POST-USD,0.0245,0.0192,0.0222,0.0238,2409,2018-02-06
POST-USD,0.026,0.0207,0.0239,0.0225,3244,2018-02-07
POST-USD,0.0271,0.02,0.0223,0.0216,3435,2018-02-08
POST-USD,0.0264,0.022,0.023,0.026,3611,2018-02-09
POST-USD,0.0275,0.0236,0.0249,0.0252,2448,2018-02-10
POST-USD,0.0268,0.0228,0.0252,0.0237,2350,2018-02-11
POST-USD,0.0269,0.0239,0.0239,0.0262,640,2018-02-12
POST-USD,0.0284,0.0245,0.0262,0.0257,3104,2018-02-13
POST-USD,0.0286,0.0256,0.0256,0.0281,2690,2018-02-14
POST-USD,0.0315,0.0279,0.0281,0.0311,3171,2018-02-15
POST-USD,0.0328,0.0294,0.0306,0.0304,2949,2018-02-16
POST-USD,0.034,0.03,0.0304,0.033,2458,2018-02-17
POST-USD,0.0337,0.0292,0.0331,0.03,3245,2018-02-18
POST-USD,0.0544,0.0253,0.0302,0.043,15795,2018-02-19
POST-USD,0.0523,0.0304,0.0431,0.0307,8748,2018-02-20
POST-USD,0.0355,0.0265,0.0308,0.0301,2324,2018-02-21
POST-USD,0.039,0.0272,0.0301,0.0276,3202,2018-02-22
POST-USD,0.0297,0.0261,0.0273,0.0281,1214,2018-02-23
POST-USD,0.0288,0.0244,0.0281,0.0281,3172,2018-02-24
POST-USD,0.0298,0.0238,0.0279,0.0243,2694,2018-02-25
POST-USD,0.0516,0.0238,0.0243,0.0293,20500,2018-02-26
POST-USD,0.032,0.0282,0.0294,0.0311,2443,2018-02-27
POST-USD,0.0315,0.025,0.0308,0.0268,2529,2018-02-28
POST-USD,0.0292,0.0255,0.0257,0.0281,2533,2018-03-01
POST-USD,0.0302,0.0264,0.0284,0.0274,4252,2018-03-02
POST-USD,0.0289,0.0236,0.0272,0.0255,3062,2018-03-03
POST-USD,0.0259,0.0241,0.0255,0.0259,691,2018-03-04
POST-USD,0.0279,0.025,0.0259,0.025,1515,2018-03-05
POST-USD,0.0255,0.0217,0.025,0.0239,1557,2018-03-06
POST-USD,0.0438,0.0217,0.0238,0.026,5382,2018-03-07
POST-USD,0.03,0.0236,0.0258,0.0257,2756,2018-03-08
POST-USD,0.0278,0.023,0.0253,0.0276,4300,2018-03-09
POST-USD,0.0286,0.0244,0.0276,0.0245,942,2018-03-10
POST-USD,0.0292,0.0236,0.0244,0.028,1572,2018-03-11
POST-USD,0.0288,0.0207,0.0279,0.0243,2342,2018-03-12
POST-USD,0.0251,0.0222,0.0242,0.023,1905,2018-03-13
POST-USD,0.0245,0.0193,0.023,0.0216,2110,2018-03-14
POST-USD,0.0289,0.0191,0.0216,0.024,6245,2018-03-15
POST-USD,0.0343,0.0227,0.0235,0.0278,7819,2018-03-16
POST-USD,0.0293,0.0239,0.0284,0.0251,5105,2018-03-17
POST-USD,0.0255,0.0219,0.025,0.0252,2558,2018-03-18
POST-USD,0.0263,0.0235,0.0251,0.0262,1067,2018-03-19
POST-USD,0.0334,0.026,0.0265,0.0286,2090,2018-03-20
POST-USD,0.0305,0.0258,0.0287,0.028,2570,2018-03-21
POST-USD,0.0285,0.0246,0.0279,0.0257,1733,2018-03-22
POST-USD,0.0343,0.0237,0.0257,0.0324,4150,2018-03-23
POST-USD,0.0324,0.0249,0.0324,0.0252,2607,2018-03-24
POST-USD,0.0256,0.0242,0.0246,0.0244,1629,2018-03-25
POST-USD,0.0251,0.0225,0.0241,0.0238,2217,2018-03-26
POST-USD,0.0243,0.0216,0.0239,0.0221,2567,2018-03-27
POST-USD,0.0246,0.022,0.022,0.0231,561,2018-03-28
POST-USD,0.0235,0.0192,0.0231,0.0199,432,2018-03-29
POST-USD,0.0218,0.0177,0.0199,0.0187,2380,2018-03-30
POST-USD,0.0195,0.0184,0.0187,0.0189,1330,2018-03-31
POST-USD,0.0192,0.0174,0.0189,0.0178,1254,2018-04-01
POST-USD,0.0189,0.0178,0.0179,0.0183,71,2018-04-02
POST-USD,0.0195,0.0169,0.0183,0.0184,1410,2018-04-03
POST-USD,0.0189,0.0156,0.018,0.0162,1339,2018-04-04
POST-USD,0.0172,0.0151,0.0164,0.0158,848,2018-04-05
POST-USD,0.0162,0.014,0.0157,0.0149,1253,2018-04-06
POST-USD,0.0175,0.0147,0.0147,0.0164,989,2018-04-07
POST-USD,0.0169,0.016,0.0162,0.0161,274,2018-04-08
POST-USD,0.0172,0.0158,0.0161,0.0159,477,2018-04-09
POST-USD,0.0164,0.0148,0.0159,0.0156,2307,2018-04-10
POST-USD,0.0168,0.0143,0.0156,0.0155,1324,2018-04-11
POST-USD,0.0185,0.0147,0.0154,0.0173,1034,2018-04-12
POST-USD,0.0195,0.0167,0.0173,0.018,606,2018-04-13
POST-USD,0.0193,0.0178,0.018,0.0183,57,2018-04-14
POST-USD,0.0374,0.0184,0.0184,0.0295,3905,2018-04-15
POST-USD,0.0297,0.0196,0.0295,0.0207,896,2018-04-16
POST-USD,0.0263,0.0178,0.0207,0.0198,992,2018-04-17
POST-USD,0.0212,0.0183,0.0198,0.0194,827,2018-04-18
POST-USD,0.0199,0.0182,0.0194,0.0194,1139,2018-04-19
POST-USD,0.021,0.0191,0.0194,0.0207,345,2018-04-20
POST-USD,0.0212,0.0195,0.0207,0.02,263,2018-04-21
POST-USD,0.0297,0.0193,0.02,0.0297,604,2018-04-22
POST-USD,0.0291,0.0207,0.0291,0.0209,802,2018-04-23
POST-USD,0.0225,0.0204,0.0211,0.0219,1561,2018-04-24
POST-USD,0.0218,0.0188,0.0217,0.0196,1167,2018-04-25
POST-USD,0.0207,0.0183,0.0198,0.0194,279,2018-04-26
POST-USD,0.0243,0.0191,0.0194,0.0198,788,2018-04-27
POST-USD,0.0211,0.0197,0.0198,0.0199,90,2018-04-28
POST-USD,0.0206,0.0179,0.0199,0.0206,917,2018-04-29
POST-USD,0.0206,0.0179,0.0206,0.0189,220,2018-04-30
POST-USD,0.0208,0.0183,0.019,0.0208,804,2018-05-01
POST-USD,0.0221,0.0183,0.0208,0.0191,5570,2018-05-02
POST-USD,0.0233,0.0191,0.0191,0.0227,2895,2018-05-03
POST-USD,0.0263,0.0205,0.0227,0.0216,8081,2018-05-04
POST-USD,0.0237,0.0211,0.0213,0.0232,2941,2018-05-05
POST-USD,0.0242,0.0212,0.0232,0.0215,469,2018-05-06
POST-USD,0.0216,0.0202,0.0209,0.0214,852,2018-05-07
POST-USD,0.0216,0.0198,0.0215,0.0199,56,2018-05-08
POST-USD,0.0217,0.0187,0.0199,0.0217,624,2018-05-09
POST-USD,0.0218,0.0184,0.0217,0.0193,1772,2018-05-10
POST-USD,0.0193,0.0167,0.0193,0.0178,2683,2018-05-11
POST-USD,0.0179,0.0157,0.0178,0.0168,1805,2018-05-12
POST-USD,0.0176,0.0138,0.0168,0.0171,3088,2018-05-13
POST-USD,0.0179,0.016,0.0171,0.0163,626,2018-05-14
POST-USD,0.0174,0.0116,0.0162,0.0169,2756,2018-05-15
POST-USD,0.017,0.0154,0.0169,0.0159,1104,2018-05-16
POST-USD,0.0163,0.0149,0.0159,0.015,4500,2018-05-17
POST-USD,0.0156,0.0139,0.015,0.0155,2818,2018-05-18
POST-USD,0.017,0.0149,0.0155,0.0165,2168,2018-05-19
POST-USD,0.0471,0.0155,0.0165,0.0167,27188,2018-05-20
POST-USD,0.0285,0.0159,0.0167,0.0176,13914,2018-05-21
POST-USD,0.0203,0.0164,0.0176,0.0174,4232,2018-05-22
POST-USD,0.0176,0.0136,0.0174,0.0137,2238,2018-05-23
POST-USD,0.015,0.0128,0.0137,0.014,1528,2018-05-24
POST-USD,0.0151,0.0135,0.014,0.0147,1133,2018-05-25
POST-USD,0.015,0.0137,0.0146,0.0138,422,2018-05-26
POST-USD,0.0145,0.0134,0.0138,0.0137,854,2018-05-27
POST-USD,0.0139,0.0124,0.0137,0.0129,1076,2018-05-28
POST-USD,0.0148,0.0127,0.0129,0.0141,363,2018-05-29
POST-USD,0.0142,0.0131,0.0141,0.0134,160,2018-05-30
POST-USD,0.0139,0.0133,0.0134,0.0138,94,2018-05-31
POST-USD,0.015,0.0133,0.0138,0.0148,432,2018-06-01
POST-USD,0.0158,0.014,0.0148,0.0153,637,2018-06-02
POST-USD,0.0184,0.0141,0.0153,0.0169,2494,2018-06-03
POST-USD,0.0172,0.014,0.017,0.0144,1105,2018-06-04
POST-USD,0.0151,0.0143,0.0144,0.0151,94,2018-06-05
POST-USD,0.0166,0.0142,0.0146,0.0143,520,2018-06-06
POST-USD,0.0178,0.0143,0.0143,0.0167,475,2018-06-07
POST-USD,0.0174,0.0157,0.0167,0.0158,1577,2018-06-08
POST-USD,0.0159,0.0142,0.0158,0.0145,894,2018-06-09
POST-USD,0.0146,0.0129,0.0146,0.0133,489,2018-06-10
POST-USD,0.0134,0.0128,0.0133,0.0134,245,2018-06-11
POST-USD,0.0172,0.0131,0.0134,0.0166,594,2018-06-12
POST-USD,0.0183,0.0107,0.0166,0.0111,1835,2018-06-13
POST-USD,0.0126,0.011,0.0111,0.0125,805,2018-06-14
POST-USD,0.0125,0.0101,0.0125,0.0102,538,2018-06-15
POST-USD,0.0119,0.0101,0.0101,0.0118,32,2018-06-16
POST-USD,0.0124,0.0112,0.0118,0.0123,72,2018-06-17
POST-USD,0.0123,0.0114,0.0123,0.0114,74,2018-06-18
POST-USD,0.0138,0.0112,0.0114,0.0113,819,2018-06-19
POST-USD,0.0125,0.0098,0.0113,0.0124,882,2018-06-20
POST-USD,0.0124,0.0122,0.0124,0.0124,65,2018-06-21
POST-USD,0.0124,0.0112,0.0124,0.0115,110,2018-06-22
POST-USD,0.0123,0.0115,0.0115,0.0122,260,2018-06-23
POST-USD,0.0126,0.0113,0.0122,0.0123,498,2018-06-24
POST-USD,0.0124,0.0118,0.0123,0.0124,137,2018-06-25
POST-USD,0.0126,0.0114,0.0124,0.0116,349,2018-06-26
POST-USD,0.0121,0.011,0.0116,0.0113,314,2018-06-27
POST-USD,0.0123,0.0111,0.0113,0.0118,182,2018-06-28
POST-USD,0.0125,0.0115,0.0118,0.0123,133,2018-06-29
POST-USD,0.016,0.0122,0.0124,0.0154,98,2018-06-30
POST-USD,0.0155,0.0126,0.0154,0.0127,642,2018-07-01
POST-USD,0.0135,0.0124,0.0127,0.0127,693,2018-07-02
POST-USD,0.0132,0.0126,0.0126,0.0128,991,2018-07-03
POST-USD,0.0137,0.0118,0.0128,0.0134,237,2018-07-04
POST-USD,0.0152,0.0133,0.0135,0.0151,256,2018-07-05
POST-USD,0.0166,0.0142,0.0151,0.0157,279,2018-07-06
POST-USD,0.0156,0.0125,0.0156,0.0134,344,2018-07-07
POST-USD,0.0137,0.0124,0.0135,0.0124,735,2018-07-08
POST-USD,0.0134,0.0124,0.0124,0.0132,673,2018-07-09
POST-USD,0.0136,0.0122,0.0132,0.0122,324,2018-07-10
POST-USD,0.0137,0.0122,0.0122,0.0137,108,2018-07-11
POST-USD,0.0137,0.0121,0.0137,0.0124,22,2018-07-12
POST-USD,0.0126,0.0118,0.0124,0.0124,479,2018-07-13
POST-USD,0.0138,0.0123,0.0124,0.0137,116,2018-07-14
POST-USD,0.0138,0.0111,0.0138,0.0129,353,2018-07-15
POST-USD,0.0138,0.0121,0.0129,0.0138,1014,2018-07-16
POST-USD,0.0148,0.0124,0.0138,0.0145,681,2018-07-17
POST-USD,0.0155,0.0139,0.0145,0.0151,734,2018-07-18
POST-USD,0.0151,0.0142,0.015,0.0143,251,2018-07-19
POST-USD,0.0149,0.0142,0.0143,0.0146,158,2018-07-20
POST-USD,0.015,0.014,0.0146,0.0143,270,2018-07-21
POST-USD,0.015,0.014,0.0143,0.0146,515,2018-07-22
POST-USD,0.0158,0.0142,0.0145,0.0151,942,2018-07-23
POST-USD,0.0171,0.0151,0.0151,0.0158,995,2018-07-24
POST-USD,0.0161,0.0138,0.0158,0.0155,290,2018-07-25
POST-USD,0.0156,0.0139,0.0154,0.0142,308,2018-07-26
POST-USD,0.0156,0.0138,0.0142,0.0149,523,2018-07-27
POST-USD,0.0167,0.0149,0.0149,0.015,20,2018-07-28
POST-USD,0.0154,0.0134,0.015,0.0139,525,2018-07-29
POST-USD,0.0157,0.0136,0.0139,0.0147,530,2018-07-30
POST-USD,0.0149,0.0139,0.0148,0.0142,30,2018-07-31
POST-USD,0.0144,0.0122,0.014,0.0124,118,2018-08-01
POST-USD,0.0135,0.0123,0.0124,0.0128,115,2018-08-02
POST-USD,0.0148,0.0128,0.0128,0.0132,94,2018-08-03
POST-USD,0.0133,0.0104,0.0132,0.0104,2180,2018-08-04
POST-USD,0.0111,0.0102,0.0103,0.0106,2340,2018-08-05
POST-USD,0.0132,0.0106,0.0106,0.0115,51,2018-08-06
POST-USD,0.0122,0.0112,0.0115,0.0116,192,2018-08-07
POST-USD,0.0116,0.0097,0.0115,0.0098,381,2018-08-08
POST-USD,0.0112,0.0098,0.0098,0.0112,464,2018-08-09
POST-USD,0.0112,0.0095,0.0111,0.0096,275,2018-08-10
POST-USD,0.0106,0.009,0.0096,0.0105,2233,2018-08-11
POST-USD,0.0107,0.0098,0.0105,0.0098,189,2018-08-12
POST-USD,0.01,0.009,0.0098,0.009,575,2018-08-13
POST-USD,0.0093,0.0083,0.009,0.0084,298,2018-08-14
POST-USD,0.0091,0.0084,0.0084,0.0088,329,2018-08-15
POST-USD,0.0092,0.0084,0.0088,0.0088,767,2018-08-16
POST-USD,0.0091,0.008,0.0088,0.0082,446,2018-08-17
POST-USD,0.0084,0.0073,0.0082,0.0078,1031,2018-08-18
POST-USD,0.008,0.0073,0.0078,0.0078,983,2018-08-19
POST-USD,0.0078,0.0066,0.0078,0.0066,89,2018-08-20
POST-USD,0.0077,0.0066,0.0066,0.0074,255,2018-08-21
POST-USD,0.0099,0.0075,0.0075,0.0081,181,2018-08-22
POST-USD,0.0083,0.0076,0.0081,0.0076,329,2018-08-23
POST-USD,0.0079,0.0074,0.0076,0.0079,69,2018-08-24
POST-USD,0.0083,0.0075,0.0079,0.0081,438,2018-08-25
POST-USD,0.0081,0.0072,0.0081,0.0076,196,2018-08-26
POST-USD,0.0077,0.007,0.0076,0.0071,366,2018-08-27
POST-USD,0.0079,0.0071,0.0071,0.0079,28,2018-08-28
POST-USD,0.0079,0.0072,0.0079,0.0073,192,2018-08-29
POST-USD,0.0076,0.0072,0.0073,0.0074,275,2018-08-30
POST-USD,0.0075,0.007,0.0074,0.0073,592,2018-08-31
POST-USD,0.0089,0.0073,0.0073,0.0084,505,2018-09-01
POST-USD,0.0112,0.0079,0.0084,0.0079,1797,2018-09-02
POST-USD,0.0087,0.0079,0.0079,0.0086,32,2018-09-03
POST-USD,0.0086,0.0078,0.0086,0.0083,369,2018-09-04
POST-USD,0.0083,0.0072,0.0083,0.0072,40,2018-09-05
POST-USD,0.0072,0.0067,0.0072,0.0067,0,2018-09-06
POST-USD,0.0069,0.0065,0.0067,0.0069,1,2018-09-07
POST-USD,0.0081,0.0066,0.0069,0.0066,4,2018-09-08
POST-USD,0.0074,0.0059,0.0066,0.0072,711,2018-09-09
POST-USD,0.0074,0.0062,0.0072,0.0065,385,2018-09-10
POST-USD,0.0065,0.006,0.0065,0.0063,159,2018-09-11
POST-USD,0.0071,0.006,0.0063,0.0062,205,2018-09-12
POST-USD,0.0068,0.0062,0.0063,0.0065,30,2018-09-13
POST-USD,0.0067,0.0064,0.0065,0.0065,22,2018-09-14
POST-USD,0.0065,0.0061,0.0065,0.0064,88,2018-09-15
POST-USD,0.0074,0.0061,0.0064,0.007,149,2018-09-16
POST-USD,0.0071,0.0059,0.007,0.0059,93,2018-09-17
POST-USD,0.0062,0.0056,0.0059,0.0056,122,2018-09-18
POST-USD,0.0063,0.0055,0.0057,0.0062,16,2018-09-19
POST-USD,0.0065,0.0058,0.0062,0.0065,276,2018-09-20
POST-USD,0.0067,0.0053,0.0065,0.0055,55,2018-09-21
POST-USD,0.0066,0.0055,0.0055,0.0066,70,2018-09-22
POST-USD,0.0066,0.0054,0.0066,0.006,122,2018-09-23
POST-USD,0.0063,0.0057,0.006,0.0059,114,2018-09-24
POST-USD,0.0059,0.0057,0.0059,0.0057,35,2018-09-25
POST-USD,0.0112,0.0057,0.0057,0.0111,4,2018-09-26
POST-USD,0.0111,0.0052,0.0111,0.0054,112,2018-09-27
POST-USD,0.006,0.0053,0.0054,0.0059,5,2018-09-28
POST-USD,0.0062,0.0059,0.0059,0.0062,152,2018-09-29
POST-USD,0.0062,0.0047,0.0062,0.0057,323,2018-09-30
POST-USD,0.0058,0.0054,0.0057,0.0058,98,2018-10-01
POST-USD,0.0058,0.0051,0.0058,0.0052,563,2018-10-02
POST-USD,0.0054,0.0051,0.0052,0.0053,10,2018-10-03
POST-USD,0.0063,0.0053,0.0054,0.0062,291,2018-10-04
POST-USD,0.0062,0.005,0.0062,0.0055,144,2018-10-05
POST-USD,0.0055,0.0049,0.0055,0.0049,35,2018-10-06
POST-USD,0.0057,0.0049,0.0049,0.0057,45,2018-10-07
POST-USD,0.0057,0.0053,0.0056,0.0056,26,2018-10-08
POST-USD,0.0057,0.0049,0.0056,0.005,766,2018-10-09
POST-USD,0.0051,0.0045,0.005,0.0046,168,2018-10-10
POST-USD,0.0046,0.0041,0.0046,0.0043,14,2018-10-11
POST-USD,0.0043,0.0041,0.0043,0.0042,4,2018-10-12
POST-USD,0.0061,0.0033,0.0042,0.0056,670,2018-10-13
POST-USD,0.0057,0.0032,0.0056,0.0035,224,2018-10-14
POST-USD,0.0038,0.0035,0.0035,0.0036,10,2018-10-15
POST-USD,0.0037,0.0036,0.0036,0.0037,4,2018-10-16
POST-USD,0.0044,0.0035,0.0037,0.0042,156,2018-10-17
POST-USD,0.0042,0.0034,0.0042,0.0034,6,2018-10-18
POST-USD,0.0034,0.0032,0.0034,0.0033,1,2018-10-19
POST-USD,0.0041,0.0034,0.0041,0.0034,1,2018-10-21
POST-USD,0.0034,0.0033,0.0034,0.0033,26,2018-10-22
POST-USD,0.0038,0.0033,0.0033,0.0035,148,2018-10-23
POST-USD,0.0036,0.0033,0.0035,0.0033,138,2018-10-24
POST-USD,0.0036,0.0032,0.0033,0.0035,172,2018-10-25
POST-USD,0.0037,0.0034,0.0035,0.0034,54,2018-10-26
POST-USD,0.0053,0.0034,0.0034,0.0053,260,2018-10-27
POST-USD,0.0055,0.0034,0.0053,0.0037,123,2018-10-28
POST-USD,0.004,0.0034,0.0037,0.0034,66,2018-10-29
POST-USD,0.0035,0.0033,0.0034,0.0034,12,2018-10-30
POST-USD,0.0051,0.0031,0.0034,0.0035,172,2018-10-31
POST-USD,0.0035,0.003,0.0035,0.003,67,2018-11-01
POST-USD,0.0035,0.0029,0.003,0.0035,1,2018-11-02
POST-USD,0.0037,0.0032,0.0035,0.0032,25,2018-11-03
POST-USD,0.0032,0.0024,0.0032,0.0031,167,2018-11-04
POST-USD,0.0032,0.0024,0.0031,0.0031,183,2018-11-05
POST-USD,0.0035,0.0031,0.0031,0.0035,11,2018-11-06
POST-USD,0.0036,0.0032,0.0035,0.0033,158,2018-11-07
POST-USD,0.0033,0.0019,0.0033,0.0019,0,2018-11-08
POST-USD,0.0031,0.0018,0.0019,0.0026,1,2018-11-09
POST-USD,0.0037,0.0026,0.0026,0.0036,67,2018-11-10
POST-USD,0.0036,0.0035,0.0036,0.0035,66,2018-11-11
POST-USD,0.0035,0.0024,0.0035,0.0032,66,2018-11-12
POST-USD,0.0033,0.0027,0.0032,0.0027,0,2018-11-13
POST-USD,0.0029,0.0025,0.0027,0.0025,56,2018-11-14
POST-USD,0.0029,0.0025,0.0025,0.0029,4,2018-11-15
POST-USD,0.0107,0.0028,0.0029,0.0107,0,2018-11-16
POST-USD,0.0107,0.0018,0.0107,0.0025,20,2018-11-17
POST-USD,0.0026,0.0025,0.0025,0.0026,20,2018-11-18
POST-USD,0.0027,0.0025,0.0026,0.0025,14,2018-11-19
POST-USD,0.0025,0.0021,0.0025,0.0021,4,2018-11-20
POST-USD,0.0022,0.002,0.0021,0.0021,2,2018-11-21
POST-USD,0.0023,0.0021,0.0021,0.0023,1,2018-11-22
POST-USD,0.0023,0.0021,0.0023,0.0022,0,2018-11-23
POST-USD,0.0022,0.0021,0.0021,0.0022,7,2018-11-24
POST-USD,0.0022,0.0013,0.0022,0.0015,320,2018-11-25
POST-USD,0.0015,0.001,0.0015,0.001,77,2018-11-26
POST-USD,0.0014,0.001,0.001,0.0013,28,2018-11-27
POST-USD,0.0014,0.001,0.0013,0.0013,172,2018-11-28
POST-USD,0.0013,0.0011,0.0013,0.0012,14,2018-11-29
POST-USD,0.0013,0.0012,0.0012,0.0013,5,2018-11-30
POST-USD,0.0015,0.0013,0.0013,0.0014,14,2018-12-01
POST-USD,0.0016,0.0012,0.0014,0.0012,7,2018-12-02
POST-USD,0.0012,0.0009,0.0012,0.001,23,2018-12-03
POST-USD,0.0011,0.001,0.001,0.001,70,2018-12-04
POST-USD,0.0011,0.0005,0.001,0.001,216,2018-12-05
POST-USD,0.001,0.0009,0.001,0.001,0,2018-12-06
POST-USD,0.001,0.0009,0.001,0.0009,2,2018-12-07
POST-USD,0.001,0.0009,0.0009,0.0009,1,2018-12-08
POST-USD,0.0008,0.0008,0.0008,0.0008,4,2018-12-10
POST-USD,0.0008,0.0002,0.0008,0.0007,204,2018-12-11
POST-USD,0.0008,0.0007,0.0007,0.0007,118,2018-12-12
POST-USD,0.0008,0.0005,0.0007,0.0005,29,2018-12-13
POST-USD,0.0006,0.0005,0.0006,0.0006,5,2018-12-14
POST-USD,0.0007,0.0006,0.0006,0.0006,44,2018-12-15
POST-USD,0.0007,0.0006,0.0006,0.0007,6,2018-12-16
POST-USD,0.0013,0.0006,0.0007,0.0008,91,2018-12-17
POST-USD,0.0011,0.0007,0.0008,0.0009,359,2018-12-18
POST-USD,0.0009,0.0007,0.0009,0.0008,37,2018-12-19
POST-USD,0.001,0.0007,0.0008,0.0009,10,2018-12-20
POST-USD,0.0009,0.0008,0.0009,0.0008,7,2018-12-21
POST-USD,0.0008,0.0008,0.0008,0.0008,5,2018-12-22
POST-USD,0.0016,0.0006,0.0008,0.0008,452,2018-12-23
POST-USD,0.001,0.0008,0.0008,0.0008,12,2018-12-24
POST-USD,0.0008,0.0007,0.0008,0.0008,1,2018-12-25
POST-USD,0.0008,0.0006,0.0008,0.0008,9,2018-12-26
POST-USD,0.001,0.0005,0.0008,0.0005,13,2018-12-27
POST-USD,0.0015,0.0004,0.0005,0.0015,1,2018-12-28
POST-USD,0.0015,0.0008,0.0015,0.001,34,2018-12-29
POST-USD,0.001,0.0006,0.001,0.0006,58,2018-12-30
POST-USD,0.0007,0.0005,0.0006,0.0007,90,2018-12-31
POST-USD,0.0008,0.0007,0.0007,0.0007,5,2019-01-01
POST-USD,0.0007,0.0007,0.0007,0.0007,7,2019-01-02
POST-USD,0.0008,0.0007,0.0007,0.0008,0,2019-01-03
POST-USD,0.0008,0.0007,0.0008,0.0008,5,2019-01-04
POST-USD,0.0022,0.0008,0.0008,0.0022,1,2019-01-05
POST-USD,0.0022,0.0008,0.0022,0.0008,1,2019-01-06
POST-USD,0.0008,0.0006,0.0008,0.0006,65,2019-01-07
POST-USD,0.0018,0.0006,0.0006,0.0013,675,2019-01-08
POST-USD,0.0013,0.001,0.0013,0.001,84,2019-01-09
POST-USD,0.001,0.0008,0.001,0.0008,1,2019-01-10
POST-USD,0.0009,0.0008,0.0008,0.0009,2,2019-01-11
POST-USD,0.0011,0.0008,0.0009,0.0009,6,2019-01-12
POST-USD,0.0011,0.0008,0.0009,0.0009,4,2019-01-13
POST-USD,0.001,0.0007,0.0009,0.001,39,2019-01-14
POST-USD,0.001,0.0008,0.001,0.001,23,2019-01-15
POST-USD,0.001,0.0007,0.001,0.0007,54,2019-01-16
POST-USD,0.0009,0.0007,0.0007,0.0009,11,2019-01-17
POST-USD,0.0009,0.0007,0.0009,0.0007,8,2019-01-18
POST-USD,0.0009,0.0007,0.0007,0.0009,15,2019-01-19
POST-USD,0.0009,0.0007,0.0009,0.0008,4,2019-01-20
POST-USD,0.0008,0.0007,0.0008,0.0008,3,2019-01-21
POST-USD,0.0008,0.0006,0.0008,0.0007,18,2019-01-22
POST-USD,0.0007,0.0006,0.0007,0.0006,54,2019-01-23
POST-USD,0.0006,0.0005,0.0006,0.0006,13,2019-01-24
POST-USD,0.0008,0.0005,0.0006,0.0006,1,2019-01-25
POST-USD,0.0007,0.0006,0.0006,0.0007,3,2019-01-26
POST-USD,0.0007,0.0005,0.0007,0.0005,1,2019-01-27
POST-USD,0.0006,0.0005,0.0005,0.0006,34,2019-01-28
POST-USD,0.0006,0.0006,0.0006,0.0006,16,2019-01-29
POST-USD,0.0006,0.0006,0.0006,0.0006,0,2019-01-30
POST-USD,0.0007,0.0006,0.0006,0.0006,2,2019-01-31
POST-USD,0.001,0.0005,0.0006,0.0006,135,2019-02-01
POST-USD,0.0007,0.0005,0.0006,0.0005,42,2019-02-02
POST-USD,0.0009,0.0005,0.0005,0.0007,8,2019-02-03
POST-USD,0.0015,0.0007,0.0007,0.0008,80,2019-02-04
POST-USD,0.0008,0.0007,0.0008,0.0007,15,2019-02-05
POST-USD,0.0008,0.0007,0.0007,0.0007,7,2019-02-06
POST-USD,0.0011,0.0007,0.0007,0.0009,207,2019-02-07
POST-USD,0.001,0.0007,0.0009,0.0007,39,2019-02-08
POST-USD,0.0008,0.0007,0.0007,0.0008,2,2019-02-09
POST-USD,0.0009,0.0004,0.0009,0.0004,1,2019-02-10
POST-USD,0.0008,0.0004,0.0004,0.0008,21,2019-02-11
POST-USD,0.0008,0.0005,0.0008,0.0007,8,2019-02-12
POST-USD,0.0008,0.0006,0.0007,0.0006,6,2019-02-13
POST-USD,0.0006,0.0004,0.0006,0.0004,0,2019-02-14
POST-USD,0.0007,0.0004,0.0004,0.0007,54,2019-02-15
POST-USD,0.0008,0.0007,0.0007,0.0007,7,2019-02-16
POST-USD,0.0007,0.0005,0.0007,0.0006,2,2019-02-17
POST-USD,0.0009,0.0006,0.0006,0.0008,12,2019-02-18
POST-USD,0.0008,0.0007,0.0007,0.0007,1,2019-02-19
POST-USD,0.0008,0.0005,0.0007,0.0007,1,2019-02-20
POST-USD,0.0008,0.0003,0.0007,0.0008,58,2019-02-21
POST-USD,0.0008,0.0008,0.0008,0.0008,71,2019-02-22
POST-USD,0.0009,0.0007,0.0008,0.0008,37,2019-02-23
POST-USD,0.0008,0.0007,0.0008,0.0007,146,2019-02-24
POST-USD,0.0008,0.0007,0.0007,0.0007,169,2019-02-25
POST-USD,0.0007,0.0007,0.0007,0.0007,86,2019-02-26
POST-USD,0.0007,0.0007,0.0007,0.0007,91,2019-02-27
POST-USD,0.0007,0.0007,0.0007,0.0007,81,2019-02-28
POST-USD,0.0007,0.0007,0.0007,0.0007,112,2019-03-01
POST-USD,0.0007,0.0007,0.0007,0.0007,105,2019-03-02
POST-USD,0.0007,0.0007,0.0007,0.0007,99,2019-03-03
POST-USD,0.0007,0.0007,0.0007,0.0007,94,2019-03-04
POST-USD,0.0007,0.0007,0.0007,0.0007,3,2019-03-05
POST-USD,0.0011,0.0007,0.0007,0.0007,2,2019-03-06
POST-USD,0.0009,0.0007,0.0007,0.0008,35,2019-03-07
POST-USD,0.0008,0.0007,0.0008,0.0008,107,2019-03-08
POST-USD,0.0008,0.0007,0.0008,0.0008,143,2019-03-09
POST-USD,0.0008,0.0007,0.0008,0.0008,96,2019-03-10
POST-USD,0.0008,0.0007,0.0008,0.0008,110,2019-03-11
POST-USD,0.0008,0.0007,0.0008,0.0007,94,2019-03-12
POST-USD,0.0008,0.0007,0.0007,0.0007,62,2019-03-13
POST-USD,0.0008,0.0006,0.0007,0.0006,4,2019-03-14
POST-USD,0.0008,0.0006,0.0006,0.0008,75,2019-03-15
POST-USD,0.0008,0.0008,0.0008,0.0008,113,2019-03-16
POST-USD,0.0008,0.0008,0.0008,0.0008,147,2019-03-17
POST-USD,0.0008,0.0008,0.0008,0.0008,69,2019-03-18
POST-USD,0.0008,0.0008,0.0008,0.0008,94,2019-03-19
POST-USD,0.0008,0.0007,0.0008,0.0008,103,2019-03-20
POST-USD,0.0008,0.0007,0.0008,0.0007,28,2019-03-21
POST-USD,0.0008,0.0007,0.0007,0.0008,4,2019-03-22
POST-USD,0.0008,0.0008,0.0008,0.0008,3,2019-03-23
POST-USD,0.0009,0.0008,0.0008,0.0009,4,2019-03-24
POST-USD,0.0009,0.0008,0.0009,0.0008,18,2019-03-25
POST-USD,0.001,0.0007,0.0008,0.0009,2,2019-03-26
POST-USD,0.0009,0.0007,0.0009,0.0009,6,2019-03-27
POST-USD,0.0009,0.0007,0.0009,0.0007,69,2019-03-28
POST-USD,0.0008,0.0007,0.0007,0.0008,56,2019-03-29
POST-USD,0.0009,0.0008,0.0008,0.0008,71,2019-03-30
POST-USD,0.0009,0.0008,0.0008,0.0008,92,2019-03-31
POST-USD,0.001,0.0008,0.0008,0.0008,87,2019-04-01
POST-USD,0.0012,0.0009,0.0009,0.0011,149,2019-04-02
POST-USD,0.0012,0.0009,0.0011,0.001,115,2019-04-03
POST-USD,0.0011,0.001,0.001,0.001,153,2019-04-04
POST-USD,0.0011,0.001,0.001,0.0011,156,2019-04-05
POST-USD,0.0011,0.001,0.0011,0.001,144,2019-04-06
POST-USD,0.0011,0.001,0.001,0.0011,146,2019-04-07
POST-USD,0.0011,0.001,0.0011,0.0011,276,2019-04-08
POST-USD,0.0011,0.001,0.0011,0.0011,56,2019-04-09
POST-USD,0.0011,0.0011,0.0011,0.0011,164,2019-04-10
POST-USD,0.0011,0.001,0.0011,0.001,125,2019-04-11
POST-USD,0.0011,0.001,0.001,0.0011,146,2019-04-12
POST-USD,0.0011,0.001,0.0011,0.0011,161,2019-04-13
POST-USD,0.0011,0.001,0.0011,0.0011,174,2019-04-14
POST-USD,0.0011,0.0011,0.0011,0.0011,92,2019-04-15
POST-USD,0.0011,0.001,0.0011,0.001,7,2019-04-16
POST-USD,0.0013,0.0009,0.001,0.0013,4,2019-04-17
POST-USD,0.0013,0.0011,0.0013,0.0011,10,2019-04-18
POST-USD,0.0011,0.0009,0.0011,0.001,69,2019-04-19
POST-USD,0.0011,0.0009,0.001,0.001,8,2019-04-20
POST-USD,0.0012,0.0009,0.001,0.0011,35,2019-04-21
POST-USD,0.0011,0.001,0.0011,0.0011,169,2019-04-22
POST-USD,0.0011,0.001,0.0011,0.0011,92,2019-04-23
POST-USD,0.0012,0.0011,0.0011,0.0011,124,2019-04-24
POST-USD,0.0011,0.001,0.0011,0.001,168,2019-04-25
POST-USD,0.0011,0.001,0.001,0.0011,110,2019-04-26
POST-USD,0.0011,0.001,0.0011,0.001,74,2019-04-27
POST-USD,0.0011,0.0008,0.001,0.0008,2,2019-04-28
POST-USD,0.0008,0.0006,0.0008,0.0008,3,2019-04-29
POST-USD,0.001,0.0007,0.0008,0.001,26,2019-04-30
POST-USD,0.001,0.001,0.001,0.001,122,2019-05-01
POST-USD,0.001,0.001,0.001,0.001,38,2019-05-02
POST-USD,0.0014,0.001,0.001,0.0013,208,2019-05-03
POST-USD,0.0014,0.0012,0.0013,0.0013,364,2019-05-04
POST-USD,0.0013,0.0012,0.0013,0.0012,147,2019-05-05
POST-USD,0.0013,0.0012,0.0013,0.0012,176,2019-05-06
POST-USD,0.0013,0.0012,0.0012,0.0013,141,2019-05-07
POST-USD,0.0013,0.0012,0.0013,0.0013,276,2019-05-08
POST-USD,0.0014,0.0012,0.0013,0.0013,143,2019-05-09
POST-USD,0.0014,0.0012,0.0013,0.0013,164,2019-05-10
POST-USD,0.0014,0.0012,0.0013,0.0013,272,2019-05-11
POST-USD,0.0016,0.0013,0.0014,0.0014,259,2019-05-12
POST-USD,0.0016,0.0013,0.0014,0.0016,205,2019-05-13
POST-USD,0.0016,0.0014,0.0016,0.0015,281,2019-05-14
POST-USD,0.0016,0.0015,0.0015,0.0016,198,2019-05-15
POST-USD,0.0017,0.0015,0.0016,0.0015,194,2019-05-16
POST-USD,0.0017,0.0008,0.0015,0.0015,9,2019-05-17
POST-USD,0.0017,0.0013,0.0015,0.0013,7,2019-05-18
POST-USD,0.0014,0.0013,0.0013,0.0014,7,2019-05-19
POST-USD,0.0014,0.0013,0.0014,0.0013,7,2019-05-20
POST-USD,0.0016,0.0009,0.0013,0.0013,296,2019-05-21
POST-USD,0.0015,0.0011,0.0013,0.0013,185,2019-05-22
POST-USD,0.0013,0.0012,0.0013,0.0013,285,2019-05-23
POST-USD,0.0024,0.0013,0.0013,0.0023,612,2019-05-24
POST-USD,0.0024,0.0015,0.0023,0.0017,363,2019-05-25
POST-USD,0.0019,0.0015,0.0017,0.0018,227,2019-05-26
POST-USD,0.0037,0.0017,0.0018,0.0022,862,2019-05-27
POST-USD,0.0022,0.002,0.0022,0.002,300,2019-05-28
POST-USD,0.0021,0.002,0.002,0.002,234,2019-05-29
POST-USD,0.002,0.0018,0.002,0.0018,266,2019-05-30
POST-USD,0.0019,0.0017,0.0018,0.0018,273,2019-05-31
POST-USD,0.0019,0.0017,0.0018,0.0019,267,2019-06-01
POST-USD,0.0019,0.0016,0.0019,0.0017,264,2019-06-02
POST-USD,0.0017,0.0015,0.0017,0.0015,273,2019-06-03
POST-USD,0.0016,0.0014,0.0015,0.0016,203,2019-06-04
POST-USD,0.0017,0.0015,0.0016,0.0016,330,2019-06-05
POST-USD,0.0017,0.0016,0.0016,0.0016,217,2019-06-06
POST-USD,0.0017,0.0016,0.0016,0.0016,261,2019-06-07
POST-USD,0.0017,0.0016,0.0016,0.0017,268,2019-06-08
POST-USD,0.0017,0.0015,0.0017,0.0016,159,2019-06-09
POST-USD,0.0026,0.0015,0.0015,0.0016,264,2019-06-10
POST-USD,0.0017,0.0016,0.0016,0.0016,217,2019-06-11
POST-USD,0.0107,0.0016,0.0016,0.0052,258,2019-06-12
POST-USD,0.0058,0.0022,0.0052,0.0042,212,2019-06-13
POST-USD,0.0043,0.0016,0.0042,0.0017,251,2019-06-14
POST-USD,0.0019,0.0016,0.0017,0.0019,217,2019-06-15
POST-USD,0.0023,0.0017,0.0019,0.0017,311,2019-06-16
POST-USD,0.0018,0.0017,0.0017,0.0018,295,2019-06-17
POST-USD,0.0065,0.0017,0.0018,0.0042,445,2019-06-18
POST-USD,0.0054,0.0017,0.0041,0.0018,208,2019-06-19
POST-USD,0.0038,0.0017,0.0018,0.0019,233,2019-06-20
POST-USD,0.0019,0.0015,0.0019,0.0016,340,2019-06-21
POST-USD,0.0171,0.0016,0.0016,0.0034,502,2019-06-22
POST-USD,0.0037,0.0016,0.0034,0.0019,330,2019-06-23
POST-USD,0.0247,0.0017,0.0019,0.0023,425,2019-06-24
POST-USD,0.0023,0.0018,0.0023,0.0022,323,2019-06-25
POST-USD,0.0026,0.0021,0.0021,0.0025,311,2019-06-26
POST-USD,0.0025,0.0016,0.0025,0.0016,122,2019-06-27
POST-USD,0.0032,0.0016,0.0016,0.0032,124,2019-06-28
POST-USD,0.0128,0.002,0.0033,0.0111,57,2019-06-29
POST-USD,0.0139,0.0014,0.011,0.0015,228,2019-06-30
POST-USD,0.0018,0.0015,0.0015,0.0018,106,2019-07-01
POST-USD,0.0022,0.0014,0.0018,0.002,451,2019-07-02
POST-USD,0.0032,0.0016,0.002,0.0017,276,2019-07-03
POST-USD,0.0042,0.0017,0.0017,0.003,36,2019-07-04
POST-USD,0.0031,0.0023,0.003,0.0027,279,2019-07-05
POST-USD,0.0056,0.0018,0.0027,0.0034,37,2019-07-06
POST-USD,0.0049,0.0021,0.0034,0.0022,23,2019-07-07
POST-USD,0.0026,0.0016,0.0022,0.0026,91,2019-07-08
POST-USD,0.003,0.0023,0.0026,0.0025,248,2019-07-09
POST-USD,0.0334,0.0018,0.0025,0.0021,322,2019-07-10
POST-USD,0.0031,0.0015,0.0021,0.0016,305,2019-07-11
POST-USD,0.003,0.0016,0.0016,0.0022,394,2019-07-12
POST-USD,0.0022,0.0014,0.0022,0.0015,323,2019-07-13
POST-USD,0.0015,0.0013,0.0015,0.0013,315,2019-07-14
POST-USD,0.0015,0.0013,0.0013,0.0014,287,2019-07-15
POST-USD,0.0014,0.0012,0.0014,0.0013,191,2019-07-16
POST-USD,0.0013,0.0012,0.0013,0.0013,293,2019-07-17
POST-USD,0.0014,0.0012,0.0013,0.0014,278,2019-07-18
POST-USD,0.0014,0.0013,0.0014,0.0014,295,2019-07-19
POST-USD,0.0014,0.0014,0.0014,0.0014,224,2019-07-20
POST-USD,0.0014,0.0013,0.0014,0.0013,212,2019-07-21
POST-USD,0.0013,0.0012,0.0013,0.0012,334,2019-07-22
POST-USD,0.0022,0.0012,0.0012,0.0021,332,2019-07-23
POST-USD,0.0021,0.0013,0.0021,0.0015,277,2019-07-24
POST-USD,0.0022,0.0014,0.0015,0.0017,321,2019-07-25
POST-USD,0.0036,0.0016,0.0017,0.0019,628,2019-07-26
POST-USD,0.0113,0.0018,0.0018,0.0099,1394,2019-07-27
POST-USD,0.0101,0.0022,0.01,0.0023,318,2019-07-28
POST-USD,0.0025,0.0017,0.0023,0.0018,265,2019-07-29
POST-USD,0.002,0.0016,0.0018,0.0017,300,2019-07-30
POST-USD,0.0021,0.0016,0.0017,0.002,301,2019-07-31
POST-USD,0.0022,0.0017,0.002,0.0022,129,2019-08-01
POST-USD,0.0024,0.0019,0.0022,0.0019,217,2019-08-02
POST-USD,0.002,0.0019,0.0019,0.0019,304,2019-08-03
POST-USD,0.0027,0.0019,0.0019,0.0025,14,2019-08-04
POST-USD,0.0026,0.0019,0.0025,0.0019,225,2019-08-05
POST-USD,0.0022,0.0019,0.0019,0.002,370,2019-08-06
POST-USD,0.0041,0.0018,0.002,0.0018,241,2019-08-07
POST-USD,0.002,0.0017,0.0019,0.002,340,2019-08-08
POST-USD,0.0102,0.0018,0.0019,0.0018,336,2019-08-09
POST-USD,0.0021,0.0017,0.0019,0.0018,229,2019-08-10
POST-USD,0.0019,0.0017,0.0018,0.0018,321,2019-08-11
POST-USD,0.0019,0.0017,0.0018,0.0018,298,2019-08-12
POST-USD,0.0019,0.0013,0.0018,0.0016,238,2019-08-13
POST-USD,0.0017,0.0011,0.0016,0.0011,205,2019-08-14
POST-USD,0.0016,0.0011,0.0011,0.0015,294,2019-08-15
POST-USD,0.0016,0.0013,0.0014,0.0015,233,2019-08-16
POST-USD,0.0025,0.0014,0.0016,0.0016,223,2019-08-17
POST-USD,0.0022,0.0014,0.0017,0.0015,339,2019-08-18
POST-USD,0.0016,0.0015,0.0015,0.0016,233,2019-08-19
POST-USD,0.0017,0.0013,0.0016,0.0015,204,2019-08-20
POST-USD,0.0015,0.0014,0.0015,0.0014,294,2019-08-21
POST-USD,0.0014,0.0014,0.0014,0.0014,270,2019-08-22
POST-USD,0.0015,0.0014,0.0014,0.0015,243,2019-08-23
POST-USD,0.0015,0.0013,0.0015,0.0014,288,2019-08-24
POST-USD,0.0015,0.0009,0.0014,0.0011,1,2019-08-25
POST-USD,0.0014,0.0011,0.0011,0.0012,94,2019-08-26
POST-USD,0.0013,0.0012,0.0012,0.0013,150,2019-08-27
POST-USD,0.0013,0.0013,0.0013,0.0013,82,2019-08-28
POST-USD,0.0013,0.0011,0.0013,0.0012,5,2019-08-29
POST-USD,0.0013,0.0012,0.0012,0.0012,14,2019-08-30
POST-USD,0.0013,0.0012,0.0012,0.0013,55,2019-08-31
POST-USD,0.0013,0.0011,0.0013,0.0013,234,2019-09-01
POST-USD,0.0014,0.0012,0.0013,0.0013,207,2019-09-02
POST-USD,0.0014,0.0013,0.0013,0.0014,264,2019-09-03
POST-USD,0.0015,0.0014,0.0014,0.0015,327,2019-09-04
POST-USD,0.0018,0.0014,0.0015,0.0014,233,2019-09-05
POST-USD,0.0015,0.0011,0.0014,0.0013,314,2019-09-06
POST-USD,0.0015,0.0013,0.0013,0.0015,261,2019-09-07
POST-USD,0.0015,0.0014,0.0015,0.0015,247,2019-09-08
POST-USD,0.0015,0.0012,0.0015,0.0012,9,2019-09-09
POST-USD,0.0023,0.0012,0.0012,0.0013,5,2019-09-10
POST-USD,0.0024,0.0011,0.0013,0.0015,180,2019-09-11
POST-USD,0.0016,0.0012,0.0015,0.0014,185,2019-09-12
POST-USD,0.0014,0.0012,0.0014,0.0014,311,2019-09-13
POST-USD,0.0014,0.0009,0.0014,0.0012,355,2019-09-14
POST-USD,0.0013,0.001,0.0012,0.0011,115,2019-09-15
POST-USD,0.0011,0.001,0.001,0.0011,153,2019-09-16
POST-USD,0.0011,0.0008,0.0011,0.001,213,2019-09-17
POST-USD,0.0011,0.0009,0.001,0.001,282,2019-09-18
POST-USD,0.0011,0.001,0.001,0.0011,198,2019-09-19
POST-USD,0.0011,0.0006,0.0011,0.001,311,2019-09-20
POST-USD,0.001,0.0006,0.001,0.0006,17,2019-09-21
POST-USD,0.001,0.0005,0.0006,0.0006,102,2019-09-22
POST-USD,0.0008,0.0005,0.0006,0.0006,235,2019-09-23
POST-USD,0.001,0.0005,0.0006,0.0005,174,2019-09-24
POST-USD,0.0006,0.0002,0.0005,0.0004,162,2019-09-25
POST-USD,0.0004,0.0003,0.0004,0.0003,111,2019-09-26
POST-USD,0.0004,0.0003,0.0003,0.0004,175,2019-09-27
POST-USD,0.0005,0.0004,0.0004,0.0005,259,2019-09-28
POST-USD,0.0004,0.0003,0.0004,0.0004,204,2019-09-29
POST-USD,0.0005,0.0004,0.0004,0.0005,215,2019-09-30
POST-USD,0.0006,0.0005,0.0005,0.0006,227,2019-10-01
POST-USD,0.0006,0.0003,0.0006,0.0005,92,2019-10-02
POST-USD,0.0005,0.0005,0.0005,0.0005,239,2019-10-03
POST-USD,0.0005,0.0004,0.0005,0.0005,215,2019-10-04
POST-USD,0.0005,0.0005,0.0005,0.0005,185,2019-10-05
POST-USD,0.0006,0.0005,0.0005,0.0006,229,2019-10-06
POST-USD,0.0014,0.0005,0.0006,0.0008,261,2019-10-07
POST-USD,0.0015,0.0007,0.0009,0.001,439,2019-10-08
POST-USD,0.0012,0.0006,0.0009,0.0012,286,2019-10-09
POST-USD,0.0012,0.0009,0.001,0.001,251,2019-10-10
POST-USD,0.001,0.0008,0.001,0.0008,174,2019-10-11
POST-USD,0.0009,0.0008,0.0009,0.0008,174,2019-10-12
POST-USD,0.001,0.0008,0.0008,0.0009,140,2019-10-13
POST-USD,0.0011,0.0009,0.0009,0.001,286,2019-10-14
POST-USD,0.0011,0.0009,0.001,0.001,277,2019-10-15
POST-USD,0.0017,0.001,0.001,0.0015,481,2019-10-16
POST-USD,0.0016,0.0011,0.0015,0.0011,211,2019-10-17
POST-USD,0.0016,0.0011,0.0011,0.0012,227,2019-10-18
POST-USD,0.0012,0.0012,0.0012,0.0012,242,2019-10-19
POST-USD,0.0013,0.0012,0.0012,0.0012,191,2019-10-20
POST-USD,0.0021,0.0012,0.0012,0.0016,538,2019-10-21
POST-USD,0.0016,0.0013,0.0016,0.0013,135,2019-10-22
POST-USD,0.0014,0.0009,0.0013,0.0009,38,2019-10-23
POST-USD,0.0012,0.0009,0.001,0.001,3,2019-10-24
POST-USD,0.0012,0.001,0.001,0.0012,2,2019-10-25
POST-USD,0.0015,0.001,0.0012,0.0013,56,2019-10-26
POST-USD,0.0015,0.0013,0.0013,0.0014,239,2019-10-27
POST-USD,0.0015,0.0013,0.0014,0.0014,174,2019-10-28
POST-USD,0.0014,0.001,0.0014,0.0012,196,2019-10-29
POST-USD,0.0013,0.0008,0.0012,0.0008,170,2019-10-30
POST-USD,0.0009,0.0007,0.0008,0.0007,160,2019-10-31
POST-USD,0.0008,0.0007,0.0007,0.0008,71,2019-11-01
POST-USD,0.0009,0.0008,0.0008,0.0009,195,2019-11-02
POST-USD,0.0009,0.0008,0.0009,0.0009,139,2019-11-03
POST-USD,0.001,0.0009,0.0009,0.0009,188,2019-11-04
POST-USD,0.0009,0.0009,0.0009,0.0009,150,2019-11-05
POST-USD,0.0015,0.0009,0.0009,0.0015,0,2019-11-06
POST-USD,0.0015,0.0011,0.0015,0.0013,8,2019-11-07
POST-USD,0.0013,0.0003,0.0013,0.0008,12,2019-11-08
POST-USD,0.0011,0.0006,0.0008,0.0009,4,2019-11-09
POST-USD,0.0012,0.0008,0.0009,0.0012,4,2019-11-10
POST-USD,0.0012,0.0008,0.0012,0.0009,114,2019-11-11
POST-USD,0.0009,0.0008,0.0009,0.0009,283,2019-11-12
POST-USD,0.001,0.0008,0.0009,0.0008,165,2019-11-13
POST-USD,0.0009,0.0008,0.0008,0.0009,252,2019-11-14
POST-USD,0.001,0.0008,0.0009,0.0008,257,2019-11-15
POST-USD,0.0009,0.0008,0.0008,0.0009,302,2019-11-16
POST-USD,0.0014,0.0009,0.0009,0.0009,232,2019-11-17
POST-USD,0.001,0.0008,0.0009,0.0009,212,2019-11-18
POST-USD,0.0009,0.0008,0.0009,0.0009,269,2019-11-19
POST-USD,0.0009,0.0007,0.0009,0.0008,140,2019-11-20
POST-USD,0.0009,0.0007,0.0008,0.0008,164,2019-11-21
POST-USD,0.0008,0.0007,0.0008,0.0007,194,2019-11-22
POST-USD,0.0007,0.0007,0.0007,0.0007,198,2019-11-23
POST-USD,0.0008,0.0007,0.0007,0.0007,182,2019-11-24
POST-USD,0.0009,0.0007,0.0007,0.0008,181,2019-11-25
POST-USD,0.0009,0.0008,0.0008,0.0009,183,2019-11-26
POST-USD,0.0013,0.0008,0.0009,0.0008,85,2019-11-27
POST-USD,0.0015,0.0007,0.0008,0.0015,0,2019-11-28
POST-USD,0.0015,0.0007,0.0015,0.0007,0,2019-11-29
POST-USD,0.0009,0.0006,0.0007,0.0007,149,2019-11-30
POST-USD,0.0008,0.0007,0.0008,0.0007,146,2019-12-01
POST-USD,0.0007,0.0007,0.0007,0.0007,181,2019-12-02
POST-USD,0.0009,0.0007,0.0007,0.0008,241,2019-12-03
POST-USD,0.0008,0.0007,0.0008,0.0007,174,2019-12-04
POST-USD,0.0008,0.0006,0.0007,0.0007,195,2019-12-05
POST-USD,0.0008,0.0007,0.0007,0.0007,176,2019-12-06
POST-USD,0.0008,0.0007,0.0007,0.0008,195,2019-12-07
POST-USD,0.0009,0.0007,0.0008,0.0007,103,2019-12-08
POST-USD,0.001,0.0007,0.0007,0.0007,115,2019-12-09
POST-USD,0.0007,0.0007,0.0007,0.0007,182,2019-12-10
POST-USD,0.0007,0.0007,0.0007,0.0007,189,2019-12-11
POST-USD,0.0007,0.0006,0.0007,0.0007,115,2019-12-12
POST-USD,0.0007,0.0006,0.0007,0.0007,172,2019-12-13
POST-USD,0.002,0.0007,0.0007,0.002,61,2019-12-14
POST-USD,0.002,0.0006,0.002,0.0006,97,2019-12-15
POST-USD,0.001,0.0006,0.0006,0.0008,187,2019-12-16
POST-USD,0.0009,0.0008,0.0008,0.0008,195,2019-12-17
POST-USD,0.0009,0.0008,0.0008,0.0009,165,2019-12-18
POST-USD,0.0009,0.0009,0.0009,0.0009,214,2019-12-19
POST-USD,0.0016,0.0009,0.0009,0.0016,139,2019-12-20
POST-USD,0.0049,0.0009,0.0016,0.0009,2,2019-12-21
POST-USD,0.0013,0.0009,0.0009,0.0013,0,2019-12-22
POST-USD,0.0013,0.0012,0.0013,0.0013,9,2019-12-23
POST-USD,0.0013,0.0012,0.0013,0.0013,0,2019-12-24
POST-USD,0.0013,0.0009,0.0013,0.0009,2,2019-12-25
POST-USD,0.0558,0.0009,0.0009,0.0558,1,2019-12-26
POST-USD,0.0561,0.0013,0.0558,0.0014,1,2019-12-27
POST-USD,0.0472,0.0122,0.0179,0.0472,0,2019-12-28
POST-USD,0.0473,0.0005,0.0472,0.0005,0,2019-12-29
POST-USD,0.0008,0.0004,0.0005,0.0007,134,2019-12-30
POST-USD,0.0008,0.0007,0.0007,0.0008,153,2019-12-31
POST-USD,0.0009,0.0008,0.0008,0.0008,161,2020-01-01
POST-USD,0.0008,0.0008,0.0008,0.0008,120,2020-01-02
POST-USD,0.0009,0.0008,0.0008,0.0008,133,2020-01-03
POST-USD,0.0009,0.0008,0.0008,0.0009,28,2020-01-04
POST-USD,0.0012,0.0009,0.0009,0.001,4,2020-01-05
POST-USD,0.001,0.0009,0.001,0.0009,97,2020-01-06
POST-USD,0.0014,0.0009,0.0009,0.0014,0,2020-01-07
POST-USD,0.0014,0.0011,0.0013,0.0011,10,2020-01-08
POST-USD,0.001,0.001,0.001,0.001,78,2020-01-09
POST-USD,0.0011,0.001,0.001,0.0011,53,2020-01-10
POST-USD,0.0015,0.0011,0.0011,0.0015,1,2020-01-11
POST-USD,0.0015,0.0012,0.0015,0.0013,6,2020-01-12
POST-USD,0.0014,0.0011,0.0013,0.0012,0,2020-01-13
POST-USD,0.0013,0.001,0.0012,0.001,0,2020-01-14
POST-USD,0.0016,0.001,0.001,0.0012,48,2020-01-15
POST-USD,0.0012,0.001,0.0012,0.0012,252,2020-01-16
POST-USD,0.0013,0.0012,0.0012,0.0012,266,2020-01-17
POST-USD,0.0013,0.0011,0.0012,0.0012,217,2020-01-18
POST-USD,0.0012,0.0011,0.0012,0.0011,189,2020-01-19
POST-USD,0.0012,0.0011,0.0011,0.0012,203,2020-01-20
POST-USD,0.0012,0.0012,0.0012,0.0012,89,2020-01-21
POST-USD,0.0012,0.001,0.0012,0.0011,238,2020-01-22
POST-USD,0.0011,0.0011,0.0011,0.0011,262,2020-01-23
POST-USD,0.0012,0.0011,0.0011,0.0012,249,2020-01-24
POST-USD,0.0012,0.0012,0.0012,0.0012,174,2020-01-25
POST-USD,0.0013,0.0012,0.0012,0.0012,257,2020-01-26
POST-USD,0.0013,0.0012,0.0012,0.0012,216,2020-01-27
POST-USD,0.0013,0.0012,0.0012,0.0013,149,2020-01-28
POST-USD,0.0013,0.0012,0.0013,0.0012,180,2020-01-29
POST-USD,0.0012,0.0012,0.0012,0.0012,163,2020-01-30
POST-USD,0.0012,0.0012,0.0012,0.0012,178,2020-01-31
POST-USD,0.0012,0.0012,0.0012,0.0012,254,2020-02-01
POST-USD,0.0012,0.001,0.0012,0.0012,296,2020-02-02
POST-USD,0.0012,0.0012,0.0012,0.0012,34,2020-02-03
POST-USD,0.0015,0.001,0.0012,0.001,12,2020-02-04
POST-USD,0.0021,0.001,0.001,0.002,0,2020-02-05
POST-USD,0.0022,0.0012,0.0021,0.0013,159,2020-02-06
POST-USD,0.0013,0.0013,0.0013,0.0013,226,2020-02-07
POST-USD,0.0013,0.0013,0.0013,0.0013,233,2020-02-08
POST-USD,0.0013,0.0013,0.0013,0.0013,258,2020-02-09
POST-USD,0.0013,0.0013,0.0013,0.0013,210,2020-02-10
POST-USD,0.0013,0.0013,0.0013,0.0013,228,2020-02-11
POST-USD,0.0014,0.0013,0.0013,0.0013,228,2020-02-12
POST-USD,0.0022,0.0013,0.0013,0.0017,362,2020-02-13
POST-USD,0.0062,0.0016,0.0016,0.0026,1388,2020-02-14
POST-USD,0.0105,0.0025,0.0026,0.0044,3441,2020-02-15
POST-USD,0.0054,0.0021,0.0043,0.0054,1158,2020-02-16
POST-USD,0.0036,0.0016,0.0029,0.0019,436,2020-02-17
POST-USD,0.002,0.0011,0.0019,0.0015,351,2020-02-18
POST-USD,0.0018,0.0015,0.0015,0.0016,307,2020-02-19
POST-USD,0.0023,0.0012,0.0016,0.0018,307,2020-02-20
POST-USD,0.0018,0.0012,0.0018,0.0016,284,2020-02-21
POST-USD,0.0016,0.0015,0.0016,0.0016,279,2020-02-22
POST-USD,0.0018,0.0016,0.0016,0.0017,210,2020-02-23
POST-USD,0.0018,0.0015,0.0017,0.0015,200,2020-02-24
POST-USD,0.0016,0.0014,0.0015,0.0015,249,2020-02-25
POST-USD,0.0015,0.0014,0.0015,0.0014,257,2020-02-26
POST-USD,0.0015,0.0012,0.0014,0.0014,273,2020-02-27
POST-USD,0.0014,0.0009,0.0014,0.0014,386,2020-02-28
POST-USD,0.0014,0.0014,0.0014,0.0014,237,2020-02-29
POST-USD,0.0014,0.0013,0.0014,0.0014,223,2020-03-01
POST-USD,0.0014,0.0014,0.0014,0.0014,255,2020-03-02
POST-USD,0.0014,0.0014,0.0014,0.0014,223,2020-03-03
POST-USD,0.0014,0.0011,0.0014,0.0013,255,2020-03-04
POST-USD,0.0014,0.0013,0.0013,0.0014,239,2020-03-05
POST-USD,0.0014,0.0014,0.0014,0.0014,227,2020-03-06
POST-USD,0.0014,0.0013,0.0014,0.0013,226,2020-03-07
POST-USD,0.0013,0.0012,0.0013,0.0012,225,2020-03-08
POST-USD,0.0013,0.0012,0.0012,0.0012,179,2020-03-09
POST-USD,0.0012,0.0012,0.0012,0.0012,91,2020-03-10
POST-USD,0.0014,0.0012,0.0012,0.0014,0,2020-03-11
POST-USD,0.0021,0.0008,0.0014,0.0008,36,2020-03-12
POST-USD,0.0193,0.0007,0.0008,0.0009,100,2020-03-13
POST-USD,0.0009,0.0008,0.0009,0.0008,163,2020-03-14
POST-USD,0.0009,0.0005,0.0008,0.0008,247,2020-03-15
POST-USD,0.0008,0.0007,0.0008,0.0008,5,2020-03-16
POST-USD,0.001,0.0008,0.0008,0.0009,0,2020-03-17
POST-USD,0.0009,0.0006,0.0009,0.0007,73,2020-03-18
POST-USD,0.0008,0.0007,0.0007,0.0008,53,2020-03-19
POST-USD,0.0009,0.0007,0.0008,0.0008,13,2020-03-20
POST-USD,0.0008,0.0007,0.0008,0.0007,84,2020-03-21
POST-USD,0.0008,0.0007,0.0007,0.0007,0,2020-03-22
POST-USD,0.0008,0.0007,0.0007,0.0008,8,2020-03-23
POST-USD,0.0008,0.0007,0.0008,0.0007,27,2020-03-24
POST-USD,0.0009,0.0007,0.0007,0.0008,167,2020-03-25
POST-USD,0.0008,0.0008,0.0008,0.0008,201,2020-03-26
POST-USD,0.0008,0.0008,0.0008,0.0008,210,2020-03-27
POST-USD,0.0008,0.0007,0.0008,0.0008,182,2020-03-28
POST-USD,0.0008,0.0007,0.0008,0.0007,150,2020-03-29
POST-USD,0.0008,0.0007,0.0007,0.0008,143,2020-03-30
POST-USD,0.0008,0.0007,0.0008,0.0008,103,2020-03-31
POST-USD,0.0008,0.0007,0.0008,0.0007,36,2020-04-01
POST-USD,0.0008,0.0006,0.0007,0.0007,21,2020-04-02
POST-USD,0.0015,0.0006,0.0007,0.0013,2,2020-04-03
POST-USD,0.0015,0.0007,0.0013,0.0008,1,2020-04-04
POST-USD,0.0008,0.0008,0.0008,0.0008,1,2020-04-05
POST-USD,0.0008,0.0007,0.0007,0.0008,18,2020-04-06
POST-USD,0.0009,0.0008,0.0008,0.0009,27,2020-04-07
POST-USD,0.0009,0.0008,0.0009,0.0009,29,2020-04-08
POST-USD,0.0009,0.0008,0.0009,0.0009,25,2020-04-09
POST-USD,0.0009,0.0007,0.0009,0.0008,1,2020-04-10
POST-USD,0.0008,0.0007,0.0008,0.0007,0,2020-04-11
POST-USD,0.0008,0.0007,0.0007,0.0008,96,2020-04-12
POST-USD,0.0008,0.0007,0.0008,0.0008,48,2020-04-13
POST-USD,0.0008,0.0007,0.0008,0.0007,27,2020-04-14
POST-USD,0.0008,0.0006,0.0007,0.0007,148,2020-04-15
POST-USD,0.0008,0.0007,0.0007,0.0008,190,2020-04-16
POST-USD,0.0008,0.0008,0.0008,0.0008,236,2020-04-17
POST-USD,0.0008,0.0008,0.0008,0.0008,169,2020-04-18
POST-USD,0.0008,0.0008,0.0008,0.0008,189,2020-04-19
POST-USD,0.0008,0.0006,0.0008,0.0007,1,2020-04-20
POST-USD,0.0008,0.0006,0.0007,0.0006,3,2020-04-21
POST-USD,0.0007,0.0006,0.0006,0.0006,0,2020-04-22
POST-USD,0.0009,0.0006,0.0006,0.0009,45,2020-04-23
POST-USD,0.0009,0.0009,0.0009,0.0009,169,2020-04-24
POST-USD,0.001,0.0009,0.0009,0.001,188,2020-04-25
POST-USD,0.0087,0.0009,0.001,0.0079,236,2020-04-26
POST-USD,0.0081,0.0009,0.0073,0.0009,100,2020-04-27
POST-USD,0.0009,0.0006,0.0009,0.0006,0,2020-04-28
POST-USD,0.0011,0.0006,0.0006,0.0011,85,2020-04-29
POST-USD,0.0012,0.001,0.0011,0.0011,224,2020-04-30
POST-USD,0.0012,0.001,0.0011,0.0011,266,2020-05-01
POST-USD,0.0012,0.001,0.0011,0.0011,232,2020-05-02
POST-USD,0.0011,0.0011,0.0011,0.0011,222,2020-05-03
POST-USD,0.0011,0.001,0.0011,0.0011,193,2020-05-04
POST-USD,0.0011,0.0011,0.0011,0.0011,154,2020-05-05
POST-USD,0.0845,0.0011,0.0011,0.0659,38,2020-05-06
POST-USD,0.0692,0.0008,0.0657,0.0012,66,2020-05-07
POST-USD,0.0013,0.0012,0.0012,0.0013,299,2020-05-08
POST-USD,0.0013,0.0011,0.0013,0.0011,10,2020-05-09
POST-USD,0.0011,0.001,0.0011,0.0011,250,2020-05-10
POST-USD,0.0018,0.001,0.0011,0.001,190,2020-05-11
POST-USD,0.0011,0.001,0.001,0.0011,234,2020-05-12
POST-USD,0.0012,0.0011,0.0011,0.0012,262,2020-05-13
POST-USD,0.0014,0.0011,0.0012,0.0013,221,2020-05-14
POST-USD,0.0013,0.0012,0.0013,0.0012,282,2020-05-15
POST-USD,0.0018,0.0012,0.0012,0.0014,278,2020-05-16
POST-USD,0.0016,0.0013,0.0014,0.0014,213,2020-05-17
POST-USD,0.0015,0.0013,0.0014,0.0014,175,2020-05-18
POST-USD,0.0014,0.0011,0.0014,0.0012,117,2020-05-19
POST-USD,0.0012,0.0012,0.0012,0.0012,4,2020-05-20
POST-USD,0.0011,0.0011,0.0011,0.0011,16,2020-05-22
POST-USD,0.0011,0.0005,0.0011,0.0006,59,2020-05-23
POST-USD,0.0006,0.0005,0.0006,0.0006,60,2020-05-24
POST-USD,0.0015,0.0014,0.0014,0.0015,0,2020-05-25
POST-USD,0.0015,0.001,0.0015,0.0011,227,2020-05-26
POST-USD,0.0011,0.0011,0.0011,0.0011,205,2020-05-27
POST-USD,0.0012,0.0011,0.0011,0.0011,210,2020-05-28
POST-USD,0.0013,0.0011,0.0011,0.0013,252,2020-05-29
POST-USD,0.0015,0.0012,0.0013,0.0015,254,2020-05-30
POST-USD,0.0015,0.0013,0.0014,0.0013,144,2020-05-31
POST-USD,0.0015,0.0013,0.0013,0.0015,292,2020-06-01
POST-USD,0.0016,0.0015,0.0015,0.0015,236,2020-06-02
POST-USD,0.0015,0.0014,0.0015,0.0015,286,2020-06-03
POST-USD,0.0015,0.0013,0.0015,0.0015,174,2020-06-04
POST-USD,0.0015,0.0014,0.0015,0.0014,98,2020-06-05
POST-USD,0.0015,0.0014,0.0014,0.0015,113,2020-06-06
POST-USD,0.0015,0.0014,0.0015,0.0015,83,2020-06-07
POST-USD,0.0015,0.0014,0.0015,0.0015,144,2020-06-08
POST-USD,0.0018,0.0014,0.0015,0.0018,0,2020-06-09
POST-USD,0.0018,0.0013,0.0018,0.0016,233,2020-06-10
POST-USD,0.0016,0.0014,0.0015,0.0014,185,2020-06-11
POST-USD,0.0016,0.0014,0.0015,0.0016,216,2020-06-12
POST-USD,0.0016,0.0014,0.0015,0.0014,269,2020-06-13
POST-USD,0.0016,0.0014,0.0014,0.0015,247,2020-06-14
POST-USD,0.0016,0.0014,0.0014,0.0015,228,2020-06-15
POST-USD,0.0016,0.0014,0.0014,0.0016,253,2020-06-16
POST-USD,0.0016,0.0014,0.0016,0.0015,216,2020-06-17
POST-USD,0.0015,0.0014,0.0015,0.0015,272,2020-06-18
POST-USD,0.0016,0.0014,0.0015,0.0014,90,2020-06-19
POST-USD,0.0015,0.0014,0.0014,0.0014,54,2020-06-20
POST-USD,0.0014,0.0006,0.0014,0.0006,7,2020-06-21
POST-USD,0.0018,0.0006,0.0006,0.0009,2,2020-06-22
POST-USD,0.0016,0.0009,0.001,0.0014,34,2020-06-23
POST-USD,0.0015,0.0011,0.0014,0.0012,236,2020-06-24
POST-USD,0.0013,0.0012,0.0012,0.0012,251,2020-06-25
POST-USD,0.0013,0.0012,0.0013,0.0012,205,2020-06-26
POST-USD,0.0014,0.0011,0.0012,0.0013,155,2020-06-27
POST-USD,0.0013,0.0012,0.0013,0.0013,271,2020-06-28
POST-USD,0.0012,0.001,0.0012,0.0011,267,2020-06-29
POST-USD,0.0012,0.0011,0.0011,0.0011,189,2020-06-30
POST-USD,0.0011,0.0011,0.0011,0.0011,115,2020-07-01
POST-USD,0.0011,0.0011,0.0011,0.0011,145,2020-07-02
POST-USD,0.0011,0.0011,0.0011,0.0011,228,2020-07-03
POST-USD,0.0011,0.0011,0.0011,0.0011,201,2020-07-04
POST-USD,0.0011,0.0009,0.0011,0.0011,247,2020-07-05
POST-USD,0.0021,0.0011,0.0011,0.0011,235,2020-07-06
POST-USD,0.0011,0.0011,0.0011,0.0011,181,2020-07-07
POST-USD,0.0011,0.0011,0.0011,0.0011,243,2020-07-08
POST-USD,0.0011,0.0011,0.0011,0.0011,198,2020-07-09
POST-USD,0.0011,0.0008,0.0011,0.0008,1,2020-07-10
POST-USD,0.0008,0.0008,0.0008,0.0008,0,2020-07-11
POST-USD,0.0008,0.0008,0.0008,0.0008,0,2020-07-12
POST-USD,0.002,0.0008,0.0008,0.0012,6,2020-07-13
POST-USD,0.0029,0.0012,0.0012,0.0014,2,2020-07-14
POST-USD,0.0014,0.0008,0.0014,0.0009,0,2020-07-15
POST-USD,0.0012,0.0007,0.0009,0.0007,1,2020-07-16
POST-USD,0.0008,0.0007,0.0007,0.0007,1,2020-07-17
POST-USD,0.0009,0.0009,0.0009,0.0009,0,2020-07-18
POST-USD,0.0016,0.0009,0.0009,0.0011,4,2020-07-19
POST-USD,0.0011,0.0009,0.0011,0.001,1,2020-07-20
POST-USD,0.002,0.001,0.001,0.002,0,2020-07-21
POST-USD,0.0026,0.0011,0.002,0.0011,6,2020-07-22
POST-USD,0.0031,0.0011,0.0011,0.0031,1,2020-07-23
POST-USD,0.0031,0.0012,0.0031,0.0015,1,2020-07-24
POST-USD,0.0027,0.0012,0.0014,0.0016,5,2020-07-25
POST-USD,0.0019,0.0011,0.0016,0.0019,0,2020-07-26
POST-USD,0.0035,0.0007,0.0019,0.0008,1,2020-07-27
POST-USD,0.0009,0.0005,0.0008,0.0008,3,2020-07-28
POST-USD,0.0012,0.0008,0.0009,0.0011,7,2020-07-29
POST-USD,0.0019,0.001,0.0011,0.0011,20,2020-07-30
POST-USD,0.0011,0.0008,0.0011,0.0009,1,2020-07-31
POST-USD,0.001,0.0009,0.0009,0.001,2,2020-08-01
POST-USD,0.0013,0.001,0.001,0.0011,14,2020-08-02
POST-USD,0.0012,0.0008,0.0011,0.0008,9,2020-08-03
POST-USD,0.0011,0.0008,0.0008,0.0011,7,2020-08-04
POST-USD,0.0012,0.0009,0.0011,0.0011,190,2020-08-05
POST-USD,0.0012,0.0011,0.0012,0.0011,19,2020-08-06
POST-USD,0.0011,0.0008,0.0011,0.0009,1,2020-08-07
POST-USD,0.001,0.0009,0.0009,0.001,0,2020-08-08
POST-USD,0.001,0.001,0.001,0.001,0,2020-08-09
POST-USD,0.0011,0.001,0.001,0.001,0,2020-08-10
POST-USD,0.001,0.0008,0.001,0.0009,7,2020-08-11
POST-USD,0.001,0.0008,0.0009,0.001,1,2020-08-12
POST-USD,0.0013,0.001,0.001,0.0011,1,2020-08-13
POST-USD,0.0013,0.0011,0.0011,0.0011,4,2020-08-14
POST-USD,0.0012,0.0009,0.0011,0.001,0,2020-08-15
POST-USD,0.0014,0.0009,0.001,0.0013,0,2020-08-16
POST-USD,0.0015,0.0011,0.0013,0.0011,11,2020-08-17
POST-USD,0.0011,0.0011,0.0011,0.0011,54,2020-08-18
POST-USD,0.0012,0.001,0.0011,0.0011,8,2020-08-19
POST-USD,0.0012,0.0011,0.0011,0.0012,3,2020-08-20
POST-USD,0.0013,0.0011,0.0012,0.0011,0,2020-08-21
POST-USD,0.0011,0.0009,0.0011,0.001,0,2020-08-22
POST-USD,0.0012,0.0009,0.001,0.0012,95,2020-08-23
POST-USD,0.0012,0.0012,0.0012,0.0012,267,2020-08-24
POST-USD,0.0012,0.0011,0.0012,0.0011,330,2020-08-25
POST-USD,0.0012,0.0011,0.0011,0.0011,365,2020-08-26
POST-USD,0.0012,0.0011,0.0011,0.0011,315,2020-08-27
POST-USD,0.0012,0.0011,0.0011,0.0012,304,2020-08-28
POST-USD,0.0012,0.0011,0.0012,0.0012,272,2020-08-29
POST-USD,0.0012,0.0011,0.0011,0.0012,372,2020-08-30
POST-USD,0.0015,0.0012,0.0012,0.0014,295,2020-08-31
POST-USD,0.0014,0.0012,0.0014,0.0012,353,2020-09-01
POST-USD,0.0012,0.0011,0.0012,0.0011,330,2020-09-02
POST-USD,0.0011,0.001,0.0011,0.001,213,2020-09-03
POST-USD,0.0011,0.001,0.001,0.001,335,2020-09-04
POST-USD,0.0011,0.001,0.001,0.001,216,2020-09-05
POST-USD,0.0011,0.001,0.001,0.0011,259,2020-09-06
POST-USD,0.0012,0.0011,0.0011,0.0011,275,2020-09-07
POST-USD,0.0011,0.0011,0.0011,0.0011,251,2020-09-08
POST-USD,0.0011,0.001,0.0011,0.001,137,2020-09-09
POST-USD,0.001,0.001,0.001,0.001,214,2020-09-10
POST-USD,0.0011,0.001,0.001,0.0011,203,2020-09-11
POST-USD,0.0011,0.001,0.0011,0.001,249,2020-09-12
POST-USD,0.0011,0.0009,0.001,0.001,206,2020-09-13
POST-USD,0.0208,0.0009,0.001,0.0127,38,2020-09-14
POST-USD,0.0477,0.0101,0.017,0.0128,34,2020-09-15
POST-USD,0.0193,0.0008,0.0128,0.0009,7,2020-09-16
POST-USD,0.0009,0.0008,0.0009,0.0008,7,2020-09-17
POST-USD,0.0009,0.0001,0.0008,0.0004,0,2020-09-18
POST-USD,0.0014,0.0011,0.0011,0.0011,5,2020-09-20
POST-USD,0.0011,0.0005,0.0011,0.0005,0,2020-09-21
POST-USD,0.0012,0.0004,0.0005,0.0012,0,2020-09-22
POST-USD,0.0002,0.0001,0.0001,0.0002,0,2020-09-23
POST-USD,0.0008,0.0002,0.0002,0.0008,0,2020-09-24
POST-USD,0.0042,0.0005,0.0008,0.0009,1,2020-09-25
POST-USD,0.0013,0.0006,0.0009,0.0006,8,2020-09-26
POST-USD,0.0009,0.0006,0.0006,0.0009,62,2020-09-27
POST-USD,0.0009,0.0009,0.0009,0.0009,5,2020-09-28
POST-USD,0.0008,0.0008,0.0008,0.0008,0,2020-09-29
POST-USD,0.0008,0.0008,0.0008,0.0008,3,2020-09-30
POST-USD,0.0011,0.0008,0.0008,0.001,2,2020-10-01
POST-USD,0.0011,0.0008,0.001,0.0011,1,2020-10-02
POST-USD,0.0013,0.0011,0.0011,0.0013,0,2020-10-03
POST-USD,0.0045,0.0025,0.0029,0.0034,2,2020-10-05
POST-USD,0.0096,0.0002,0.0034,0.0002,0,2020-10-06
POST-USD,0.0069,0.0002,0.0002,0.0058,0,2020-10-07
POST-USD,0.0058,0.0007,0.0058,0.0008,8,2020-10-08
POST-USD,0.0009,0.0008,0.0008,0.0009,0,2020-10-09
POST-USD,0.0009,0.0005,0.0009,0.0005,5,2020-10-10
POST-USD,0.0005,0.0005,0.0005,0.0005,4,2020-10-11
POST-USD,0.001,0.001,0.001,0.001,0,2020-10-16
POST-USD,0.0011,0.001,0.001,0.001,0,2020-10-17
POST-USD,0.0013,0.0013,0.0013,0.0013,0,2020-10-19
POST-USD,0.0013,0.0006,0.0013,0.0006,3,2020-10-20
POST-USD,0.0009,0.0006,0.0006,0.0009,6,2020-10-21
POST-USD,0.001,0.0005,0.0009,0.0005,0,2020-10-22
POST-USD,0.0007,0.0005,0.0005,0.0007,1,2020-10-23
POST-USD,0.0011,0.0007,0.0007,0.001,6,2020-10-24
POST-USD,0.0011,0.0008,0.0011,0.0008,0,2020-10-25
POST-USD,0.0008,0.0005,0.0008,0.0006,2,2020-10-26
POST-USD,0.0006,0.0006,0.0006,0.0006,1,2020-10-27
POST-USD,0.0008,0.0006,0.0006,0.0008,0,2020-10-28
POST-USD,0.0008,0.0004,0.0008,0.0004,0,2020-10-29
POST-USD,0.0011,0.0004,0.0004,0.0011,5,2020-10-30
POST-USD,0.0011,0.0009,0.0011,0.0009,31,2020-10-31
POST-USD,0.001,0.0009,0.0009,0.001,379,2020-11-01
POST-USD,0.001,0.0009,0.001,0.001,367,2020-11-02
POST-USD,0.001,0.0009,0.001,0.001,349,2020-11-03
POST-USD,0.001,0.001,0.001,0.001,431,2020-11-04
POST-USD,0.0011,0.001,0.001,0.0011,307,2020-11-05
POST-USD,0.0011,0.0011,0.0011,0.0011,128,2020-11-06
POST-USD,0.0011,0.0009,0.0011,0.001,209,2020-11-07
POST-USD,0.0011,0.001,0.001,0.0011,370,2020-11-08
POST-USD,0.0011,0.001,0.0011,0.0011,469,2020-11-09
POST-USD,0.0011,0.0011,0.0011,0.0011,443,2020-11-10
POST-USD,0.0011,0.0011,0.0011,0.0011,131,2020-11-11
POST-USD,0.0011,0.0009,0.0011,0.001,82,2020-11-12
POST-USD,0.0011,0.0007,0.001,0.001,4,2020-11-13
POST-USD,0.001,0.0009,0.001,0.001,4,2020-11-14
POST-USD,0.0013,0.0013,0.0013,0.0013,8,2020-11-16
POST-USD,0.0013,0.0008,0.0013,0.0009,36,2020-11-17
POST-USD,0.0013,0.0009,0.0009,0.0013,1,2020-11-18
POST-USD,0.0015,0.0012,0.0013,0.0014,0,2020-11-19
POST-USD,0.0016,0.0007,0.0014,0.0015,8,2020-11-20
POST-USD,0.0016,0.0009,0.0015,0.0009,0,2020-11-21
POST-USD,0.0016,0.0015,0.0016,0.0016,0,2020-11-23
POST-USD,0.0016,0.0013,0.0016,0.0013,469,2020-11-24
POST-USD,0.0014,0.0013,0.0013,0.0013,433,2020-11-25
POST-USD,0.0013,0.0011,0.0013,0.0012,119,2020-11-26
POST-USD,0.0012,0.0012,0.0012,0.0012,5,2020-11-27
POST-USD,0.0012,0.001,0.0012,0.0012,319,2020-11-28
POST-USD,0.0013,0.0012,0.0012,0.0013,513,2020-11-29
POST-USD,0.0014,0.0013,0.0013,0.0014,185,2020-11-30
POST-USD,0.0014,0.0013,0.0014,0.0013,3,2020-12-01
POST-USD,0.0012,0.001,0.001,0.0012,146,2020-12-02
POST-USD,0.0012,0.0011,0.0012,0.0012,485,2020-12-03
POST-USD,0.0012,0.0011,0.0012,0.0011,323,2020-12-04
POST-USD,0.0011,0.0011,0.0011,0.0011,9,2020-12-05
POST-USD,0.0014,0.0013,0.0013,0.0014,8,2020-12-06
POST-USD,0.0014,0.0013,0.0014,0.0013,4,2020-12-07
POST-USD,0.0013,0.0013,0.0013,0.0013,3,2020-12-08
POST-USD,0.0013,0.0012,0.0013,0.0013,3,2020-12-09
POST-USD,0.0012,0.001,0.001,0.0012,7,2020-12-10
POST-USD,0.0013,0.0011,0.0012,0.0012,4,2020-12-11
POST-USD,0.0013,0.0013,0.0013,0.0013,253,2020-12-12
POST-USD,0.0014,0.0013,0.0013,0.0013,2,2020-12-13
POST-USD,0.0016,0.0013,0.0013,0.0016,1,2020-12-14
POST-USD,0.0016,0.0014,0.0016,0.0014,3,2020-12-15
POST-USD,0.0014,0.0014,0.0014,0.0014,0,2020-12-16
POST-USD,0.0015,0.0013,0.0014,0.0014,0,2020-12-17
POST-USD,0.0016,0.0014,0.0016,0.0014,1059,2020-12-18
POST-USD,0.0014,0.0012,0.0014,0.0012,5,2020-12-19
POST-USD,0.0012,0.0012,0.0012,0.0012,45,2020-12-20
POST-USD,0.0012,0.0011,0.0012,0.0011,66,2020-12-21
POST-USD,0.0012,0.0011,0.0011,0.0012,14,2020-12-22
POST-USD,0.0013,0.0007,0.0007,0.0012,14,2020-12-23
POST-USD,0.0115,0.0011,0.0012,0.0114,14218,2020-12-24
POST-USD,0.0008,0.0007,0.0008,0.0007,10,2020-12-25
POST-USD,0.0007,0.0007,0.0007,0.0007,8,2020-12-26
POST-USD,0.0009,0.0008,0.0008,0.0009,12,2020-12-28
POST-USD,0.0016,0.0009,0.0009,0.0016,0,2020-12-29
POST-USD,0.0016,0.0016,0.0016,0.0016,0,2020-12-30
POST-USD,0.0013,0.0012,0.0013,0.0013,1,2020-12-31
POST-USD,0.0013,0.0012,0.0013,0.0012,0,2021-01-01
POST-USD,0.0015,0.0007,0.0012,0.0014,10,2021-01-02
POST-USD,0.0018,0.0014,0.0014,0.0016,1,2021-01-03
POST-USD,0.0018,0.0013,0.0016,0.0014,29,2021-01-04
POST-USD,0.0014,0.0007,0.0014,0.0007,0,2021-01-05
POST-USD,0.0011,0.001,0.0011,0.0011,12,2021-01-06
POST-USD,0.0015,0.0011,0.0011,0.0014,0,2021-01-07
POST-USD,0.0014,0.0012,0.0014,0.0012,15,2021-01-08
POST-USD,0.0016,0.0012,0.0012,0.0016,0,2021-01-09
POST-USD,0.0016,0.0014,0.0016,0.0015,1,2021-01-10
POST-USD,0.0015,0.0014,0.0015,0.0014,0,2021-01-11
POST-USD,0.0015,0.0014,0.0014,0.0015,11,2021-01-13
POST-USD,0.0016,0.0015,0.0015,0.0015,0,2021-01-14
POST-USD,0.0009,0.0009,0.0009,0.0009,0,2021-01-16
POST-USD,0.0012,0.0007,0.0009,0.0012,6,2021-01-17
POST-USD,0.0015,0.0012,0.0012,0.0015,4,2021-01-18
POST-USD,0.0022,0.0022,0.0022,0.0022,1,2021-01-19
POST-USD,0.0022,0.0022,0.0022,0.0022,1,2021-01-20
POST-USD,0.0007,0.0007,0.0007,0.0007,1,2021-01-23
POST-USD,0.0014,0.0007,0.0007,0.0014,2,2021-01-24
POST-USD,0.0014,0.0014,0.0014,0.0014,2,2021-01-25
POST-USD,0.013,0.0087,0.0087,0.013,0,2021-01-26
POST-USD,0.0163,0.0021,0.013,0.0021,0,2021-01-27
POST-USD,0.0029,0.0018,0.0021,0.0029,6,2021-01-28
POST-USD,0.0074,0.0012,0.0032,0.0012,11,2021-01-29
POST-USD,0.0014,0.0008,0.0012,0.001,1,2021-01-30
POST-USD,0.0013,0.0008,0.001,0.0008,0,2021-01-31
POST-USD,0.002,0.0008,0.0008,0.0008,0,2021-02-01
POST-USD,0.0008,0.0008,0.0008,0.0008,0,2021-02-02
POST-USD,0.0008,0.0007,0.0007,0.0007,13,2021-02-03
POST-USD,0.0024,0.0007,0.0008,0.001,5,2021-02-04
POST-USD,0.0046,0.0006,0.001,0.0019,14,2021-02-05
POST-USD,0.002,0.0016,0.0019,0.002,35,2021-02-06
POST-USD,0.0023,0.0015,0.002,0.0016,18,2021-02-07
POST-USD,0.0022,0.001,0.0016,0.0011,0,2021-02-08
POST-USD,0.0011,0.001,0.0011,0.001,0,2021-02-09
POST-USD,0.0016,0.0008,0.0011,0.0016,1,2021-02-10
POST-USD,0.002,0.0011,0.0016,0.002,0,2021-02-11
POST-USD,0.002,0.002,0.002,0.002,1,2021-02-12
POST-USD,0.002,0.0019,0.002,0.0019,53,2021-02-13
POST-USD,0.002,0.0006,0.0019,0.002,51,2021-02-14
POST-USD,0.0027,0.0016,0.002,0.0016,0,2021-02-15
POST-USD,0.0016,0.0016,0.0016,0.0016,0,2021-02-16
POST-USD,0.0034,0.0006,0.0006,0.0032,46,2021-02-17
POST-USD,0.0041,0.0032,0.0032,0.0034,1,2021-02-18
POST-USD,0.0091,0.0002,0.0034,0.0073,0,2021-02-19
POST-USD,0.0133,0.0005,0.0073,0.0006,0,2021-02-20
POST-USD,0.0037,0.0006,0.0006,0.0035,1,2021-02-21
POST-USD,0.0043,0.0021,0.0035,0.0022,33,2021-02-22
POST-USD,0.0022,0.0018,0.0022,0.0019,30,2021-02-23
POST-USD,0.0016,0.0016,0.0016,0.0016,0,2021-02-24
POST-USD,0.0016,0.0016,0.0016,0.0016,0,2021-02-25
POST-USD,0.007,0.0023,0.0023,0.007,1937,2021-02-26
POST-USD,0.0086,0.0043,0.007,0.0057,164,2021-02-27
POST-USD,0.0104,0.004,0.0041,0.0086,1148,2021-02-28
POST-USD,0.0089,0.005,0.0086,0.0055,57,2021-03-01
POST-USD,0.0175,0.0026,0.0055,0.004,374,2021-03-02
POST-USD,0.0043,0.0031,0.004,0.0036,209,2021-03-03
POST-USD,0.0052,0.0029,0.0036,0.0048,94,2021-03-04
POST-USD,0.0052,0.0048,0.0048,0.0052,74,2021-03-05
POST-USD,0.0024,0.0016,0.0024,0.0017,16,2021-03-06
POST-USD,0.0023,0.0013,0.0017,0.0013,2,2021-03-07
POST-USD,0.0026,0.0013,0.0013,0.0026,24,2021-03-08
POST-USD,0.0031,0.0011,0.0026,0.0017,2,2021-03-09
POST-USD,0.0037,0.0017,0.0017,0.0029,21,2021-03-10
POST-USD,0.0029,0.0027,0.0029,0.0027,1,2021-03-11
POST-USD,0.004,0.0026,0.0027,0.004,6,2021-03-12
POST-USD,0.0063,0.0011,0.004,0.0053,17,2021-03-13
POST-USD,0.0053,0.0053,0.0053,0.0053,17,2021-03-14
POST-USD,0.0034,0.0016,0.0029,0.0016,31,2021-03-15
POST-USD,0.0016,0.0014,0.0016,0.0015,30,2021-03-16
POST-USD,0.0029,0.0028,0.0028,0.0028,0,2021-03-17
POST-USD,0.0036,0.0028,0.0028,0.0035,12,2021-03-18
POST-USD,0.0035,0.0028,0.0035,0.0028,0,2021-03-19
POST-USD,0.0366,0.0011,0.0028,0.0202,0,2021-03-20
POST-USD,0.035,0.0193,0.0201,0.035,0,2021-03-21
POST-USD,0.0034,0.0033,0.0033,0.0033,0,2021-03-23
POST-USD,0.0038,0.0033,0.0033,0.0038,0,2021-03-24
POST-USD,0.0039,0.0027,0.0038,0.0028,0,2021-03-25
POST-USD,0.0028,0.0028,0.0028,0.0028,0,2021-03-26
POST-USD,0.0038,0.0028,0.0038,0.0028,0,2021-03-28
POST-USD,0.0028,0.0017,0.0028,0.0017,6,2021-03-29
POST-USD,0.0047,0.0017,0.0017,0.0047,72,2021-03-30
POST-USD,0.0047,0.0026,0.0047,0.0028,0,2021-03-31
POST-USD,0.0018,0.0018,0.0018,0.0018,1,2021-04-01
POST-USD,0.0027,0.0018,0.0018,0.0027,0,2021-04-02
POST-USD,0.0027,0.002,0.0027,0.002,0,2021-04-03
POST-USD,0.0027,0.002,0.002,0.0027,0,2021-04-04
POST-USD,0.0031,0.0023,0.0027,0.0029,56,2021-04-05
POST-USD,0.0035,0.0027,0.0029,0.0035,0,2021-04-06
POST-USD,0.0046,0.0035,0.0035,0.0045,54,2021-04-07
POST-USD,0.0046,0.0035,0.0045,0.0035,0,2021-04-08
POST-USD,0.0046,0.0035,0.0035,0.0035,37,2021-04-09
POST-USD,0.0037,0.0033,0.0035,0.0036,10,2021-04-10
POST-USD,0.0036,0.0036,0.0036,0.0036,0,2021-04-11
POST-USD,0.0033,0.0024,0.0033,0.0025,58,2021-04-12
POST-USD,0.0073,0.0024,0.0025,0.0073,0,2021-04-13
POST-USD,0.0073,0.0071,0.0073,0.0072,0,2021-04-14
POST-USD,0.0024,0.0023,0.0023,0.0024,0,2021-04-15
POST-USD,0.0041,0.0023,0.0024,0.0039,8,2021-04-16
POST-USD,0.0046,0.0032,0.0039,0.0046,0,2021-04-17
POST-USD,0.0046,0.0046,0.0046,0.0046,0,2021-04-18
POST-USD,0.0057,0.0024,0.0024,0.0056,15,2021-04-19
POST-USD,0.0056,0.0053,0.0056,0.0053,10,2021-04-20
POST-USD,0.0104,0.0104,0.0104,0.0104,1,2021-04-21
POST-USD,0.0106,0.0035,0.0104,0.0035,0,2021-04-22
POST-USD,0.0036,0.0022,0.0035,0.0022,13,2021-04-23
POST-USD,0.0037,0.0021,0.0022,0.0037,62,2021-04-24
POST-USD,0.0064,0.0037,0.0037,0.0064,0,2021-04-25
POST-USD,0.0064,0.0033,0.0064,0.0033,0,2021-04-26
POST-USD,0.0038,0.0031,0.0033,0.0037,1,2021-04-27
POST-USD,0.0037,0.0025,0.0037,0.0026,5,2021-04-28
POST-USD,0.0026,0.0026,0.0026,0.0026,4,2021-04-29
POST-USD,0.0034,0.0033,0.0033,0.0033,0,2021-04-30
POST-USD,0.0062,0.0033,0.0033,0.0062,0,2021-05-01
POST-USD,0.0062,0.0062,0.0062,0.0062,0,2021-05-02
POST-USD,0.0033,0.0033,0.0033,0.0033,0,2021-05-03
POST-USD,0.0052,0.0033,0.0033,0.0048,13,2021-05-04
POST-USD,0.0061,0.0033,0.0048,0.0033,1,2021-05-05
POST-USD,0.0034,0.0033,0.0033,0.0034,0,2021-05-06
POST-USD,0.0153,0.0034,0.0034,0.0043,5,2021-05-07
POST-USD,0.0094,0.0041,0.0044,0.0094,14,2021-05-08
POST-USD,0.0134,0.0037,0.0094,0.004,11,2021-05-09
POST-USD,0.0044,0.0028,0.004,0.0044,6,2021-05-10
POST-USD,0.0045,0.0035,0.0044,0.0036,7,2021-05-11
POST-USD,0.0051,0.0036,0.0036,0.0046,47,2021-05-12
POST-USD,0.0046,0.0043,0.0045,0.0044,5,2021-05-13
POST-USD,0.0064,0.0064,0.0064,0.0064,0,2021-05-14
POST-USD,0.0064,0.0064,0.0064,0.0064,0,2021-05-15
POST-USD,0.0064,0.0034,0.0064,0.0034,0,2021-05-16
POST-USD,0.0034,0.0034,0.0034,0.0034,0,2021-05-17
POST-USD,0.0104,0.0096,0.0104,0.01,0,2021-05-18
POST-USD,0.0101,0.0017,0.01,0.0026,19,2021-05-19
POST-USD,0.003,0.0015,0.0026,0.0015,1,2021-05-20
POST-USD,0.0034,0.0015,0.0015,0.0032,7,2021-05-21
POST-USD,0.0034,0.0031,0.0032,0.0034,3,2021-05-22
POST-USD,0.003,0.0014,0.0015,0.0029,3,2021-05-23
POST-USD,0.0035,0.0029,0.0029,0.0034,0,2021-05-24
POST-USD,0.0034,0.003,0.0034,0.003,5,2021-05-27
POST-USD,0.003,0.0029,0.003,0.0029,4,2021-05-28
POST-USD,0.0034,0.0034,0.0034,0.0034,0,2021-05-29
POST-USD,0.0034,0.0034,0.0034,0.0034,0,2021-05-30
POST-USD,0.0036,0.0034,0.0034,0.0036,8,2021-05-31
POST-USD,0.0036,0.0034,0.0036,0.0034,4,2021-06-01
POST-USD,0.0067,0.0067,0.0067,0.0067,0,2021-06-02
POST-USD,0.0067,0.0067,0.0067,0.0067,0,2021-06-03
POST-USD,0.0034,0.0033,0.0034,0.0034,15,2021-06-08
POST-USD,0.0035,0.0031,0.0034,0.0034,23,2021-06-09
POST-USD,0.0035,0.0033,0.0034,0.0035,0,2021-06-10
POST-USD,0.0035,0.0035,0.0035,0.0035,0,2021-06-11
POST-USD,0.0054,0.0035,0.0035,0.0054,1,2021-06-14
POST-USD,0.0225,0.0054,0.0054,0.0224,0,2021-06-15
POST-USD,0.0289,0.0224,0.0225,0.0285,0,2021-06-16
POST-USD,0.0286,0.0268,0.0285,0.0271,0,2021-06-17
POST-USD,0.004,0.0033,0.0034,0.004,15,2021-06-18
POST-USD,0.0054,0.004,0.004,0.0054,2,2021-06-19
POST-USD,0.0034,0.0033,0.0034,0.0033,7,2021-06-21
POST-USD,0.0034,0.0028,0.0033,0.003,6,2021-06-22
POST-USD,0.0031,0.0027,0.003,0.0027,3,2021-06-23
POST-USD,0.0027,0.0027,0.0027,0.0027,0,2021-06-24
POST-USD,0.0027,0.0027,0.0027,0.0027,0,2021-06-25
POST-USD,0.0029,0.0028,0.0028,0.0028,4,2021-07-04
POST-USD,0.0028,0.0027,0.0028,0.0027,3,2021-07-05
POST-USD,0.0031,0.0031,0.0031,0.0031,1,2021-07-06
POST-USD,0.0031,0.0025,0.0031,0.0025,2,2021-07-07
POST-USD,0.0025,0.002,0.0025,0.002,1,2021-07-08
POST-USD,0.0027,0.0026,0.0026,0.0027,11,2021-07-09
POST-USD,0.0027,0.0026,0.0027,0.0026,0,2021-07-10
