RDN-USD,1.1252,0.8908,0.92,1.1229,739382,2017-11-08
RDN-USD,1.9017,0.9769,1.1168,1.7577,8964570,2017-11-09
RDN-USD,1.8365,1.3204,1.7645,1.4909,5599250,2017-11-10
RDN-USD,1.7145,1.3333,1.4492,1.4774,3956410,2017-11-11
RDN-USD,1.6225,1.2572,1.4804,1.4906,2327860,2017-11-12
RDN-USD,1.7002,1.4785,1.5051,1.6974,1765640,2017-11-13
RDN-USD,2.3435,1.6351,1.6988,2.2852,5639840,2017-11-14
RDN-USD,2.4392,2.1413,2.284,2.2971,5599250,2017-11-15
RDN-USD,2.3655,2.0203,2.3175,2.1439,3437340,2017-11-16
RDN-USD,2.2564,1.797,2.1418,2.006,3178580,2017-11-17
RDN-USD,2.1138,1.8666,2.0097,2.0412,1641840,2017-11-18
RDN-USD,2.2439,2.0007,2.0367,2.1749,1465610,2017-11-19
RDN-USD,2.8263,2.158,2.174,2.7444,4783570,2017-11-20
RDN-USD,2.807,2.483,2.733,2.5658,3389140,2017-11-21
RDN-USD,4.128,2.6081,2.6266,3.9262,15805900,2017-11-22
RDN-USD,4.3439,3.7097,3.923,4.0786,15652000,2017-11-23
RDN-USD,4.4266,3.6045,3.9808,4.3928,12369400,2017-11-24
RDN-USD,4.5358,4.1872,4.4149,4.4522,12058700,2017-11-25
RDN-USD,5.511,4.2875,4.4738,5.503,15694500,2017-11-26
RDN-USD,5.713,4.7943,5.4608,4.8457,19848700,2017-11-27
RDN-USD,4.9083,4.2464,4.8399,4.2856,18912400,2017-11-28
RDN-USD,4.3366,3.2919,4.2929,3.4172,15466100,2017-11-29
RDN-USD,4.5969,3.3627,3.4268,4.4666,15508000,2017-11-30
RDN-USD,4.394,3.7528,4.3853,3.9484,14526200,2017-12-01
RDN-USD,4.2128,3.3345,3.9274,3.4997,12359000,2017-12-02
RDN-USD,3.8719,3.3326,3.5231,3.578,13470600,2017-12-03
RDN-USD,3.6213,3.0572,3.5999,3.2363,12576200,2017-12-04
RDN-USD,3.705,3.0984,3.1988,3.2023,14445700,2017-12-05
RDN-USD,3.2823,2.6207,3.2036,2.6917,12988300,2017-12-06
RDN-USD,2.975,2.3283,2.6856,2.4739,11082200,2017-12-07
RDN-USD,3.178,2.3786,2.4286,2.9914,11110800,2017-12-08
RDN-USD,3.7533,2.9423,3.0096,3.263,11118400,2017-12-09
RDN-USD,3.2773,2.7371,3.2773,2.8621,7871370,2017-12-10
RDN-USD,3.074,2.7631,2.8217,2.9916,8524080,2017-12-11
RDN-USD,3.021,2.7058,2.9962,2.8882,12279300,2017-12-12
RDN-USD,3.6379,2.8263,2.9121,3.3769,15968400,2017-12-13
RDN-USD,3.5618,3.03,3.3659,3.2651,12881200,2017-12-14
RDN-USD,3.4699,3.0527,3.2656,3.28,11647900,2017-12-15
RDN-USD,4.0891,3.2744,3.2744,4.0397,18030100,2017-12-16
RDN-USD,4.7017,4.0699,4.0699,4.415,16517000,2017-12-17
RDN-USD,4.7593,4.1171,4.3992,4.7593,17158500,2017-12-18
RDN-USD,5.0836,4.0689,4.7502,4.5631,16909300,2017-12-19
RDN-USD,4.5632,3.8805,4.5632,4.0079,9964100,2017-12-20
RDN-USD,4.488,3.6956,4.0491,3.8704,12131800,2017-12-21
RDN-USD,3.9118,2.5374,3.8772,3.2603,7735300,2017-12-22
RDN-USD,3.8718,3.2562,3.2833,3.4806,8805680,2017-12-23
RDN-USD,3.5093,2.9824,3.5093,3.2642,7503070,2017-12-24
RDN-USD,4.2916,3.1856,3.2904,3.9042,10632300,2017-12-25
RDN-USD,4.2882,3.7354,3.8964,3.9228,8098340,2017-12-26
RDN-USD,4.2533,3.7564,3.9428,3.9659,8066360,2017-12-27
RDN-USD,3.9811,3.4334,3.9458,3.851,9278120,2017-12-28
RDN-USD,4.4308,3.7844,3.8779,4.3506,10376800,2017-12-29
RDN-USD,4.5339,3.6314,4.354,4.142,13007900,2017-12-30
RDN-USD,4.58,3.911,4.1186,4.2764,13348300,2017-12-31
RDN-USD,4.9095,4.1614,4.2972,4.9095,16697500,2018-01-01
RDN-USD,5.6748,4.7573,4.9374,5.4268,28490300,2018-01-02
RDN-USD,5.583,4.8975,5.4076,5.528,22636800,2018-01-03
RDN-USD,6.7448,5.4374,5.5194,6.526,26520200,2018-01-04
RDN-USD,6.6235,5.4899,6.4689,6.0715,47997500,2018-01-05
RDN-USD,6.9538,5.9407,6.0865,6.6547,41039600,2018-01-06
RDN-USD,7.6093,6.1831,6.68,7.5423,47176400,2018-01-07
RDN-USD,7.8765,5.8315,7.58,7.4201,36955200,2018-01-08
RDN-USD,8.8424,6.8184,7.4001,7.9656,62951600,2018-01-09
RDN-USD,8.4986,7.5074,8.1032,7.7471,37060100,2018-01-10
RDN-USD,7.9416,6.3068,7.7613,6.5835,38122600,2018-01-11
RDN-USD,6.8869,6.3867,6.6598,6.7811,18335700,2018-01-12
RDN-USD,7.0517,6.2022,6.7437,6.4188,19581400,2018-01-13
RDN-USD,6.7116,5.4731,6.3424,6.1788,18083200,2018-01-14
RDN-USD,6.6819,5.5959,6.1579,5.6876,16798900,2018-01-15
RDN-USD,5.7166,3.5579,5.7039,4.287,16324800,2018-01-16
RDN-USD,4.487,3.2075,4.2817,4.1944,16882600,2018-01-17
RDN-USD,5.3498,4.0278,4.2739,4.7745,16352900,2018-01-18
RDN-USD,5.0304,4.4855,4.7162,4.7465,13576000,2018-01-19
RDN-USD,5.347,4.7898,4.8241,5.0362,14023900,2018-01-20
RDN-USD,5.1653,4.3927,5.0514,4.4794,10727100,2018-01-21
RDN-USD,4.7145,3.6864,4.4716,4.0415,17414600,2018-01-22
RDN-USD,4.459,3.6349,4.0532,4.4016,15671100,2018-01-23
RDN-USD,4.5204,4.0441,4.5147,4.4066,18215300,2018-01-24
RDN-USD,4.5557,4.1836,4.4318,4.2581,16628200,2018-01-25
RDN-USD,4.5516,4.0232,4.2679,4.3229,13433300,2018-01-26
RDN-USD,4.7064,4.2292,4.3196,4.5139,15033500,2018-01-27
RDN-USD,5.4762,4.3736,4.5001,4.9518,22717700,2018-01-28
RDN-USD,4.9341,4.5372,4.9341,4.6259,13884000,2018-01-29
RDN-USD,4.6382,3.888,4.6366,3.9589,12081800,2018-01-30
RDN-USD,4.1739,3.7809,3.9168,4.0429,15361400,2018-01-31
RDN-USD,4.0989,3.2203,4.0584,3.5883,11682700,2018-02-01
RDN-USD,3.5806,2.6235,3.5806,3.1376,6702780,2018-02-02
RDN-USD,3.598,2.8578,3.1376,3.3973,8134220,2018-02-03
RDN-USD,3.4686,2.7142,3.3902,2.8663,6941920,2018-02-04
RDN-USD,2.9097,2.106,2.8447,2.3218,5514460,2018-02-05
RDN-USD,2.7992,1.8838,2.3248,2.6948,5459720,2018-02-06
RDN-USD,2.9944,2.4614,2.6843,2.5723,5848140,2018-02-07
RDN-USD,2.8914,2.5702,2.5702,2.7935,4423440,2018-02-08
RDN-USD,3.114,2.6007,2.7973,2.989,3692920,2018-02-09
RDN-USD,3.1154,2.6087,2.9811,2.7185,4029240,2018-02-10
RDN-USD,2.7137,2.3288,2.7137,2.5232,2959620,2018-02-11
RDN-USD,2.8276,2.5391,2.5391,2.777,2818200,2018-02-12
RDN-USD,2.7987,2.607,2.7769,2.6528,2425640,2018-02-13
RDN-USD,2.8807,2.6188,2.6371,2.8571,3314710,2018-02-14
RDN-USD,3.496,2.7938,2.8499,3.0215,3462470,2018-02-15
RDN-USD,3.1361,2.9822,3.0213,3.1118,4022350,2018-02-16
RDN-USD,3.4162,3.0905,3.1119,3.4042,3443030,2018-02-17
RDN-USD,3.4387,3.1087,3.4052,3.3289,4987070,2018-02-18
RDN-USD,3.7626,3.2749,3.3046,3.7362,7358230,2018-02-19
RDN-USD,4.4682,3.5414,3.7404,3.6404,17211400,2018-02-20
RDN-USD,3.7707,3.1358,3.6149,3.1498,7021380,2018-02-21
RDN-USD,3.3494,2.9385,3.1447,3.215,4205740,2018-02-22
RDN-USD,3.5883,3.0318,3.2086,3.3068,4159440,2018-02-23
RDN-USD,3.4056,3.0714,3.3152,3.1598,3122730,2018-02-24
RDN-USD,3.3077,3.0861,3.1521,3.0861,3045500,2018-02-25
RDN-USD,3.1397,2.9179,3.0867,3.0482,4351610,2018-02-26
RDN-USD,3.1909,2.9275,3.063,3.1028,4096370,2018-02-27
RDN-USD,3.1506,2.6236,3.0995,2.6544,7590020,2018-02-28
RDN-USD,2.8486,2.6444,2.6661,2.6964,5147330,2018-03-01
RDN-USD,2.8727,2.6602,2.6972,2.8514,4877660,2018-03-02
RDN-USD,2.9141,2.6965,2.8472,2.7466,4219520,2018-03-03
RDN-USD,2.7683,2.5925,2.7439,2.7349,6250780,2018-03-04
RDN-USD,2.8055,2.6747,2.7345,2.6834,3700610,2018-03-05
RDN-USD,2.6772,2.4421,2.668,2.4628,4844220,2018-03-06
RDN-USD,2.5164,2.0739,2.4655,2.1724,3996130,2018-03-07
RDN-USD,2.2297,1.869,2.1601,1.9163,2528400,2018-03-08
RDN-USD,1.9888,1.7428,1.9071,1.985,2290390,2018-03-09
RDN-USD,2.1531,1.9047,1.984,1.9695,3382740,2018-03-10
RDN-USD,2.1724,1.8638,1.9625,2.1587,3078670,2018-03-11
RDN-USD,2.2071,1.8786,2.1553,1.9443,13099000,2018-03-12
RDN-USD,2.0052,1.8673,1.9379,1.8732,8135580,2018-03-13
RDN-USD,1.9103,1.6428,1.8738,1.6898,9168070,2018-03-14
RDN-USD,1.7901,1.5977,1.696,1.699,8407510,2018-03-15
RDN-USD,1.8902,1.6323,1.6985,1.7493,8716940,2018-03-16
RDN-USD,1.7832,1.5517,1.7531,1.5595,6822270,2018-03-17
RDN-USD,1.5574,1.1832,1.5574,1.4411,8164660,2018-03-18
RDN-USD,1.5784,1.3961,1.4345,1.5067,9071000,2018-03-19
RDN-USD,1.5956,1.4491,1.5318,1.5759,8901680,2018-03-20
RDN-USD,1.7286,1.5736,1.582,1.6358,6946920,2018-03-21
RDN-USD,1.7436,1.5376,1.6383,1.602,6572660,2018-03-22
RDN-USD,1.6455,1.4634,1.6054,1.6455,6737000,2018-03-23
RDN-USD,1.8893,1.6338,1.6665,1.721,8227530,2018-03-24
RDN-USD,1.76,1.6431,1.699,1.6493,6749380,2018-03-25
RDN-USD,1.7372,1.4532,1.6442,1.5846,6807430,2018-03-26
RDN-USD,1.6022,1.4715,1.5859,1.499,4825730,2018-03-27
RDN-USD,1.8291,1.4342,1.4982,1.7036,8132610,2018-03-28
RDN-USD,2.131,1.3778,1.7057,1.383,13456800,2018-03-29
RDN-USD,1.4938,1.3189,1.3774,1.4626,6538460,2018-03-30
RDN-USD,1.6014,1.3564,1.4656,1.3735,6923610,2018-03-31
RDN-USD,1.4211,1.1928,1.3745,1.2097,6263560,2018-04-01
RDN-USD,1.2966,1.2076,1.2132,1.2626,5850500,2018-04-02
RDN-USD,1.3507,1.2356,1.2624,1.3307,5882090,2018-04-03
RDN-USD,1.3486,1.1803,1.3325,1.2076,5205290,2018-04-04
RDN-USD,1.3437,1.1713,1.2069,1.2339,6328660,2018-04-05
RDN-USD,1.2399,1.1479,1.2261,1.1643,5713120,2018-04-06
RDN-USD,1.3301,1.1552,1.1641,1.2366,7035650,2018-04-07
RDN-USD,1.2924,1.2357,1.2382,1.2715,5916150,2018-04-08
RDN-USD,1.3075,1.1955,1.2707,1.2109,5664860,2018-04-09
RDN-USD,1.3339,1.1884,1.2131,1.2776,6037920,2018-04-10
RDN-USD,1.3279,1.2772,1.2772,1.3154,6489580,2018-04-11
RDN-USD,1.5113,1.2689,1.3086,1.5045,7635290,2018-04-12
RDN-USD,1.6846,1.4908,1.5053,1.5818,7358650,2018-04-13
RDN-USD,1.665,1.5141,1.5763,1.5581,5922680,2018-04-14
RDN-USD,1.7103,1.5575,1.5575,1.7094,6965430,2018-04-15
RDN-USD,1.7215,1.5965,1.7107,1.6619,7375110,2018-04-16
RDN-USD,1.7224,1.627,1.6638,1.6375,6594060,2018-04-17
RDN-USD,1.778,1.6243,1.6376,1.7749,7052680,2018-04-18
RDN-USD,1.9575,1.7683,1.7774,1.9246,8965150,2018-04-19
RDN-USD,2.1125,1.8784,1.9238,2.0725,8077310,2018-04-20
RDN-USD,2.0794,1.8151,2.0721,1.9071,7439390,2018-04-21
RDN-USD,2.2574,1.8991,1.9042,2.0725,14591200,2018-04-22
RDN-USD,2.1355,2.0233,2.062,2.0585,8343170,2018-04-23
RDN-USD,2.3704,2.0446,2.0599,2.3672,9295720,2018-04-24
RDN-USD,2.3461,1.8584,2.3461,1.9105,8758740,2018-04-25
RDN-USD,2.1475,1.8784,1.9304,2.1475,8659280,2018-04-26
RDN-USD,2.1998,2.0584,2.1561,2.0787,4934050,2018-04-27
RDN-USD,2.3522,2.069,2.0715,2.3137,6646120,2018-04-28
RDN-USD,2.384,2.2439,2.306,2.3055,8302290,2018-04-29
RDN-USD,2.346,2.1784,2.3048,2.2532,7800330,2018-04-30
RDN-USD,2.255,2.0744,2.255,2.2076,5037920,2018-05-01
RDN-USD,2.2656,2.1906,2.211,2.2552,6711150,2018-05-02
RDN-USD,2.5235,2.2487,2.2543,2.5098,7232110,2018-05-03
RDN-USD,2.5197,2.2852,2.5197,2.3224,4247060,2018-05-04
RDN-USD,2.3458,2.2384,2.3154,2.244,3725050,2018-05-05
RDN-USD,2.3206,2.05,2.248,2.0594,2923750,2018-05-06
RDN-USD,2.0709,1.9228,2.0645,2.0409,2396440,2018-05-07
RDN-USD,2.0755,1.9092,2.0454,1.9785,1845940,2018-05-08
RDN-USD,1.972,1.8038,1.972,1.9044,2415680,2018-05-09
RDN-USD,2.1498,1.8933,1.9053,1.9486,3990770,2018-05-10
RDN-USD,1.9475,1.687,1.946,1.6975,2443780,2018-05-11
RDN-USD,1.7228,1.5043,1.6957,1.6613,2374720,2018-05-12
RDN-USD,1.758,1.611,1.6633,1.722,2011470,2018-05-13
RDN-USD,1.7383,1.6013,1.7193,1.7024,1718210,2018-05-14
RDN-USD,1.7545,1.6814,1.7012,1.6912,1745190,2018-05-15
RDN-USD,1.6968,1.5811,1.6915,1.636,1462680,2018-05-16
RDN-USD,1.7227,1.587,1.6378,1.5931,1810160,2018-05-17
RDN-USD,1.6787,1.5604,1.5937,1.6605,1782020,2018-05-18
RDN-USD,1.7388,1.6476,1.6629,1.718,1685460,2018-05-19
RDN-USD,1.8078,1.6862,1.72,1.7583,1723120,2018-05-20
RDN-USD,1.7627,1.6875,1.7601,1.6978,1381570,2018-05-21
RDN-USD,1.6973,1.5072,1.6966,1.5099,1389110,2018-05-22
RDN-USD,1.5099,1.2955,1.5046,1.3276,1197580,2018-05-23
RDN-USD,1.3965,1.2772,1.3223,1.3911,1040880,2018-05-24
RDN-USD,1.4262,1.3533,1.3934,1.3781,1138970,2018-05-25
RDN-USD,1.3939,1.3226,1.3782,1.3259,886185,2018-05-26
RDN-USD,1.3961,1.3139,1.3309,1.3459,1132540,2018-05-27
RDN-USD,1.3467,1.2263,1.3466,1.23,1668900,2018-05-28
RDN-USD,1.3477,1.2279,1.2279,1.3477,1055840,2018-05-29
RDN-USD,1.3518,1.2795,1.3492,1.2949,1089760,2018-05-30
RDN-USD,1.3969,1.2651,1.2946,1.3156,2068750,2018-05-31
RDN-USD,1.4086,1.3092,1.3176,1.4073,1330550,2018-06-01
RDN-USD,1.4782,1.3907,1.4061,1.4432,1165370,2018-06-02
RDN-USD,1.4893,1.3961,1.4424,1.4184,996209,2018-06-03
RDN-USD,1.4266,1.3023,1.4127,1.3209,890596,2018-06-04
RDN-USD,1.3301,1.2495,1.3219,1.306,1508270,2018-06-05
RDN-USD,1.3156,1.2038,1.3049,1.2282,1748950,2018-06-06
RDN-USD,1.2688,1.2304,1.2309,1.243,656422,2018-06-07
RDN-USD,1.2564,1.1882,1.2444,1.2202,693587,2018-06-08
RDN-USD,1.2229,1.1542,1.2198,1.1608,994327,2018-06-09
RDN-USD,1.161,0.9357,1.161,0.9591,1297050,2018-06-10
RDN-USD,0.9804,0.9207,0.9593,0.9581,897497,2018-06-11
RDN-USD,0.9684,0.8234,0.9606,0.8411,1047520,2018-06-12
RDN-USD,0.8507,0.7587,0.8436,0.806,953963,2018-06-13
RDN-USD,1.0871,0.7769,0.8056,1.0139,3132070,2018-06-14
RDN-USD,1.0743,0.8793,1.0076,0.8865,2085690,2018-06-15
RDN-USD,0.9233,0.8732,0.8839,0.9065,1032780,2018-06-16
RDN-USD,0.9124,0.8343,0.9072,0.8348,1215980,2018-06-17
RDN-USD,0.8852,0.8158,0.8335,0.8775,820916,2018-06-18
RDN-USD,0.9555,0.876,0.876,0.8961,1565970,2018-06-19
RDN-USD,0.9026,0.8411,0.8977,0.8748,800041,2018-06-20
RDN-USD,0.8997,0.8739,0.8739,0.8815,756713,2018-06-21
RDN-USD,0.8798,0.7579,0.8797,0.7653,844200,2018-06-22
RDN-USD,0.7982,0.754,0.7646,0.7845,1186690,2018-06-23
RDN-USD,0.8166,0.7348,0.7908,0.7874,1054950,2018-06-24
RDN-USD,0.8127,0.7615,0.7838,0.7857,1148100,2018-06-25
RDN-USD,0.7869,0.7322,0.7852,0.7333,789282,2018-06-26
RDN-USD,0.747,0.7147,0.7301,0.7352,543228,2018-06-27
RDN-USD,0.7474,0.6865,0.7416,0.6865,833098,2018-06-28
RDN-USD,0.7332,0.6506,0.6864,0.7199,710253,2018-06-29
RDN-USD,0.8174,0.7169,0.7169,0.8141,857249,2018-06-30
RDN-USD,0.831,0.8009,0.8151,0.8216,257166,2018-07-01
RDN-USD,1.0154,0.8223,0.8237,0.9252,2083510,2018-07-02
RDN-USD,0.9526,0.8615,0.9232,0.8663,1786870,2018-07-03
RDN-USD,0.9048,0.8022,0.8667,0.8388,916225,2018-07-04
RDN-USD,0.8598,0.787,0.8411,0.8018,1410820,2018-07-05
RDN-USD,0.8447,0.7736,0.8017,0.7982,756726,2018-07-06
RDN-USD,0.8242,0.7832,0.7992,0.8145,1594550,2018-07-07
RDN-USD,0.8584,0.8125,0.8143,0.8399,488803,2018-07-08
RDN-USD,0.877,0.8241,0.8429,0.8259,615195,2018-07-09
RDN-USD,0.8324,0.7314,0.8253,0.7361,1186150,2018-07-10
RDN-USD,0.7674,0.7264,0.7362,0.7592,1048750,2018-07-11
RDN-USD,0.7595,0.7102,0.7591,0.7275,1463680,2018-07-12
RDN-USD,0.7512,0.7281,0.7335,0.7329,1788140,2018-07-13
RDN-USD,0.7517,0.7245,0.7339,0.7383,1521130,2018-07-14
RDN-USD,0.7481,0.7282,0.7342,0.7414,1240940,2018-07-15
RDN-USD,0.808,0.7266,0.7422,0.7961,1385490,2018-07-16
RDN-USD,0.8865,0.7833,0.799,0.8706,1249000,2018-07-17
RDN-USD,0.9088,0.8693,0.8707,0.885,1334410,2018-07-18
RDN-USD,0.8852,0.8512,0.8843,0.8728,1130020,2018-07-19
RDN-USD,0.9144,0.862,0.8731,0.8803,1448440,2018-07-20
RDN-USD,0.9543,0.8698,0.8802,0.9334,1608830,2018-07-21
RDN-USD,0.9893,0.9285,0.9333,0.9298,1858940,2018-07-22
RDN-USD,0.9391,0.8549,0.9296,0.9309,1408930,2018-07-23
RDN-USD,0.9332,0.8568,0.9315,0.8861,1239520,2018-07-24
RDN-USD,0.8943,0.8463,0.8817,0.8779,1302760,2018-07-25
RDN-USD,0.8893,0.8126,0.8769,0.821,817688,2018-07-26
RDN-USD,0.842,0.795,0.8214,0.8229,1144140,2018-07-27
RDN-USD,0.826,0.7981,0.8237,0.8093,953994,2018-07-28
RDN-USD,0.8323,0.8024,0.8096,0.8189,1211520,2018-07-29
RDN-USD,0.8786,0.8032,0.8187,0.8281,1327313,2018-07-30
RDN-USD,0.8297,0.7461,0.8295,0.7546,1324742,2018-07-31
RDN-USD,0.7616,0.7011,0.754,0.7134,911048,2018-08-01
RDN-USD,0.7205,0.6588,0.7132,0.6615,459781,2018-08-02
RDN-USD,0.7918,0.6358,0.6615,0.6521,294784,2018-08-03
RDN-USD,0.6663,0.6213,0.6543,0.6234,315864,2018-08-04
RDN-USD,0.6302,0.6141,0.6233,0.6235,193529,2018-08-05
RDN-USD,0.6307,0.6059,0.6244,0.6118,310095,2018-08-06
RDN-USD,0.6436,0.6075,0.6116,0.608,883471,2018-08-07
RDN-USD,0.608,0.517,0.608,0.5231,996778,2018-08-08
RDN-USD,0.5504,0.5171,0.5216,0.5354,1303099,2018-08-09
RDN-USD,0.5378,0.4217,0.5363,0.4226,2564091,2018-08-10
RDN-USD,0.4245,0.3778,0.4223,0.3909,2244076,2018-08-11
RDN-USD,0.4036,0.3766,0.389,0.4024,1138623,2018-08-12
RDN-USD,0.4105,0.3326,0.4015,0.3327,863299,2018-08-13
RDN-USD,0.3327,0.2976,0.3327,0.3176,800554,2018-08-14
RDN-USD,0.3453,0.3159,0.3184,0.3285,289751,2018-08-15
RDN-USD,0.3563,0.3175,0.3293,0.3458,410437,2018-08-16
RDN-USD,0.4245,0.3448,0.3465,0.414,829165,2018-08-17
RDN-USD,0.4181,0.3592,0.415,0.367,592949,2018-08-18
RDN-USD,0.3762,0.359,0.3674,0.3757,203186,2018-08-19
RDN-USD,0.38,0.3398,0.3766,0.3398,205515,2018-08-20
RDN-USD,0.3463,0.3164,0.3405,0.3371,832267,2018-08-21
RDN-USD,0.3499,0.3212,0.3372,0.3231,388737,2018-08-22
RDN-USD,0.3286,0.3077,0.3233,0.3185,535191,2018-08-23
RDN-USD,0.3368,0.3181,0.3187,0.3365,223210,2018-08-24
RDN-USD,0.3578,0.3364,0.3364,0.3553,113115,2018-08-25
RDN-USD,0.3873,0.3464,0.3557,0.3795,305484,2018-08-26
RDN-USD,0.4553,0.3791,0.3797,0.4347,665071,2018-08-27
RDN-USD,0.4713,0.4161,0.4335,0.459,448167,2018-08-28
RDN-USD,0.4729,0.4372,0.4589,0.4565,591255,2018-08-29
RDN-USD,0.4915,0.4363,0.4572,0.4915,437169,2018-08-30
RDN-USD,0.5548,0.492,0.4929,0.5337,2526610,2018-08-31
RDN-USD,0.558,0.522,0.533,0.5451,1363911,2018-09-01
RDN-USD,0.5489,0.516,0.545,0.529,1070709,2018-09-02
RDN-USD,0.5472,0.4997,0.5292,0.5168,1130444,2018-09-03
RDN-USD,0.5955,0.516,0.5169,0.5937,974034,2018-09-04
RDN-USD,0.6049,0.4904,0.5931,0.4904,827698,2018-09-05
RDN-USD,0.6377,0.4518,0.4874,0.5593,2159000,2018-09-06
RDN-USD,0.5965,0.5077,0.5612,0.5099,1018311,2018-09-07
RDN-USD,0.5311,0.4635,0.5072,0.4635,320603,2018-09-08
RDN-USD,0.4999,0.4438,0.4574,0.47,278978,2018-09-09
RDN-USD,0.4903,0.43,0.4698,0.4454,464029,2018-09-10
RDN-USD,0.4592,0.3786,0.4472,0.3845,369826,2018-09-11
RDN-USD,0.3894,0.3541,0.3852,0.3788,315082,2018-09-12
RDN-USD,0.5462,0.3792,0.3804,0.5064,3378812,2018-09-13
RDN-USD,0.522,0.4327,0.5042,0.4649,1287604,2018-09-14
RDN-USD,0.4795,0.4631,0.465,0.466,220312,2018-09-15
RDN-USD,0.4669,0.4409,0.4664,0.45,1150060,2018-09-16
RDN-USD,0.4666,0.4125,0.45,0.4137,311181,2018-09-17
RDN-USD,0.4504,0.4099,0.4144,0.4395,348999,2018-09-18
RDN-USD,0.4483,0.4208,0.4393,0.4381,247500,2018-09-19
RDN-USD,0.5066,0.4171,0.4383,0.5066,870059,2018-09-20
RDN-USD,0.5151,0.4739,0.5057,0.5105,1153785,2018-09-21
RDN-USD,0.5163,0.482,0.5113,0.4902,307767,2018-09-22
RDN-USD,0.5019,0.4862,0.4903,0.4905,183459,2018-09-23
RDN-USD,0.4941,0.4729,0.4905,0.4823,201183,2018-09-24
RDN-USD,0.4832,0.4354,0.4832,0.461,464991,2018-09-25
RDN-USD,0.4618,0.4409,0.4618,0.4427,563726,2018-09-26
RDN-USD,0.4631,0.4373,0.4446,0.4606,720495,2018-09-27
RDN-USD,0.4663,0.4474,0.4599,0.4513,454540,2018-09-28
RDN-USD,0.4678,0.436,0.4509,0.4519,751937,2018-09-29
RDN-USD,0.4869,0.4498,0.4523,0.4844,238068,2018-09-30
RDN-USD,0.5022,0.4722,0.4841,0.4728,530234,2018-10-01
RDN-USD,0.4818,0.4709,0.4719,0.4714,429512,2018-10-02
RDN-USD,0.4731,0.458,0.4705,0.4713,242554,2018-10-03
RDN-USD,0.5617,0.4717,0.4717,0.531,1678459,2018-10-04
RDN-USD,0.7385,0.5303,0.5307,0.6086,5641133,2018-10-05
RDN-USD,0.6037,0.5681,0.603,0.5711,1250549,2018-10-06
RDN-USD,0.575,0.5492,0.5668,0.5571,560557,2018-10-07
RDN-USD,0.5695,0.544,0.5569,0.5541,2419970,2018-10-08
RDN-USD,0.5703,0.5518,0.5518,0.5623,3618563,2018-10-09
RDN-USD,0.5661,0.5425,0.5638,0.5473,690790,2018-10-10
RDN-USD,0.5508,0.4751,0.5476,0.4771,651253,2018-10-11
RDN-USD,0.4889,0.4676,0.4773,0.4728,554852,2018-10-12
RDN-USD,0.5421,0.4716,0.4722,0.5066,972346,2018-10-13
RDN-USD,0.5613,0.5027,0.5062,0.5075,1287737,2018-10-14
RDN-USD,0.5345,0.5015,0.5051,0.5318,631149,2018-10-15
RDN-USD,0.5671,0.529,0.5294,0.5621,699521,2018-10-16
RDN-USD,0.5689,0.5472,0.5622,0.5577,485979,2018-10-17
RDN-USD,0.5611,0.5254,0.5578,0.5471,600729,2018-10-18
RDN-USD,0.5638,0.5408,0.5473,0.5581,365719,2018-10-19
RDN-USD,0.6658,0.5554,0.5596,0.5974,2408821,2018-10-20
RDN-USD,0.6264,0.5901,0.5934,0.6136,754648,2018-10-21
RDN-USD,0.6379,0.5754,0.6122,0.6235,984441,2018-10-22
RDN-USD,0.671,0.6202,0.6235,0.6355,1321561,2018-10-23
RDN-USD,0.6355,0.6049,0.6354,0.6088,520504,2018-10-24
RDN-USD,0.618,0.6008,0.6074,0.6042,483483,2018-10-25
RDN-USD,0.6054,0.5763,0.6041,0.5789,497611,2018-10-26
RDN-USD,0.5847,0.5739,0.5786,0.5747,211043,2018-10-27
RDN-USD,0.6482,0.5751,0.5753,0.6128,1522415,2018-10-28
RDN-USD,0.614,0.5307,0.6121,0.5435,1283884,2018-10-29
RDN-USD,0.5634,0.5291,0.5424,0.5565,454695,2018-10-30
RDN-USD,0.578,0.5438,0.5581,0.5589,436680,2018-10-31
RDN-USD,0.573,0.5518,0.5585,0.5577,592502,2018-11-01
RDN-USD,0.567,0.5437,0.5575,0.5459,379311,2018-11-02
RDN-USD,0.5497,0.5375,0.5462,0.5402,261536,2018-11-03
RDN-USD,0.549,0.5371,0.5418,0.5413,240788,2018-11-04
RDN-USD,0.544,0.5073,0.5412,0.5088,449530,2018-11-05
RDN-USD,0.5087,0.4879,0.5084,0.5072,447801,2018-11-06
RDN-USD,0.5724,0.5072,0.5072,0.5267,846499,2018-11-07
RDN-USD,0.5367,0.497,0.5265,0.5065,746117,2018-11-08
RDN-USD,0.5126,0.4867,0.5051,0.4953,289033,2018-11-09
RDN-USD,0.5388,0.4937,0.4962,0.513,673832,2018-11-10
RDN-USD,0.5351,0.4993,0.5128,0.501,472305,2018-11-11
RDN-USD,0.5051,0.4843,0.5028,0.4862,411655,2018-11-12
RDN-USD,0.4885,0.4687,0.4866,0.4703,247878,2018-11-13
RDN-USD,0.4709,0.3777,0.4704,0.3919,323318,2018-11-14
RDN-USD,0.4119,0.3616,0.3935,0.3932,386523,2018-11-15
RDN-USD,0.4022,0.3727,0.3937,0.3741,252430,2018-11-16
RDN-USD,0.3836,0.3692,0.3741,0.38,148193,2018-11-17
RDN-USD,0.3989,0.3801,0.3803,0.3879,141846,2018-11-18
RDN-USD,0.3906,0.2913,0.3881,0.2964,331975,2018-11-19
RDN-USD,0.3744,0.2529,0.2953,0.2605,1856373,2018-11-20
RDN-USD,0.2942,0.2612,0.2637,0.2852,380780,2018-11-21
RDN-USD,0.2899,0.2708,0.2844,0.2708,187984,2018-11-22
RDN-USD,0.2694,0.2473,0.2668,0.2573,158548,2018-11-23
RDN-USD,0.2623,0.229,0.2567,0.2303,88064,2018-11-24
RDN-USD,0.2316,0.2066,0.2298,0.2242,158536,2018-11-25
RDN-USD,0.2302,0.2065,0.2249,0.2079,169320,2018-11-26
RDN-USD,0.2548,0.2012,0.208,0.2253,702358,2018-11-27
RDN-USD,0.2842,0.224,0.2259,0.2752,551828,2018-11-28
RDN-USD,0.2852,0.2548,0.2768,0.2679,368537,2018-11-29
RDN-USD,0.2701,0.2508,0.2669,0.2591,207675,2018-11-30
RDN-USD,0.2781,0.2585,0.2593,0.2717,237029,2018-12-01
RDN-USD,0.2861,0.266,0.2714,0.2699,181701,2018-12-02
RDN-USD,0.2703,0.248,0.2694,0.251,132109,2018-12-03
RDN-USD,0.2659,0.2457,0.2508,0.2557,135468,2018-12-04
RDN-USD,0.259,0.2439,0.2566,0.2469,114296,2018-12-05
RDN-USD,0.253,0.21,0.2463,0.21,211942,2018-12-06
RDN-USD,0.2084,0.1836,0.2065,0.1959,212371,2018-12-07
RDN-USD,0.2122,0.186,0.1961,0.1968,155572,2018-12-08
RDN-USD,0.2109,0.1949,0.1968,0.2056,131359,2018-12-09
RDN-USD,0.2087,0.1952,0.2055,0.1987,98624,2018-12-10
RDN-USD,0.2213,0.1754,0.1985,0.182,896720,2018-12-11
RDN-USD,0.1891,0.1792,0.182,0.1823,483781,2018-12-12
RDN-USD,0.1829,0.1676,0.1826,0.1691,217316,2018-12-13
RDN-USD,0.1708,0.1602,0.1696,0.1602,168153,2018-12-14
RDN-USD,0.1704,0.1542,0.1607,0.1585,240082,2018-12-15
RDN-USD,0.1753,0.1576,0.158,0.1627,295755,2018-12-16
RDN-USD,0.1855,0.1604,0.1629,0.1811,190734,2018-12-17
RDN-USD,0.1873,0.1715,0.1811,0.1873,174624,2018-12-18
RDN-USD,0.1977,0.1852,0.1871,0.1852,228448,2018-12-19
RDN-USD,0.2186,0.1844,0.1854,0.2134,390237,2018-12-20
RDN-USD,0.2251,0.2053,0.2136,0.2189,405728,2018-12-21
RDN-USD,0.3532,0.2169,0.2169,0.3111,10694902,2018-12-22
RDN-USD,0.322,0.2839,0.3099,0.2916,1736428,2018-12-23
RDN-USD,0.3155,0.2867,0.2921,0.2885,717983,2018-12-24
RDN-USD,0.2893,0.239,0.2888,0.2461,458605,2018-12-25
RDN-USD,0.2617,0.2278,0.2462,0.2422,501809,2018-12-26
RDN-USD,0.2486,0.2255,0.2423,0.2272,422152,2018-12-27
RDN-USD,0.243,0.214,0.2259,0.2352,369378,2018-12-28
RDN-USD,0.2536,0.2325,0.2352,0.2376,390756,2018-12-29
RDN-USD,0.2911,0.2302,0.2345,0.2735,2216093,2018-12-30
RDN-USD,0.2718,0.2313,0.2718,0.2343,688541,2018-12-31
RDN-USD,0.2492,0.2296,0.2344,0.2492,237134,2019-01-01
RDN-USD,0.2905,0.2386,0.2448,0.2827,854416,2019-01-02
RDN-USD,0.3102,0.2541,0.2832,0.2546,2098084,2019-01-03
RDN-USD,0.2767,0.2544,0.2544,0.2716,1162751,2019-01-04
RDN-USD,0.278,0.2568,0.2715,0.2604,447386,2019-01-05
RDN-USD,0.2731,0.2529,0.2609,0.2633,278103,2019-01-06
RDN-USD,0.2681,0.2502,0.2632,0.2513,368323,2019-01-07
RDN-USD,0.2665,0.2501,0.2512,0.2665,224286,2019-01-08
RDN-USD,0.2679,0.2539,0.2663,0.2554,360900,2019-01-09
RDN-USD,0.2667,0.2156,0.2563,0.219,810602,2019-01-10
RDN-USD,0.2297,0.2132,0.219,0.2218,318205,2019-01-11
RDN-USD,0.2456,0.2188,0.2221,0.2237,886700,2019-01-12
RDN-USD,0.2293,0.2072,0.2244,0.2072,363897,2019-01-13
RDN-USD,0.2299,0.204,0.2074,0.2279,377452,2019-01-14
RDN-USD,0.2288,0.2114,0.2262,0.2155,373736,2019-01-15
RDN-USD,0.2362,0.2151,0.2155,0.2362,494120,2019-01-16
RDN-USD,0.2447,0.2264,0.2447,0.2287,998779,2019-01-17
RDN-USD,0.238,0.2179,0.2292,0.2289,751001,2019-01-18
RDN-USD,0.2439,0.2272,0.2293,0.2414,720415,2019-01-19
RDN-USD,0.2551,0.2136,0.2422,0.2211,951554,2019-01-20
RDN-USD,0.2271,0.2164,0.2218,0.2212,443650,2019-01-21
RDN-USD,0.2278,0.2143,0.2214,0.2266,423152,2019-01-22
RDN-USD,0.2812,0.2233,0.2245,0.2631,4140785,2019-01-23
RDN-USD,0.2646,0.2295,0.2646,0.234,1635119,2019-01-24
RDN-USD,0.2377,0.2279,0.2338,0.2308,321557,2019-01-25
RDN-USD,0.2335,0.227,0.2305,0.2288,209208,2019-01-26
RDN-USD,0.2303,0.2176,0.2287,0.2205,242177,2019-01-27
RDN-USD,0.2216,0.2019,0.2204,0.206,408631,2019-01-28
RDN-USD,0.2104,0.2012,0.2056,0.2085,169751,2019-01-29
RDN-USD,0.2176,0.2075,0.2098,0.2128,308149,2019-01-30
RDN-USD,0.2143,0.2006,0.2129,0.2021,234760,2019-01-31
RDN-USD,0.2062,0.1952,0.202,0.204,223447,2019-02-01
RDN-USD,0.2153,0.1975,0.2039,0.2117,462200,2019-02-02
RDN-USD,0.2169,0.2035,0.2115,0.2053,301792,2019-02-03
RDN-USD,0.2124,0.2041,0.2057,0.2076,175175,2019-02-04
RDN-USD,0.2089,0.2025,0.2075,0.2041,122081,2019-02-05
RDN-USD,0.2052,0.1961,0.2041,0.1995,109340,2019-02-06
RDN-USD,0.2147,0.1965,0.1993,0.2048,658459,2019-02-07
RDN-USD,0.2212,0.2009,0.2049,0.2193,704574,2019-02-08
RDN-USD,0.2252,0.2172,0.2186,0.2216,144352,2019-02-09
RDN-USD,0.2254,0.2156,0.2216,0.2254,139562,2019-02-10
RDN-USD,0.2253,0.2182,0.2253,0.22,150925,2019-02-11
RDN-USD,0.2244,0.2158,0.2204,0.2214,166120,2019-02-12
RDN-USD,0.2281,0.2177,0.2214,0.2208,247699,2019-02-13
RDN-USD,0.2218,0.2124,0.2209,0.215,177243,2019-02-14
RDN-USD,0.2215,0.2129,0.215,0.2147,128495,2019-02-15
RDN-USD,0.2622,0.2146,0.2146,0.2439,2149649,2019-02-16
RDN-USD,0.3082,0.2366,0.2406,0.245,5107202,2019-02-17
RDN-USD,0.2626,0.241,0.2443,0.2601,915129,2019-02-18
RDN-USD,0.2618,0.2493,0.2596,0.2561,402413,2019-02-19
RDN-USD,0.276,0.2521,0.2565,0.2672,603491,2019-02-20
RDN-USD,0.2678,0.256,0.2667,0.2576,279395,2019-02-21
RDN-USD,0.2766,0.2564,0.2578,0.2686,366568,2019-02-22
RDN-USD,0.3015,0.2664,0.2684,0.2837,1217699,2019-02-23
RDN-USD,0.2978,0.2531,0.2843,0.2542,488871,2019-02-24
RDN-USD,0.2585,0.2498,0.2542,0.2581,1417821,2019-02-25
RDN-USD,0.3365,0.2574,0.2579,0.2971,5708886,2019-02-26
RDN-USD,0.3472,0.2898,0.2979,0.3009,3385192,2019-02-27
RDN-USD,0.317,0.2817,0.3013,0.2849,1114508,2019-02-28
RDN-USD,0.3087,0.2846,0.2851,0.3021,725158,2019-03-01
RDN-USD,0.317,0.2867,0.302,0.2966,932999,2019-03-02
RDN-USD,0.3078,0.2895,0.2966,0.2919,765081,2019-03-03
RDN-USD,0.293,0.2652,0.293,0.2767,636830,2019-03-04
RDN-USD,0.3153,0.272,0.2767,0.2857,1253696,2019-03-05
RDN-USD,0.3016,0.2857,0.2857,0.2995,621434,2019-03-06
RDN-USD,0.3106,0.2935,0.2997,0.2943,573721,2019-03-07
RDN-USD,0.3132,0.2909,0.2929,0.299,822595,2019-03-08
RDN-USD,0.3191,0.2971,0.2992,0.3019,1034239,2019-03-09
RDN-USD,0.3075,0.2947,0.3025,0.2979,537333,2019-03-10
RDN-USD,0.3128,0.2869,0.2981,0.3021,1001618,2019-03-11
RDN-USD,0.3455,0.2804,0.3117,0.3069,3330372,2019-03-12
RDN-USD,0.3233,0.3012,0.3066,0.3158,862481,2019-03-13
RDN-USD,0.3512,0.295,0.3148,0.3081,2011202,2019-03-14
RDN-USD,0.3287,0.3082,0.3082,0.3216,782254,2019-03-15
RDN-USD,0.3473,0.318,0.3215,0.3347,1494056,2019-03-16
RDN-USD,0.3665,0.3284,0.333,0.3379,3346556,2019-03-17
RDN-USD,0.3427,0.3287,0.3385,0.3312,640035,2019-03-18
RDN-USD,0.3394,0.3302,0.3316,0.3344,444397,2019-03-19
RDN-USD,0.3467,0.3333,0.3361,0.3425,682035,2019-03-20
RDN-USD,0.3496,0.3275,0.3434,0.3303,745719,2019-03-21
RDN-USD,0.3361,0.3286,0.3308,0.3339,286443,2019-03-22
RDN-USD,0.3348,0.3268,0.3339,0.3303,239578,2019-03-23
RDN-USD,0.3401,0.327,0.3306,0.3345,745897,2019-03-24
RDN-USD,0.3498,0.3315,0.3345,0.3327,1451447,2019-03-25
RDN-USD,0.3899,0.3298,0.3322,0.3674,4359289,2019-03-26
RDN-USD,0.3665,0.3537,0.3649,0.3647,1545372,2019-03-27
RDN-USD,0.3777,0.3556,0.3645,0.3596,996458,2019-03-28
RDN-USD,0.3678,0.3529,0.3586,0.3623,854927,2019-03-29
RDN-USD,0.3887,0.3556,0.3628,0.3732,2125811,2019-03-30
RDN-USD,0.6318,0.3687,0.3729,0.5647,6325736,2019-03-31
RDN-USD,0.6565,0.4264,0.5655,0.4756,1659166,2019-04-01
RDN-USD,1.357,0.4116,0.4755,1.1393,10296321,2019-04-02
RDN-USD,1.3664,0.3697,1.2617,0.3771,1137590,2019-04-03
RDN-USD,0.3915,0.3708,0.3764,0.3842,409892,2019-04-04
RDN-USD,0.3964,0.3833,0.3836,0.3931,349963,2019-04-05
RDN-USD,0.4001,0.375,0.3931,0.3802,445318,2019-04-06
RDN-USD,0.3896,0.3736,0.3797,0.3779,496639,2019-04-07
RDN-USD,0.3943,0.3542,0.3786,0.3643,554807,2019-04-08
RDN-USD,0.3878,0.3485,0.3643,0.3664,945496,2019-04-09
RDN-USD,0.3697,0.3532,0.3651,0.3562,472032,2019-04-10
RDN-USD,0.3573,0.3038,0.3561,0.3186,492255,2019-04-11
RDN-USD,1.3019,0.3059,0.3185,0.3258,240939,2019-04-12
RDN-USD,0.3468,0.3236,0.3256,0.3249,491480,2019-04-13
RDN-USD,0.336,0.3168,0.3254,0.3351,173316,2019-04-14
RDN-USD,0.3321,0.3096,0.3296,0.3113,285451,2019-04-15
RDN-USD,0.3339,0.3074,0.3112,0.3276,411852,2019-04-16
RDN-USD,0.329,0.3165,0.3273,0.3214,255971,2019-04-17
RDN-USD,0.335,0.3204,0.3214,0.328,350345,2019-04-18
RDN-USD,0.3349,0.318,0.3287,0.332,274694,2019-04-19
RDN-USD,0.3555,0.3294,0.3325,0.3345,506200,2019-04-20
RDN-USD,0.3367,0.3177,0.3356,0.3236,261274,2019-04-21
RDN-USD,0.3324,0.3198,0.3232,0.3286,280117,2019-04-22
RDN-USD,0.3543,0.3273,0.3287,0.3334,448243,2019-04-23
RDN-USD,0.3391,0.286,0.3332,0.2957,1080587,2019-04-24
RDN-USD,0.2991,0.2707,0.2956,0.2717,241289,2019-04-25
RDN-USD,0.2805,0.2651,0.2711,0.268,257715,2019-04-26
RDN-USD,0.2877,0.267,0.2682,0.2835,270119,2019-04-27
RDN-USD,0.289,0.275,0.2839,0.2763,167504,2019-04-28
RDN-USD,0.2821,0.2625,0.2768,0.2645,229671,2019-04-29
RDN-USD,0.2862,0.2642,0.2647,0.2849,194657,2019-04-30
RDN-USD,0.3094,0.2844,0.2849,0.2991,514011,2019-05-01
RDN-USD,0.3402,0.2994,0.2994,0.3071,1096635,2019-05-02
RDN-USD,0.3091,0.2965,0.3076,0.2981,447001,2019-05-03
RDN-USD,0.3069,0.2907,0.2979,0.2916,229864,2019-05-04
RDN-USD,0.2961,0.2882,0.2918,0.2928,152817,2019-05-05
RDN-USD,0.3157,0.2866,0.293,0.3056,291232,2019-05-06
RDN-USD,0.312,0.2867,0.3066,0.2867,253891,2019-05-07
RDN-USD,0.2854,0.2701,0.2854,0.2701,261073,2019-05-08
RDN-USD,0.2732,0.2487,0.2702,0.2546,279828,2019-05-09
RDN-USD,0.2968,0.2513,0.2559,0.2636,738374,2019-05-10
RDN-USD,0.2914,0.2542,0.2637,0.2704,502736,2019-05-11
RDN-USD,0.3093,0.2539,0.2702,0.2959,745375,2019-05-12
RDN-USD,0.296,0.2699,0.295,0.2844,696602,2019-05-13
RDN-USD,0.3037,0.2756,0.2854,0.2848,573107,2019-05-14
RDN-USD,0.3364,0.2833,0.2852,0.3302,964284,2019-05-15
RDN-USD,0.3612,0.3042,0.3304,0.3157,650704,2019-05-16
RDN-USD,0.3181,0.2679,0.316,0.2996,305066,2019-05-17
RDN-USD,0.3119,0.2945,0.2997,0.3002,278233,2019-05-18
RDN-USD,0.3169,0.2964,0.3004,0.301,965632,2019-05-19
RDN-USD,0.3043,0.2823,0.3002,0.2882,351665,2019-05-20
RDN-USD,0.3484,0.2857,0.2887,0.3309,1133742,2019-05-21
RDN-USD,0.3544,0.314,0.3295,0.3179,1157507,2019-05-22
RDN-USD,0.3386,0.2922,0.3177,0.3279,1287903,2019-05-23
RDN-USD,0.3342,0.3027,0.3273,0.305,623564,2019-05-24
RDN-USD,0.3176,0.3028,0.3054,0.3112,328300,2019-05-25
RDN-USD,0.3297,0.3096,0.3114,0.3256,562368,2019-05-26
RDN-USD,0.3276,0.3075,0.3261,0.3164,384818,2019-05-27
RDN-USD,0.3217,0.3115,0.3154,0.3118,325032,2019-05-28
RDN-USD,0.3822,0.3004,0.3125,0.3522,1633448,2019-05-29
RDN-USD,0.4119,0.3329,0.3499,0.3602,3207764,2019-05-30
RDN-USD,0.5027,0.3526,0.3608,0.4454,7515871,2019-05-31
RDN-USD,0.4684,0.3944,0.4477,0.3967,1901784,2019-06-01
RDN-USD,0.4076,0.3908,0.3971,0.4056,419358,2019-06-02
RDN-USD,0.4054,0.3595,0.4054,0.3596,369529,2019-06-03
RDN-USD,0.3593,0.3119,0.3593,0.3167,556471,2019-06-04
RDN-USD,0.326,0.3115,0.3172,0.3221,283428,2019-06-05
RDN-USD,0.3313,0.3115,0.3217,0.3243,217729,2019-06-06
RDN-USD,0.3704,0.321,0.3241,0.3486,473843,2019-06-07
RDN-USD,0.3622,0.3441,0.3483,0.3483,487432,2019-06-08
RDN-USD,0.349,0.3039,0.3482,0.311,482435,2019-06-09
RDN-USD,0.3531,0.3055,0.3108,0.3482,606382,2019-06-10
RDN-USD,0.3601,0.3359,0.3492,0.3462,455837,2019-06-11
RDN-USD,0.3626,0.3435,0.3462,0.3586,260906,2019-06-12
RDN-USD,0.374,0.3536,0.361,0.3541,409841,2019-06-13
RDN-USD,0.3586,0.3284,0.3545,0.3381,380907,2019-06-14
RDN-USD,0.355,0.3362,0.3379,0.3444,387863,2019-06-15
RDN-USD,0.3509,0.3355,0.3447,0.3378,332121,2019-06-16
RDN-USD,0.424,0.3414,0.3414,0.418,2559525,2019-06-17
RDN-USD,0.4227,0.3645,0.4188,0.3702,866531,2019-06-18
RDN-USD,0.3764,0.3606,0.37,0.3612,450327,2019-06-19
RDN-USD,0.3812,0.3544,0.3608,0.3597,585330,2019-06-20
RDN-USD,0.4175,0.3591,0.3592,0.3749,972043,2019-06-21
RDN-USD,0.4703,0.3734,0.3752,0.4198,1731208,2019-06-22
RDN-USD,0.4391,0.3963,0.4193,0.3976,563239,2019-06-23
RDN-USD,0.4138,0.3909,0.3979,0.4021,237370,2019-06-24
RDN-USD,0.4595,0.3917,0.4042,0.4276,1505645,2019-06-25
RDN-USD,0.4327,0.3956,0.4297,0.4158,835953,2019-06-26
RDN-USD,0.4369,0.3493,0.4184,0.3596,572795,2019-06-27
RDN-USD,0.3834,0.3559,0.3624,0.3682,439080,2019-06-28
RDN-USD,0.3702,0.3167,0.3702,0.3543,2438837,2019-06-29
RDN-USD,0.3591,0.3143,0.3534,0.3174,460680,2019-06-30
RDN-USD,0.3438,0.3108,0.3148,0.3238,640266,2019-07-01
RDN-USD,0.3303,0.2962,0.3237,0.3145,1084272,2019-07-02
RDN-USD,0.3334,0.3056,0.3162,0.309,840912,2019-07-03
RDN-USD,0.3098,0.2895,0.3075,0.2895,514253,2019-07-04
RDN-USD,0.2973,0.2871,0.2901,0.2887,304161,2019-07-05
RDN-USD,0.3073,0.2896,0.2896,0.3035,445079,2019-07-06
RDN-USD,0.3328,0.3022,0.3033,0.3268,813760,2019-07-07
RDN-USD,0.3376,0.3124,0.3271,0.3127,370424,2019-07-08
RDN-USD,0.3273,0.3045,0.3129,0.3084,410778,2019-07-09
RDN-USD,0.3182,0.2812,0.3091,0.286,212843,2019-07-10
RDN-USD,0.2864,0.2537,0.286,0.2591,715947,2019-07-11
RDN-USD,0.2845,0.258,0.2591,0.2839,443641,2019-07-12
RDN-USD,0.288,0.2662,0.284,0.2745,160969,2019-07-13
RDN-USD,0.275,0.2396,0.2746,0.2396,100981,2019-07-14
RDN-USD,0.2592,0.2252,0.2389,0.2456,275138,2019-07-15
RDN-USD,0.2538,0.2079,0.2455,0.2086,317445,2019-07-16
RDN-USD,0.2237,0.2001,0.2077,0.2152,189277,2019-07-17
RDN-USD,0.2465,0.2105,0.2153,0.2375,288170,2019-07-18
RDN-USD,0.2535,0.2306,0.2379,0.2531,173417,2019-07-19
RDN-USD,0.2891,0.253,0.253,0.2806,780559,2019-07-20
RDN-USD,0.2825,0.26,0.2791,0.2688,141332,2019-07-21
RDN-USD,0.274,0.2616,0.2686,0.2715,229456,2019-07-22
RDN-USD,0.2763,0.2506,0.2725,0.2533,193379,2019-07-23
RDN-USD,0.2674,0.2447,0.2527,0.2663,153259,2019-07-24
RDN-USD,0.2804,0.266,0.2667,0.2709,165006,2019-07-25
RDN-USD,0.2735,0.2645,0.2695,0.2652,213433,2019-07-26
RDN-USD,0.2702,0.2366,0.2651,0.2366,201308,2019-07-27
RDN-USD,0.2447,0.2292,0.2371,0.2389,203158,2019-07-28
RDN-USD,0.2408,0.2251,0.2397,0.2255,313230,2019-07-29
RDN-USD,0.23,0.221,0.2262,0.2265,325931,2019-07-30
RDN-USD,0.2321,0.2254,0.2271,0.2292,181235,2019-07-31
RDN-USD,0.2293,0.2198,0.2291,0.226,202321,2019-08-01
RDN-USD,0.2288,0.2211,0.2262,0.2242,118422,2019-08-02
RDN-USD,0.2328,0.2211,0.2244,0.2242,102971,2019-08-03
RDN-USD,0.234,0.2207,0.2244,0.2335,166883,2019-08-04
RDN-USD,0.2389,0.2256,0.2334,0.2263,302823,2019-08-05
RDN-USD,0.2271,0.2115,0.2264,0.2152,529270,2019-08-06
RDN-USD,0.2267,0.2078,0.2154,0.2128,760107,2019-08-07
RDN-USD,0.2335,0.2079,0.2125,0.2108,869569,2019-08-08
RDN-USD,0.211,0.1929,0.2106,0.1931,267953,2019-08-09
RDN-USD,0.1969,0.1895,0.1932,0.1969,177490,2019-08-10
RDN-USD,0.2014,0.1953,0.1997,0.1972,164566,2019-08-11
RDN-USD,0.2029,0.1936,0.1976,0.199,486181,2019-08-12
RDN-USD,0.2081,0.1943,0.1991,0.1977,475176,2019-08-13
RDN-USD,0.2032,0.1836,0.1975,0.1836,1205106,2019-08-14
RDN-USD,0.1952,0.1797,0.1842,0.192,335256,2019-08-15
RDN-USD,0.196,0.1847,0.1921,0.1891,252585,2019-08-16
RDN-USD,0.1897,0.1812,0.1895,0.1839,300701,2019-08-17
RDN-USD,0.1881,0.1817,0.1844,0.1863,237636,2019-08-18
RDN-USD,0.2141,0.1856,0.1864,0.1898,1740414,2019-08-19
RDN-USD,0.1901,0.1802,0.1901,0.181,408489,2019-08-20
RDN-USD,0.1815,0.1679,0.1809,0.1777,692956,2019-08-21
RDN-USD,0.1901,0.173,0.1781,0.1859,710838,2019-08-22
RDN-USD,0.203,0.1835,0.1858,0.2022,663080,2019-08-23
RDN-USD,0.202,0.1933,0.202,0.2015,622924,2019-08-24
RDN-USD,0.2097,0.196,0.2016,0.1998,734035,2019-08-25
RDN-USD,0.2017,0.1898,0.2002,0.1909,395350,2019-08-26
RDN-USD,0.1917,0.1817,0.1913,0.1862,490653,2019-08-27
RDN-USD,0.1864,0.1643,0.1864,0.1673,424866,2019-08-28
RDN-USD,0.17,0.1582,0.1673,0.1677,465907,2019-08-29
RDN-USD,0.1802,0.1672,0.1681,0.1765,480728,2019-08-30
RDN-USD,0.1773,0.1705,0.1763,0.174,130980,2019-08-31
RDN-USD,0.1745,0.1694,0.174,0.1724,122126,2019-09-01
RDN-USD,0.1925,0.1702,0.1721,0.1835,928904,2019-09-02
RDN-USD,0.1828,0.1748,0.1828,0.1757,261416,2019-09-03
RDN-USD,0.1757,0.1584,0.1757,0.1629,955724,2019-09-04
RDN-USD,0.1638,0.1586,0.1628,0.1632,324485,2019-09-05
RDN-USD,0.1648,0.1582,0.1634,0.1591,207798,2019-09-06
RDN-USD,0.1654,0.1573,0.1596,0.1645,179989,2019-09-07
RDN-USD,0.1647,0.1616,0.164,0.1637,159978,2019-09-08
RDN-USD,0.1651,0.1589,0.1637,0.1646,162862,2019-09-09
RDN-USD,0.1677,0.1608,0.1645,0.1638,270504,2019-09-10
RDN-USD,0.1657,0.1561,0.1637,0.1563,231581,2019-09-11
RDN-USD,0.1581,0.1537,0.1564,0.156,186831,2019-09-12
RDN-USD,0.1612,0.1558,0.1561,0.159,108478,2019-09-13
RDN-USD,0.164,0.1568,0.1588,0.1599,68987,2019-09-14
RDN-USD,0.1648,0.1584,0.1599,0.1637,291600,2019-09-15
RDN-USD,0.1671,0.1596,0.164,0.1659,153805,2019-09-16
RDN-USD,0.1699,0.1621,0.166,0.166,213155,2019-09-17
RDN-USD,0.1729,0.1659,0.1661,0.1715,680916,2019-09-18
RDN-USD,0.1814,0.1614,0.1717,0.1765,411162,2019-09-19
RDN-USD,0.1795,0.1757,0.1769,0.1777,212123,2019-09-20
RDN-USD,0.1792,0.1755,0.1777,0.1769,123626,2019-09-21
RDN-USD,0.1775,0.1708,0.1769,0.1754,193715,2019-09-22
RDN-USD,0.1769,0.1641,0.1753,0.1643,391599,2019-09-23
RDN-USD,0.1664,0.1349,0.1645,0.139,331637,2019-09-24
RDN-USD,0.1437,0.1322,0.1387,0.1412,208034,2019-09-25
RDN-USD,0.1504,0.1366,0.1412,0.1409,439776,2019-09-26
RDN-USD,0.1517,0.1396,0.1408,0.151,162113,2019-09-27
RDN-USD,0.1581,0.151,0.151,0.1564,130525,2019-09-28
RDN-USD,0.1586,0.1459,0.1568,0.1494,141346,2019-09-29
RDN-USD,0.1594,0.1426,0.149,0.1579,138352,2019-09-30
RDN-USD,0.1637,0.1567,0.1582,0.162,111183,2019-10-01
RDN-USD,0.1964,0.1619,0.1622,0.1882,1598542,2019-10-02
RDN-USD,0.2006,0.1851,0.1884,0.199,709790,2019-10-03
RDN-USD,0.211,0.1952,0.1988,0.2108,521064,2019-10-04
RDN-USD,0.2114,0.1998,0.2105,0.2056,416870,2019-10-05
RDN-USD,0.2059,0.1901,0.2057,0.1978,702008,2019-10-06
RDN-USD,0.2268,0.1895,0.192,0.225,1747173,2019-10-07
RDN-USD,0.2687,0.2211,0.2246,0.2424,3554700,2019-10-08
RDN-USD,0.261,0.2359,0.2409,0.2552,2254406,2019-10-09
RDN-USD,0.2636,0.1933,0.2523,0.2,3867056,2019-10-10
RDN-USD,0.2023,0.1765,0.2013,0.1863,2787096,2019-10-11
RDN-USD,0.1942,0.1807,0.1859,0.1824,1493870,2019-10-12
RDN-USD,0.1859,0.1741,0.1845,0.1752,1398259,2019-10-13
RDN-USD,0.1839,0.1742,0.1752,0.179,1609520,2019-10-14
RDN-USD,0.1843,0.1728,0.176,0.1774,1640114,2019-10-15
RDN-USD,0.178,0.1507,0.178,0.1615,1685699,2019-10-16
RDN-USD,0.1652,0.1571,0.1619,0.1608,1159949,2019-10-17
RDN-USD,0.1654,0.1506,0.1607,0.159,1134591,2019-10-18
RDN-USD,0.1615,0.1531,0.1538,0.1543,909991,2019-10-19
RDN-USD,0.1623,0.152,0.1573,0.1565,1083349,2019-10-20
RDN-USD,0.1605,0.153,0.1567,0.1569,880394,2019-10-21
RDN-USD,0.1628,0.154,0.1576,0.1558,1026610,2019-10-22
RDN-USD,0.1648,0.1392,0.1558,0.1438,1189127,2019-10-23
RDN-USD,0.1551,0.1417,0.1442,0.149,917194,2019-10-24
RDN-USD,0.1559,0.1421,0.1527,0.1554,1226279,2019-10-25
RDN-USD,0.161,0.1448,0.1544,0.1512,1187815,2019-10-26
RDN-USD,0.1594,0.1446,0.1509,0.1532,1167162,2019-10-27
RDN-USD,0.1755,0.1503,0.1511,0.1595,1166289,2019-10-28
RDN-USD,0.1696,0.1556,0.1606,0.165,1199740,2019-10-29
RDN-USD,0.1651,0.1498,0.1638,0.1547,1050642,2019-10-30
RDN-USD,0.1588,0.1501,0.1575,0.1538,2325015,2019-10-31
RDN-USD,0.1622,0.1537,0.1538,0.1605,1004478,2019-11-01
RDN-USD,0.1635,0.157,0.1574,0.1591,1053520,2019-11-02
RDN-USD,0.1652,0.1563,0.1594,0.1625,1127135,2019-11-03
RDN-USD,0.1793,0.1618,0.1625,0.1636,1896950,2019-11-04
RDN-USD,0.1653,0.1576,0.1653,0.1588,1005125,2019-11-05
RDN-USD,0.1662,0.1584,0.1585,0.1636,62274380,2019-11-06
RDN-USD,0.1731,0.162,0.1654,0.1707,1555938,2019-11-07
RDN-USD,0.1702,0.1524,0.1684,0.1576,2431981,2019-11-08
RDN-USD,0.1595,0.1551,0.1586,0.158,885817,2019-11-09
RDN-USD,0.1622,0.155,0.1556,0.1611,966836,2019-11-10
RDN-USD,0.1631,0.1532,0.1611,0.1586,959253,2019-11-11
RDN-USD,0.1593,0.1535,0.1581,0.1549,973231,2019-11-12
RDN-USD,0.1652,0.1546,0.1549,0.1617,2396218,2019-11-13
RDN-USD,0.1779,0.156,0.1624,0.1645,4817540,2019-11-14
RDN-USD,0.1744,0.1624,0.1646,0.1641,1536306,2019-11-15
RDN-USD,0.1657,0.1616,0.165,0.1643,1029808,2019-11-16
RDN-USD,0.1707,0.1615,0.1625,0.167,1031004,2019-11-17
RDN-USD,0.1675,0.155,0.167,0.1567,1043981,2019-11-18
RDN-USD,0.1593,0.1476,0.157,0.1526,2662804,2019-11-19
RDN-USD,0.1555,0.1488,0.1526,0.1508,1205464,2019-11-20
RDN-USD,0.1514,0.1337,0.1494,0.1368,1187863,2019-11-21
RDN-USD,0.1372,0.1121,0.1346,0.1201,1164405,2019-11-22
RDN-USD,0.1249,0.1168,0.1206,0.1242,1105856,2019-11-23
RDN-USD,0.1249,0.1141,0.1228,0.1158,1068674,2019-11-24
RDN-USD,0.1225,0.1048,0.1147,0.1196,1222249,2019-11-25
RDN-USD,0.1338,0.1185,0.1185,0.13,1707022,2019-11-26
RDN-USD,0.1383,0.1199,0.1306,0.1336,1368469,2019-11-27
RDN-USD,0.1404,0.1314,0.1346,0.1348,1470909,2019-11-28
RDN-USD,0.1412,0.1341,0.1352,0.1365,1198268,2019-11-29
RDN-USD,0.1401,0.1338,0.1376,0.1389,1378920,2019-11-30
RDN-USD,0.139,0.1326,0.139,0.1349,1277332,2019-12-01
RDN-USD,0.1354,0.1288,0.134,0.1303,1112688,2019-12-02
RDN-USD,0.1319,0.1264,0.1292,0.1264,1071984,2019-12-03
RDN-USD,0.1308,0.122,0.1262,0.1235,1095005,2019-12-04
RDN-USD,0.1237,0.1194,0.1221,0.1231,1076115,2019-12-05
RDN-USD,0.1295,0.121,0.1234,0.1282,1171556,2019-12-06
RDN-USD,0.1295,0.126,0.1288,0.1275,1047449,2019-12-07
RDN-USD,0.1372,0.1267,0.1275,0.1362,1434439,2019-12-08
RDN-USD,0.1369,0.13,0.1353,0.1314,1116230,2019-12-09
RDN-USD,0.132,0.1176,0.131,0.1203,1131255,2019-12-10
RDN-USD,0.126,0.1203,0.1205,0.1229,1061243,2019-12-11
RDN-USD,0.1252,0.1203,0.123,0.123,1015105,2019-12-12
RDN-USD,0.1236,0.119,0.1207,0.1219,1139533,2019-12-13
RDN-USD,0.1229,0.1172,0.1209,0.1216,1107487,2019-12-14
RDN-USD,0.1237,0.119,0.1222,0.1211,24897315,2019-12-15
RDN-USD,0.1472,0.121,0.1211,0.1258,2314350,2019-12-16
RDN-USD,0.127,0.1077,0.1262,0.112,1146550,2019-12-17
RDN-USD,0.123,0.1047,0.1121,0.1183,2944165,2019-12-18
RDN-USD,0.1197,0.1114,0.1183,0.1158,826450,2019-12-19
RDN-USD,0.1184,0.1141,0.1162,0.1184,800944,2019-12-20
RDN-USD,0.1184,0.1144,0.1181,0.1148,775173,2019-12-21
RDN-USD,0.12,0.1135,0.1157,0.1196,818605,2019-12-22
RDN-USD,0.1227,0.115,0.1198,0.1159,820669,2019-12-23
RDN-USD,0.1186,0.1145,0.1175,0.1175,783622,2019-12-24
RDN-USD,0.1178,0.112,0.1164,0.1133,194087,2019-12-25
RDN-USD,0.1177,0.1117,0.1134,0.1129,799764,2019-12-26
RDN-USD,0.1166,0.1118,0.1136,0.115,804495,2019-12-27
RDN-USD,0.118,0.1145,0.1162,0.1169,793031,2019-12-28
RDN-USD,0.1263,0.1146,0.1159,0.1219,1059060,2019-12-29
RDN-USD,0.123,0.1176,0.1226,0.1182,293953,2019-12-30
RDN-USD,0.1206,0.1149,0.12,0.1171,834911,2019-12-31
RDN-USD,0.1222,0.1153,0.1155,0.1191,930522,2020-01-01
RDN-USD,0.12,0.1121,0.1192,0.1128,896949,2020-01-02
RDN-USD,0.1152,0.1105,0.1121,0.114,787271,2020-01-03
RDN-USD,0.1208,0.1135,0.1138,0.1178,1145230,2020-01-04
RDN-USD,0.12,0.1144,0.1187,0.1152,820480,2020-01-05
RDN-USD,0.1196,0.1121,0.1152,0.1178,1063854,2020-01-06
RDN-USD,0.1178,0.112,0.1167,0.1126,896756,2020-01-07
RDN-USD,0.124,0.1071,0.1137,0.1098,1771627,2020-01-08
RDN-USD,0.1108,0.1064,0.1101,0.1096,941210,2020-01-09
RDN-USD,0.1213,0.1084,0.1095,0.1175,2439422,2020-01-10
RDN-USD,0.1193,0.1142,0.1169,0.1152,1057167,2020-01-11
RDN-USD,0.124,0.1149,0.115,0.1203,1020547,2020-01-12
RDN-USD,0.1217,0.1167,0.1209,0.1203,869694,2020-01-13
RDN-USD,0.1232,0.1148,0.1198,0.1196,945214,2020-01-14
RDN-USD,0.1224,0.1158,0.1194,0.1214,1005736,2020-01-15
RDN-USD,0.126,0.1155,0.1205,0.122,1041990,2020-01-16
RDN-USD,0.1258,0.1179,0.1206,0.125,1015140,2020-01-17
RDN-USD,0.1435,0.1207,0.1233,0.1371,1601292,2020-01-18
RDN-USD,0.1395,0.121,0.1354,0.127,2204171,2020-01-19
RDN-USD,0.128,0.121,0.128,0.1246,1009220,2020-01-20
RDN-USD,0.1277,0.1227,0.1246,0.125,934414,2020-01-21
RDN-USD,0.1302,0.1244,0.1248,0.1302,949256,2020-01-22
RDN-USD,0.1297,0.12,0.1274,0.1239,995501,2020-01-23
RDN-USD,0.1272,0.1194,0.1241,0.1261,877530,2020-01-24
RDN-USD,0.1283,0.1212,0.125,0.1264,934527,2020-01-25
RDN-USD,0.1301,0.1236,0.1263,0.1258,879646,2020-01-26
RDN-USD,0.129,0.1219,0.1277,0.124,934071,2020-01-27
RDN-USD,0.1275,0.1215,0.1239,0.1267,1015188,2020-01-28
RDN-USD,0.1291,0.1231,0.127,0.1257,940802,2020-01-29
RDN-USD,0.1381,0.1218,0.1254,0.1227,1957193,2020-01-30
RDN-USD,0.126,0.1213,0.1219,0.123,990413,2020-01-31
RDN-USD,0.1498,0.123,0.1254,0.1337,3819563,2020-02-01
RDN-USD,0.14,0.1319,0.1341,0.1331,2087355,2020-02-02
RDN-USD,0.1373,0.1307,0.1333,0.135,1480570,2020-02-03
RDN-USD,0.1373,0.1301,0.1364,0.1372,1403351,2020-02-04
RDN-USD,0.1381,0.1306,0.1354,0.1334,1146000,2020-02-05
RDN-USD,0.1458,0.133,0.1336,0.1434,1200090,2020-02-06
RDN-USD,0.155,0.1439,0.1439,0.1548,1414242,2020-02-07
RDN-USD,0.1562,0.1432,0.1527,0.1474,1323752,2020-02-08
RDN-USD,0.1578,0.1457,0.1457,0.157,1671665,2020-02-09
RDN-USD,0.1577,0.146,0.1541,0.1535,1916100,2020-02-10
RDN-USD,0.1657,0.1488,0.1552,0.164,1316212,2020-02-11
RDN-USD,0.1798,0.1611,0.1636,0.1741,1784297,2020-02-12
RDN-USD,0.1795,0.1674,0.1739,0.1753,1546431,2020-02-13
RDN-USD,0.19,0.1663,0.1756,0.1769,2194169,2020-02-14
RDN-USD,0.1899,0.1698,0.1785,0.174,1947068,2020-02-15
RDN-USD,0.2032,0.166,0.1741,0.175,3206444,2020-02-16
RDN-USD,0.1745,0.149,0.1739,0.1636,1650765,2020-02-17
RDN-USD,0.1658,0.1533,0.164,0.1645,1436614,2020-02-18
RDN-USD,0.1673,0.1525,0.1652,0.1551,1103290,2020-02-19
RDN-USD,0.1564,0.1467,0.1527,0.1557,1204040,2020-02-20
RDN-USD,0.17,0.1486,0.1511,0.1548,1173571,2020-02-21
RDN-USD,0.154,0.1472,0.1534,0.1511,1196382,2020-02-22
RDN-USD,0.1591,0.1459,0.1512,0.156,1286015,2020-02-23
RDN-USD,0.1583,0.1428,0.1561,0.1462,1130952,2020-02-24
RDN-USD,0.1486,0.1343,0.1478,0.1379,1119455,2020-02-25
RDN-USD,0.1376,0.1172,0.1346,0.1202,1067855,2020-02-26
RDN-USD,0.1339,0.1137,0.1228,0.1259,1050016,2020-02-27
RDN-USD,0.1302,0.1157,0.1256,0.1267,982703,2020-02-28
RDN-USD,0.1291,0.1208,0.1226,0.1209,1058790,2020-02-29
RDN-USD,0.1269,0.1169,0.1229,0.1195,953217,2020-03-01
RDN-USD,0.1311,0.1171,0.1176,0.1262,982512,2020-03-02
RDN-USD,0.1397,0.1229,0.126,0.1303,1830605,2020-03-03
RDN-USD,0.1336,0.1247,0.1297,0.1289,1490189,2020-03-04
RDN-USD,0.1482,0.1283,0.1292,0.1401,1837419,2020-03-05
RDN-USD,0.1483,0.1381,0.1394,0.1481,1346283,2020-03-06
RDN-USD,0.1497,0.1376,0.1484,0.1395,1191422,2020-03-07
RDN-USD,0.1396,0.1144,0.1396,0.1144,1033592,2020-03-08
RDN-USD,0.1199,0.1067,0.1132,0.1143,942935,2020-03-09
RDN-USD,0.1183,0.1087,0.1146,0.1129,994818,2020-03-10
RDN-USD,0.1144,0.1049,0.1135,0.1128,1070290,2020-03-11
RDN-USD,0.1126,0.0581,0.1126,0.0581,592649,2020-03-12
RDN-USD,0.0747,0.0474,0.0586,0.0657,1503586,2020-03-13
RDN-USD,0.0674,0.0613,0.0662,0.0625,673342,2020-03-14
RDN-USD,0.0674,0.0614,0.062,0.0636,638583,2020-03-15
RDN-USD,0.0635,0.05,0.0635,0.0549,382941,2020-03-16
RDN-USD,0.0617,0.0549,0.0549,0.0611,364555,2020-03-17
RDN-USD,0.0611,0.0541,0.0596,0.0554,186070,2020-03-18
RDN-USD,0.07,0.0554,0.0554,0.0681,334795,2020-03-19
RDN-USD,0.0806,0.0637,0.0681,0.0689,675450,2020-03-20
RDN-USD,0.077,0.067,0.069,0.0728,569677,2020-03-21
RDN-USD,0.0751,0.0647,0.0733,0.0651,291606,2020-03-22
RDN-USD,0.0716,0.0637,0.0654,0.0716,309583,2020-03-23
RDN-USD,0.0743,0.0688,0.0719,0.0738,322562,2020-03-24
RDN-USD,0.0777,0.0719,0.0738,0.0742,337230,2020-03-25
RDN-USD,0.084,0.0726,0.0742,0.0801,927644,2020-03-26
RDN-USD,0.0856,0.0765,0.0804,0.0765,1312868,2020-03-27
RDN-USD,0.0755,0.0704,0.0755,0.0738,386232,2020-03-28
RDN-USD,0.0768,0.0686,0.0739,0.0686,369250,2020-03-29
RDN-USD,0.0804,0.0676,0.0684,0.0764,483747,2020-03-30
RDN-USD,0.0914,0.0755,0.0761,0.0842,1440673,2020-03-31
RDN-USD,0.0902,0.0746,0.0842,0.0746,525798,2020-04-01
RDN-USD,0.1071,0.0688,0.0748,0.0722,533868,2020-04-02
RDN-USD,0.0853,0.072,0.0725,0.0839,516878,2020-04-03
RDN-USD,0.0867,0.0826,0.0842,0.0842,542120,2020-04-04
RDN-USD,0.0878,0.0706,0.0841,0.0791,694733,2020-04-05
RDN-USD,0.0946,0.0792,0.0792,0.0946,1156276,2020-04-06
RDN-USD,0.0968,0.0892,0.095,0.0905,670823,2020-04-07
RDN-USD,0.1007,0.0819,0.0901,0.0995,617272,2020-04-08
RDN-USD,0.1003,0.0835,0.0992,0.0916,653352,2020-04-09
RDN-USD,0.0963,0.0826,0.0916,0.0861,1431430,2020-04-10
RDN-USD,0.0881,0.0792,0.0862,0.0807,543986,2020-04-11
RDN-USD,0.0965,0.0797,0.0806,0.0933,670371,2020-04-12
RDN-USD,0.0933,0.0855,0.0931,0.0879,882154,2020-04-13
RDN-USD,0.0905,0.0814,0.0877,0.084,536067,2020-04-14
RDN-USD,0.0887,0.0805,0.0841,0.0842,679772,2020-04-15
RDN-USD,0.1026,0.08,0.0845,0.1026,701334,2020-04-16
RDN-USD,0.1056,0.0886,0.1036,0.0901,635496,2020-04-17
RDN-USD,0.0962,0.0875,0.0901,0.0915,712116,2020-04-18
RDN-USD,0.1012,0.0899,0.0917,0.0996,549049,2020-04-19
RDN-USD,0.1028,0.0866,0.0998,0.0883,588861,2020-04-20
RDN-USD,0.095,0.0872,0.0882,0.0933,1039015,2020-04-21
RDN-USD,0.0991,0.0896,0.0933,0.0985,844545,2020-04-22
RDN-USD,0.1101,0.0916,0.0986,0.0952,584692,2020-04-23
RDN-USD,0.1033,0.0956,0.0956,0.0966,598455,2020-04-24
RDN-USD,0.1164,0.096,0.0967,0.1164,699619,2020-04-25
RDN-USD,0.121,0.1083,0.1167,0.1144,679342,2020-04-26
RDN-USD,0.1209,0.1029,0.1151,0.1084,702530,2020-04-27
RDN-USD,0.1274,0.1069,0.1082,0.1114,2747290,2020-04-28
RDN-USD,0.1122,0.1033,0.1111,0.1096,1587205,2020-04-29
RDN-USD,0.1219,0.1051,0.1097,0.1094,916526,2020-04-30
RDN-USD,0.139,0.1098,0.1098,0.1143,3501254,2020-05-01
RDN-USD,0.1143,0.1062,0.113,0.1135,1296588,2020-05-02
RDN-USD,0.1152,0.1072,0.1136,0.1109,961903,2020-05-03
RDN-USD,0.1138,0.1015,0.1111,0.113,779810,2020-05-04
RDN-USD,0.116,0.1039,0.1129,0.1106,2516225,2020-05-05
RDN-USD,0.1237,0.1041,0.1106,0.1041,861465,2020-05-06
RDN-USD,0.1232,0.103,0.1034,0.113,965142,2020-05-07
RDN-USD,0.1194,0.0982,0.1124,0.1175,1029338,2020-05-08
RDN-USD,0.1202,0.1018,0.1171,0.1147,787642,2020-05-09
RDN-USD,0.1143,0.0933,0.1142,0.1018,895983,2020-05-10
RDN-USD,0.1203,0.0996,0.1018,0.1136,853837,2020-05-11
RDN-USD,0.1197,0.1076,0.1135,0.1082,710544,2020-05-12
RDN-USD,0.1104,0.104,0.1088,0.1098,712317,2020-05-13
RDN-USD,0.1108,0.0997,0.1098,0.1067,763774,2020-05-14
RDN-USD,0.1084,0.0995,0.1062,0.1058,674114,2020-05-15
RDN-USD,0.1118,0.0997,0.1061,0.1046,1037179,2020-05-16
RDN-USD,0.1117,0.104,0.1057,0.1107,790243,2020-05-17
RDN-USD,0.1139,0.1073,0.1102,0.1105,718812,2020-05-18
RDN-USD,0.1208,0.1061,0.1106,0.1198,874561,2020-05-19
RDN-USD,0.1247,0.1079,0.1196,0.1088,722864,2020-05-20
RDN-USD,0.1208,0.1048,0.1086,0.1134,1383365,2020-05-21
RDN-USD,0.1221,0.1118,0.1134,0.1164,1012236,2020-05-22
RDN-USD,0.1237,0.1122,0.1163,0.1163,815906,2020-05-23
RDN-USD,0.126,0.1096,0.1165,0.1097,771358,2020-05-24
RDN-USD,0.1246,0.1068,0.1091,0.1239,1381238,2020-05-25
RDN-USD,0.1285,0.1128,0.1239,0.1131,1056426,2020-05-26
RDN-USD,0.1464,0.1116,0.1129,0.1351,2485231,2020-05-27
RDN-USD,0.1587,0.1242,0.1353,0.1587,1522247,2020-05-28
RDN-USD,0.1672,0.1557,0.16,0.1614,1874858,2020-05-29
RDN-USD,0.1713,0.1439,0.1617,0.1628,1411062,2020-05-30
RDN-USD,0.1657,0.138,0.1623,0.1387,1129741,2020-05-31
RDN-USD,0.1438,0.1331,0.1388,0.1384,977599,2020-06-01
RDN-USD,0.1446,0.1326,0.1386,0.1354,1188028,2020-06-02
RDN-USD,0.145,0.1361,0.1366,0.1429,1089682,2020-06-03
RDN-USD,0.1566,0.1417,0.1428,0.1541,1153139,2020-06-04
RDN-USD,0.1557,0.1472,0.1543,0.1527,1087685,2020-06-05
RDN-USD,0.1538,0.1355,0.1529,0.1409,877161,2020-06-06
RDN-USD,0.1773,0.1384,0.1407,0.1764,2747833,2020-06-07
RDN-USD,0.1877,0.1645,0.1756,0.171,2454635,2020-06-08
RDN-USD,0.256,0.1658,0.1703,0.2329,10177043,2020-06-09
RDN-USD,0.2403,0.2014,0.2306,0.2239,4647077,2020-06-10
RDN-USD,0.2458,0.1889,0.2265,0.1889,2853327,2020-06-11
RDN-USD,0.2254,0.1841,0.189,0.2218,2479879,2020-06-12
RDN-USD,0.2839,0.2053,0.2221,0.2076,1801857,2020-06-13
RDN-USD,0.2279,0.2073,0.2074,0.2146,2178963,2020-06-14
RDN-USD,0.2145,0.1849,0.2145,0.2029,2151019,2020-06-15
RDN-USD,0.2088,0.1945,0.2027,0.2058,1634519,2020-06-16
RDN-USD,0.2281,0.1943,0.2063,0.2201,2133683,2020-06-17
RDN-USD,0.2358,0.213,0.2197,0.2358,3217769,2020-06-18
RDN-USD,0.2373,0.2168,0.2358,0.224,2109406,2020-06-19
RDN-USD,0.2372,0.2108,0.225,0.2217,2256039,2020-06-20
RDN-USD,0.2485,0.2189,0.221,0.2254,3096046,2020-06-21
RDN-USD,0.263,0.2211,0.2251,0.2465,3546410,2020-06-22
RDN-USD,0.2631,0.2432,0.2458,0.2478,2831852,2020-06-23
RDN-USD,0.2578,0.223,0.2481,0.225,2094154,2020-06-24
RDN-USD,0.2376,0.2134,0.2252,0.2195,1773210,2020-06-25
RDN-USD,0.2192,0.1975,0.2175,0.2111,1714818,2020-06-26
RDN-USD,0.2234,0.1703,0.2124,0.1855,1433687,2020-06-27
RDN-USD,0.1976,0.1813,0.1863,0.1889,1379687,2020-06-28
RDN-USD,0.21,0.1838,0.1887,0.2001,1561831,2020-06-29
RDN-USD,0.2177,0.1956,0.1997,0.1986,1433395,2020-06-30
RDN-USD,0.2069,0.1955,0.1981,0.1989,1114732,2020-07-01
RDN-USD,0.2094,0.182,0.1986,0.1846,1343817,2020-07-02
RDN-USD,0.199,0.182,0.1847,0.1989,1751735,2020-07-03
RDN-USD,0.2079,0.186,0.1991,0.1956,1277326,2020-07-04
RDN-USD,0.1987,0.1871,0.1952,0.1881,1170729,2020-07-05
RDN-USD,0.2204,0.1866,0.1882,0.2139,1574234,2020-07-06
RDN-USD,0.2201,0.1963,0.2133,0.2069,1420252,2020-07-07
RDN-USD,0.2245,0.2034,0.2073,0.2203,1501028,2020-07-08
RDN-USD,0.2334,0.2079,0.2206,0.2208,1978881,2020-07-09
RDN-USD,0.2391,0.2141,0.2208,0.2359,2585418,2020-07-10
RDN-USD,0.2433,0.2317,0.2352,0.2345,1692643,2020-07-11
RDN-USD,0.2646,0.2339,0.2345,0.2646,2184094,2020-07-12
RDN-USD,0.2765,0.2563,0.2639,0.265,2359775,2020-07-13
RDN-USD,0.2803,0.2533,0.2645,0.2658,1925271,2020-07-14
RDN-USD,0.2846,0.2562,0.2656,0.2684,1738110,2020-07-15
RDN-USD,0.2745,0.2432,0.269,0.2454,1724080,2020-07-16
RDN-USD,0.2634,0.2388,0.245,0.2576,1716942,2020-07-17
RDN-USD,0.272,0.2435,0.2569,0.2576,1754665,2020-07-18
RDN-USD,0.2614,0.236,0.259,0.2553,1691718,2020-07-19
RDN-USD,0.2695,0.2354,0.2562,0.2592,1961526,2020-07-20
RDN-USD,0.3438,0.2553,0.2592,0.3354,3454052,2020-07-21
RDN-USD,0.334,0.2845,0.334,0.3038,2599162,2020-07-22
RDN-USD,0.3228,0.2671,0.3039,0.2981,2391087,2020-07-23
RDN-USD,0.3187,0.286,0.2958,0.3065,1889282,2020-07-24
RDN-USD,0.3265,0.2898,0.3064,0.3127,2134538,2020-07-25
RDN-USD,0.3451,0.2601,0.3134,0.2628,2196593,2020-07-26
RDN-USD,0.2807,0.2478,0.2625,0.2478,2331371,2020-07-27
RDN-USD,0.3054,0.2382,0.2465,0.268,2381798,2020-07-28
RDN-USD,0.3141,0.2666,0.2685,0.2792,1929516,2020-07-29
RDN-USD,0.3533,0.2779,0.2789,0.3498,2236338,2020-07-30
RDN-USD,0.3645,0.2989,0.3494,0.3068,2136917,2020-07-31
RDN-USD,0.3418,0.2621,0.3067,0.3085,1951047,2020-08-01
RDN-USD,0.3164,0.2682,0.3097,0.2915,2046342,2020-08-02
RDN-USD,0.2992,0.2757,0.2915,0.2794,1605927,2020-08-03
RDN-USD,0.2997,0.2781,0.2795,0.2979,2050549,2020-08-04
RDN-USD,0.2976,0.2806,0.2968,0.291,1939786,2020-08-05
RDN-USD,0.3035,0.2805,0.2894,0.2835,1599876,2020-08-06
RDN-USD,0.305,0.2602,0.284,0.2781,1742530,2020-08-07
RDN-USD,0.3629,0.2703,0.2787,0.3154,2140313,2020-08-08
RDN-USD,0.472,0.3154,0.3154,0.3578,3377257,2020-08-09
RDN-USD,0.4615,0.3464,0.3581,0.3768,2674214,2020-08-10
RDN-USD,0.4,0.3243,0.377,0.3428,2517523,2020-08-11
RDN-USD,0.4081,0.3096,0.3429,0.3895,2921544,2020-08-12
RDN-USD,0.4773,0.3487,0.3891,0.4632,4921990,2020-08-13
RDN-USD,0.5284,0.4244,0.463,0.4286,3864591,2020-08-14
RDN-USD,0.4678,0.4216,0.4276,0.4603,3196576,2020-08-15
RDN-USD,0.5279,0.4507,0.4632,0.5274,3930470,2020-08-16
RDN-USD,0.6114,0.5191,0.5302,0.5535,6254212,2020-08-17
RDN-USD,0.6295,0.5344,0.5519,0.5436,3944133,2020-08-18
RDN-USD,0.5482,0.4599,0.5437,0.474,3541076,2020-08-19
RDN-USD,0.5096,0.4662,0.4735,0.4967,3263418,2020-08-20
RDN-USD,0.5512,0.4668,0.4979,0.4683,3164123,2020-08-21
RDN-USD,0.476,0.4498,0.469,0.47,2495663,2020-08-22
RDN-USD,0.4906,0.4275,0.4701,0.4893,3110215,2020-08-23
RDN-USD,0.5314,0.466,0.4868,0.5306,3750598,2020-08-24
RDN-USD,0.5366,0.4332,0.5297,0.4485,4344016,2020-08-25
RDN-USD,0.4625,0.411,0.4469,0.4214,2849407,2020-08-26
RDN-USD,0.4932,0.4104,0.4239,0.4188,2894185,2020-08-27
RDN-USD,0.4226,0.3956,0.4184,0.4207,2551538,2020-08-28
RDN-USD,0.423,0.3911,0.4187,0.4109,2438780,2020-08-29
RDN-USD,0.4219,0.375,0.4122,0.3976,2950515,2020-08-30
RDN-USD,0.4275,0.3912,0.3995,0.4115,2727304,2020-08-31
RDN-USD,0.483,0.3393,0.4115,0.465,2968599,2020-09-01
RDN-USD,0.6304,0.3395,0.4629,0.3654,2935689,2020-09-02
RDN-USD,0.3748,0.3371,0.3658,0.3431,2345438,2020-09-03
RDN-USD,0.3486,0.2978,0.3432,0.322,2386553,2020-09-04
RDN-USD,0.3362,0.223,0.3209,0.2447,1881530,2020-09-05
RDN-USD,0.2879,0.225,0.2455,0.2834,1948787,2020-09-06
RDN-USD,0.2884,0.2331,0.2832,0.2596,1656976,2020-09-07
RDN-USD,0.2624,0.228,0.2588,0.2315,1251405,2020-09-08
RDN-USD,0.2897,0.2271,0.232,0.2734,1908498,2020-09-09
RDN-USD,0.2896,0.2656,0.2736,0.2744,1931278,2020-09-10
RDN-USD,0.286,0.2609,0.2746,0.2852,1799794,2020-09-11
RDN-USD,0.3041,0.2641,0.2839,0.2822,1670960,2020-09-12
RDN-USD,0.2885,0.251,0.2827,0.2555,1561624,2020-09-13
RDN-USD,0.2998,0.2509,0.2555,0.2626,1704035,2020-09-14
RDN-USD,0.2808,0.2476,0.2633,0.2569,1421789,2020-09-15
RDN-USD,0.2572,0.2268,0.2572,0.2321,1444322,2020-09-16
RDN-USD,0.2446,0.2263,0.2308,0.2418,1376492,2020-09-17
RDN-USD,0.2414,0.2034,0.2403,0.2128,1394551,2020-09-18
RDN-USD,0.2281,0.2113,0.2133,0.2186,1189572,2020-09-19
RDN-USD,0.2297,0.2164,0.2184,0.2252,1141855,2020-09-20
RDN-USD,0.2247,0.1704,0.2247,0.1794,1440686,2020-09-21
RDN-USD,0.2109,0.1749,0.1788,0.2105,1426186,2020-09-22
RDN-USD,0.2117,0.1599,0.2104,0.1637,911905,2020-09-23
RDN-USD,0.183,0.161,0.1631,0.1782,929654,2020-09-24
RDN-USD,0.2069,0.1705,0.1782,0.1987,1253736,2020-09-25
RDN-USD,0.201,0.1845,0.2002,0.1901,1115556,2020-09-26
RDN-USD,0.2042,0.1806,0.1892,0.2027,1289330,2020-09-27
RDN-USD,0.2284,0.1912,0.2024,0.2012,1142534,2020-09-28
RDN-USD,0.2014,0.1827,0.2013,0.1862,1009119,2020-09-29
RDN-USD,0.1959,0.18,0.1864,0.192,1335310,2020-09-30
RDN-USD,0.1965,0.1818,0.192,0.1825,1141391,2020-10-01
RDN-USD,0.1897,0.1703,0.1828,0.1751,1173045,2020-10-02
RDN-USD,0.1822,0.1746,0.1749,0.1747,848568,2020-10-03
RDN-USD,0.181,0.1588,0.175,0.1762,1098365,2020-10-04
RDN-USD,0.1805,0.1631,0.1763,0.1707,1082718,2020-10-05
RDN-USD,0.1737,0.1575,0.171,0.1632,861326,2020-10-06
RDN-USD,0.1636,0.1548,0.1636,0.162,889689,2020-10-07
RDN-USD,0.1672,0.1555,0.162,0.1668,810786,2020-10-08
RDN-USD,0.1861,0.1639,0.1668,0.1803,1213868,2020-10-09
RDN-USD,0.1915,0.1763,0.1781,0.1854,1065234,2020-10-10
RDN-USD,0.1922,0.1783,0.1867,0.1922,1071625,2020-10-11
RDN-USD,0.2145,0.1879,0.1921,0.2111,1068409,2020-10-12
RDN-USD,0.2118,0.1964,0.2109,0.2029,1087832,2020-10-13
RDN-USD,0.2166,0.193,0.2029,0.1969,1143748,2020-10-14
RDN-USD,0.2047,0.1874,0.197,0.2018,1065708,2020-10-15
RDN-USD,0.2095,0.1835,0.2018,0.1842,1011903,2020-10-16
RDN-USD,0.2045,0.1834,0.1848,0.1895,1918390,2020-10-17
RDN-USD,0.1967,0.1843,0.1892,0.1862,1166436,2020-10-18
RDN-USD,0.1895,0.1741,0.1861,0.1787,1057160,2020-10-19
RDN-USD,0.1862,0.1591,0.1775,0.1591,906520,2020-10-20
RDN-USD,0.1952,0.156,0.1591,0.1892,1109083,2020-10-21
RDN-USD,0.1934,0.1724,0.1897,0.1787,985520,2020-10-22
RDN-USD,0.2006,0.1747,0.1786,0.1977,1228702,2020-10-23
RDN-USD,0.2024,0.1763,0.1976,0.1802,1077626,2020-10-24
RDN-USD,0.186,0.1667,0.1799,0.1674,1003136,2020-10-25
RDN-USD,0.1755,0.1568,0.1666,0.1637,950805,2020-10-26
RDN-USD,0.182,0.1627,0.164,0.1717,997212,2020-10-27
RDN-USD,0.1762,0.1546,0.1709,0.1561,907008,2020-10-28
RDN-USD,0.1612,0.1475,0.1565,0.1476,891223,2020-10-29
RDN-USD,0.1521,0.1309,0.1476,0.1382,783660,2020-10-30
RDN-USD,0.1753,0.136,0.1379,0.1484,1964739,2020-10-31
RDN-USD,0.1544,0.1383,0.148,0.1451,825748,2020-11-01
RDN-USD,0.1529,0.1331,0.1452,0.1426,782883,2020-11-02
RDN-USD,0.1425,0.1282,0.1425,0.136,842832,2020-11-03
RDN-USD,0.143,0.13,0.1342,0.1385,660484,2020-11-04
RDN-USD,0.1755,0.1383,0.1387,0.1744,863939,2020-11-05
RDN-USD,0.1924,0.173,0.174,0.1842,1143575,2020-11-06
RDN-USD,0.1951,0.1599,0.1849,0.1608,1052100,2020-11-07
RDN-USD,0.175,0.1589,0.1606,0.1723,972256,2020-11-08
RDN-USD,0.1792,0.1658,0.1727,0.1709,897607,2020-11-09
RDN-USD,0.2082,0.1687,0.1708,0.2052,1770657,2020-11-10
RDN-USD,0.2143,0.1887,0.2045,0.1958,1189650,2020-11-11
RDN-USD,0.2011,0.1843,0.1966,0.1884,114396,2020-11-12
RDN-USD,0.1981,0.1873,0.1884,0.1978,76003,2020-11-13
RDN-USD,0.198,0.1849,0.198,0.191,73958,2020-11-14
RDN-USD,0.1988,0.1818,0.1911,0.1843,74325,2020-11-15
RDN-USD,0.1885,0.184,0.1843,0.1881,72817,2020-11-16
RDN-USD,0.2139,0.1872,0.1874,0.212,189535,2020-11-17
RDN-USD,0.2136,0.1858,0.2115,0.1924,149644,2020-11-18
RDN-USD,0.1922,0.1839,0.1922,0.1875,792910,2020-11-19
RDN-USD,0.1937,0.1816,0.1878,0.1912,909129,2020-11-20
RDN-USD,0.2032,0.187,0.1914,0.2031,1184116,2020-11-21
RDN-USD,0.2092,0.1839,0.2033,0.1862,1283799,2020-11-22
RDN-USD,0.2054,0.1836,0.1853,0.2027,2237932,2020-11-23
RDN-USD,0.2144,0.1982,0.203,0.2039,1627504,2020-11-24
RDN-USD,0.3268,0.2045,0.2045,0.2442,3472294,2020-11-25
RDN-USD,0.2444,0.1808,0.2431,0.1981,2346596,2020-11-26
RDN-USD,0.2114,0.1863,0.2007,0.2084,2773131,2020-11-27
RDN-USD,0.2141,0.1986,0.2099,0.2038,2661325,2020-11-28
RDN-USD,0.2087,0.1938,0.2049,0.1983,1711598,2020-11-29
RDN-USD,0.2198,0.1926,0.1983,0.2003,1844132,2020-11-30
RDN-USD,0.2014,0.1813,0.2014,0.1869,1497558,2020-12-01
RDN-USD,0.1965,0.1827,0.1863,0.1884,2110206,2020-12-02
RDN-USD,0.2146,0.1824,0.1866,0.2061,2079612,2020-12-03
RDN-USD,0.2177,0.1841,0.2063,0.186,1177888,2020-12-04
RDN-USD,0.2024,0.1823,0.1846,0.2013,859111,2020-12-05
RDN-USD,0.2039,0.186,0.2011,0.1905,767777,2020-12-06
RDN-USD,0.1946,0.1843,0.1906,0.1922,699219,2020-12-07
RDN-USD,0.197,0.179,0.1915,0.1811,652299,2020-12-08
RDN-USD,0.1881,0.1741,0.182,0.1871,788833,2020-12-09
RDN-USD,0.1885,0.1757,0.1866,0.1805,618442,2020-12-10
RDN-USD,0.181,0.1677,0.1798,0.1752,556927,2020-12-11
RDN-USD,0.1831,0.1726,0.1753,0.1739,665547,2020-12-12
RDN-USD,0.1933,0.1714,0.1733,0.1796,706732,2020-12-13
RDN-USD,0.1846,0.1742,0.18,0.1778,602858,2020-12-14
RDN-USD,0.1838,0.1717,0.1772,0.1727,654474,2020-12-15
RDN-USD,0.1919,0.1681,0.1716,0.1709,789040,2020-12-16
RDN-USD,0.1803,0.1652,0.1714,0.1715,1252174,2020-12-17
RDN-USD,0.1753,0.1637,0.1722,0.1673,968952,2020-12-18
RDN-USD,0.2298,0.1676,0.1676,0.1888,3107441,2020-12-19
RDN-USD,0.2155,0.1751,0.1936,0.1792,1149654,2020-12-20
RDN-USD,0.1827,0.1682,0.1791,0.1738,788368,2020-12-21
RDN-USD,0.1924,0.1668,0.1731,0.1798,816117,2020-12-22
RDN-USD,0.1819,0.1489,0.1804,0.1552,784828,2020-12-23
RDN-USD,0.1594,0.1477,0.1547,0.1583,756689,2020-12-24
RDN-USD,0.1682,0.1573,0.1582,0.1614,657975,2020-12-25
RDN-USD,0.1643,0.1565,0.1612,0.1605,658897,2020-12-26
RDN-USD,0.1787,0.1601,0.1605,0.1723,789442,2020-12-27
RDN-USD,0.1823,0.1716,0.1716,0.1768,804271,2020-12-28
RDN-USD,0.1785,0.1651,0.1761,0.168,839991,2020-12-29
RDN-USD,0.1738,0.1672,0.1675,0.1708,825639,2020-12-30
RDN-USD,0.1726,0.1659,0.171,0.1685,533191,2020-12-31
RDN-USD,0.1715,0.1532,0.1686,0.1653,846561,2021-01-01
RDN-USD,0.1654,0.1442,0.1653,0.1467,942629,2021-01-02
RDN-USD,0.1822,0.1464,0.147,0.1779,966328,2021-01-03
RDN-USD,0.2023,0.1646,0.1765,0.1763,749430,2021-01-04
RDN-USD,0.198,0.1591,0.1777,0.1781,2138262,2021-01-05
RDN-USD,0.2268,0.1747,0.1792,0.198,1909738,2021-01-06
RDN-USD,0.2209,0.1887,0.1993,0.1901,763394,2021-01-07
RDN-USD,0.1948,0.1734,0.1897,0.1886,659704,2021-01-08
RDN-USD,0.3035,0.1848,0.1887,0.2245,3920560,2021-01-09
RDN-USD,0.2551,0.205,0.2265,0.2164,1056551,2021-01-10
RDN-USD,0.2234,0.1746,0.216,0.2003,909297,2021-01-11
RDN-USD,0.21,0.184,0.2014,0.1848,383420,2021-01-12
RDN-USD,0.2093,0.1786,0.1855,0.208,295829,2021-01-13
RDN-USD,0.3362,0.2074,0.2075,0.3362,1022598,2021-01-14
RDN-USD,0.3437,0.2012,0.3376,0.2123,889732,2021-01-15
RDN-USD,0.2202,0.1991,0.2127,0.2035,594526,2021-01-16
RDN-USD,0.2072,0.1897,0.2035,0.1944,461101,2021-01-17
RDN-USD,0.22,0.1859,0.1948,0.217,886438,2021-01-18
RDN-USD,0.2364,0.2158,0.2164,0.2213,715655,2021-01-19
RDN-USD,0.2481,0.1873,0.2187,0.2125,625927,2021-01-20
RDN-USD,0.2437,0.1918,0.211,0.2027,862959,2021-01-21
RDN-USD,0.244,0.1836,0.202,0.2323,831276,2021-01-22
RDN-USD,0.254,0.2149,0.2329,0.2169,1846175,2021-01-23
RDN-USD,0.2309,0.2143,0.2173,0.2284,978732,2021-01-24
RDN-USD,0.2482,0.2259,0.2277,0.228,644746,2021-01-25
RDN-USD,0.2345,0.1983,0.2265,0.2099,505552,2021-01-26
RDN-USD,0.2106,0.1812,0.2106,0.1831,401392,2021-01-27
RDN-USD,0.1974,0.1807,0.1834,0.1944,385391,2021-01-28
RDN-USD,0.209,0.1895,0.1945,0.2003,821825,2021-01-29
RDN-USD,0.2324,0.1984,0.2007,0.2146,1394943,2021-01-30
RDN-USD,0.303,0.2095,0.2111,0.2238,4837461,2021-01-31
RDN-USD,0.2339,0.2088,0.2251,0.2267,1434942,2021-02-01
RDN-USD,0.3129,0.2276,0.2277,0.2656,3534909,2021-02-02
RDN-USD,0.2746,0.259,0.2688,0.2669,1144638,2021-02-03
RDN-USD,0.2726,0.2534,0.2672,0.2664,890210,2021-02-04
RDN-USD,0.3408,0.2627,0.2668,0.2759,2326748,2021-02-05
RDN-USD,0.3003,0.2648,0.2765,0.2819,1303835,2021-02-06
RDN-USD,0.2979,0.2616,0.2819,0.2697,1272676,2021-02-07
RDN-USD,0.3016,0.2623,0.2686,0.2731,1185735,2021-02-08
RDN-USD,0.3973,0.275,0.2761,0.361,1482338,2021-02-09
RDN-USD,0.3719,0.3304,0.3626,0.3448,1635138,2021-02-10
RDN-USD,0.3749,0.3178,0.3459,0.3362,1287568,2021-02-11
RDN-USD,0.3725,0.3236,0.3369,0.3689,1445893,2021-02-12
RDN-USD,0.4601,0.3658,0.3658,0.4359,2518762,2021-02-13
RDN-USD,0.6304,0.4319,0.4376,0.5742,10904982,2021-02-14
RDN-USD,0.6115,0.4506,0.5692,0.4889,6229388,2021-02-15
RDN-USD,0.5098,0.4403,0.4831,0.4491,1942988,2021-02-16
RDN-USD,0.5332,0.4399,0.4497,0.4985,2852516,2021-02-17
RDN-USD,0.5344,0.4908,0.4987,0.5134,1444468,2021-02-18
RDN-USD,0.6477,0.5059,0.5135,0.5463,4077947,2021-02-19
RDN-USD,0.5567,0.493,0.5465,0.509,3257467,2021-02-20
RDN-USD,0.5785,0.5054,0.5085,0.5599,2223611,2021-02-21
RDN-USD,0.8111,0.4569,0.5574,0.6549,18196001,2021-02-22
RDN-USD,0.7009,0.403,0.6589,0.4472,4067662,2021-02-23
RDN-USD,0.5587,0.4384,0.4502,0.4956,2267178,2021-02-24
RDN-USD,0.5026,0.4329,0.4926,0.4329,1085530,2021-02-25
RDN-USD,0.44,0.3877,0.4334,0.3958,1084688,2021-02-26
RDN-USD,0.493,0.3955,0.3955,0.4349,1744055,2021-02-27
RDN-USD,0.4387,0.3793,0.4366,0.4028,807197,2021-02-28
RDN-USD,0.4372,0.4028,0.4028,0.4213,765494,2021-03-01
RDN-USD,0.4289,0.3992,0.4207,0.411,791885,2021-03-02
RDN-USD,0.4349,0.4091,0.4107,0.4284,879480,2021-03-03
RDN-USD,0.4706,0.4116,0.4292,0.4523,2057673,2021-03-04
RDN-USD,0.4687,0.4128,0.4554,0.4545,1297574,2021-03-05
RDN-USD,0.465,0.4184,0.4546,0.4333,736314,2021-03-06
RDN-USD,0.4535,0.4327,0.4337,0.4446,1830062,2021-03-07
RDN-USD,0.4464,0.4261,0.4419,0.4407,931233,2021-03-08
RDN-USD,0.5103,0.4158,0.4418,0.4305,770197,2021-03-09
RDN-USD,0.4871,0.3978,0.4278,0.4801,1151390,2021-03-10
RDN-USD,0.6309,0.4698,0.4791,0.5357,6917293,2021-03-11
RDN-USD,0.5403,0.4619,0.5336,0.4654,1072448,2021-03-12
RDN-USD,0.5842,0.4536,0.4677,0.5679,1458977,2021-03-13
RDN-USD,0.7057,0.5447,0.5633,0.5578,5461646,2021-03-14
RDN-USD,0.618,0.5013,0.5522,0.606,2258574,2021-03-15
RDN-USD,0.7733,0.5849,0.606,0.721,5004032,2021-03-16
RDN-USD,0.7639,0.6288,0.7248,0.7305,2469251,2021-03-17
RDN-USD,0.7573,0.6693,0.7345,0.6712,1291401,2021-03-18
RDN-USD,0.6681,0.6455,0.6652,0.6455,824105,2021-03-19
RDN-USD,0.7717,0.6457,0.6498,0.7491,1938351,2021-03-20
RDN-USD,0.8115,0.6928,0.7489,0.7869,2348522,2021-03-21
RDN-USD,0.7884,0.7002,0.788,0.7162,2188381,2021-03-22
RDN-USD,0.7366,0.6752,0.7139,0.723,1535601,2021-03-23
RDN-USD,0.7349,0.676,0.7223,0.676,904036,2021-03-24
RDN-USD,0.6784,0.628,0.6739,0.6375,819158,2021-03-25
RDN-USD,0.6993,0.6371,0.6371,0.6959,703674,2021-03-26
RDN-USD,0.8377,0.6947,0.6977,0.8176,4003035,2021-03-27
RDN-USD,1.7796,0.8118,0.8146,1.0566,53005538,2021-03-28
RDN-USD,1.6073,1.0393,1.0477,1.3982,50715357,2021-03-29
RDN-USD,1.5017,1.2483,1.3867,1.3074,9135014,2021-03-30
RDN-USD,1.326,1.1537,1.3112,1.1813,4985460,2021-03-31
RDN-USD,1.2669,1.1559,1.1796,1.1559,5724769,2021-04-01
RDN-USD,1.1715,1.1063,1.1508,1.1397,3280583,2021-04-02
RDN-USD,1.2563,1.1071,1.1436,1.1071,3999655,2021-04-03
RDN-USD,1.1966,1.0697,1.1106,1.1589,3141037,2021-04-04
RDN-USD,1.1922,1.0975,1.1564,1.161,2420870,2021-04-05
RDN-USD,1.3488,1.1557,1.1705,1.3024,5731536,2021-04-06
RDN-USD,1.3292,1.0743,1.2923,1.1233,3406651,2021-04-07
RDN-USD,1.2127,1.1068,1.1153,1.1955,1872598,2021-04-08
RDN-USD,1.3177,1.194,1.199,1.3168,3521861,2021-04-09
RDN-USD,1.4967,1.2596,1.3111,1.4284,12039026,2021-04-10
RDN-USD,1.5364,1.2508,1.4304,1.3224,11633373,2021-04-11
RDN-USD,1.3386,1.2573,1.3327,1.2616,2936390,2021-04-12
RDN-USD,1.2825,1.2084,1.2608,1.2662,4139085,2021-04-13
RDN-USD,1.2998,1.2359,1.267,1.2964,2939379,2021-04-14
RDN-USD,1.352,1.2445,1.3,1.3113,2785743,2021-04-15
RDN-USD,1.3107,1.1559,1.3059,1.1865,2505316,2021-04-16
RDN-USD,1.2228,1.1543,1.1892,1.1586,2678783,2021-04-17
RDN-USD,1.1673,0.9525,1.1566,1.0286,2548039,2021-04-18
RDN-USD,1.0868,0.9602,1.0275,0.9638,1788702,2021-04-19
RDN-USD,1.0014,0.8782,0.9634,0.9726,2477128,2021-04-20
RDN-USD,1.1529,0.9085,0.9793,0.9586,3785935,2021-04-21
RDN-USD,1.0724,0.9082,0.947,1.0091,3345849,2021-04-22
RDN-USD,1.1962,0.8186,1.0189,1.1246,10954202,2021-04-23
RDN-USD,1.5181,0.9953,1.1315,0.9962,32723187,2021-04-24
RDN-USD,1.0496,0.8666,0.9984,0.9062,7241502,2021-04-25
RDN-USD,1.0059,0.9078,0.9084,0.9885,3210664,2021-04-26
RDN-USD,1.057,0.9783,0.9853,1.0253,2353735,2021-04-27
RDN-USD,1.0438,0.9614,1.026,0.9808,2053387,2021-04-28
RDN-USD,1.0279,0.9589,0.9793,1.0121,2171354,2021-04-29
RDN-USD,1.0308,0.9939,1.0075,1.0234,1872670,2021-04-30
RDN-USD,1.0691,1.0062,1.0233,1.0422,2234427,2021-05-01
RDN-USD,1.0506,1.0051,1.0467,1.02,1095083,2021-05-02
RDN-USD,1.24,0.9453,1.0226,0.9547,1675612,2021-05-03
RDN-USD,0.9522,0.8534,0.9522,0.8759,1832787,2021-05-04
RDN-USD,1.0291,0.8685,0.8696,1.0131,1079662,2021-05-05
RDN-USD,1.0564,0.9969,1.0122,1.0314,1846209,2021-05-06
RDN-USD,1.0526,0.9904,1.0309,1.008,1806557,2021-05-07
RDN-USD,1.1131,1.0092,1.0092,1.1067,1541947,2021-05-08
RDN-USD,1.1108,1.0413,1.1058,1.0807,1342120,2021-05-09
RDN-USD,1.2848,0.8584,1.0836,0.8584,1969544,2021-05-10
RDN-USD,1.185,0.7723,0.8615,0.867,8739310,2021-05-11
RDN-USD,1.0178,0.8677,0.8677,0.8901,3810996,2021-05-12
RDN-USD,0.9154,0.7126,0.8709,0.7375,1931675,2021-05-13
RDN-USD,0.8159,0.7408,0.7426,0.7883,2096963,2021-05-14
RDN-USD,0.7993,0.7243,0.787,0.7243,1277334,2021-05-15
RDN-USD,0.7637,0.6619,0.7234,0.7031,1263868,2021-05-16
RDN-USD,0.7058,0.6117,0.7058,0.6382,1098292,2021-05-17
RDN-USD,0.6996,0.6335,0.6335,0.6832,1383693,2021-05-18
RDN-USD,0.7133,0.4376,0.702,0.4545,1954452,2021-05-19
RDN-USD,0.638,0.4126,0.4525,0.5866,963780,2021-05-20
RDN-USD,0.6511,0.4388,0.5849,0.4871,1357449,2021-05-21
RDN-USD,0.4994,0.435,0.4898,0.4645,690675,2021-05-22
RDN-USD,0.4782,0.3053,0.4715,0.4121,943978,2021-05-23
RDN-USD,0.5196,0.3584,0.4117,0.4838,2158513,2021-05-24
RDN-USD,0.5033,0.3765,0.4839,0.3853,773955,2021-05-25
RDN-USD,0.4201,0.3871,0.3871,0.4195,1171348,2021-05-26
RDN-USD,0.5655,0.3925,0.4201,0.5299,988312,2021-05-27
RDN-USD,0.5383,0.4485,0.5273,0.461,726422,2021-05-28
RDN-USD,0.4778,0.4016,0.4609,0.4062,550914,2021-05-29
RDN-USD,0.428,0.388,0.4066,0.4089,485000,2021-05-30
RDN-USD,0.5296,0.3919,0.4089,0.5287,603954,2021-05-31
RDN-USD,0.5392,0.4148,0.5281,0.4729,885403,2021-06-01
RDN-USD,0.5411,0.4149,0.4732,0.5342,1216499,2021-06-02
RDN-USD,0.5686,0.5238,0.5333,0.545,1213765,2021-06-03
RDN-USD,0.543,0.4959,0.543,0.533,814416,2021-06-04
RDN-USD,0.5746,0.4758,0.5317,0.4818,1358681,2021-06-05
RDN-USD,0.5251,0.4833,0.4833,0.5226,992920,2021-06-06
RDN-USD,0.5654,0.5155,0.5232,0.5155,1149245,2021-06-07
RDN-USD,0.5318,0.4231,0.5149,0.4696,847101,2021-06-08
RDN-USD,0.4713,0.4336,0.4694,0.4638,891984,2021-06-09
RDN-USD,0.5106,0.4491,0.4634,0.483,619003,2021-06-10
RDN-USD,0.6773,0.3565,0.4822,0.3574,452828,2021-06-11
RDN-USD,0.3678,0.3398,0.3567,0.3612,573671,2021-06-12
RDN-USD,0.4411,0.3423,0.3601,0.4264,1346780,2021-06-13
RDN-USD,0.4353,0.4105,0.427,0.4353,763575,2021-06-14
RDN-USD,0.445,0.4188,0.4352,0.4199,530423,2021-06-15
RDN-USD,0.4241,0.3821,0.4198,0.3821,538509,2021-06-16
RDN-USD,0.398,0.3756,0.3835,0.3834,390835,2021-06-17
RDN-USD,0.3845,0.3482,0.383,0.3611,419543,2021-06-18
RDN-USD,0.419,0.3528,0.3615,0.4053,1449061,2021-06-19
RDN-USD,0.4089,0.3532,0.4037,0.3756,1246389,2021-06-20
RDN-USD,0.3765,0.2858,0.3756,0.2901,573193,2021-06-21
RDN-USD,0.3069,0.2479,0.2867,0.2797,624148,2021-06-22
RDN-USD,0.3242,0.2736,0.2804,0.3102,395110,2021-06-23
RDN-USD,0.3302,0.2993,0.3099,0.3111,444444,2021-06-24
RDN-USD,0.3169,0.2726,0.3118,0.2813,452486,2021-06-25
RDN-USD,0.2894,0.2646,0.2802,0.2864,384484,2021-06-26
RDN-USD,0.2971,0.2766,0.2884,0.2971,380700,2021-06-27
RDN-USD,0.3226,0.2923,0.2977,0.3134,394851,2021-06-28
RDN-USD,0.3211,0.2913,0.3134,0.3007,936807,2021-06-29
RDN-USD,0.3395,0.2987,0.3014,0.3389,579201,2021-06-30
RDN-USD,0.3385,0.3144,0.3385,0.3279,413221,2021-07-01
RDN-USD,0.3314,0.3099,0.3268,0.3314,449096,2021-07-02
RDN-USD,0.3538,0.2931,0.332,0.3512,355119,2021-07-03
RDN-USD,0.3651,0.3445,0.3511,0.3539,465195,2021-07-04
RDN-USD,0.3615,0.3412,0.354,0.3496,378074,2021-07-05
RDN-USD,0.3635,0.3211,0.348,0.3293,867894,2021-07-06
RDN-USD,0.3678,0.3272,0.3314,0.3328,959191,2021-07-07
RDN-USD,0.334,0.3005,0.3328,0.3035,1422481,2021-07-08
RDN-USD,0.3424,0.3039,0.3068,0.3381,391050,2021-07-09
RDN-USD,0.3444,0.3292,0.3377,0.3316,401486,2021-07-10
RDN-USD,0.3458,0.327,0.3299,0.3378,342528,2021-07-11
RDN-USD,0.3451,0.3145,0.3372,0.3293,335242,2021-07-12
RDN-USD,0.3311,0.2978,0.3287,0.2997,423614,2021-07-13
RDN-USD,0.3021,0.2993,0.302,0.2997,427148,2021-07-14
