RIDE-USD,0.0008,0.0007,0.0008,0.0008,50,2018-02-25
RIDE-USD,0.0008,0.0007,0.0008,0.0007,4,2018-02-26
RIDE-USD,0.0008,0.0006,0.0007,0.0007,16,2018-02-27
RIDE-USD,0.0008,0.0006,0.0007,0.0006,10,2018-02-28
RIDE-USD,0.0008,0.0006,0.0006,0.0008,7,2018-03-01
RIDE-USD,0.0008,0.0007,0.0008,0.0007,7,2018-03-02
RIDE-USD,0.0008,0.0007,0.0007,0.0008,1,2018-03-03
RIDE-USD,0.0008,0.0006,0.0008,0.0007,39,2018-03-04
RIDE-USD,0.0007,0.0005,0.0007,0.0005,4,2018-03-05
RIDE-USD,0.0006,0.0004,0.0005,0.0006,3,2018-03-06
RIDE-USD,0.0008,0.0006,0.0006,0.0007,402,2018-03-07
RIDE-USD,0.0008,0.0006,0.0007,0.0007,277,2018-03-08
RIDE-USD,0.0007,0.0006,0.0007,0.0006,3,2018-03-09
RIDE-USD,0.0007,0.0007,0.0007,0.0007,168,2018-03-10
RIDE-USD,0.0009,0.0007,0.0007,0.0009,81,2018-03-11
RIDE-USD,0.0009,0.0007,0.0009,0.0007,135,2018-03-12
RIDE-USD,0.0008,0.0007,0.0007,0.0007,25,2018-03-13
RIDE-USD,0.0006,0.0005,0.0005,0.0006,29,2018-03-14
RIDE-USD,0.0008,0.0005,0.0006,0.0007,79,2018-03-15
RIDE-USD,0.0007,0.0006,0.0007,0.0006,3,2018-03-16
RIDE-USD,0.0006,0.0005,0.0006,0.0006,17,2018-03-17
RIDE-USD,0.0006,0.0004,0.0006,0.0006,135,2018-03-18
RIDE-USD,0.0006,0.0004,0.0006,0.0006,204,2018-03-19
RIDE-USD,0.0006,0.0004,0.0006,0.0005,51,2018-03-20
RIDE-USD,0.0005,0.0004,0.0005,0.0005,25,2018-03-21
RIDE-USD,0.0005,0.0005,0.0005,0.0005,3,2018-03-22
RIDE-USD,0.0005,0.0005,0.0005,0.0005,5,2018-03-23
RIDE-USD,0.0005,0.0005,0.0005,0.0005,9,2018-03-24
RIDE-USD,0.0005,0.0004,0.0005,0.0004,16,2018-03-25
RIDE-USD,0.0004,0.0004,0.0004,0.0004,1,2018-03-26
RIDE-USD,0.0004,0.0004,0.0004,0.0004,35,2018-03-27
RIDE-USD,0.0005,0.0004,0.0004,0.0005,2,2018-03-28
RIDE-USD,0.0005,0.0004,0.0005,0.0004,2,2018-03-29
RIDE-USD,0.0004,0.0004,0.0004,0.0004,1,2018-03-30
RIDE-USD,0.0004,0.0003,0.0004,0.0003,12,2018-03-31
RIDE-USD,0.0004,0.0003,0.0003,0.0003,3,2018-04-01
RIDE-USD,0.0004,0.0002,0.0003,0.0004,224,2018-04-02
RIDE-USD,0.0007,0.0004,0.0004,0.0005,1203,2018-04-03
RIDE-USD,0.0005,0.0005,0.0005,0.0005,1100,2018-04-04
RIDE-USD,0.0008,0.0005,0.0005,0.0006,982,2018-04-05
RIDE-USD,0.0008,0.0006,0.0006,0.0006,952,2018-04-06
RIDE-USD,0.0008,0.0006,0.0006,0.0008,304,2018-04-07
RIDE-USD,0.0008,0.0008,0.0008,0.0008,249,2018-04-08
RIDE-USD,0.0009,0.0008,0.0008,0.0008,15,2018-04-09
RIDE-USD,0.0008,0.0005,0.0008,0.0005,151,2018-04-10
RIDE-USD,0.0005,0.0005,0.0005,0.0005,151,2018-04-11
RIDE-USD,0.001,0.0005,0.0005,0.0008,301,2018-04-12
RIDE-USD,0.0009,0.0008,0.0008,0.0009,264,2018-04-13
RIDE-USD,0.0009,0.0009,0.0009,0.0009,259,2018-04-14
RIDE-USD,0.0009,0.0004,0.0009,0.0004,554,2018-04-15
RIDE-USD,0.0007,0.0004,0.0004,0.0006,80,2018-04-16
RIDE-USD,0.0006,0.0006,0.0006,0.0006,1,2018-04-17
RIDE-USD,0.0006,0.0006,0.0006,0.0006,1,2018-04-18
RIDE-USD,0.0006,0.0006,0.0006,0.0006,45,2018-04-19
RIDE-USD,0.0006,0.0005,0.0006,0.0005,1,2018-04-20
RIDE-USD,0.0005,0.0005,0.0005,0.0005,1,2018-04-21
RIDE-USD,0.001,0.0005,0.0005,0.001,908,2018-04-22
RIDE-USD,0.001,0.0007,0.001,0.0007,14,2018-04-23
RIDE-USD,0.0008,0.0007,0.0007,0.0008,52,2018-04-24
RIDE-USD,0.0008,0.0006,0.0008,0.0006,38,2018-04-25
RIDE-USD,0.0007,0.0006,0.0006,0.0006,38,2018-04-26
RIDE-USD,0.0007,0.0006,0.0007,0.0007,8,2018-04-27
RIDE-USD,0.0008,0.0007,0.0007,0.0007,8,2018-04-28
RIDE-USD,0.0008,0.0006,0.0008,0.0007,109,2018-04-29
RIDE-USD,0.0007,0.0006,0.0007,0.0007,3,2018-04-30
RIDE-USD,0.0007,0.0006,0.0007,0.0006,12,2018-05-01
RIDE-USD,0.0007,0.0006,0.0006,0.0006,45,2018-05-02
RIDE-USD,0.0008,0.0006,0.0006,0.0008,721,2018-05-03
RIDE-USD,0.0008,0.0006,0.0008,0.0006,206,2018-05-04
RIDE-USD,0.0007,0.0006,0.0006,0.0007,47,2018-05-05
RIDE-USD,0.0007,0.0006,0.0007,0.0006,172,2018-05-06
RIDE-USD,0.0006,0.0005,0.0006,0.0005,1,2018-05-07
RIDE-USD,0.0006,0.0005,0.0005,0.0005,127,2018-05-08
RIDE-USD,0.0005,0.0004,0.0005,0.0005,18,2018-05-09
RIDE-USD,0.0005,0.0004,0.0005,0.0005,12,2018-05-10
RIDE-USD,0.0005,0.0004,0.0005,0.0004,1,2018-05-11
RIDE-USD,0.0004,0.0004,0.0004,0.0004,6,2018-05-12
RIDE-USD,0.0004,0.0003,0.0004,0.0003,168,2018-05-13
RIDE-USD,0.0004,0.0003,0.0003,0.0003,137,2018-05-14
RIDE-USD,0.0002,0.0002,0.0002,0.0002,4,2018-08-01
RIDE-USD,0.0005,0.0001,0.0002,0.0001,0,2018-08-02
RIDE-USD,0.0001,0.0001,0.0001,0.0001,0,2018-08-03
RIDE-USD,0.0001,0.0001,0.0001,0.0001,0,2018-08-04
RIDE-USD,0.0001,0.0001,0.0001,0.0001,9,2018-08-06
RIDE-USD,0.0002,0.0001,0.0001,0.0002,2,2018-08-07
RIDE-USD,0.0002,0.0001,0.0001,0.0001,8,2018-08-09
RIDE-USD,0.0001,0.0001,0.0001,0.0001,2,2018-08-10
RIDE-USD,0.0001,0.0001,0.0001,0.0001,3,2018-08-11
RIDE-USD,0.0001,0.0001,0.0001,0.0001,1,2018-08-12
RIDE-USD,0.0002,0.0001,0.0002,0.0001,2,2018-08-13
RIDE-USD,0.0001,0.0001,0.0001,0.0001,0,2018-08-14
RIDE-USD,0.0001,0.0001,0.0001,0.0001,0,2018-08-15
RIDE-USD,0.0001,0.0001,0.0001,0.0001,0,2018-08-16
RIDE-USD,0.0001,0.0001,0.0001,0.0001,32,2018-08-17
RIDE-USD,0.0001,0.0001,0.0001,0.0001,19,2018-08-18
RIDE-USD,0.0001,0.0001,0.0001,0.0001,2,2018-08-19
RIDE-USD,0.0001,0.0001,0.0001,0.0001,2,2018-08-20
RIDE-USD,0.0001,0.0001,0.0001,0.0001,0,2018-08-21
RIDE-USD,0.0001,0.0001,0.0001,0.0001,0,2018-08-22
RIDE-USD,0.0001,0.0001,0.0001,0.0001,0,2018-08-23
RIDE-USD,0.0002,0.0001,0.0001,0.0002,0,2018-08-24
RIDE-USD,0.0002,0.0002,0.0002,0.0002,0,2018-08-25
RIDE-USD,0.0001,0.0001,0.0001,0.0001,1,2018-08-27
RIDE-USD,0.0001,0.0001,0.0001,0.0001,32,2018-08-28
RIDE-USD,0.0001,0.0001,0.0001,0.0001,32,2018-08-29
RIDE-USD,0.0001,0.0001,0.0001,0.0001,0,2018-08-30
RIDE-USD,0.0001,0.0001,0.0001,0.0001,4,2018-08-31
RIDE-USD,0.0002,0.0001,0.0001,0.0002,39,2018-09-01
RIDE-USD,0.0002,0.0002,0.0002,0.0002,0,2018-09-02
RIDE-USD,0.0001,0.0001,0.0001,0.0001,17,2018-09-05
RIDE-USD,0.0001,0.0001,0.0001,0.0001,17,2018-09-06
RIDE-USD,0.0002,0.0002,0.0002,0.0002,0,2018-09-07
RIDE-USD,0.0002,0.0002,0.0002,0.0002,4,2018-09-08
RIDE-USD,0.0002,0.0002,0.0002,0.0002,2,2018-09-09
RIDE-USD,0.0002,0.0002,0.0002,0.0002,10,2018-09-10
RIDE-USD,0.0002,0.0001,0.0002,0.0001,15,2018-09-11
RIDE-USD,0.0001,0.0001,0.0001,0.0001,16,2018-09-12
RIDE-USD,0.0001,0.0001,0.0001,0.0001,4,2018-09-13
RIDE-USD,0.0001,0.0001,0.0001,0.0001,4,2018-09-14
RIDE-USD,0.0001,0.0001,0.0001,0.0001,13,2018-09-15
RIDE-USD,0.0001,0.0001,0.0001,0.0001,23,2018-09-16
RIDE-USD,0.0001,0.0001,0.0001,0.0001,0,2018-09-17
RIDE-USD,0.0001,0.0001,0.0001,0.0001,0,2018-09-18
RIDE-USD,0.0001,0.0001,0.0001,0.0001,4,2018-09-19
RIDE-USD,0.0002,0.0001,0.0001,0.0001,12,2018-09-20
RIDE-USD,0.0002,0.0001,0.0001,0.0002,1,2018-09-21
RIDE-USD,0.0002,0.0001,0.0002,0.0001,25,2018-09-22
RIDE-USD,0.0001,0.0001,0.0001,0.0001,11,2018-09-23
RIDE-USD,0.0001,0.0001,0.0001,0.0001,11,2018-09-24
RIDE-USD,0.0002,0.0001,0.0001,0.0002,0,2018-09-25
RIDE-USD,0.0002,0.0002,0.0002,0.0002,0,2018-09-26
RIDE-USD,0.0001,0.0001,0.0001,0.0001,0,2018-09-27
RIDE-USD,0.0002,0.0001,0.0001,0.0002,0,2018-09-28
RIDE-USD,0.0001,0.0001,0.0001,0.0001,120,2018-10-01
RIDE-USD,0.0001,0.0001,0.0001,0.0001,79,2018-10-02
RIDE-USD,0.0001,0.0001,0.0001,0.0001,78,2018-10-03
RIDE-USD,0.0001,0.0001,0.0001,0.0001,1,2018-10-04
RIDE-USD,0.0001,0.0001,0.0001,0.0001,0,2018-10-05
RIDE-USD,0.0002,0.0001,0.0002,0.0001,3,2018-10-08
RIDE-USD,0.0001,0.0001,0.0001,0.0001,0,2018-10-09
RIDE-USD,0.0002,0.0001,0.0001,0.0002,0,2018-10-10
RIDE-USD,0.0002,0.0002,0.0002,0.0002,0,2018-10-11
RIDE-USD,0.0002,0.0001,0.0002,0.0001,205,2018-10-24
RIDE-USD,0.0001,0.0001,0.0001,0.0001,72,2018-10-25
RIDE-USD,0.0002,0.0001,0.0001,0.0002,0,2018-10-26
RIDE-USD,0.0001,0.0001,0.0001,0.0001,9,2018-10-28
RIDE-USD,0.0002,0.0001,0.0001,0.0002,0,2018-10-29
RIDE-USD,0.0002,0.0001,0.0002,0.0001,461,2018-10-30
RIDE-USD,0.0001,0.0001,0.0001,0.0001,463,2018-10-31
RIDE-USD,0.0002,0.0002,0.0002,0.0002,0,2018-11-01
RIDE-USD,0.0002,0.0001,0.0002,0.0001,10,2018-11-02
RIDE-USD,0.0001,0.0001,0.0001,0.0001,0,2018-11-03
RIDE-USD,0.0001,0.0001,0.0001,0.0001,0,2018-11-04
RIDE-USD,0.0002,0.0002,0.0002,0.0002,3,2018-11-06
RIDE-USD,0.0002,0.0002,0.0002,0.0002,0,2018-11-07
RIDE-USD,0.0002,0.0001,0.0002,0.0001,23,2018-11-08
RIDE-USD,0.0002,0.0001,0.0001,0.0002,0,2018-11-09
RIDE-USD,0.0002,0.0002,0.0002,0.0002,0,2018-11-10
RIDE-USD,0.0001,0.0001,0.0001,0.0001,0,2018-11-12
RIDE-USD,0.0001,0.0001,0.0001,0.0001,0,2018-11-13
RIDE-USD,0.0001,0.0001,0.0001,0.0001,0,2018-11-17
RIDE-USD,0.0001,0.0001,0.0001,0.0001,7,2018-11-18
RIDE-USD,0.0001,0.0001,0.0001,0.0001,1,2018-11-19
RIDE-USD,0.0001,0.0001,0.0001,0.0001,4,2018-11-20
RIDE-USD,0.0001,0.0001,0.0001,0.0001,1,2018-11-21
RIDE-USD,0.0001,0.0001,0.0001,0.0001,1,2018-11-23
RIDE-USD,0.0001,0.0001,0.0001,0.0001,0,2018-11-24
RIDE-USD,0.0001,0.0001,0.0001,0.0001,0,2018-11-25
RIDE-USD,0.0001,0.0001,0.0001,0.0001,0,2018-11-26
RIDE-USD,0.0001,0.0001,0.0001,0.0001,0,2018-11-27
RIDE-USD,0.0002,0.0001,0.0001,0.0002,0,2018-11-28
RIDE-USD,0.0001,0.0001,0.0001,0.0001,0,2018-11-29
RIDE-USD,0.0001,0.0001,0.0001,0.0001,0,2018-11-30
RIDE-USD,0.0001,0.0001,0.0001,0.0001,0,2018-12-01
RIDE-USD,0.0001,0.0001,0.0001,0.0001,0,2018-12-02
RIDE-USD,0.0001,0.0001,0.0001,0.0001,0,2018-12-03
RIDE-USD,0.0001,0.0001,0.0001,0.0001,5,2018-12-04
RIDE-USD,0.0001,0.0001,0.0001,0.0001,0,2018-12-05
RIDE-USD,0.0001,0.0001,0.0001,0.0001,0,2018-12-07
RIDE-USD,0.0001,0.0001,0.0001,0.0001,0,2018-12-08
RIDE-USD,0.0002,0.0001,0.0001,0.0002,0,2018-12-09
RIDE-USD,0.0002,0.0002,0.0002,0.0002,0,2018-12-10
RIDE-USD,0.0001,0.0001,0.0001,0.0001,0,2018-12-12
RIDE-USD,0.0001,0.0001,0.0001,0.0001,1,2018-12-13
RIDE-USD,0.0001,0.0001,0.0001,0.0001,0,2018-12-14
RIDE-USD,0.0001,0.0001,0.0001,0.0001,0,2018-12-15
RIDE-USD,0.0004,0.0001,0.0001,0.0001,1,2018-12-16
RIDE-USD,0.0001,0.0001,0.0001,0.0001,1,2018-12-17
RIDE-USD,0.0001,0.0001,0.0001,0.0001,0,2018-12-18
RIDE-USD,0.0001,0.0001,0.0001,0.0001,0,2018-12-19
RIDE-USD,0.0006,0.0001,0.0001,0.0001,0,2018-12-20
RIDE-USD,0.0001,0.0001,0.0001,0.0001,46,2018-12-21
RIDE-USD,0.0001,0.0001,0.0001,0.0001,46,2018-12-22
RIDE-USD,0.0001,0.0001,0.0001,0.0001,3,2018-12-23
RIDE-USD,0.0001,0.0001,0.0001,0.0001,47,2018-12-24
RIDE-USD,0.0001,0,0.0001,0,0,2018-12-25
RIDE-USD,0.0001,0,0,0.0001,1,2018-12-26
RIDE-USD,0,0,0,0,0,2018-12-27
RIDE-USD,0.0002,0,0,0.0001,11,2018-12-28
RIDE-USD,0.0001,0.0001,0.0001,0.0001,0,2018-12-29
RIDE-USD,0.0001,0.0001,0.0001,0.0001,0,2018-12-30
RIDE-USD,0.0001,0.0001,0.0001,0.0001,2,2018-12-31
RIDE-USD,0.0001,0.0001,0.0001,0.0001,0,2019-01-01
RIDE-USD,0.0001,0.0001,0.0001,0.0001,0,2019-01-02
RIDE-USD,0.0001,0.0001,0.0001,0.0001,0,2019-01-03
RIDE-USD,0.0001,0.0001,0.0001,0.0001,0,2019-01-04
RIDE-USD,0.0001,0.0001,0.0001,0.0001,0,2019-01-05
RIDE-USD,0.0001,0.0001,0.0001,0.0001,0,2019-01-07
RIDE-USD,0.0001,0.0001,0.0001,0.0001,0,2019-01-08
RIDE-USD,0.0001,0.0001,0.0001,0.0001,0,2019-01-09
RIDE-USD,0.0001,0.0001,0.0001,0.0001,15,2019-01-10
RIDE-USD,0.0001,0.0001,0.0001,0.0001,7,2019-01-11
RIDE-USD,0.0001,0.0001,0.0001,0.0001,2,2019-01-13
RIDE-USD,0.0001,0.0001,0.0001,0.0001,2,2019-01-14
RIDE-USD,0.0001,0.0001,0.0001,0.0001,16368,2019-01-19
RIDE-USD,0.0001,0.0001,0.0001,0.0001,522,2019-01-20
RIDE-USD,0.0002,0.0001,0.0001,0.0001,1633,2019-01-21
RIDE-USD,0.0001,0.0001,0.0001,0.0001,9,2019-01-22
RIDE-USD,0.0001,0.0001,0.0001,0.0001,0,2019-01-23
RIDE-USD,0.0001,0.0001,0.0001,0.0001,0,2019-01-24
RIDE-USD,0.0001,0.0001,0.0001,0.0001,213,2019-01-25
RIDE-USD,0.0001,0.0001,0.0001,0.0001,0,2019-01-26
RIDE-USD,0.0002,0.0001,0.0001,0.0002,0,2019-01-27
RIDE-USD,0.0003,0.0002,0.0002,0.0003,0,2019-01-28
RIDE-USD,0.0003,0.0001,0.0003,0.0001,0,2019-01-29
RIDE-USD,0.0001,0.0001,0.0001,0.0001,0,2019-01-30
RIDE-USD,0.0001,0.0001,0.0001,0.0001,3,2019-01-31
RIDE-USD,0.0002,0.0001,0.0001,0.0001,1,2019-02-01
RIDE-USD,0.0001,0.0001,0.0001,0.0001,0,2019-02-02
RIDE-USD,0.0002,0.0001,0.0001,0.0002,0,2019-02-03
RIDE-USD,0.0002,0.0001,0.0002,0.0001,1,2019-02-04
RIDE-USD,0.0001,0.0001,0.0001,0.0001,1,2019-02-05
RIDE-USD,0.0002,0.0002,0.0002,0.0002,0,2019-02-06
RIDE-USD,0.0002,0.0002,0.0002,0.0002,0,2019-02-07
RIDE-USD,0.0001,0.0001,0.0001,0.0001,1,2019-02-08
RIDE-USD,0.0001,0.0001,0.0001,0.0001,0,2019-02-09
RIDE-USD,0.0002,0.0001,0.0001,0.0002,0,2019-02-10
RIDE-USD,0.0002,0.0002,0.0002,0.0002,0,2019-02-11
RIDE-USD,0.0001,0.0001,0.0001,0.0001,0,2019-02-12
RIDE-USD,0.0001,0.0001,0.0001,0.0001,0,2019-02-13
RIDE-USD,0.0001,0.0001,0.0001,0.0001,0,2019-02-15
RIDE-USD,0.0001,0.0001,0.0001,0.0001,0,2019-02-16
RIDE-USD,0.0002,0.0002,0.0002,0.0002,0,2019-02-21
RIDE-USD,0.0002,0.0001,0.0002,0.0001,0,2019-02-22
RIDE-USD,0.0001,0.0001,0.0001,0.0001,39,2019-02-23
RIDE-USD,0.0001,0.0001,0.0001,0.0001,25,2019-02-24
RIDE-USD,0.0001,0.0001,0.0001,0.0001,0,2019-02-25
RIDE-USD,0.0003,0.0001,0.0001,0.0001,0,2019-02-26
RIDE-USD,0.0001,0.0001,0.0001,0.0001,0,2019-02-27
RIDE-USD,0.0002,0.0002,0.0002,0.0002,2,2019-03-02
RIDE-USD,0.0002,0.0001,0.0002,0.0001,1,2019-03-03
RIDE-USD,0.0001,0.0001,0.0001,0.0001,1,2019-03-04
RIDE-USD,0.0001,0.0001,0.0001,0.0001,1,2019-03-05
RIDE-USD,0.0001,0.0001,0.0001,0.0001,1,2019-03-06
RIDE-USD,0.0001,0.0001,0.0001,0.0001,1,2019-03-07
RIDE-USD,0.0001,0.0001,0.0001,0.0001,1,2019-03-08
RIDE-USD,0.0002,0.0001,0.0001,0.0002,0,2019-03-09
RIDE-USD,0,0,0,0,1,2019-03-10
RIDE-USD,0.0001,0,0,0.0001,1,2019-03-11
RIDE-USD,0.0001,0.0001,0.0001,0.0001,0,2019-03-12
RIDE-USD,0.0001,0.0001,0.0001,0.0001,0,2019-03-13
RIDE-USD,0.0001,0.0001,0.0001,0.0001,2,2019-03-20
RIDE-USD,0.0001,0.0001,0.0001,0.0001,4,2019-03-21
RIDE-USD,0.0001,0.0001,0.0001,0.0001,1,2019-03-22
RIDE-USD,0.0001,0.0001,0.0001,0.0001,3,2019-03-23
RIDE-USD,0.0001,0.0001,0.0001,0.0001,0,2019-03-24
RIDE-USD,0.0001,0.0001,0.0001,0.0001,3,2019-03-25
RIDE-USD,0.0001,0.0001,0.0001,0.0001,2,2019-03-26
RIDE-USD,0.0001,0.0001,0.0001,0.0001,1,2019-03-27
RIDE-USD,0.0001,0.0001,0.0001,0.0001,1,2019-03-28
RIDE-USD,0.0003,0.0003,0.0003,0.0003,0,2019-03-29
RIDE-USD,0.0001,0.0001,0.0001,0.0001,0,2019-04-02
RIDE-USD,0.0002,0.0001,0.0001,0.0001,90,2019-04-03
RIDE-USD,0.0003,0.0001,0.0001,0.0001,11,2019-04-04
RIDE-USD,0.0003,0.0001,0.0001,0.0002,22,2019-04-05
RIDE-USD,0.0002,0.0001,0.0002,0.0002,4,2019-04-06
RIDE-USD,0.0001,0.0001,0.0001,0.0001,1,2019-04-10
RIDE-USD,0.0002,0.0001,0.0001,0.0002,678,2019-04-11
RIDE-USD,0.0003,0.0001,0.0002,0.0002,17,2019-04-12
RIDE-USD,0.0002,0.0002,0.0002,0.0002,2,2019-04-13
RIDE-USD,0.0002,0.0001,0.0002,0.0001,0,2019-04-14
RIDE-USD,0.0003,0.0002,0.0003,0.0002,137,2019-04-17
RIDE-USD,0.0002,0.0002,0.0002,0.0002,0,2019-04-18
RIDE-USD,0.0002,0.0002,0.0002,0.0002,0,2019-04-19
RIDE-USD,0.0003,0.0003,0.0003,0.0003,0,2019-04-20
RIDE-USD,0.0003,0.0002,0.0003,0.0002,0,2019-04-21
RIDE-USD,0.0003,0.0002,0.0002,0.0003,9,2019-04-22
RIDE-USD,0.0003,0.0002,0.0003,0.0002,24,2019-04-23
RIDE-USD,0.0003,0.0002,0.0002,0.0003,132,2019-04-24
RIDE-USD,0.0003,0.0002,0.0003,0.0002,17,2019-04-25
RIDE-USD,0.0002,0.0002,0.0002,0.0002,14,2019-04-26
RIDE-USD,0.0003,0.0002,0.0002,0.0003,33,2019-04-27
RIDE-USD,0.0003,0.0003,0.0003,0.0003,1,2019-04-28
RIDE-USD,0.0003,0.0003,0.0003,0.0003,5,2019-04-29
RIDE-USD,0.0003,0.0002,0.0003,0.0002,11,2019-04-30
RIDE-USD,0.0003,0.0002,0.0002,0.0003,0,2019-05-01
RIDE-USD,0.0003,0.0002,0.0003,0.0002,19850,2019-05-02
RIDE-USD,0.0002,0.0001,0.0002,0.0001,270,2019-05-03
RIDE-USD,0.0002,0.0001,0.0001,0.0001,99,2019-05-04
RIDE-USD,0.0002,0.0001,0.0001,0.0002,36,2019-05-05
RIDE-USD,0.0002,0.0001,0.0001,0.0001,0,2019-05-06
RIDE-USD,0.0001,0.0001,0.0001,0.0001,69,2019-05-07
RIDE-USD,0.0001,0.0001,0.0001,0.0001,3,2019-05-08
RIDE-USD,0.0001,0.0001,0.0001,0.0001,31,2019-05-09
RIDE-USD,0.0001,0.0001,0.0001,0.0001,5,2019-05-10
RIDE-USD,0.0001,0.0001,0.0001,0.0001,1,2019-05-11
RIDE-USD,0.0002,0.0001,0.0001,0.0001,6,2019-05-12
RIDE-USD,0.0002,0.0001,0.0001,0.0002,2,2019-05-13
RIDE-USD,0.0002,0.0001,0.0002,0.0001,1,2019-05-14
RIDE-USD,0.0002,0.0001,0.0001,0.0001,0,2019-05-15
RIDE-USD,0.0002,0.0001,0.0002,0.0001,30,2019-05-16
RIDE-USD,0.0002,0.0001,0.0001,0.0001,34,2019-05-17
RIDE-USD,0.0001,0.0001,0.0001,0.0001,0,2019-05-18
RIDE-USD,0.0002,0.0001,0.0001,0.0002,14,2019-05-19
RIDE-USD,0.0002,0.0002,0.0002,0.0002,13,2019-05-20
RIDE-USD,0.0001,0.0001,0.0001,0.0001,0,2019-05-21
RIDE-USD,0.0001,0.0001,0.0001,0.0001,0,2019-05-22
RIDE-USD,0.0002,0.0002,0.0002,0.0002,3,2019-05-24
RIDE-USD,0.0002,0.0002,0.0002,0.0002,3,2019-05-25
RIDE-USD,0.0002,0.0001,0.0001,0.0002,2,2019-05-26
RIDE-USD,0.0002,0.0002,0.0002,0.0002,13,2019-05-27
RIDE-USD,0.0002,0.0001,0.0002,0.0001,1,2019-05-28
RIDE-USD,0.0002,0.0001,0.0001,0.0002,28,2019-05-29
RIDE-USD,0.0002,0.0002,0.0002,0.0002,7,2019-05-30
RIDE-USD,0.0002,0.0001,0.0002,0.0002,4,2019-05-31
RIDE-USD,0.0002,0.0002,0.0002,0.0002,3,2019-06-01
RIDE-USD,0.0002,0.0002,0.0002,0.0002,2,2019-06-02
RIDE-USD,0.0002,0.0001,0.0001,0.0002,2,2019-06-03
RIDE-USD,0.0002,0.0001,0.0002,0.0001,2,2019-06-04
RIDE-USD,0.0001,0.0001,0.0001,0.0001,0,2019-06-05
RIDE-USD,0.0004,0.0003,0.0004,0.0004,0,2019-06-06
RIDE-USD,0.0004,0.0004,0.0004,0.0004,0,2019-06-07
RIDE-USD,0.0001,0.0001,0.0001,0.0001,0,2019-06-09
RIDE-USD,0.0001,0.0001,0.0001,0.0001,0,2019-06-10
RIDE-USD,0.0002,0.0001,0.0001,0.0002,20,2019-06-14
RIDE-USD,0.0002,0.0002,0.0002,0.0002,5,2019-06-15
RIDE-USD,0.0002,0.0002,0.0002,0.0002,0,2019-06-16
RIDE-USD,0.0002,0.0002,0.0002,0.0002,10,2019-06-19
RIDE-USD,0.0002,0.0002,0.0002,0.0002,6,2019-06-20
RIDE-USD,0.0002,0.0002,0.0002,0.0002,3,2019-06-21
RIDE-USD,0.0002,0.0002,0.0002,0.0002,114,2019-06-22
RIDE-USD,0.0002,0.0002,0.0002,0.0002,75,2019-06-23
RIDE-USD,0.0002,0.0002,0.0002,0.0002,5,2019-06-24
RIDE-USD,0.0002,0.0002,0.0002,0.0002,20,2019-06-25
RIDE-USD,0.0003,0.0002,0.0002,0.0003,16,2019-06-26
RIDE-USD,0.0003,0.0002,0.0003,0.0002,30,2019-06-27
RIDE-USD,0.0002,0.0002,0.0002,0.0002,8,2019-06-28
RIDE-USD,0.0002,0.0002,0.0002,0.0002,9,2019-06-29
RIDE-USD,0.0002,0.0002,0.0002,0.0002,7,2019-06-30
RIDE-USD,0.0002,0.0002,0.0002,0.0002,7,2019-07-01
RIDE-USD,0.0002,0.0001,0.0001,0.0001,1,2019-07-02
RIDE-USD,0.0002,0.0001,0.0001,0.0001,0,2019-07-03
RIDE-USD,0.0002,0.0002,0.0002,0.0002,245,2019-07-04
RIDE-USD,0.0002,0.0002,0.0002,0.0002,240,2019-07-05
RIDE-USD,0.0002,0.0002,0.0002,0.0002,1,2019-07-06
RIDE-USD,0.0002,0.0002,0.0002,0.0002,18,2019-07-07
RIDE-USD,0.0005,0.0002,0.0002,0.0005,0,2019-07-08
RIDE-USD,0.0002,0.0002,0.0002,0.0002,264,2019-07-12
RIDE-USD,0.0002,0.0002,0.0002,0.0002,70,2019-07-13
RIDE-USD,0.0003,0.0002,0.0002,0.0003,322,2019-07-14
RIDE-USD,0.0003,0.0002,0.0003,0.0002,9,2019-07-15
RIDE-USD,0.0002,0.0002,0.0002,0.0002,9,2019-07-16
RIDE-USD,0.0001,0.0001,0.0001,0.0001,3,2019-07-17
RIDE-USD,0.0001,0.0001,0.0001,0.0001,3,2019-07-18
RIDE-USD,0.0002,0.0002,0.0002,0.0002,0,2019-07-19
RIDE-USD,0.0002,0.0002,0.0002,0.0002,0,2019-07-20
RIDE-USD,0.0002,0.0002,0.0002,0.0002,0,2019-07-24
RIDE-USD,0.0002,0.0002,0.0002,0.0002,0,2019-07-25
RIDE-USD,0.0002,0.0002,0.0002,0.0002,0,2019-07-29
RIDE-USD,0.0002,0.0001,0.0002,0.0002,4,2019-07-30
RIDE-USD,0.0002,0.0002,0.0002,0.0002,1,2019-07-31
RIDE-USD,0.0002,0.0002,0.0002,0.0002,1,2019-08-01
RIDE-USD,0.0002,0.0002,0.0002,0.0002,0,2019-08-03
RIDE-USD,0.0002,0.0002,0.0002,0.0002,0,2019-08-04
RIDE-USD,0.0002,0.0002,0.0002,0.0002,0,2019-08-07
RIDE-USD,0.0002,0.0002,0.0002,0.0002,0,2019-08-08
RIDE-USD,0.0002,0.0002,0.0002,0.0002,4,2019-08-09
RIDE-USD,0.0002,0.0002,0.0002,0.0002,0,2019-08-10
RIDE-USD,0.0001,0.0001,0.0001,0.0001,0,2019-08-14
RIDE-USD,0.0002,0.0001,0.0001,0.0001,0,2019-08-15
RIDE-USD,0.0004,0.0001,0.0001,0.0002,0,2019-08-16
RIDE-USD,0.0002,0.0001,0.0002,0.0001,0,2019-08-17
RIDE-USD,0.0004,0.0003,0.0004,0.0004,0,2019-08-18
RIDE-USD,0.0004,0.0003,0.0003,0.0004,2,2019-08-19
RIDE-USD,0.0004,0.0002,0.0004,0.0004,4,2019-08-20
RIDE-USD,0.0005,0.0002,0.0004,0.0002,0,2019-08-21
RIDE-USD,0.0002,0.0002,0.0002,0.0002,3,2019-08-22
RIDE-USD,0.0002,0.0002,0.0002,0.0002,3,2019-08-23
RIDE-USD,0.0002,0.0002,0.0002,0.0002,2,2019-08-24
RIDE-USD,0.0002,0.0001,0.0002,0.0001,0,2019-08-25
RIDE-USD,0.0001,0.0001,0.0001,0.0001,0,2019-08-26
RIDE-USD,0.0001,0.0001,0.0001,0.0001,0,2019-08-29
RIDE-USD,0.0001,0.0001,0.0001,0.0001,0,2019-08-30
RIDE-USD,0.0002,0.0002,0.0002,0.0002,2,2019-08-31
RIDE-USD,0.0002,0.0002,0.0002,0.0002,1,2019-09-01
RIDE-USD,0.0001,0.0001,0.0001,0.0001,1,2019-09-02
RIDE-USD,0.0005,0.0001,0.0001,0.0005,0,2019-09-03
RIDE-USD,0.0005,0.0005,0.0005,0.0005,0,2019-09-04
RIDE-USD,0.0006,0.0006,0.0006,0.0006,0,2019-09-05
RIDE-USD,0.0006,0.0001,0.0006,0.0002,15,2019-09-06
RIDE-USD,0.0004,0.0001,0.0002,0.0002,1,2019-09-07
RIDE-USD,0.0002,0.0001,0.0002,0.0002,1,2019-09-08
RIDE-USD,0.0002,0.0001,0.0002,0.0002,2,2019-09-09
RIDE-USD,0.0002,0.0001,0.0002,0.0001,0,2019-09-10
RIDE-USD,0.0002,0.0002,0.0002,0.0002,1,2019-09-14
RIDE-USD,0.0002,0.0002,0.0002,0.0002,1,2019-09-15
RIDE-USD,0.0002,0.0002,0.0002,0.0002,1,2019-09-24
RIDE-USD,0.0002,0.0002,0.0002,0.0002,1,2019-09-25
RIDE-USD,0.0002,0.0002,0.0002,0.0002,4,2019-09-26
RIDE-USD,0.0005,0.0002,0.0002,0.0005,0,2019-09-27
RIDE-USD,0.0005,0.0002,0.0005,0.0002,3,2019-09-28
RIDE-USD,0.0002,0.0002,0.0002,0.0002,2,2019-09-29
RIDE-USD,0.0002,0.0001,0.0002,0.0001,4,2019-10-03
RIDE-USD,0.0001,0.0001,0.0001,0.0001,0,2019-10-04
RIDE-USD,0.0001,0.0001,0.0001,0.0001,0,2019-10-05
RIDE-USD,0.0001,0.0001,0.0001,0.0001,0,2019-10-06
RIDE-USD,0.0002,0.0002,0.0002,0.0002,7,2019-10-07
RIDE-USD,0.0002,0.0002,0.0002,0.0002,7,2019-10-08
RIDE-USD,0.0002,0.0002,0.0002,0.0002,11,2019-10-09
RIDE-USD,0.0002,0.0002,0.0002,0.0002,11,2019-10-10
RIDE-USD,0.0004,0.0002,0.0004,0.0002,1,2019-10-16
RIDE-USD,0.0002,0.0002,0.0002,0.0002,1,2019-10-17
RIDE-USD,0.0001,0.0001,0.0001,0.0001,1,2019-10-18
RIDE-USD,0.0001,0.0001,0.0001,0.0001,0,2019-10-19
RIDE-USD,0.0001,0.0001,0.0001,0.0001,0,2019-10-20
RIDE-USD,0.0001,0.0001,0.0001,0.0001,0,2019-10-21
RIDE-USD,0.0001,0.0001,0.0001,0.0001,0,2019-10-25
RIDE-USD,0.0001,0.0001,0.0001,0.0001,0,2019-10-26
RIDE-USD,0.0004,0.0002,0.0004,0.0002,0,2019-10-27
RIDE-USD,0.0002,0.0001,0.0002,0.0001,0,2019-10-28
RIDE-USD,0.0002,0.0002,0.0002,0.0002,3,2019-10-29
RIDE-USD,0.0004,0.0002,0.0002,0.0004,0,2019-10-30
RIDE-USD,0.0004,0.0004,0.0004,0.0004,0,2019-10-31
RIDE-USD,0.0004,0.0004,0.0004,0.0004,0,2019-11-01
RIDE-USD,0.0004,0.0004,0.0004,0.0004,0,2019-11-03
RIDE-USD,0.0004,0.0004,0.0004,0.0004,0,2019-11-04
RIDE-USD,0.0002,0.0001,0.0001,0.0001,0,2019-11-06
RIDE-USD,0.0004,0.0001,0.0001,0.0002,6,2019-11-07
RIDE-USD,0.0004,0.0001,0.0002,0.0001,0,2019-11-08
RIDE-USD,0.0001,0.0001,0.0001,0.0001,0,2019-11-09
RIDE-USD,0.0001,0.0001,0.0001,0.0001,0,2019-11-10
RIDE-USD,0.0001,0.0001,0.0001,0.0001,0,2019-11-11
RIDE-USD,0.0002,0.0001,0.0001,0.0002,2,2019-11-12
RIDE-USD,0.0002,0.0002,0.0002,0.0002,2,2019-11-13
RIDE-USD,0.0002,0.0002,0.0002,0.0002,2,2019-11-17
RIDE-USD,0.0002,0.0002,0.0002,0.0002,3,2019-11-18
RIDE-USD,0.0002,0.0002,0.0002,0.0002,35,2019-11-19
RIDE-USD,0.0002,0.0002,0.0002,0.0002,0,2019-11-20
RIDE-USD,0.0002,0.0002,0.0002,0.0002,0,2019-11-21
RIDE-USD,0.0002,0.0002,0.0002,0.0002,0,2019-11-24
RIDE-USD,0.0002,0.0002,0.0002,0.0002,0,2019-11-25
RIDE-USD,0.0003,0.0003,0.0003,0.0003,0,2019-11-29
RIDE-USD,0.0003,0.0001,0.0003,0.0001,0,2019-11-30
RIDE-USD,0.0002,0.0001,0.0001,0.0002,0,2019-12-01
RIDE-USD,0.0004,0.0001,0.0002,0.0004,1,2019-12-02
RIDE-USD,0.0004,0.0001,0.0004,0.0004,0,2019-12-03
RIDE-USD,0.0004,0.0001,0.0004,0.0001,0,2019-12-04
RIDE-USD,0.0001,0.0001,0.0001,0.0001,0,2019-12-05
RIDE-USD,0.0001,0.0001,0.0001,0.0001,0,2019-12-06
RIDE-USD,0.0001,0.0001,0.0001,0.0001,0,2019-12-12
RIDE-USD,0.0001,0.0001,0.0001,0.0001,0,2019-12-13
RIDE-USD,0.0004,0.0004,0.0004,0.0004,0,2019-12-15
RIDE-USD,0.0004,0.0004,0.0004,0.0004,0,2019-12-16
RIDE-USD,0.0002,0.0001,0.0002,0.0002,0,2019-12-17
RIDE-USD,0.0002,0.0001,0.0002,0.0002,0,2019-12-18
RIDE-USD,0.0002,0.0002,0.0002,0.0002,0,2019-12-25
RIDE-USD,0.0002,0.0002,0.0002,0.0002,0,2019-12-26
RIDE-USD,0.0002,0.0002,0.0002,0.0002,0,2019-12-27
RIDE-USD,0.0002,0.0001,0.0002,0.0001,0,2019-12-28
RIDE-USD,0.0001,0.0001,0.0001,0.0001,0,2019-12-29
RIDE-USD,0.0001,0.0001,0.0001,0.0001,1,2019-12-30
RIDE-USD,0.0001,0.0001,0.0001,0.0001,1,2019-12-31
RIDE-USD,0.0002,0.0002,0.0002,0.0002,0,2020-01-07
RIDE-USD,0.0002,0.0002,0.0002,0.0002,0,2020-01-08
RIDE-USD,0.0002,0.0002,0.0002,0.0002,0,2020-01-13
RIDE-USD,0.0002,0.0002,0.0002,0.0002,0,2020-01-14
RIDE-USD,0.0002,0.0002,0.0002,0.0002,0,2020-01-16
RIDE-USD,0.0002,0.0001,0.0002,0.0001,1,2020-01-17
RIDE-USD,0.0001,0.0001,0.0001,0.0001,0,2020-01-18
RIDE-USD,0.0003,0.0001,0.0001,0.0002,6,2020-01-19
RIDE-USD,0.0002,0.0002,0.0002,0.0002,2,2020-01-20
RIDE-USD,0.0001,0.0001,0.0001,0.0001,0,2020-01-25
RIDE-USD,0.0001,0.0001,0.0001,0.0001,0,2020-01-26
RIDE-USD,0.0002,0.0002,0.0002,0.0002,11,2020-01-29
RIDE-USD,0.0002,0.0002,0.0002,0.0002,11,2020-01-30
RIDE-USD,0.0001,0.0001,0.0001,0.0001,0,2020-02-11
RIDE-USD,0.0001,0.0001,0.0001,0.0001,0,2020-02-12
RIDE-USD,0.0002,0.0002,0.0002,0.0002,21,2020-02-13
RIDE-USD,0.0004,0.0002,0.0002,0.0004,1,2020-02-14
RIDE-USD,0.0004,0.0004,0.0004,0.0004,1,2020-02-15
RIDE-USD,0.0004,0.0003,0.0004,0.0003,14,2020-02-16
RIDE-USD,0.0004,0.0001,0.0003,0.0004,3,2020-02-17
RIDE-USD,0.0004,0.0002,0.0004,0.0003,7,2020-02-18
RIDE-USD,0.0003,0.0002,0.0003,0.0002,0,2020-02-19
RIDE-USD,0.0004,0.0002,0.0002,0.0002,1,2020-02-20
RIDE-USD,0.0002,0.0002,0.0002,0.0002,0,2020-02-21
RIDE-USD,0.0002,0.0002,0.0002,0.0002,14,2020-02-27
RIDE-USD,0.0002,0.0002,0.0002,0.0002,13,2020-02-28
RIDE-USD,0.0002,0.0002,0.0002,0.0002,8,2020-03-02
RIDE-USD,0.0002,0.0002,0.0002,0.0002,8,2020-03-03
RIDE-USD,0.0002,0.0002,0.0002,0.0002,0,2020-03-05
RIDE-USD,0.0002,0.0002,0.0002,0.0002,1,2020-03-06
RIDE-USD,0.0002,0.0002,0.0002,0.0002,1,2020-03-07
RIDE-USD,0.0001,0.0001,0.0001,0.0001,0,2020-03-11
RIDE-USD,0.0001,0.0001,0.0001,0.0001,0,2020-03-12
RIDE-USD,0.0002,0.0001,0.0002,0.0002,1,2020-03-13
RIDE-USD,0.0002,0.0002,0.0002,0.0002,1,2020-03-14
RIDE-USD,0.0001,0.0001,0.0001,0.0001,0,2020-03-15
RIDE-USD,0.0001,0.0001,0.0001,0.0001,0,2020-03-16
RIDE-USD,0.0001,0.0001,0.0001,0.0001,3,2020-03-17
RIDE-USD,0.0001,0.0001,0.0001,0.0001,4,2020-03-18
RIDE-USD,0.0001,0.0001,0.0001,0.0001,4,2020-03-19
RIDE-USD,0.0001,0.0001,0.0001,0.0001,0,2020-03-20
RIDE-USD,0.0002,0.0001,0.0001,0.0002,11491,2020-03-21
RIDE-USD,0.0002,0.0001,0.0002,0.0001,1193,2020-03-22
RIDE-USD,0.0002,0.0001,0.0001,0.0001,30,2020-03-23
RIDE-USD,0.0001,0.0001,0.0001,0.0001,0,2020-03-24
RIDE-USD,0.0001,0.0001,0.0001,0.0001,5,2020-03-25
RIDE-USD,0.0002,0.0001,0.0001,0.0001,6,2020-03-26
RIDE-USD,0.0001,0.0001,0.0001,0.0001,7,2020-03-27
RIDE-USD,0.0001,0.0001,0.0001,0.0001,0,2020-03-28
RIDE-USD,0.0002,0.0001,0.0001,0.0001,2,2020-03-29
RIDE-USD,0.0001,0.0001,0.0001,0.0001,2,2020-03-30
RIDE-USD,0.0001,0.0001,0.0001,0.0001,3,2020-03-31
RIDE-USD,0.0001,0.0001,0.0001,0.0001,0,2020-04-01
RIDE-USD,0.0001,0.0001,0.0001,0.0001,0,2020-04-02
RIDE-USD,0.0001,0.0001,0.0001,0.0001,14,2020-04-03
RIDE-USD,0.0001,0.0001,0.0001,0.0001,5,2020-04-04
RIDE-USD,0.0001,0.0001,0.0001,0.0001,2,2020-04-06
RIDE-USD,0.0002,0.0001,0.0001,0.0002,1,2020-04-07
RIDE-USD,0.0001,0.0001,0.0001,0.0001,2,2020-04-08
RIDE-USD,0.0001,0.0001,0.0001,0.0001,72,2020-04-09
RIDE-USD,0.0001,0.0001,0.0001,0.0001,12,2020-04-10
RIDE-USD,0.0001,0.0001,0.0001,0.0001,12,2020-04-11
RIDE-USD,0.0001,0.0001,0.0001,0.0001,2,2020-04-14
RIDE-USD,0.0001,0.0001,0.0001,0.0001,2,2020-04-15
RIDE-USD,0.0001,0.0001,0.0001,0.0001,3,2020-04-21
RIDE-USD,0.0001,0.0001,0.0001,0.0001,6,2020-04-22
RIDE-USD,0.0002,0.0001,0.0001,0.0002,174,2020-04-23
RIDE-USD,0.0002,0.0001,0.0002,0.0002,3,2020-04-24
RIDE-USD,0.0004,0.0001,0.0002,0.0002,16149,2020-04-25
RIDE-USD,0.0002,0.0001,0.0002,0.0001,155,2020-04-26
RIDE-USD,0.0001,0.0001,0.0001,0.0001,110,2020-04-27
RIDE-USD,0.0001,0.0001,0.0001,0.0001,16,2020-04-28
RIDE-USD,0.0002,0.0001,0.0001,0.0001,81,2020-04-29
RIDE-USD,0.0001,0.0001,0.0001,0.0001,13,2020-04-30
RIDE-USD,0.0001,0.0001,0.0001,0.0001,0,2020-05-01
RIDE-USD,0.0001,0.0001,0.0001,0.0001,28,2020-05-02
RIDE-USD,0.0001,0.0001,0.0001,0.0001,1,2020-05-03
RIDE-USD,0.0001,0.0001,0.0001,0.0001,0,2020-05-04
RIDE-USD,0.0001,0.0001,0.0001,0.0001,8,2020-05-05
RIDE-USD,0.0001,0.0001,0.0001,0.0001,8,2020-05-06
RIDE-USD,0.0001,0.0001,0.0001,0.0001,0,2020-05-07
RIDE-USD,0.0001,0.0001,0.0001,0.0001,0,2020-05-08
RIDE-USD,0.0001,0.0001,0.0001,0.0001,2,2020-05-09
RIDE-USD,0.0001,0.0001,0.0001,0.0001,6,2020-05-10
RIDE-USD,0.0001,0,0.0001,0,0,2020-05-11
RIDE-USD,0.0001,0,0,0.0001,7,2020-05-12
RIDE-USD,0.0001,0.0001,0.0001,0.0001,0,2020-05-13
RIDE-USD,0.0001,0.0001,0.0001,0.0001,4,2020-05-14
RIDE-USD,0.0001,0.0001,0.0001,0.0001,4,2020-05-15
RIDE-USD,0.0001,0.0001,0.0001,0.0001,1,2020-05-16
RIDE-USD,0.0001,0.0001,0.0001,0.0001,1,2020-05-17
RIDE-USD,0.0001,0.0001,0.0001,0.0001,1,2020-05-20
RIDE-USD,0.0001,0.0001,0.0001,0.0001,1,2020-05-21
RIDE-USD,0.0001,0.0001,0.0001,0.0001,4,2020-05-23
RIDE-USD,0.0001,0.0001,0.0001,0.0001,1,2020-05-24
RIDE-USD,0.0001,0.0001,0.0001,0.0001,41,2020-05-26
RIDE-USD,0.0001,0.0001,0.0001,0.0001,43,2020-05-27
RIDE-USD,0,0,0,0,0,2020-06-01
RIDE-USD,0.0001,0,0,0.0001,0,2020-06-02
RIDE-USD,0.0001,0.0001,0.0001,0.0001,0,2020-06-03
RIDE-USD,0.0001,0.0001,0.0001,0.0001,0,2020-06-04
RIDE-USD,0.0001,0.0001,0.0001,0.0001,11,2020-06-06
RIDE-USD,0.0001,0.0001,0.0001,0.0001,5,2020-06-07
RIDE-USD,0.0001,0.0001,0.0001,0.0001,11,2020-06-13
RIDE-USD,0.0001,0.0001,0.0001,0.0001,5,2020-06-14
RIDE-USD,0.0001,0.0001,0.0001,0.0001,6,2020-06-21
RIDE-USD,0.0001,0.0001,0.0001,0.0001,0,2020-06-22
RIDE-USD,0.0001,0.0001,0.0001,0.0001,18,2020-06-24
RIDE-USD,0.0001,0.0001,0.0001,0.0001,18,2020-06-25
RIDE-USD,0.0001,0.0001,0.0001,0.0001,1,2020-07-01
RIDE-USD,0.0001,0.0001,0.0001,0.0001,0,2020-07-02
RIDE-USD,0.0001,0.0001,0.0001,0.0001,1,2020-07-05
RIDE-USD,0.0001,0.0001,0.0001,0.0001,0,2020-07-06
RIDE-USD,0.0001,0.0001,0.0001,0.0001,0,2020-07-07
RIDE-USD,0.0001,0.0001,0.0001,0.0001,6,2020-07-08
RIDE-USD,0.0001,0.0001,0.0001,0.0001,0,2020-07-09
RIDE-USD,0.0001,0.0001,0.0001,0.0001,0,2020-07-10
RIDE-USD,0.0001,0.0001,0.0001,0.0001,15,2020-07-23
RIDE-USD,0.0001,0.0001,0.0001,0.0001,0,2020-07-24
RIDE-USD,0.0001,0.0001,0.0001,0.0001,0,2020-07-25
RIDE-USD,0.0001,0.0001,0.0001,0.0001,0,2020-07-29
RIDE-USD,0.0001,0.0001,0.0001,0.0001,0,2020-07-30
RIDE-USD,0.0001,0.0001,0.0001,0.0001,0,2020-08-01
RIDE-USD,0.0001,0.0001,0.0001,0.0001,0,2020-08-02
RIDE-USD,0.0001,0.0001,0.0001,0.0001,0,2020-08-03
RIDE-USD,0.0001,0.0001,0.0001,0.0001,0,2020-08-04
RIDE-USD,0.0002,0.0001,0.0002,0.0001,1,2020-08-08
RIDE-USD,0.0001,0.0001,0.0001,0.0001,0,2020-08-09
RIDE-USD,0.0001,0.0001,0.0001,0.0001,0,2020-08-12
RIDE-USD,0.0002,0.0001,0.0001,0.0002,1,2020-08-13
RIDE-USD,0.0002,0.0001,0.0002,0.0001,0,2020-08-14
RIDE-USD,0.0001,0.0001,0.0001,0.0001,0,2020-08-15
RIDE-USD,0.0005,0.0001,0.0001,0.0005,0,2020-08-16
RIDE-USD,0.0006,0.0001,0.0005,0.0001,1,2020-08-17
RIDE-USD,0.0002,0.0001,0.0001,0.0002,5,2020-08-18
RIDE-USD,0.0002,0.0002,0.0002,0.0002,6,2020-08-19
RIDE-USD,0.0002,0.0001,0.0002,0.0001,1,2020-08-20
RIDE-USD,0.0001,0.0001,0.0001,0.0001,1,2020-08-21
RIDE-USD,0.0001,0.0001,0.0001,0.0001,0,2020-08-23
RIDE-USD,0.0001,0,0.0001,0,0,2020-08-24
RIDE-USD,0,0,0,0,0,2020-08-25
RIDE-USD,0.0002,0.0002,0.0002,0.0002,1,2020-08-26
RIDE-USD,0.0002,0.0002,0.0002,0.0002,1,2020-08-27
RIDE-USD,0.0001,0.0001,0.0001,0.0001,1,2020-09-01
RIDE-USD,0.0001,0.0001,0.0001,0.0001,1,2020-09-02
RIDE-USD,0.0001,0.0001,0.0001,0.0001,0,2020-09-03
RIDE-USD,0.0001,0.0001,0.0001,0.0001,0,2020-09-04
RIDE-USD,0.0001,0.0001,0.0001,0.0001,0,2020-09-05
RIDE-USD,0.0001,0.0001,0.0001,0.0001,0,2020-09-06
RIDE-USD,0.0001,0.0001,0.0001,0.0001,0,2020-09-07
RIDE-USD,0.0001,0.0001,0.0001,0.0001,0,2020-09-08
RIDE-USD,0.0001,0.0001,0.0001,0.0001,0,2020-09-09
RIDE-USD,0.0001,0.0001,0.0001,0.0001,4,2020-09-20
RIDE-USD,0.0001,0.0001,0.0001,0.0001,0,2020-09-21
RIDE-USD,0.0001,0.0001,0.0001,0.0001,0,2020-09-22
RIDE-USD,0.0001,0.0001,0.0001,0.0001,4,2020-09-23
RIDE-USD,0.0001,0.0001,0.0001,0.0001,0,2020-09-24
RIDE-USD,0.0001,0.0001,0.0001,0.0001,0,2020-09-25
RIDE-USD,0.0001,0.0001,0.0001,0.0001,0,2020-09-27
RIDE-USD,0.0001,0.0001,0.0001,0.0001,0,2020-09-28
RIDE-USD,0.0001,0.0001,0.0001,0.0001,3,2020-10-03
RIDE-USD,0.0001,0.0001,0.0001,0.0001,0,2020-10-04
RIDE-USD,0.0001,0.0001,0.0001,0.0001,2,2020-10-05
RIDE-USD,0.0001,0.0001,0.0001,0.0001,2,2020-10-06
RIDE-USD,0.0001,0.0001,0.0001,0.0001,0,2020-10-09
RIDE-USD,0.0001,0.0001,0.0001,0.0001,0,2020-10-10
RIDE-USD,0.0001,0.0001,0.0001,0.0001,0,2020-10-15
RIDE-USD,0.0001,0.0001,0.0001,0.0001,0,2020-10-16
RIDE-USD,0.0001,0.0001,0.0001,0.0001,132,2020-10-21
RIDE-USD,0.0001,0.0001,0.0001,0.0001,2,2020-10-22
RIDE-USD,0.0001,0.0001,0.0001,0.0001,1,2020-10-23
RIDE-USD,0.0002,0.0001,0.0001,0.0002,18,2020-10-27
RIDE-USD,0.0002,0.0001,0.0002,0.0001,0,2020-10-28
RIDE-USD,0.0001,0.0001,0.0001,0.0001,0,2020-10-29
RIDE-USD,0.0001,0.0001,0.0001,0.0001,0,2020-11-03
RIDE-USD,0.0001,0.0001,0.0001,0.0001,0,2020-11-04
RIDE-USD,0.0002,0.0001,0.0002,0.0002,4,2020-11-05
RIDE-USD,0.0002,0.0002,0.0002,0.0002,8,2020-11-06
RIDE-USD,0.0002,0.0001,0.0002,0.0001,4,2020-11-07
RIDE-USD,0.0001,0.0001,0.0001,0.0001,1,2020-11-10
RIDE-USD,0.0001,0.0001,0.0001,0.0001,0,2020-11-11
RIDE-USD,0.0002,0.0001,0.0001,0.0002,4,2020-11-12
RIDE-USD,0.0002,0.0001,0.0002,0.0001,0,2020-11-13
RIDE-USD,0.0001,0.0001,0.0001,0.0001,0,2020-11-14
RIDE-USD,0.0002,0.0001,0.0001,0.0002,0,2020-11-15
RIDE-USD,0.0002,0.0002,0.0002,0.0002,7,2020-11-16
RIDE-USD,0.0002,0.0001,0.0002,0.0002,29,2020-11-17
RIDE-USD,0.0002,0.0002,0.0002,0.0002,4,2020-11-18
RIDE-USD,0.0002,0.0002,0.0002,0.0002,4,2020-11-19
RIDE-USD,0.0002,0.0002,0.0002,0.0002,25,2020-11-20
RIDE-USD,0.0002,0.0001,0.0002,0.0001,11,2020-11-21
RIDE-USD,0.0002,0.0001,0.0001,0.0001,0,2020-11-22
RIDE-USD,0.0002,0.0001,0.0001,0.0002,2,2020-11-23
RIDE-USD,0.0002,0.0002,0.0002,0.0002,234,2020-11-24
RIDE-USD,0.0002,0.0002,0.0002,0.0002,18,2020-11-25
RIDE-USD,0.0002,0.0002,0.0002,0.0002,4,2020-11-26
RIDE-USD,0.0002,0.0001,0.0002,0.0001,0,2020-11-27
RIDE-USD,0.0001,0.0001,0.0001,0.0001,0,2020-11-28
RIDE-USD,0.0002,0.0001,0.0001,0.0002,0,2020-11-29
RIDE-USD,0.0002,0.0002,0.0002,0.0002,0,2020-11-30
RIDE-USD,0.0001,0.0001,0.0001,0.0001,0,2020-12-01
RIDE-USD,0.0002,0.0001,0.0001,0.0002,0,2020-12-02
RIDE-USD,0.0002,0.0002,0.0002,0.0002,0,2020-12-03
RIDE-USD,0.0001,0.0001,0.0001,0.0001,1,2020-12-04
RIDE-USD,0.0001,0,0.0001,0,0,2020-12-05
RIDE-USD,0.0002,0.0002,0.0002,0.0002,1,2020-12-06
RIDE-USD,0.0002,0.0002,0.0002,0.0002,0,2020-12-07
RIDE-USD,0.0002,0.0002,0.0002,0.0002,0,2020-12-08
RIDE-USD,0.0001,0.0001,0.0001,0.0001,0,2020-12-13
RIDE-USD,0.0001,0.0001,0.0001,0.0001,0,2020-12-14
RIDE-USD,0.0001,0.0001,0.0001,0.0001,0,2020-12-17
RIDE-USD,0.0001,0.0001,0.0001,0.0001,0,2020-12-18
RIDE-USD,0.0001,0.0001,0.0001,0.0001,0,2020-12-19
RIDE-USD,0.0001,0.0001,0.0001,0.0001,0,2020-12-20
RIDE-USD,0.0001,0.0001,0.0001,0.0001,0,2020-12-21
RIDE-USD,0.0001,0.0001,0.0001,0.0001,0,2020-12-27
RIDE-USD,0.0001,0.0001,0.0001,0.0001,0,2020-12-28
RIDE-USD,0.0001,0.0001,0.0001,0.0001,0,2020-12-29
RIDE-USD,0.0001,0.0001,0.0001,0.0001,0,2020-12-31
RIDE-USD,0.0001,0.0001,0.0001,0.0001,17,2021-01-01
RIDE-USD,0.0002,0.0001,0.0001,0.0002,0,2021-01-02
RIDE-USD,0.0002,0.0001,0.0001,0.0001,1,2021-01-03
RIDE-USD,0.0001,0.0001,0.0001,0.0001,0,2021-01-04
RIDE-USD,0.0001,0.0001,0.0001,0.0001,0,2021-01-05
RIDE-USD,0.0001,0.0001,0.0001,0.0001,1,2021-01-06
RIDE-USD,0.0003,0.0001,0.0001,0.0003,28,2021-01-07
RIDE-USD,0.0004,0.0002,0.0003,0.0002,2,2021-01-08
RIDE-USD,0.0002,0.0002,0.0002,0.0002,0,2021-01-09
RIDE-USD,0.0002,0.0001,0.0002,0.0002,1,2021-01-10
RIDE-USD,0.0002,0.0002,0.0002,0.0002,0,2021-01-11
RIDE-USD,0.0002,0.0001,0.0001,0.0002,1,2021-01-17
RIDE-USD,0.0002,0.0001,0.0002,0.0001,0,2021-01-18
RIDE-USD,0.0002,0.0002,0.0002,0.0002,20,2021-01-19
RIDE-USD,0.0002,0.0002,0.0002,0.0002,0,2021-01-20
RIDE-USD,0.0002,0.0002,0.0002,0.0002,1,2021-01-23
RIDE-USD,0.0002,0.0001,0.0002,0.0001,0,2021-01-24
RIDE-USD,0.0001,0.0001,0.0001,0.0001,0,2021-01-25
RIDE-USD,0.0002,0.0001,0.0002,0.0001,1,2021-01-27
RIDE-USD,0.0002,0.0001,0.0001,0.0002,12,2021-01-28
RIDE-USD,0.0005,0.0002,0.0003,0.0003,44,2021-01-29
RIDE-USD,0.0003,0.0001,0.0003,0.0002,1,2021-01-30
RIDE-USD,0.0003,0.0002,0.0003,0.0002,2,2021-01-31
RIDE-USD,0.0002,0.0001,0.0002,0.0001,1,2021-02-01
RIDE-USD,0.0002,0.0002,0.0002,0.0002,0,2021-02-03
RIDE-USD,0.0003,0.0002,0.0002,0.0003,28,2021-02-04
RIDE-USD,0.0003,0.0002,0.0003,0.0002,2,2021-02-05
RIDE-USD,0.0003,0.0002,0.0002,0.0003,0,2021-02-06
RIDE-USD,0.0004,0.0003,0.0003,0.0003,14,2021-02-07
RIDE-USD,0.0003,0.0001,0.0003,0.0001,0,2021-02-08
RIDE-USD,0.0002,0.0002,0.0002,0.0002,0,2021-02-09
RIDE-USD,0.0003,0.0002,0.0002,0.0003,0,2021-02-10
RIDE-USD,0.0003,0.0003,0.0003,0.0003,0,2021-02-11
RIDE-USD,0.0002,0.0002,0.0002,0.0002,6,2021-02-12
RIDE-USD,0.0002,0.0002,0.0002,0.0002,3,2021-02-13
RIDE-USD,0.0001,0.0001,0.0001,0.0001,0,2021-02-14
RIDE-USD,0.0001,0.0001,0.0001,0.0001,0,2021-02-15
RIDE-USD,0.0001,0.0001,0.0001,0.0001,0,2021-02-16
RIDE-USD,0.0003,0.0001,0.0001,0.0003,0,2021-02-17
RIDE-USD,0.0003,0.0003,0.0003,0.0003,0,2021-02-18
RIDE-USD,0.0004,0.0004,0.0004,0.0004,1,2021-02-20
RIDE-USD,0.0004,0.0001,0.0004,0.0002,0,2021-02-21
RIDE-USD,0.0002,0.0001,0.0002,0.0002,0,2021-02-22
RIDE-USD,0.0003,0.0001,0.0002,0.0003,31,2021-02-23
RIDE-USD,0.0004,0.0003,0.0003,0.0004,7,2021-02-24
RIDE-USD,0.0004,0.0004,0.0004,0.0004,0,2021-02-25
RIDE-USD,0.0004,0.0002,0.0004,0.0002,1,2021-02-26
RIDE-USD,0.0002,0.0002,0.0002,0.0002,1,2021-02-27
RIDE-USD,0.0005,0.0005,0.0005,0.0005,0,2021-02-28
RIDE-USD,0.0005,0.0001,0.0005,0.0004,23,2021-03-01
RIDE-USD,0.0004,0.0004,0.0004,0.0004,0,2021-03-02
RIDE-USD,0.0001,0.0001,0.0001,0.0001,0,2021-03-04
RIDE-USD,0.0002,0.0001,0.0001,0.0001,61,2021-03-05
RIDE-USD,0.0001,0.0001,0.0001,0.0001,9,2021-03-06
RIDE-USD,0.0001,0.0001,0.0001,0.0001,5,2021-03-07
RIDE-USD,0.0004,0.0003,0.0004,0.0003,0,2021-03-08
RIDE-USD,0.0003,0.0003,0.0003,0.0003,0,2021-03-09
RIDE-USD,0.0006,0.0006,0.0006,0.0006,9,2021-03-13
RIDE-USD,0.0006,0.0001,0.0006,0.0001,0,2021-03-14
RIDE-USD,0.0001,0.0001,0.0001,0.0001,0,2021-03-15
RIDE-USD,0.0004,0.0004,0.0004,0.0004,0,2021-03-16
RIDE-USD,0.0004,0.0001,0.0004,0.0001,0,2021-03-17
RIDE-USD,0.0001,0.0001,0.0001,0.0001,0,2021-03-18
RIDE-USD,0.0003,0.0003,0.0003,0.0003,1,2021-03-19
RIDE-USD,0.0003,0.0001,0.0003,0.0001,1,2021-03-20
RIDE-USD,0.0001,0.0001,0.0001,0.0001,1,2021-03-21
RIDE-USD,0.0003,0.0003,0.0003,0.0003,0,2021-03-28
RIDE-USD,0.0003,0.0003,0.0003,0.0003,0,2021-03-29
RIDE-USD,0.0001,0.0001,0.0001,0.0001,2,2021-03-31
RIDE-USD,0.0003,0.0001,0.0001,0.0003,0,2021-04-01
RIDE-USD,0.0001,0.0001,0.0001,0.0001,0,2021-04-04
RIDE-USD,0.0004,0.0001,0.0001,0.0004,1,2021-04-05
RIDE-USD,0.0004,0.0004,0.0004,0.0004,1,2021-04-06
RIDE-USD,0.0003,0.0003,0.0003,0.0003,0,2021-04-08
RIDE-USD,0.0003,0.0001,0.0003,0.0001,0,2021-04-09
RIDE-USD,0.0002,0.0001,0.0001,0.0002,1,2021-04-10
RIDE-USD,0.0002,0.0002,0.0002,0.0002,0,2021-04-11
RIDE-USD,0.0001,0.0001,0.0001,0.0001,0,2021-04-13
RIDE-USD,0.0003,0.0001,0.0001,0.0003,3,2021-04-14
RIDE-USD,0.0005,0.0001,0.0003,0.0004,12,2021-04-15
RIDE-USD,0.0006,0.0003,0.0004,0.0004,111,2021-04-16
RIDE-USD,0.0004,0.0003,0.0004,0.0004,20,2021-04-17
RIDE-USD,0.0002,0.0001,0.0001,0.0002,4,2021-04-19
RIDE-USD,0.0004,0.0001,0.0002,0.0004,0,2021-04-20
RIDE-USD,0.0004,0.0004,0.0004,0.0004,0,2021-04-27
RIDE-USD,0.0004,0.0001,0.0004,0.0001,0,2021-04-28
RIDE-USD,0.0001,0.0001,0.0001,0.0001,0,2021-04-29
RIDE-USD,0.0004,0.0001,0.0004,0.0001,0,2021-04-30
RIDE-USD,0.0001,0.0001,0.0001,0.0001,0,2021-05-01
RIDE-USD,0.0004,0.0001,0.0001,0.0004,0,2021-05-03
RIDE-USD,0.0004,0.0001,0.0004,0.0001,0,2021-05-04
RIDE-USD,0.0001,0.0001,0.0001,0.0001,0,2021-05-05
RIDE-USD,0.0004,0.0003,0.0004,0.0003,108,2021-05-06
RIDE-USD,0.0004,0.0003,0.0003,0.0004,0,2021-05-07
RIDE-USD,0.0004,0.0004,0.0004,0.0004,0,2021-05-08
RIDE-USD,0.0004,0.0004,0.0004,0.0004,0,2021-05-09
RIDE-USD,0.0004,0.0004,0.0004,0.0004,0,2021-05-10
RIDE-USD,0.0003,0.0002,0.0002,0.0003,3,2021-05-11
RIDE-USD,0.0003,0.0002,0.0003,0.0002,2,2021-05-12
RIDE-USD,0.0003,0.0002,0.0003,0.0003,44,2021-05-16
RIDE-USD,0.0003,0.0002,0.0003,0.0002,7,2021-05-17
RIDE-USD,0.0002,0.0002,0.0002,0.0002,0,2021-05-18
RIDE-USD,0.0004,0.0004,0.0004,0.0004,0,2021-05-19
RIDE-USD,0.0004,0.0004,0.0004,0.0004,0,2021-05-20
RIDE-USD,0.0004,0.0004,0.0004,0.0004,0,2021-05-21
RIDE-USD,0.0002,0.0002,0.0002,0.0002,0,2021-05-27
RIDE-USD,0.0002,0.0002,0.0002,0.0002,0,2021-05-28
RIDE-USD,0.0004,0.0004,0.0004,0.0004,0,2021-06-02
RIDE-USD,0.0004,0.0004,0.0004,0.0004,0,2021-06-03
RIDE-USD,0.0004,0.0004,0.0004,0.0004,0,2021-06-08
RIDE-USD,0.0004,0.0004,0.0004,0.0004,0,2021-06-09
RIDE-USD,0.0004,0.0004,0.0004,0.0004,0,2021-06-10
RIDE-USD,0.0002,0.0002,0.0002,0.0002,3,2021-06-11
RIDE-USD,0.0004,0.0002,0.0002,0.0004,4,2021-06-12
RIDE-USD,0.0004,0.0004,0.0004,0.0004,3,2021-06-13
RIDE-USD,0.0004,0.0004,0.0004,0.0004,2,2021-06-14
RIDE-USD,0.0002,0.0002,0.0002,0.0002,0,2021-06-16
RIDE-USD,0.0002,0.0002,0.0002,0.0002,0,2021-06-17
RIDE-USD,0.0004,0.0004,0.0004,0.0004,0,2021-06-19
RIDE-USD,0.0004,0.0001,0.0004,0.0002,9,2021-06-20
RIDE-USD,0.0003,0.0001,0.0002,0.0001,4,2021-06-21
RIDE-USD,0.0002,0.0001,0.0001,0.0002,0,2021-06-22
RIDE-USD,0.0001,0.0001,0.0001,0.0001,0,2021-06-23
RIDE-USD,0.0001,0.0001,0.0001,0.0001,0,2021-06-24
RIDE-USD,0.0002,0.0002,0.0002,0.0002,0,2021-06-26
RIDE-USD,0.0004,0.0001,0.0002,0.0004,35,2021-06-27
RIDE-USD,0.0004,0.0001,0.0004,0.0001,0,2021-06-28
RIDE-USD,0.0001,0.0001,0.0001,0.0001,0,2021-06-29
RIDE-USD,0.0001,0.0001,0.0001,0.0001,1,2021-07-10
RIDE-USD,0.0001,0.0001,0.0001,0.0001,0,2021-07-11
