SWT-USD,0.1415,0.139,0.1409,0.139,466,2017-03-03
SWT-USD,0.1433,0.1303,0.1394,0.1303,932,2017-03-04
SWT-USD,0.3688,0.1276,0.1295,0.3666,3,2017-03-05
SWT-USD,19.7394,0.197,0.3662,0.2745,2357,2017-03-06
SWT-USD,0.2748,0.261,0.2741,0.2644,18,2017-03-07
SWT-USD,0.2644,0.2342,0.2644,0.2498,1888,2017-03-08
SWT-USD,5.1672,0.1638,0.2496,1.1541,604,2017-03-09
SWT-USD,18.016,0.1389,1.1532,0.2265,9058,2017-03-10
SWT-USD,0.6859,0.1568,0.2265,0.214,3509,2017-03-11
SWT-USD,0.3424,0.1758,0.2141,0.2812,12757,2017-03-12
SWT-USD,0.318,0.1605,0.2814,0.2377,7006,2017-03-13
SWT-USD,0.2378,0.1353,0.2378,0.1773,13929,2017-03-14
SWT-USD,0.2139,0.1524,0.1773,0.1654,4512,2017-03-15
SWT-USD,0.1951,0.1175,0.1661,0.1532,7692,2017-03-16
SWT-USD,0.2094,0.151,0.1522,0.1879,3703,2017-03-17
SWT-USD,0.2107,0.1646,0.1879,0.1647,3830,2017-03-18
SWT-USD,0.2015,0.1652,0.1652,0.1838,1697,2017-03-19
SWT-USD,0.217,0.1839,0.1839,0.2068,2219,2017-03-20
SWT-USD,0.2392,0.207,0.207,0.2337,1309,2017-03-21
SWT-USD,0.2346,0.1995,0.2337,0.2064,958,2017-03-22
SWT-USD,0.3095,0.171,0.2065,0.2808,10360,2017-03-23
SWT-USD,0.3025,0.2252,0.2808,0.2625,2399,2017-03-24
SWT-USD,0.2976,0.2211,0.2624,0.2966,9770,2017-03-25
SWT-USD,0.4477,0.2718,0.2969,0.3098,11982,2017-03-26
SWT-USD,0.3157,0.2656,0.3116,0.3091,10863,2017-03-27
SWT-USD,0.3088,0.2374,0.3088,0.238,7396,2017-03-28
SWT-USD,0.3128,0.2346,0.2374,0.2981,7268,2017-03-29
SWT-USD,0.6576,0.2467,0.2796,0.4476,44050,2017-03-30
SWT-USD,0.6021,0.0161,0.4475,0.4983,12945,2017-03-31
SWT-USD,0.6007,0.4165,0.4983,0.4552,12305,2017-04-01
SWT-USD,0.5218,0.3945,0.4552,0.5099,4879,2017-04-02
SWT-USD,0.5135,0.2701,0.5104,0.4489,5574,2017-04-03
SWT-USD,0.4649,0.3857,0.4489,0.3864,1065,2017-04-04
SWT-USD,0.5376,0.3649,0.3867,0.4214,8122,2017-04-05
SWT-USD,0.475,0.3471,0.4217,0.4466,7533,2017-04-06
SWT-USD,0.4451,0.2905,0.4451,0.3735,4769,2017-04-07
SWT-USD,0.4529,0.3658,0.3722,0.4474,1876,2017-04-08
SWT-USD,0.4796,0.4154,0.4477,0.4655,613,2017-04-09
SWT-USD,2.4982,0.3078,0.4654,0.4345,12952,2017-04-10
SWT-USD,0.4357,0.3628,0.4346,0.4162,4803,2017-04-11
SWT-USD,0.4162,0.3589,0.4162,0.3781,4585,2017-04-12
SWT-USD,0.3785,0.2998,0.3783,0.3424,6199,2017-04-13
SWT-USD,0.4226,0.3363,0.3427,0.3387,11966,2017-04-14
SWT-USD,0.4285,0.3374,0.3386,0.4251,13184,2017-04-15
SWT-USD,0.5468,0.4054,0.425,0.546,41568,2017-04-16
SWT-USD,0.551,0.4497,0.5462,0.4668,19112,2017-04-17
SWT-USD,0.5574,0.4668,0.4668,0.4946,16719,2017-04-18
SWT-USD,0.5832,0.4446,0.4948,0.5567,31600,2017-04-19
SWT-USD,0.8603,0.5246,0.5558,0.759,101597,2017-04-20
SWT-USD,0.9128,0.6913,0.7592,0.9128,36733,2017-04-21
SWT-USD,1.8433,0.8433,0.9133,1.2688,235258,2017-04-22
SWT-USD,1.3269,0.9037,1.2579,0.9125,58938,2017-04-23
SWT-USD,1.1005,0.6995,0.9143,1,74291,2017-04-24
SWT-USD,1.2699,0.9757,1.0003,1.1756,69537,2017-04-25
SWT-USD,1.6644,1.0902,1.176,1.4425,152316,2017-04-26
SWT-USD,1.795,1.2427,1.4434,1.2752,84979,2017-04-27
SWT-USD,1.7552,1.2359,1.2751,1.6023,126901,2017-04-28
SWT-USD,1.6069,1.2731,1.604,1.4328,50682,2017-04-29
SWT-USD,1.5872,1.2116,1.4329,1.218,48396,2017-04-30
SWT-USD,1.5462,1.139,1.2133,1.2779,75572,2017-05-01
SWT-USD,1.9363,1.0215,1.2774,1.7434,114870,2017-05-02
SWT-USD,2.5898,1.6678,1.7445,2.5296,280769,2017-05-03
SWT-USD,2.7593,2.0037,2.5306,2.6909,308606,2017-05-04
SWT-USD,2.7323,2.0446,2.6965,2.0986,160196,2017-05-05
SWT-USD,2.4207,1.7796,2.1038,1.8629,102290,2017-05-06
SWT-USD,2.2111,1.7478,1.8637,2.0531,66079,2017-05-07
SWT-USD,2.1954,1.7822,2.0533,2.0508,39886,2017-05-08
SWT-USD,2.1512,1.7312,2.0514,1.8272,68114,2017-05-09
SWT-USD,2.0579,1.4605,1.8284,1.8668,41322,2017-05-10
SWT-USD,2.0531,1.8497,1.8701,2.01,9741,2017-05-11
SWT-USD,2.0161,1.7565,2.012,1.8656,16466,2017-05-12
SWT-USD,1.9195,1.5345,1.8617,1.9066,36677,2017-05-13
SWT-USD,1.9469,1.7087,1.8048,1.7281,15568,2017-05-14
SWT-USD,1.9262,1.5218,1.8094,1.5264,28800,2017-05-15
SWT-USD,1.6309,1.2689,1.5242,1.2742,44250,2017-05-16
SWT-USD,1.8482,1.2714,1.2739,1.4331,62798,2017-05-17
SWT-USD,1.8607,1.3418,1.4323,1.6274,62381,2017-05-18
SWT-USD,1.9095,1.5797,1.7798,1.8716,41460,2017-05-19
SWT-USD,2.0827,1.7166,1.8696,2.0672,92000,2017-05-20
SWT-USD,2.0708,1.6808,2.0665,1.8294,53893,2017-05-21
SWT-USD,2.033,1.6191,1.8355,1.8497,49608,2017-05-22
SWT-USD,2.4406,1.7591,1.847,2.4349,112433,2017-05-23
SWT-USD,2.7289,2.1556,2.438,2.7289,120902,2017-05-24
SWT-USD,3.1509,2.0745,2.7238,2.1508,182515,2017-05-25
SWT-USD,3.3709,2.0715,2.135,2.6954,323050,2017-05-26
SWT-USD,2.8571,1.6628,2.7044,2.2027,116182,2017-05-27
SWT-USD,2.6559,2.1615,2.2159,2.5195,23844,2017-05-28
SWT-USD,2.656,2.1971,2.5143,2.3208,51141,2017-05-29
SWT-USD,2.4106,1.7803,2.3933,1.919,117235,2017-05-30
SWT-USD,2.1727,1.3853,1.9265,1.9512,265250,2017-05-31
SWT-USD,2.4278,1.9499,1.9529,2.3979,48551,2017-06-01
SWT-USD,2.5588,2.2302,2.399,2.5268,40231,2017-06-02
SWT-USD,3.2569,2.349,2.5257,3.132,207825,2017-06-03
SWT-USD,4.0533,3.0576,3.1236,4.0024,364442,2017-06-04
SWT-USD,5.2152,3.8126,4.0031,4.3355,788515,2017-06-05
SWT-USD,5.0786,4.0315,4.278,4.5422,309121,2017-06-06
SWT-USD,5.3199,3.7273,4.5264,3.827,591930,2017-06-07
SWT-USD,4.9659,3.7529,3.7529,4.7694,173413,2017-06-08
SWT-USD,5.6355,4.6153,4.7619,5.5688,569937,2017-06-09
SWT-USD,6.2371,5.5102,5.6016,6.0939,672113,2017-06-10
SWT-USD,6.1995,5.21,5.9345,6.1057,292892,2017-06-11
SWT-USD,6.2604,4.8403,6.0977,5.1928,297913,2017-06-12
SWT-USD,6.0416,5.1093,5.1754,5.5933,411831,2017-06-13
SWT-USD,6.0808,4.9645,5.59,5.5781,530445,2017-06-14
SWT-USD,5.7583,4.4672,5.5778,5.2418,601541,2017-06-15
SWT-USD,5.4054,3.8115,5.3103,4.7084,1534790,2017-06-16
SWT-USD,4.8017,2.9976,4.7461,3.1235,696995,2017-06-17
SWT-USD,3.7469,2.9964,3.1195,3.0851,590873,2017-06-18
SWT-USD,3.4972,2.6232,3.084,2.9969,534577,2017-06-19
SWT-USD,3.9968,0.2498,2.7955,2.8045,253902,2017-06-20
SWT-USD,2.8618,2.1667,2.8618,2.376,194733,2017-06-21
SWT-USD,2.498,2.1722,2.376,2.4956,208907,2017-06-22
SWT-USD,2.7113,2.2478,2.3038,2.6182,168656,2017-06-23
SWT-USD,2.6917,2.3719,2.6157,2.4957,84677,2017-06-24
SWT-USD,2.5451,2.225,2.49,2.267,48294,2017-06-25
SWT-USD,2.3693,1.8474,2.316,1.9293,123564,2017-06-26
SWT-USD,2.3374,1.8825,1.9843,2.1064,71423,2017-06-27
SWT-USD,2.4398,1.9635,2.1086,2.4154,67805,2017-06-28
SWT-USD,2.5432,2.1799,2.4131,2.379,79234,2017-06-29
SWT-USD,2.852,2.2106,2.3837,2.2144,93426,2017-06-30
SWT-USD,2.3714,2.1799,2.2147,2.2927,39012,2017-07-01
SWT-USD,2.3784,2.1703,2.2925,2.3574,59123,2017-07-02
SWT-USD,2.4548,2.2603,2.3488,2.3974,43713,2017-07-03
SWT-USD,2.945,2.392,2.392,2.7186,113380,2017-07-04
SWT-USD,2.8438,2.5256,2.7171,2.8013,80635,2017-07-05
SWT-USD,3.669,2.7753,2.8027,3.5481,480445,2017-07-06
SWT-USD,3.8198,2.6272,3.5506,2.875,404548,2017-07-07
SWT-USD,2.8777,2.5352,2.8774,2.5911,71082,2017-07-08
SWT-USD,2.6856,2.4026,2.6133,2.4666,121926,2017-07-09
SWT-USD,2.4752,1.8704,2.4714,1.9232,91592,2017-07-10
SWT-USD,2.1,1.8723,1.9192,1.9312,96483,2017-07-11
SWT-USD,2.2865,1.878,1.9283,2.2204,68730,2017-07-12
SWT-USD,2.3121,1.9773,2.2221,1.9983,44992,2017-07-13
SWT-USD,2.0843,1.8415,1.9968,1.8843,33065,2017-07-14
SWT-USD,1.9847,1.6537,1.8811,1.6537,27087,2017-07-15
SWT-USD,1.7357,1.5989,1.6487,1.6555,19206,2017-07-16
SWT-USD,1.8593,1.6314,1.6537,1.8593,35880,2017-07-17
SWT-USD,1.9936,1.7563,1.8641,1.9304,64275,2017-07-18
SWT-USD,2.0088,0.6281,1.9335,1.1988,1061040,2017-07-19
SWT-USD,1.9626,1.0829,1.1839,1.4666,1733540,2017-07-20
SWT-USD,1.5606,1.2236,1.4502,1.2726,194096,2017-07-21
SWT-USD,1.3429,1.1658,1.2098,1.2267,135287,2017-07-22
SWT-USD,1.2483,1.1115,1.2232,1.1669,100429,2017-07-23
SWT-USD,1.2299,1.0619,1.1674,1.1596,84426,2017-07-24
SWT-USD,1.1761,0.8773,1.1716,0.9335,91975,2017-07-25
SWT-USD,1.3383,0.851,0.9339,1.0072,274262,2017-07-26
SWT-USD,1.1651,0.9937,1.0101,1.0417,88113,2017-07-27
SWT-USD,1.0757,0.9519,1.0448,1.0659,42132,2017-07-28
SWT-USD,1.0693,0.9317,1.0506,0.9644,45241,2017-07-29
SWT-USD,1.0137,0.9361,0.9645,1.0129,28865,2017-07-30
SWT-USD,1.0344,0.9455,1.0139,1.0171,33938,2017-07-31
SWT-USD,1.0946,0.9214,1.0176,1.0367,50033,2017-08-01
SWT-USD,1.1651,1.0163,1.0365,1.133,61122,2017-08-02
SWT-USD,1.1766,1.0818,1.135,1.1124,40983,2017-08-03
SWT-USD,1.2008,1.1088,1.1121,1.1922,30655,2017-08-04
SWT-USD,1.4909,1.191,1.1917,1.3326,83184,2017-08-05
SWT-USD,1.4315,1.284,1.333,1.3225,22069,2017-08-06
SWT-USD,1.3501,1.2095,1.3196,1.2836,63611,2017-08-07
SWT-USD,1.3403,1.2236,1.2849,1.2496,40057,2017-08-08
SWT-USD,1.2652,1.1739,1.2488,1.2067,17107,2017-08-09
SWT-USD,1.271,1.1811,1.2068,1.2429,50501,2017-08-10
SWT-USD,1.757,1.2374,1.2435,1.592,221421,2017-08-11
SWT-USD,2.6209,1.5792,1.5908,2.1479,622684,2017-08-12
SWT-USD,2.2759,1.5803,2.0923,1.7456,191876,2017-08-13
SWT-USD,1.9606,1.5574,1.7467,1.6475,88306,2017-08-14
SWT-USD,2.5164,1.453,1.6519,1.7692,219426,2017-08-15
SWT-USD,2.1948,1.6497,1.7711,2.0006,105619,2017-08-16
SWT-USD,2.0629,1.6402,1.9988,1.817,135698,2017-08-17
SWT-USD,1.9291,1.6285,1.9095,1.6855,51469,2017-08-18
SWT-USD,1.945,1.5891,1.684,1.7943,36261,2017-08-19
SWT-USD,1.9892,1.7287,1.9892,1.7824,27321,2017-08-20
SWT-USD,1.9264,1.6011,1.7755,1.6769,63997,2017-08-21
SWT-USD,1.6952,1.4893,1.6808,1.6361,25092,2017-08-22
SWT-USD,2.2059,1.6276,1.6328,1.9041,93197,2017-08-23
SWT-USD,1.9638,1.7978,1.9049,1.9233,29295,2017-08-24
SWT-USD,1.9689,1.7712,1.8438,1.8652,51196,2017-08-25
SWT-USD,2.0148,1.7988,1.8688,1.9557,40986,2017-08-26
SWT-USD,2.1005,1.8889,1.9552,1.9283,32483,2017-08-27
SWT-USD,1.9487,1.7888,1.9263,1.8628,53716,2017-08-28
SWT-USD,2.0064,1.8019,1.866,1.8951,93156,2017-08-29
SWT-USD,1.9551,1.8562,1.8925,1.9004,34454,2017-08-30
SWT-USD,2.0829,1.8739,1.8971,1.9895,102290,2017-08-31
SWT-USD,2.142,1.8488,1.9437,1.9838,69293,2017-09-01
SWT-USD,2.2405,1.8202,2.0037,1.8996,56706,2017-09-02
SWT-USD,1.962,1.7211,1.902,1.7885,28144,2017-09-03
SWT-USD,1.8352,1.5491,1.7891,1.6043,38976,2017-09-04
SWT-USD,1.7533,1.5129,1.6135,1.7203,41697,2017-09-05
SWT-USD,2.0651,1.7005,1.7223,1.8467,112796,2017-09-06
SWT-USD,1.9486,1.7207,1.8432,1.8804,46666,2017-09-07
SWT-USD,2.1834,1.6195,1.8808,1.7405,142176,2017-09-08
SWT-USD,2.3785,1.6472,1.7439,1.8638,350365,2017-09-09
SWT-USD,1.8652,1.6555,1.8246,1.7258,62274,2017-09-10
SWT-USD,1.7642,1.6842,1.7425,1.7137,29047,2017-09-11
SWT-USD,1.9837,1.6966,1.7153,1.8965,124697,2017-09-12
SWT-USD,1.9792,1.6091,1.8481,1.7199,258062,2017-09-13
SWT-USD,1.7503,1.3604,1.7198,1.3683,70787,2017-09-14
SWT-USD,1.6198,1.2606,1.379,1.5629,55318,2017-09-15
SWT-USD,1.6494,1.4832,1.5588,1.5299,26063,2017-09-16
SWT-USD,1.6172,1.4348,1.5288,1.5456,27472,2017-09-17
SWT-USD,1.7708,1.5425,1.5425,1.7662,40579,2017-09-18
SWT-USD,1.7799,1.5942,1.7705,1.6139,18704,2017-09-19
SWT-USD,1.7398,1.5787,1.6117,1.6299,49709,2017-09-20
SWT-USD,1.7278,1.4882,1.6289,1.5112,31395,2017-09-21
SWT-USD,1.5603,1.4494,1.5095,1.5117,18324,2017-09-22
SWT-USD,1.6291,1.4685,1.5075,1.6291,17179,2017-09-23
SWT-USD,1.661,1.5199,1.6289,1.5861,19964,2017-09-24
SWT-USD,1.6788,1.5034,1.5845,1.6314,19026,2017-09-25
SWT-USD,1.6784,1.6042,1.6313,1.6345,21155,2017-09-26
SWT-USD,1.8069,1.5998,1.6299,1.7798,28631,2017-09-27
SWT-USD,1.827,1.7267,1.7799,1.7861,20409,2017-09-28
SWT-USD,1.9762,1.6801,1.7507,1.8191,20588,2017-09-29
SWT-USD,1.8873,1.7762,1.8193,1.8806,38106,2017-09-30
SWT-USD,1.9077,1.7885,1.8816,1.9077,36077,2017-10-01
SWT-USD,2.0782,1.8366,1.9069,2.0134,190475,2017-10-02
SWT-USD,2.1327,1.7951,2.0134,1.8839,147959,2017-10-03
SWT-USD,1.9838,1.7574,1.8883,1.8098,85231,2017-10-04
SWT-USD,1.8504,1.7272,1.8114,1.7454,53720,2017-10-05
SWT-USD,1.8119,1.6349,1.7703,1.668,44581,2017-10-06
SWT-USD,1.7511,1.6123,1.6995,1.6605,39972,2017-10-07
SWT-USD,1.6972,1.3352,1.6561,1.3564,41545,2017-10-08
SWT-USD,1.4782,1.3519,1.3567,1.4429,31393,2017-10-09
SWT-USD,2.0392,1.4375,1.4428,1.6604,79378,2017-10-10
SWT-USD,1.781,1.6095,1.6642,1.761,23432,2017-10-11
SWT-USD,1.797,1.5914,1.7168,1.6704,31215,2017-10-12
SWT-USD,1.7696,1.3981,1.6756,1.5242,39074,2017-10-13
SWT-USD,1.618,1.507,1.5246,1.592,12543,2017-10-14
SWT-USD,1.5957,1.43,1.5691,1.4897,46192,2017-10-15
SWT-USD,1.5445,1.3503,1.4899,1.4236,32051,2017-10-16
SWT-USD,1.4476,1.3598,1.4194,1.376,13902,2017-10-17
SWT-USD,1.4427,1.2748,1.3761,1.3639,26738,2017-10-18
SWT-USD,1.4265,1.0531,1.3646,1.3169,105418,2017-10-19
SWT-USD,1.3395,1.086,1.3173,1.2388,41683,2017-10-20
SWT-USD,1.4531,1.0172,1.2362,1.34,40128,2017-10-21
SWT-USD,1.338,1.053,1.338,1.2182,18977,2017-10-22
SWT-USD,1.2258,0.9039,1.2162,1.018,60241,2017-10-23
SWT-USD,1.3003,0.9283,1.0189,1.0295,149588,2017-10-24
SWT-USD,1.1156,1.009,1.0299,1.0794,56575,2017-10-25
SWT-USD,1.1661,0.9258,1.0793,1.118,58561,2017-10-26
SWT-USD,1.1688,1.0455,1.1184,1.1372,27088,2017-10-27
SWT-USD,1.4008,1.0821,1.1403,1.3178,122119,2017-10-28
SWT-USD,1.3906,1.1903,1.316,1.2413,68162,2017-10-29
SWT-USD,1.2965,1.157,1.2471,1.1973,19472,2017-10-30
SWT-USD,1.3862,1.1672,1.1932,1.2247,56530,2017-10-31
SWT-USD,1.2679,1.164,1.2238,1.1984,45520,2017-11-01
SWT-USD,1.2302,1.0343,1.1997,1.1343,178809,2017-11-02
SWT-USD,1.2531,1.0884,1.1328,1.171,14943,2017-11-03
SWT-USD,1.697,1.0969,1.168,1.1907,189090,2017-11-04
SWT-USD,1.3119,1.1119,1.1884,1.2492,45871,2017-11-05
SWT-USD,1.3021,1.0971,1.2519,1.1993,65060,2017-11-06
SWT-USD,1.2565,1.1837,1.1974,1.2397,21316,2017-11-07
SWT-USD,1.4836,1.2285,1.2359,1.3613,201103,2017-11-08
SWT-USD,1.376,1.2524,1.36,1.3036,172858,2017-11-09
SWT-USD,1.3128,1.0414,1.3075,1.1248,58342,2017-11-10
SWT-USD,1.1891,1.0294,1.1208,1.0672,26373,2017-11-11
SWT-USD,1.0744,0.9047,1.0664,0.9749,45642,2017-11-12
SWT-USD,1.2091,0.9395,0.9529,1.169,83746,2017-11-13
SWT-USD,1.202,1.0975,1.1715,1.1484,29064,2017-11-14
SWT-USD,1.1961,1.0972,1.1228,1.1741,47214,2017-11-15
SWT-USD,1.2989,1.1473,1.1802,1.2192,21563,2017-11-16
SWT-USD,7.0813,0.9896,1.2172,3.4803,448125,2017-11-17
SWT-USD,7.6108,1.5292,3.463,1.6492,3112630,2017-11-18
SWT-USD,2.6435,1.6232,1.6463,2.0448,6119920,2017-11-19
SWT-USD,2.3994,1.6994,2.0219,1.8608,2224440,2017-11-20
SWT-USD,1.8285,1.5275,1.8024,1.6297,530839,2017-11-21
SWT-USD,1.712,1.5625,1.6334,1.5811,229139,2017-11-22
SWT-USD,1.607,1.5393,1.6033,1.5578,93889,2017-11-23
SWT-USD,1.544,1.4062,1.5437,1.499,166431,2017-11-24
SWT-USD,1.5978,1.4725,1.496,1.5739,108516,2017-11-25
SWT-USD,1.6787,1.5274,1.5734,1.6314,119853,2017-11-26
SWT-USD,1.7551,1.5826,1.5993,1.6301,235547,2017-11-27
SWT-USD,1.8456,1.6271,1.6343,1.6568,495050,2017-11-28
SWT-USD,1.7382,1.3805,1.6448,1.4519,167069,2017-11-29
SWT-USD,1.9352,1.3499,1.4742,1.5672,539418,2017-11-30
SWT-USD,1.6851,1.4636,1.5595,1.6359,108693,2017-12-01
SWT-USD,2.0357,1.5717,1.6345,1.8554,397030,2017-12-02
SWT-USD,1.9341,1.702,1.8592,1.7791,175739,2017-12-03
SWT-USD,1.9352,1.7346,1.7854,1.9352,201884,2017-12-04
SWT-USD,2.316,1.8451,1.939,2.224,834948,2017-12-05
SWT-USD,2.2721,1.9527,2.2191,2.033,452332,2017-12-06
SWT-USD,2.3532,1.7715,2.0401,1.8514,417645,2017-12-07
SWT-USD,1.9489,1.5675,1.8264,1.8073,273325,2017-12-08
SWT-USD,2.0504,1.6147,1.8054,1.7144,100840,2017-12-09
SWT-USD,1.9525,1.4659,1.7213,1.596,505710,2017-12-10
SWT-USD,1.8059,1.4657,1.5097,1.6036,163164,2017-12-11
SWT-USD,3.804,1.6036,1.6086,2.904,12950100,2017-12-12
SWT-USD,3.9508,2.4354,3.0235,2.5228,6134580,2017-12-13
SWT-USD,2.7626,2.1961,2.5508,2.417,1890360,2017-12-14
SWT-USD,2.4995,2.0034,2.4213,2.3029,529356,2017-12-15
SWT-USD,2.3461,2.1237,2.3061,2.238,370510,2017-12-16
SWT-USD,3.0651,2.2124,2.2383,2.5159,2774870,2017-12-17
SWT-USD,2.7267,2.4255,2.5128,2.7267,942852,2017-12-18
SWT-USD,2.8811,2.4743,2.7309,2.6808,1002000,2017-12-19
SWT-USD,2.9541,2.3866,2.7437,2.9446,869914,2017-12-20
SWT-USD,3.3571,2.8782,2.9523,3.0265,896210,2017-12-21
SWT-USD,3.1715,1.8238,3.0543,2.374,378411,2017-12-22
SWT-USD,3.2508,2.382,2.3972,2.8898,674954,2017-12-23
SWT-USD,6.6533,2.6963,2.9217,4.3101,15171900,2017-12-24
SWT-USD,5.3146,3.7144,4.1026,4.6451,5464930,2017-12-25
SWT-USD,4.8395,3.8121,4.5375,4.1149,1648610,2017-12-26
SWT-USD,6.6188,4.0238,4.1018,5.8442,9322960,2017-12-27
SWT-USD,6.3832,4.8773,5.961,5.5052,4767440,2017-12-28
SWT-USD,5.767,5.1464,5.5621,5.4873,1140030,2017-12-29
SWT-USD,5.6594,4.0893,5.6594,4.5864,1348690,2017-12-30
SWT-USD,5.0795,4.2359,4.3331,4.9716,739057,2017-12-31
SWT-USD,4.971,4.4349,4.9631,4.7545,512677,2018-01-01
SWT-USD,5.1237,4.4931,4.7275,4.7472,1042920,2018-01-02
SWT-USD,6.3007,4.438,5.6338,4.9149,3462800,2018-01-03
SWT-USD,5.1551,4.4284,5.0414,4.7008,1474470,2018-01-04
SWT-USD,4.6262,3.8183,4.6262,3.9033,1655160,2018-01-05
SWT-USD,4.3838,3.5997,3.8197,4.2677,621471,2018-01-06
SWT-USD,5.7166,4.1361,4.2634,5.4181,3110120,2018-01-07
SWT-USD,5.3037,4.0516,5.3037,4.8973,1194650,2018-01-08
SWT-USD,5.0733,4.556,4.884,4.8598,709639,2018-01-09
SWT-USD,5.3446,3.9089,4.8664,4.5296,1120820,2018-01-10
SWT-USD,4.5171,3.153,4.5003,3.7166,680136,2018-01-11
SWT-USD,4.9924,3.3721,3.5118,4.4468,1696300,2018-01-12
SWT-USD,5.7295,4.3505,4.497,5.2982,2268570,2018-01-13
SWT-USD,5.4163,4.4621,5.1476,5.0106,642099,2018-01-14
SWT-USD,4.987,4.1929,4.9744,4.1964,676900,2018-01-15
SWT-USD,5.1962,2.5637,4.1971,2.9839,629918,2018-01-16
SWT-USD,3.2583,2.2391,2.9688,3.0077,274271,2018-01-17
SWT-USD,3.7117,2.8867,2.9256,3.1803,1095000,2018-01-18
SWT-USD,3.8216,3.1279,3.1313,3.3221,1418740,2018-01-19
SWT-USD,3.7541,3.3579,3.3584,3.579,484173,2018-01-20
SWT-USD,3.5902,3.003,3.5622,3.0153,1285370,2018-01-21
SWT-USD,3.289,2.6426,3.0547,3.0254,553049,2018-01-22
SWT-USD,3.7867,2.829,3.0171,3.3425,1193100,2018-01-23
SWT-USD,6.1895,3.1487,3.3398,5.6229,15441600,2018-01-24
SWT-USD,5.4622,4.3307,5.4622,4.6124,4338040,2018-01-25
SWT-USD,4.8458,3.8353,4.6413,4.1547,1483950,2018-01-26
SWT-USD,5.1586,4.0678,4.1819,4.3742,2291630,2018-01-27
SWT-USD,5.0181,4.2356,4.4234,4.3083,2551580,2018-01-28
SWT-USD,4.6927,4.0149,4.3653,4.2767,3702860,2018-01-29
SWT-USD,4.2972,3.1103,4.2972,3.2914,652590,2018-01-30
SWT-USD,3.3523,2.948,3.2531,3.2325,407330,2018-01-31
SWT-USD,3.4787,2.59,3.2291,2.8038,558543,2018-02-01
SWT-USD,2.7981,2.0161,2.7981,2.5697,363504,2018-02-02
SWT-USD,2.706,2.1899,2.541,2.5869,352945,2018-02-03
SWT-USD,2.5882,2.1676,2.5882,2.2809,140633,2018-02-04
SWT-USD,3.4406,2.1399,2.2587,2.3338,8317170,2018-02-05
SWT-USD,2.4929,1.7194,2.3868,2.4618,1919700,2018-02-06
SWT-USD,2.6291,2.2546,2.4453,2.3309,807738,2018-02-07
SWT-USD,2.5747,2.2734,2.3254,2.4152,436310,2018-02-08
SWT-USD,3.4036,2.1629,2.4066,2.8703,2852020,2018-02-09
SWT-USD,3.1178,2.4886,2.8806,2.603,2235960,2018-02-10
SWT-USD,2.9321,2.2804,2.6192,2.6561,1672470,2018-02-11
SWT-USD,2.8747,2.5948,2.6732,2.7676,1428640,2018-02-12
SWT-USD,2.8006,2.2532,2.7727,2.5452,344707,2018-02-13
SWT-USD,2.814,2.5376,2.5376,2.7481,436194,2018-02-14
SWT-USD,2.8245,2.6157,2.7563,2.7361,518961,2018-02-15
SWT-USD,2.7722,2.525,2.7252,2.6536,193585,2018-02-16
SWT-USD,2.9351,2.5174,2.653,2.8812,607079,2018-02-17
SWT-USD,2.9693,2.506,2.8901,2.5305,302822,2018-02-18
SWT-USD,2.6931,2.4783,2.5149,2.5626,348251,2018-02-19
SWT-USD,2.6543,2.2769,2.5649,2.2841,384232,2018-02-20
SWT-USD,2.4729,1.9961,2.3447,2.105,383830,2018-02-21
SWT-USD,2.2353,1.8855,2.1029,1.9186,108202,2018-02-22
SWT-USD,2.0477,1.7507,1.9168,1.8336,394400,2018-02-23
SWT-USD,1.9003,1.6874,1.8461,1.7003,186489,2018-02-24
SWT-USD,1.947,1.5764,1.6983,1.9015,678689,2018-02-25
SWT-USD,2.0024,1.7938,1.9523,1.8948,242542,2018-02-26
SWT-USD,2.1675,1.8604,1.925,2.0652,317252,2018-02-27
SWT-USD,2.1086,1.9064,2.0628,1.9333,118569,2018-02-28
SWT-USD,2.2815,1.8855,1.9362,2.1896,2434570,2018-03-01
SWT-USD,2.8699,2.168,2.2043,2.6304,7346040,2018-03-02
SWT-USD,2.6693,2.2396,2.584,2.3603,1822690,2018-03-03
SWT-USD,2.4806,2.2746,2.3773,2.4077,697629,2018-03-04
SWT-USD,2.5114,2.2025,2.5114,2.2751,683931,2018-03-05
SWT-USD,2.4258,2.0386,2.2668,2.1576,1752170,2018-03-06
SWT-USD,2.5795,1.888,2.1639,2.0865,1742990,2018-03-07
SWT-USD,2.1453,1.8976,2.0448,1.9792,350360,2018-03-08
SWT-USD,2.0024,1.6144,1.9667,1.8391,411448,2018-03-09
SWT-USD,1.9237,1.7084,1.8699,1.7392,183240,2018-03-10
SWT-USD,1.8588,1.6612,1.7331,1.8403,111429,2018-03-11
SWT-USD,1.9215,1.6525,1.8347,1.7003,84655,2018-03-12
SWT-USD,1.7572,1.615,1.6905,1.6467,110279,2018-03-13
SWT-USD,1.7234,1.4272,1.6899,1.4436,113298,2018-03-14
SWT-USD,1.4494,1.3094,1.4403,1.4173,86591,2018-03-15
SWT-USD,1.5468,1.3395,1.4165,1.4216,66616,2018-03-16
SWT-USD,1.424,1.238,1.424,1.245,59034,2018-03-17
SWT-USD,1.2606,1.1037,1.242,1.2149,40203,2018-03-18
SWT-USD,2.1707,1.1156,1.2435,1.5628,5908980,2018-03-19
SWT-USD,1.5902,1.3944,1.5535,1.5248,749030,2018-03-20
SWT-USD,1.5518,1.3714,1.5352,1.4154,395652,2018-03-21
SWT-USD,1.4774,1.3698,1.4374,1.3927,86346,2018-03-22
SWT-USD,1.3926,1.0959,1.3926,1.3162,469218,2018-03-23
SWT-USD,1.5895,1.3245,1.3548,1.3709,1198710,2018-03-24
SWT-USD,1.4055,1.327,1.352,1.3719,299806,2018-03-25
SWT-USD,1.3826,1.2446,1.3709,1.2995,172962,2018-03-26
SWT-USD,1.3369,1.1928,1.2993,1.1944,101304,2018-03-27
SWT-USD,1.3241,1.1777,1.1941,1.2522,89646,2018-03-28
SWT-USD,1.2673,1.012,1.2653,1.0302,90316,2018-03-29
SWT-USD,1.041,0.9196,1.0267,1.0277,37630,2018-03-30
SWT-USD,1.1467,1.0178,1.028,1.078,142980,2018-03-31
SWT-USD,1.1263,0.9952,1.0775,1.0265,126838,2018-04-01
SWT-USD,1.131,1.0308,1.0308,1.083,66283,2018-04-02
SWT-USD,1.1888,1.0549,1.0837,1.1285,467154,2018-04-03
SWT-USD,1.1783,1.031,1.1277,1.0643,114457,2018-04-04
SWT-USD,1.0837,1.0036,1.0648,1.0452,56269,2018-04-05
SWT-USD,1.0508,0.9585,1.0401,0.98,26408,2018-04-06
SWT-USD,1.0948,0.9906,0.9921,1.0396,45536,2018-04-07
SWT-USD,1.1756,1.0333,1.0343,1.0595,449499,2018-04-08
SWT-USD,1.5399,1.0326,1.0617,1.0575,4012690,2018-04-09
SWT-USD,1.1525,1.0385,1.0813,1.1525,2165830,2018-04-10
SWT-USD,1.3294,1.1182,1.3062,1.2933,2906180,2018-04-11
SWT-USD,1.3575,1.173,1.2754,1.3575,558210,2018-04-12
SWT-USD,1.4465,1.3047,1.3596,1.3487,334206,2018-04-13
SWT-USD,1.5426,1.3033,1.3251,1.4625,1618530,2018-04-14
SWT-USD,1.6199,1.4726,1.4816,1.5888,164732,2018-04-15
SWT-USD,1.6032,1.4694,1.5858,1.4931,200609,2018-04-16
SWT-USD,1.6141,1.4789,1.4942,1.4934,834017,2018-04-17
SWT-USD,1.6295,1.4881,1.4948,1.6112,206975,2018-04-18
SWT-USD,1.8141,1.5749,1.6124,1.7771,879495,2018-04-19
SWT-USD,1.8769,1.6469,1.7759,1.7591,971123,2018-04-20
SWT-USD,1.8318,1.6068,1.7738,1.7194,608132,2018-04-21
SWT-USD,1.877,1.662,1.7149,1.8041,430596,2018-04-22
SWT-USD,1.919,1.7855,1.8005,1.8857,436560,2018-04-23
SWT-USD,1.969,1.8868,1.8873,1.9556,296376,2018-04-24
SWT-USD,1.9423,1.5817,1.9423,1.6179,143748,2018-04-25
SWT-USD,1.7785,1.5482,1.6313,1.7245,99950,2018-04-26
SWT-USD,1.8753,1.6353,1.7269,1.6353,413271,2018-04-27
SWT-USD,1.7162,1.6291,1.6296,1.6766,130597,2018-04-28
SWT-USD,1.7231,1.6054,1.6759,1.638,133236,2018-04-29
SWT-USD,1.7548,1.6193,1.6381,1.6616,256397,2018-04-30
SWT-USD,1.6631,1.5308,1.6631,1.6374,163022,2018-05-01
SWT-USD,1.6881,1.5853,1.6342,1.6704,176496,2018-05-02
SWT-USD,1.7179,1.6478,1.6704,1.6755,136211,2018-05-03
SWT-USD,1.7949,1.6432,1.6748,1.7309,228993,2018-05-04
SWT-USD,1.7937,1.6858,1.7299,1.7821,77432,2018-05-05
SWT-USD,1.7834,1.5679,1.7834,1.6318,87232,2018-05-06
SWT-USD,1.6393,1.5285,1.5949,1.5933,51372,2018-05-07
SWT-USD,1.6152,1.4531,1.6029,1.4931,191548,2018-05-08
SWT-USD,1.5541,1.426,1.4908,1.517,87915,2018-05-09
SWT-USD,1.5241,1.4122,1.5164,1.4134,59525,2018-05-10
SWT-USD,1.4151,1.1534,1.4151,1.267,123414,2018-05-11
SWT-USD,1.3575,1.1788,1.2634,1.3029,62221,2018-05-12
SWT-USD,1.3469,1.2244,1.3024,1.3378,42849,2018-05-13
SWT-USD,1.4059,1.2542,1.3376,1.3972,117593,2018-05-14
SWT-USD,1.4802,1.3566,1.4023,1.36,111498,2018-05-15
SWT-USD,1.3492,1.2559,1.3492,1.3298,134654,2018-05-16
SWT-USD,1.4322,1.3098,1.3379,1.3474,189883,2018-05-17
SWT-USD,1.3648,1.2745,1.3552,1.3323,69196,2018-05-18
SWT-USD,1.3635,1.3037,1.3321,1.3121,5138,2018-05-19
SWT-USD,1.4013,1.2886,1.3131,1.3636,25394,2018-05-20
SWT-USD,1.3677,1.2817,1.3653,1.2976,48634,2018-05-21
SWT-USD,1.4126,1.202,1.2973,1.2216,106097,2018-05-22
SWT-USD,1.2471,1.1503,1.2203,1.1741,43634,2018-05-23
SWT-USD,1.2614,1.1003,1.1712,1.2254,46524,2018-05-24
SWT-USD,1.2333,1.0481,1.2276,1.119,291155,2018-05-25
SWT-USD,1.1349,1.0746,1.1175,1.0792,38200,2018-05-26
SWT-USD,1.0797,1.0294,1.0797,1.0435,21275,2018-05-27
SWT-USD,1.1482,1.01,1.0478,1.0115,323154,2018-05-28
SWT-USD,1.2173,0.9846,1.0111,1.07,1032140,2018-05-29
SWT-USD,1.0748,1.0048,1.0707,1.0146,90669,2018-05-30
SWT-USD,1.0522,1.0051,1.0144,1.0134,58601,2018-05-31
SWT-USD,1.0374,1.0003,1.0141,1.0296,23805,2018-06-01
SWT-USD,1.0601,1.0122,1.0291,1.0551,20727,2018-06-02
SWT-USD,1.076,1.0478,1.0553,1.0573,20613,2018-06-03
SWT-USD,1.064,1.0133,1.0583,1.0236,55069,2018-06-04
SWT-USD,1.0285,0.9281,1.0241,0.9396,64912,2018-06-05
SWT-USD,1.0131,0.9354,0.9383,1.0047,43206,2018-06-06
SWT-USD,1.0278,0.9885,1.0056,0.9999,22193,2018-06-07
SWT-USD,1.0181,0.9794,1.0007,0.9896,12241,2018-06-08
SWT-USD,1.0397,0.9744,0.9892,0.9744,13634,2018-06-09
SWT-USD,0.9756,0.8361,0.9756,0.8484,27822,2018-06-10
SWT-USD,0.8658,0.8303,0.8496,0.8609,17782,2018-06-11
SWT-USD,0.8573,0.7628,0.8572,0.7713,29416,2018-06-12
SWT-USD,0.7901,0.682,0.7733,0.731,20926,2018-06-13
SWT-USD,0.7488,0.6684,0.7307,0.7297,41308,2018-06-14
SWT-USD,0.7438,0.7019,0.728,0.713,7741,2018-06-15
SWT-USD,0.7172,0.6909,0.7104,0.6958,22785,2018-06-16
SWT-USD,0.7563,0.6873,0.6976,0.728,38176,2018-06-17
SWT-USD,0.7512,0.6668,0.7257,0.7162,136146,2018-06-18
SWT-USD,0.7247,0.6523,0.7176,0.6749,38427,2018-06-19
SWT-USD,0.7361,0.6314,0.6753,0.7357,58153,2018-06-20
SWT-USD,0.7398,0.6645,0.7359,0.675,81956,2018-06-21
SWT-USD,0.7084,0.6171,0.6745,0.6476,24763,2018-06-22
SWT-USD,0.6671,0.6177,0.6477,0.6396,13512,2018-06-23
SWT-USD,0.6358,0.5833,0.6348,0.6193,19476,2018-06-24
SWT-USD,0.6211,0.581,0.6181,0.6166,19187,2018-06-25
SWT-USD,0.7298,0.5853,0.6166,0.6275,168125,2018-06-26
SWT-USD,0.6373,0.6005,0.6373,0.6052,13757,2018-06-27
SWT-USD,0.6272,0.5762,0.6054,0.5797,18911,2018-06-28
SWT-USD,0.6089,0.5536,0.5802,0.6031,5815,2018-06-29
SWT-USD,0.638,0.597,0.6038,0.6324,16352,2018-06-30
SWT-USD,0.6946,0.5803,0.6325,0.6294,17758,2018-07-01
SWT-USD,0.8144,0.6174,0.6301,0.6815,144762,2018-07-02
SWT-USD,0.7068,0.6571,0.6784,0.6595,33165,2018-07-03
SWT-USD,0.6887,0.6288,0.6592,0.6315,66449,2018-07-04
SWT-USD,0.6739,0.6147,0.6329,0.6234,60652,2018-07-05
SWT-USD,0.7707,0.6045,0.6231,0.6469,297209,2018-07-06
SWT-USD,0.6482,0.6048,0.6482,0.6316,14240,2018-07-07
SWT-USD,0.6347,0.6031,0.6313,0.6173,33137,2018-07-08
SWT-USD,0.6276,0.591,0.617,0.6165,9018,2018-07-09
SWT-USD,0.6217,0.5702,0.6162,0.5721,47491,2018-07-10
SWT-USD,0.608,0.5641,0.5721,0.5654,18051,2018-07-11
SWT-USD,0.585,0.5125,0.566,0.5309,80318,2018-07-12
SWT-USD,0.5844,0.5315,0.5315,0.542,33390,2018-07-13
SWT-USD,0.5482,0.5214,0.5433,0.5382,13343,2018-07-14
SWT-USD,0.5918,0.534,0.5382,0.5689,168149,2018-07-15
SWT-USD,0.6151,0.5597,0.5616,0.595,67992,2018-07-16
SWT-USD,0.6503,0.5785,0.5932,0.6455,31991,2018-07-17
SWT-USD,0.681,0.6296,0.6456,0.6374,84980,2018-07-18
SWT-USD,0.6903,0.632,0.6354,0.6533,108071,2018-07-19
SWT-USD,0.6662,0.6151,0.6538,0.6193,57410,2018-07-20
SWT-USD,0.6415,0.6083,0.6193,0.6216,11730,2018-07-21
SWT-USD,0.6398,0.5997,0.6215,0.6036,3928,2018-07-22
SWT-USD,0.6518,0.6015,0.6024,0.6102,33591,2018-07-23
SWT-USD,0.6518,0.5995,0.6103,0.631,100041,2018-07-24
SWT-USD,0.6318,0.5272,0.6318,0.5887,231972,2018-07-25
SWT-USD,0.5902,0.5308,0.5885,0.533,62614,2018-07-26
SWT-USD,0.5685,0.5145,0.5327,0.5538,53254,2018-07-27
SWT-USD,0.5811,0.5432,0.5542,0.5668,17049,2018-07-28
SWT-USD,0.5832,0.5452,0.5668,0.577,53960,2018-07-29
SWT-USD,0.6391,0.5559,0.5776,0.6207,171460,2018-07-30
SWT-USD,0.7487,0.5701,0.622,0.6209,1505670,2018-07-31
SWT-USD,0.7264,0.6193,0.6193,0.6715,2027528,2018-08-01
SWT-USD,0.6868,0.5199,0.6659,0.5354,488922,2018-08-02
SWT-USD,0.5464,0.4518,0.5354,0.4648,188145,2018-08-03
SWT-USD,0.4729,0.4057,0.4648,0.419,101348,2018-08-04
SWT-USD,0.4223,0.3959,0.4091,0.4076,59469,2018-08-05
SWT-USD,0.4149,0.3854,0.4077,0.3874,50510,2018-08-06
SWT-USD,0.3882,0.3572,0.3814,0.3699,52781,2018-08-07
SWT-USD,0.3759,0.3241,0.3698,0.3272,48452,2018-08-08
SWT-USD,0.3367,0.3045,0.3277,0.3268,42309,2018-08-09
SWT-USD,0.3611,0.3026,0.3247,0.3034,45523,2018-08-10
SWT-USD,0.3184,0.3013,0.3034,0.314,32198,2018-08-11
SWT-USD,0.3196,0.3118,0.3139,0.313,32971,2018-08-12
SWT-USD,0.3197,0.2861,0.3124,0.2862,38424,2018-08-13
SWT-USD,0.2936,0.2552,0.2862,0.2616,53730,2018-08-14
SWT-USD,0.2976,0.261,0.2616,0.2872,46104,2018-08-15
SWT-USD,0.2872,0.2642,0.2872,0.2642,60312,2018-08-16
SWT-USD,0.2963,0.26,0.2642,0.2948,68269,2018-08-17
SWT-USD,0.2978,0.2733,0.2949,0.2761,39914,2018-08-18
SWT-USD,0.3139,0.2701,0.2762,0.3127,40381,2018-08-19
SWT-USD,0.3314,0.2946,0.3132,0.3314,40560,2018-08-20
SWT-USD,0.3663,0.3052,0.3314,0.3409,81917,2018-08-21
SWT-USD,0.3534,0.3179,0.341,0.3266,60300,2018-08-22
SWT-USD,0.3298,0.3074,0.3263,0.314,54930,2018-08-23
SWT-USD,0.3359,0.3133,0.314,0.3263,57969,2018-08-24
SWT-USD,0.3397,0.3262,0.3262,0.3345,53022,2018-08-25
SWT-USD,0.3697,0.3294,0.3347,0.3379,44122,2018-08-26
SWT-USD,0.3426,0.3256,0.3379,0.3316,43382,2018-08-27
SWT-USD,0.3649,0.3223,0.3248,0.3554,39824,2018-08-28
SWT-USD,0.356,0.3329,0.3553,0.3385,27837,2018-08-29
SWT-USD,0.3422,0.3103,0.3382,0.3136,25740,2018-08-30
SWT-USD,0.3519,0.3143,0.3144,0.338,27692,2018-08-31
SWT-USD,0.352,0.3323,0.338,0.3502,25048,2018-09-01
SWT-USD,0.3845,0.3487,0.3504,0.3634,34585,2018-09-02
SWT-USD,0.4225,0.361,0.3635,0.3872,128912,2018-09-03
SWT-USD,0.3875,0.3645,0.3872,0.3718,78360,2018-09-04
SWT-USD,0.3917,0.3486,0.3718,0.3622,78264,2018-09-05
SWT-USD,0.38,0.3247,0.3586,0.3269,221399,2018-09-06
SWT-USD,0.3361,0.3015,0.3271,0.3032,25005,2018-09-07
SWT-USD,0.3057,0.294,0.3024,0.2941,1318,2018-09-08
SWT-USD,0.3039,0.2895,0.2942,0.2986,5091,2018-09-09
SWT-USD,0.3005,0.2836,0.2981,0.286,4721,2018-09-10
SWT-USD,0.2998,0.2581,0.2862,0.2597,7400,2018-09-11
SWT-USD,0.2939,0.234,0.2598,0.2454,37010,2018-09-12
SWT-USD,0.3058,0.2455,0.2458,0.2716,25160,2018-09-13
SWT-USD,0.2772,0.259,0.2718,0.2696,2621,2018-09-14
SWT-USD,0.2697,0.256,0.2695,0.2602,7002,2018-09-15
SWT-USD,0.2874,0.2556,0.2603,0.2683,6123,2018-09-16
SWT-USD,0.2785,0.25,0.2682,0.2517,22865,2018-09-17
SWT-USD,0.2634,0.2463,0.2518,0.2624,3076,2018-09-18
SWT-USD,0.2637,0.2498,0.2624,0.256,3624,2018-09-19
SWT-USD,0.3123,0.2561,0.2561,0.2824,130742,2018-09-20
SWT-USD,0.3236,0.2691,0.2827,0.2995,33018,2018-09-21
SWT-USD,0.3234,0.2853,0.3024,0.2892,16669,2018-09-22
SWT-USD,0.3133,0.2884,0.2889,0.2891,1959,2018-09-23
SWT-USD,0.3197,0.2847,0.2892,0.2923,5504,2018-09-24
SWT-USD,0.3105,0.2843,0.2922,0.2858,9118,2018-09-25
SWT-USD,0.3133,0.2843,0.2857,0.3046,4061,2018-09-26
SWT-USD,0.3196,0.2926,0.3046,0.3092,3701,2018-09-27
SWT-USD,0.3293,0.2873,0.3093,0.2999,17727,2018-09-28
SWT-USD,0.3002,0.2693,0.3001,0.272,5534,2018-09-29
SWT-USD,0.2808,0.2712,0.2719,0.2799,6853,2018-09-30
SWT-USD,0.2919,0.2706,0.2796,0.2747,7963,2018-10-01
SWT-USD,0.2793,0.2702,0.2747,0.2743,4528,2018-10-02
SWT-USD,0.2982,0.2703,0.2739,0.2744,9840,2018-10-03
SWT-USD,0.2854,0.2721,0.2746,0.2853,5119,2018-10-04
SWT-USD,0.2898,0.2763,0.2854,0.2811,4145,2018-10-05
SWT-USD,0.2825,0.2746,0.2811,0.275,4305,2018-10-06
SWT-USD,0.2803,0.2727,0.2751,0.2762,2227,2018-10-07
SWT-USD,0.3221,0.2733,0.2744,0.279,48524,2018-10-08
SWT-USD,0.2843,0.2697,0.2791,0.2765,12843,2018-10-09
SWT-USD,0.2794,0.2717,0.2764,0.2761,3886,2018-10-10
SWT-USD,0.2761,0.2342,0.276,0.2515,7538,2018-10-11
SWT-USD,0.2533,0.2327,0.2512,0.2405,2248,2018-10-12
SWT-USD,0.2407,0.2158,0.2406,0.2405,12568,2018-10-13
SWT-USD,0.2414,0.2238,0.2403,0.235,1330,2018-10-14
SWT-USD,0.2572,0.2324,0.2353,0.2503,3144,2018-10-15
SWT-USD,0.2754,0.2471,0.2503,0.274,28413,2018-10-16
SWT-USD,0.2741,0.248,0.2741,0.2585,19765,2018-10-17
SWT-USD,0.2629,0.257,0.2586,0.2571,2511,2018-10-18
SWT-USD,0.2595,0.2277,0.2573,0.2412,75016,2018-10-19
SWT-USD,0.2648,0.2345,0.2413,0.2578,18491,2018-10-20
SWT-USD,0.2581,0.2441,0.2579,0.2458,9089,2018-10-21
SWT-USD,0.2625,0.2442,0.2458,0.2564,18272,2018-10-22
SWT-USD,0.2567,0.2442,0.2566,0.2463,8104,2018-10-23
SWT-USD,0.2887,0.2462,0.2462,0.2816,139297,2018-10-24
SWT-USD,0.3039,0.2676,0.2805,0.2937,220546,2018-10-25
SWT-USD,0.3037,0.2897,0.2936,0.2925,40021,2018-10-26
SWT-USD,0.3276,0.2924,0.2924,0.3133,320278,2018-10-27
SWT-USD,0.3218,0.2906,0.3137,0.3139,77006,2018-10-28
SWT-USD,0.3158,0.2763,0.3139,0.299,140727,2018-10-29
SWT-USD,0.3209,0.2945,0.2991,0.2961,34454,2018-10-30
SWT-USD,0.303,0.2961,0.2961,0.3017,5874,2018-10-31
SWT-USD,0.314,0.2988,0.3015,0.3007,18464,2018-11-01
SWT-USD,0.309,0.2953,0.3007,0.297,12362,2018-11-02
SWT-USD,0.3295,0.2955,0.297,0.299,16063,2018-11-03
SWT-USD,0.2997,0.2867,0.2989,0.2876,10487,2018-11-04
SWT-USD,0.2922,0.2752,0.2878,0.2756,11627,2018-11-05
SWT-USD,0.2891,0.275,0.2754,0.2802,8919,2018-11-06
SWT-USD,0.3105,0.2794,0.2802,0.2849,27058,2018-11-07
SWT-USD,0.2887,0.2788,0.2848,0.2791,2277,2018-11-08
SWT-USD,0.2772,0.2616,0.2769,0.2616,5905,2018-11-09
SWT-USD,0.2686,0.2616,0.2616,0.2652,4184,2018-11-10
SWT-USD,0.2654,0.2368,0.2652,0.2484,7180,2018-11-11
SWT-USD,0.2781,0.2424,0.2485,0.2622,14498,2018-11-12
SWT-USD,0.2626,0.2386,0.2623,0.249,4815,2018-11-13
SWT-USD,0.2536,0.194,0.249,0.1981,7611,2018-11-14
SWT-USD,0.2094,0.1781,0.1982,0.1928,8909,2018-11-15
SWT-USD,0.227,0.1919,0.1934,0.2033,1750,2018-11-16
SWT-USD,0.2148,0.1931,0.2033,0.1987,656,2018-11-17
SWT-USD,0.2019,0.1863,0.1988,0.1992,10798,2018-11-18
SWT-USD,0.204,0.1581,0.1993,0.1872,30973,2018-11-19
SWT-USD,0.1869,0.1459,0.1867,0.1574,2442,2018-11-20
SWT-USD,0.1628,0.1499,0.1576,0.1585,4096,2018-11-21
SWT-USD,0.1594,0.152,0.1583,0.152,1744,2018-11-22
SWT-USD,0.1517,0.1303,0.1515,0.1387,7691,2018-11-23
SWT-USD,0.1443,0.1191,0.1387,0.1217,4430,2018-11-24
SWT-USD,0.1263,0.0997,0.1212,0.1201,11560,2018-11-25
SWT-USD,0.146,0.1095,0.12,0.1143,21799,2018-11-26
SWT-USD,0.1357,0.1077,0.1149,0.1211,15962,2018-11-27
SWT-USD,0.1442,0.1179,0.121,0.1406,10424,2018-11-28
SWT-USD,0.1423,0.1228,0.1407,0.1301,12273,2018-11-29
SWT-USD,0.1341,0.1147,0.1302,0.1168,7755,2018-11-30
SWT-USD,0.1364,0.1165,0.1168,0.1307,3819,2018-12-01
SWT-USD,0.1766,0.1304,0.1305,0.1525,140698,2018-12-02
SWT-USD,0.1523,0.1272,0.1523,0.1394,12334,2018-12-03
SWT-USD,0.164,0.1271,0.1393,0.1595,13213,2018-12-04
SWT-USD,0.1598,0.1275,0.1598,0.1301,7853,2018-12-05
SWT-USD,0.1332,0.1191,0.1296,0.1191,11730,2018-12-06
SWT-USD,0.3586,0.1104,0.1186,0.1739,759509,2018-12-07
SWT-USD,0.1728,0.1471,0.1728,0.1561,160954,2018-12-08
SWT-USD,0.1637,0.133,0.1562,0.155,63669,2018-12-09
SWT-USD,0.1678,0.1453,0.1591,0.1485,39445,2018-12-10
SWT-USD,0.1724,0.1278,0.1485,0.1388,165646,2018-12-11
SWT-USD,0.1874,0.1331,0.1388,0.1693,161456,2018-12-12
SWT-USD,0.1856,0.1635,0.1698,0.1705,66973,2018-12-13
SWT-USD,0.1713,0.1507,0.1706,0.1547,24088,2018-12-14
SWT-USD,0.1557,0.139,0.1546,0.1455,6962,2018-12-15
SWT-USD,0.1501,0.1391,0.1454,0.1451,6083,2018-12-16
SWT-USD,0.1737,0.1449,0.1453,0.1576,56959,2018-12-17
SWT-USD,0.2355,0.1547,0.1595,0.1851,394935,2018-12-18
SWT-USD,0.1929,0.1664,0.1835,0.1853,118006,2018-12-19
SWT-USD,0.1898,0.1729,0.1852,0.1851,76335,2018-12-20
SWT-USD,0.1853,0.1515,0.1853,0.1715,55316,2018-12-21
SWT-USD,0.1787,0.1542,0.1696,0.168,26358,2018-12-22
SWT-USD,0.1938,0.1591,0.1698,0.1701,37898,2018-12-23
SWT-USD,0.1863,0.1641,0.1701,0.1746,41650,2018-12-24
SWT-USD,0.1748,0.1577,0.1747,0.1618,15223,2018-12-25
SWT-USD,0.1653,0.1506,0.1621,0.1543,6149,2018-12-26
SWT-USD,0.1612,0.1455,0.1544,0.1494,5227,2018-12-27
SWT-USD,0.1662,0.1381,0.1494,0.157,6114,2018-12-28
SWT-USD,0.1628,0.1464,0.1572,0.1464,7054,2018-12-29
SWT-USD,0.1666,0.1359,0.1465,0.1502,17850,2018-12-30
SWT-USD,0.1506,0.1319,0.1503,0.1319,7668,2018-12-31
SWT-USD,0.1379,0.1263,0.1319,0.1325,4997,2019-01-01
SWT-USD,0.1526,0.1282,0.1326,0.1395,19445,2019-01-02
SWT-USD,0.1527,0.1342,0.1389,0.1426,10608,2019-01-03
SWT-USD,0.1455,0.1345,0.1426,0.1397,4351,2019-01-04
SWT-USD,0.1414,0.1365,0.1396,0.1392,433,2019-01-05
SWT-USD,0.1548,0.1238,0.139,0.1461,14893,2019-01-06
SWT-USD,0.1618,0.1416,0.1461,0.1423,13013,2019-01-07
SWT-USD,0.1623,0.1411,0.1423,0.1463,22917,2019-01-08
SWT-USD,0.1648,0.146,0.1462,0.1602,23619,2019-01-09
SWT-USD,0.1606,0.1278,0.1603,0.1325,24294,2019-01-10
SWT-USD,0.1407,0.1269,0.1324,0.1405,6001,2019-01-11
SWT-USD,0.1408,0.1328,0.1407,0.1345,2507,2019-01-12
SWT-USD,0.1346,0.1249,0.1345,0.1253,609,2019-01-13
SWT-USD,0.134,0.1253,0.1254,0.1329,4845,2019-01-14
SWT-USD,0.1337,0.1305,0.1327,0.1308,6600,2019-01-15
SWT-USD,0.1347,0.1286,0.1333,0.1299,9360,2019-01-16
SWT-USD,0.1356,0.1261,0.1297,0.1356,8549,2019-01-17
SWT-USD,0.1399,0.13,0.1356,0.1356,7672,2019-01-18
SWT-USD,0.1547,0.1344,0.1356,0.141,36209,2019-01-19
SWT-USD,0.1626,0.1326,0.141,0.1379,56623,2019-01-20
SWT-USD,0.155,0.1331,0.1379,0.1488,29256,2019-01-21
SWT-USD,0.1783,0.143,0.1488,0.1462,314256,2019-01-22
SWT-USD,0.1482,0.1375,0.1439,0.1429,40809,2019-01-23
SWT-USD,0.1492,0.1396,0.143,0.1411,19231,2019-01-24
SWT-USD,0.1415,0.1346,0.1411,0.1405,25118,2019-01-25
SWT-USD,0.1456,0.1337,0.1406,0.1366,21969,2019-01-26
SWT-USD,0.1399,0.133,0.1366,0.1331,7455,2019-01-27
SWT-USD,0.1358,0.1211,0.133,0.1245,16000,2019-01-28
SWT-USD,0.1266,0.119,0.1245,0.1225,27549,2019-01-29
SWT-USD,0.1289,0.1219,0.1225,0.1289,5755,2019-01-30
SWT-USD,0.138,0.1205,0.1289,0.1239,12043,2019-01-31
SWT-USD,0.1246,0.1196,0.1238,0.1224,25428,2019-02-01
SWT-USD,0.1252,0.1205,0.1223,0.1235,8309,2019-02-02
SWT-USD,0.1235,0.1137,0.1235,0.1137,11725,2019-02-03
SWT-USD,0.1165,0.1091,0.1139,0.1127,6472,2019-02-04
SWT-USD,0.1149,0.1045,0.1126,0.1123,18093,2019-02-05
SWT-USD,0.1168,0.102,0.1128,0.1107,11556,2019-02-06
SWT-USD,0.1191,0.1057,0.1106,0.1057,17895,2019-02-07
SWT-USD,0.1208,0.1032,0.1059,0.1153,13537,2019-02-08
SWT-USD,0.1387,0.1145,0.1154,0.1196,64797,2019-02-09
SWT-USD,0.1222,0.1152,0.1197,0.1182,9720,2019-02-10
SWT-USD,0.1183,0.113,0.1183,0.1149,7956,2019-02-11
SWT-USD,0.1188,0.1137,0.1149,0.1146,1906,2019-02-12
SWT-USD,0.1176,0.1122,0.1146,0.115,1167,2019-02-13
SWT-USD,0.1177,0.109,0.115,0.1116,2299,2019-02-14
SWT-USD,0.1134,0.1102,0.1116,0.1121,2136,2019-02-15
SWT-USD,0.1149,0.1093,0.1122,0.1118,1837,2019-02-16
SWT-USD,0.1119,0.1054,0.1118,0.1095,5993,2019-02-17
SWT-USD,0.1131,0.1068,0.1097,0.1112,12447,2019-02-18
SWT-USD,0.1158,0.1062,0.1112,0.1099,7171,2019-02-19
SWT-USD,0.1143,0.1003,0.1099,0.1003,30177,2019-02-20
SWT-USD,0.1057,0.0961,0.1032,0.1017,12453,2019-02-21
SWT-USD,0.1079,0.0988,0.1018,0.1031,10232,2019-02-22
SWT-USD,0.1147,0.0964,0.1031,0.1057,25754,2019-02-23
SWT-USD,0.1083,0.0915,0.1055,0.0915,4879,2019-02-24
SWT-USD,0.0972,0.0876,0.0915,0.095,6179,2019-02-25
SWT-USD,0.1011,0.0941,0.095,0.0944,9214,2019-02-26
SWT-USD,0.1037,0.0909,0.0944,0.0957,2582,2019-02-27
SWT-USD,0.0996,0.0925,0.0955,0.0932,296,2019-02-28
SWT-USD,0.106,0.0931,0.0932,0.0992,6217,2019-03-01
SWT-USD,0.1054,0.0964,0.0992,0.0985,7124,2019-03-02
SWT-USD,0.101,0.0964,0.0985,0.098,598,2019-03-03
SWT-USD,0.1,0.0948,0.0981,0.0975,1237,2019-03-04
SWT-USD,0.1189,0.0936,0.0962,0.1113,116922,2019-03-05
SWT-USD,0.1258,0.1107,0.1113,0.1152,63733,2019-03-06
SWT-USD,0.1178,0.1057,0.1152,0.1123,9839,2019-03-07
SWT-USD,0.1328,0.1084,0.1123,0.1168,45606,2019-03-08
SWT-USD,0.122,0.107,0.1169,0.114,13407,2019-03-09
SWT-USD,0.1159,0.1103,0.1139,0.1111,6627,2019-03-10
SWT-USD,0.1136,0.0975,0.1111,0.1053,26989,2019-03-11
SWT-USD,0.1133,0.1014,0.1053,0.1108,34122,2019-03-12
SWT-USD,0.1113,0.1057,0.1108,0.1094,3681,2019-03-13
SWT-USD,0.1172,0.1038,0.1094,0.1061,29238,2019-03-14
SWT-USD,0.1123,0.104,0.1061,0.1073,16333,2019-03-15
SWT-USD,0.1103,0.1052,0.1073,0.1089,12458,2019-03-16
SWT-USD,0.1128,0.1062,0.1089,0.1099,6770,2019-03-17
SWT-USD,0.1223,0.1099,0.1099,0.1139,63015,2019-03-18
SWT-USD,0.1165,0.1115,0.114,0.1146,7408,2019-03-19
SWT-USD,0.1148,0.1088,0.1147,0.1127,7059,2019-03-20
SWT-USD,0.201,0.1124,0.1126,0.1278,632169,2019-03-21
SWT-USD,0.1302,0.1174,0.1278,0.1175,48128,2019-03-22
SWT-USD,0.162,0.1167,0.1175,0.1406,324861,2019-03-23
SWT-USD,0.1889,0.123,0.1406,0.1583,720121,2019-03-24
SWT-USD,0.1541,0.1388,0.1535,0.1412,83402,2019-03-25
SWT-USD,0.1412,0.1253,0.1409,0.14,36147,2019-03-26
SWT-USD,0.1397,0.129,0.1397,0.1292,40725,2019-03-27
SWT-USD,0.1535,0.129,0.1295,0.1381,131349,2019-03-28
SWT-USD,0.1382,0.131,0.138,0.1332,21467,2019-03-29
SWT-USD,0.1467,0.1305,0.1334,0.1334,27361,2019-03-30
SWT-USD,0.1366,0.1294,0.1334,0.1294,26340,2019-03-31
SWT-USD,0.1324,0.1252,0.1283,0.1313,44619,2019-04-01
SWT-USD,0.1528,0.1239,0.1303,0.1495,153894,2019-04-02
SWT-USD,0.1529,0.137,0.1498,0.14,22601,2019-04-03
SWT-USD,0.1439,0.1328,0.1396,0.1365,10126,2019-04-04
SWT-USD,0.1541,0.1363,0.1363,0.15,30555,2019-04-05
SWT-USD,0.1682,0.1353,0.1501,0.1527,141407,2019-04-06
SWT-USD,0.1563,0.1442,0.1563,0.1536,12880,2019-04-07
SWT-USD,0.1609,0.1343,0.1537,0.1497,25033,2019-04-08
SWT-USD,0.1497,0.1424,0.1497,0.143,2630,2019-04-09
SWT-USD,0.1527,0.1386,0.1429,0.1462,2979,2019-04-10
SWT-USD,0.1467,0.1194,0.1461,0.1421,60006,2019-04-11
SWT-USD,0.1445,0.1255,0.1419,0.1392,54893,2019-04-12
SWT-USD,0.1402,0.1289,0.1392,0.1351,7778,2019-04-13
SWT-USD,0.1377,0.1264,0.1351,0.1377,23575,2019-04-14
SWT-USD,0.1442,0.1267,0.1307,0.1313,16571,2019-04-15
SWT-USD,0.1354,0.1271,0.1313,0.1315,4493,2019-04-16
SWT-USD,0.1326,0.1257,0.1315,0.1269,7751,2019-04-17
SWT-USD,0.1331,0.1269,0.1269,0.1331,7380,2019-04-18
SWT-USD,0.1353,0.1275,0.1332,0.1352,21517,2019-04-19
SWT-USD,0.1363,0.1281,0.1353,0.132,35972,2019-04-20
SWT-USD,0.1503,0.1233,0.132,0.1318,114557,2019-04-21
SWT-USD,0.1453,0.1274,0.1381,0.1364,78131,2019-04-22
SWT-USD,0.1404,0.1269,0.1364,0.1316,48616,2019-04-23
SWT-USD,0.1434,0.1295,0.1318,0.1377,77215,2019-04-24
SWT-USD,0.1475,0.1289,0.1377,0.1324,57311,2019-04-25
SWT-USD,0.1349,0.1252,0.1326,0.129,16003,2019-04-26
SWT-USD,0.1297,0.1262,0.129,0.1285,6564,2019-04-27
SWT-USD,0.1353,0.1253,0.1285,0.1349,15067,2019-04-28
SWT-USD,0.1355,0.1205,0.1351,0.125,13241,2019-04-29
SWT-USD,0.126,0.1216,0.1255,0.1254,4894,2019-04-30
SWT-USD,0.1403,0.1239,0.1254,0.1313,21999,2019-05-01
SWT-USD,0.1326,0.1305,0.1314,0.1321,13118,2019-05-02
SWT-USD,0.1398,0.1306,0.1321,0.1324,7868,2019-05-03
SWT-USD,0.133,0.1206,0.1324,0.1235,23720,2019-05-04
SWT-USD,0.1593,0.1205,0.1237,0.1249,139189,2019-05-05
SWT-USD,0.1344,0.1197,0.1249,0.1265,56331,2019-05-06
SWT-USD,0.1313,0.1168,0.1264,0.1202,26716,2019-05-07
SWT-USD,0.1212,0.1078,0.1201,0.113,23393,2019-05-08
SWT-USD,0.1601,0.1046,0.113,0.1239,417040,2019-05-09
SWT-USD,0.1309,0.1057,0.124,0.1071,131206,2019-05-10
SWT-USD,0.1122,0.0998,0.1084,0.1065,61219,2019-05-11
SWT-USD,0.1072,0.0951,0.1065,0.1002,27821,2019-05-12
SWT-USD,0.1038,0.0925,0.1005,0.0976,18907,2019-05-13
SWT-USD,0.1252,0.0906,0.0976,0.1015,200614,2019-05-14
SWT-USD,0.1171,0.0963,0.1014,0.1105,58811,2019-05-15
SWT-USD,0.1164,0.0953,0.1106,0.1051,36247,2019-05-16
SWT-USD,0.1058,0.0879,0.1052,0.0984,6645,2019-05-17
SWT-USD,0.1259,0.0948,0.0985,0.1004,36098,2019-05-18
SWT-USD,0.1098,0.0969,0.1004,0.1051,10520,2019-05-19
SWT-USD,0.1093,0.0962,0.105,0.1039,17478,2019-05-20
SWT-USD,0.1107,0.0961,0.1042,0.1104,28270,2019-05-21
SWT-USD,0.1257,0.1108,0.1109,0.1204,98708,2019-05-22
SWT-USD,0.1363,0.1138,0.1202,0.1338,74493,2019-05-23
SWT-USD,0.1505,0.1259,0.1338,0.1465,118031,2019-05-24
SWT-USD,0.1497,0.1437,0.1468,0.149,12664,2019-05-25
SWT-USD,0.1539,0.1261,0.1492,0.1431,18946,2019-05-26
SWT-USD,0.1462,0.1238,0.1437,0.1304,13207,2019-05-27
SWT-USD,0.1374,0.1268,0.13,0.1283,3788,2019-05-28
SWT-USD,0.1283,0.1156,0.1283,0.1211,2704,2019-05-29
SWT-USD,0.2067,0.1207,0.1212,0.1458,235605,2019-05-30
SWT-USD,0.1464,0.1308,0.1449,0.1401,74838,2019-05-31
SWT-USD,0.1538,0.1374,0.14,0.1452,63956,2019-06-01
SWT-USD,0.2037,0.1446,0.1452,0.1765,185757,2019-06-02
SWT-USD,0.195,0.1553,0.1764,0.1596,60262,2019-06-03
SWT-USD,0.1583,0.1418,0.1553,0.1575,13521,2019-06-04
SWT-USD,0.1624,0.1452,0.1577,0.161,9961,2019-06-05
SWT-USD,0.1631,0.1528,0.1608,0.1598,1357,2019-06-06
SWT-USD,0.1787,0.1597,0.1597,0.1716,11008,2019-06-07
SWT-USD,0.1771,0.144,0.171,0.1491,21043,2019-06-08
SWT-USD,0.1531,0.1383,0.149,0.1383,5671,2019-06-09
SWT-USD,0.1978,0.1241,0.1379,0.1561,369008,2019-06-10
SWT-USD,0.1749,0.1517,0.1566,0.1621,62282,2019-06-11
SWT-USD,0.1663,0.1526,0.1622,0.1575,6090,2019-06-12
SWT-USD,0.1677,0.1491,0.1579,0.1604,15365,2019-06-13
SWT-USD,0.167,0.1596,0.1606,0.1666,7442,2019-06-14
SWT-USD,0.1831,0.1657,0.1666,0.1787,36640,2019-06-15
SWT-USD,0.1885,0.1651,0.1788,0.1779,26419,2019-06-16
SWT-USD,0.1836,0.1583,0.178,0.1651,126097,2019-06-17
SWT-USD,0.1737,0.154,0.1651,0.156,60555,2019-06-18
SWT-USD,0.166,0.1475,0.1559,0.1548,12146,2019-06-19
SWT-USD,0.1623,0.1342,0.1546,0.1459,52418,2019-06-20
SWT-USD,0.1521,0.1338,0.1477,0.141,18520,2019-06-21
SWT-USD,0.151,0.1339,0.1418,0.1432,15006,2019-06-22
SWT-USD,0.1564,0.1411,0.1432,0.1417,1334,2019-06-23
SWT-USD,0.1475,0.1319,0.1426,0.1436,6069,2019-06-24
SWT-USD,0.1638,0.1437,0.1437,0.1585,9650,2019-06-25
SWT-USD,0.1782,0.1432,0.1583,0.1545,9161,2019-06-26
SWT-USD,0.1739,0.131,0.1549,0.139,18171,2019-06-27
SWT-USD,0.1524,0.1383,0.1399,0.1507,2781,2019-06-28
SWT-USD,0.151,0.1259,0.151,0.1389,15515,2019-06-29
SWT-USD,0.1401,0.1199,0.1384,0.1199,6019,2019-06-30
SWT-USD,0.1326,0.1061,0.1197,0.1268,14758,2019-07-01
SWT-USD,0.1281,0.1059,0.1268,0.1201,9466,2019-07-02
SWT-USD,0.1261,0.1069,0.12,0.1181,6635,2019-07-03
SWT-USD,0.1448,0.1019,0.1182,0.1108,9572,2019-07-04
SWT-USD,0.1192,0.1019,0.1109,0.1168,2946,2019-07-05
SWT-USD,0.1232,0.1093,0.1171,0.1124,3097,2019-07-06
SWT-USD,0.185,0.1068,0.1123,0.1317,255323,2019-07-07
SWT-USD,0.1337,0.123,0.1318,0.1304,48982,2019-07-08
SWT-USD,0.1342,0.1229,0.1305,0.1263,19157,2019-07-09
SWT-USD,0.1777,0.1184,0.1265,0.1212,76398,2019-07-10
SWT-USD,0.1257,0.1062,0.1212,0.1082,2609,2019-07-11
SWT-USD,0.1146,0.0894,0.1084,0.1,3985,2019-07-12
SWT-USD,0.1119,0.0894,0.1001,0.1116,10927,2019-07-13
SWT-USD,0.1123,0.0755,0.1116,0.0905,10083,2019-07-14
SWT-USD,0.0988,0.0778,0.094,0.0939,11611,2019-07-15
SWT-USD,0.1129,0.0734,0.0977,0.0746,5992,2019-07-16
SWT-USD,0.0838,0.0707,0.0743,0.08,2511,2019-07-17
SWT-USD,0.0988,0.0769,0.0802,0.0924,10969,2019-07-18
SWT-USD,0.0963,0.0811,0.0923,0.0827,2461,2019-07-19
SWT-USD,0.1016,0.0779,0.0828,0.0937,8286,2019-07-20
SWT-USD,0.0941,0.0605,0.0937,0.0794,14551,2019-07-21
SWT-USD,0.0841,0.076,0.0794,0.0793,4626,2019-07-22
SWT-USD,0.0794,0.0726,0.0794,0.0738,3477,2019-07-23
SWT-USD,0.1132,0.0723,0.0736,0.0822,59571,2019-07-24
SWT-USD,0.0904,0.0784,0.082,0.0788,10818,2019-07-25
SWT-USD,0.1362,0.0694,0.0787,0.0981,178500,2019-07-26
SWT-USD,0.1037,0.0812,0.0919,0.0872,56518,2019-07-27
SWT-USD,0.1034,0.0867,0.0874,0.0887,28106,2019-07-28
SWT-USD,0.0888,0.0827,0.0886,0.087,7132,2019-07-29
SWT-USD,0.0894,0.0836,0.0869,0.0884,1845,2019-07-30
SWT-USD,0.0896,0.0829,0.0885,0.0866,7020,2019-07-31
SWT-USD,0.0968,0.0827,0.0866,0.0879,10023,2019-08-01
SWT-USD,0.0919,0.0874,0.088,0.0895,4834,2019-08-02
SWT-USD,0.0944,0.0796,0.0895,0.0868,824,2019-08-03
SWT-USD,0.0915,0.0821,0.0868,0.0824,490,2019-08-04
SWT-USD,0.0934,0.0774,0.0824,0.084,4251,2019-08-05
SWT-USD,0.0882,0.0789,0.0839,0.0803,157,2019-08-06
SWT-USD,0.0829,0.0762,0.0803,0.0789,843,2019-08-07
SWT-USD,0.0789,0.0732,0.0788,0.0761,402,2019-08-08
SWT-USD,0.0771,0.0711,0.076,0.0713,1005,2019-08-09
SWT-USD,0.0716,0.0679,0.0712,0.0681,435,2019-08-10
SWT-USD,0.0806,0.0679,0.068,0.0806,4503,2019-08-11
SWT-USD,0.0807,0.068,0.0807,0.0695,1304,2019-08-12
SWT-USD,0.0697,0.0643,0.0695,0.0656,680,2019-08-13
SWT-USD,0.0656,0.0589,0.0656,0.0589,283,2019-08-14
SWT-USD,0.061,0.0555,0.0591,0.0602,861,2019-08-15
SWT-USD,0.0683,0.0584,0.0603,0.0644,1711,2019-08-16
SWT-USD,0.0658,0.0595,0.0645,0.0606,40,2019-08-17
SWT-USD,0.0702,0.057,0.057,0.0639,710,2019-08-18
SWT-USD,0.0685,0.062,0.0646,0.0622,512,2019-08-19
SWT-USD,0.063,0.0597,0.0624,0.0605,3121,2019-08-20
SWT-USD,0.0607,0.0558,0.0605,0.059,617,2019-08-21
SWT-USD,0.0596,0.0552,0.0591,0.0592,1414,2019-08-22
SWT-USD,0.0596,0.0575,0.0592,0.0594,150,2019-08-23
SWT-USD,0.0595,0.0561,0.0594,0.0572,1360,2019-08-24
SWT-USD,0.0645,0.0566,0.0571,0.0643,615,2019-08-25
SWT-USD,0.0667,0.0573,0.0644,0.0584,126,2019-08-26
SWT-USD,0.0584,0.0559,0.0584,0.0566,45,2019-08-27
SWT-USD,0.0584,0.055,0.0566,0.0552,118,2019-08-28
SWT-USD,0.0552,0.0523,0.0552,0.0534,309,2019-08-29
SWT-USD,0.0624,0.0519,0.0535,0.062,2869,2019-08-30
SWT-USD,0.0622,0.0585,0.062,0.0615,1222,2019-08-31
SWT-USD,0.0622,0.0551,0.0615,0.056,1633,2019-09-01
SWT-USD,0.0593,0.0555,0.056,0.0583,395,2019-09-02
SWT-USD,0.0587,0.0485,0.0584,0.0487,1028,2019-09-03
SWT-USD,0.0692,0.048,0.0487,0.068,13259,2019-09-04
SWT-USD,0.0872,0.0679,0.068,0.0755,16659,2019-09-05
SWT-USD,0.0757,0.066,0.0756,0.0665,3798,2019-09-06
SWT-USD,0.0757,0.0664,0.0664,0.0753,1561,2019-09-07
SWT-USD,0.0754,0.0668,0.0752,0.0671,2747,2019-09-08
SWT-USD,0.0714,0.0658,0.0671,0.0686,2146,2019-09-09
SWT-USD,0.0772,0.0658,0.0686,0.0736,1090,2019-09-10
SWT-USD,0.0736,0.0651,0.0736,0.0663,989,2019-09-11
SWT-USD,0.0765,0.0656,0.0664,0.076,536,2019-09-12
SWT-USD,0.0763,0.0653,0.0761,0.0661,746,2019-09-13
SWT-USD,0.0672,0.0652,0.066,0.0667,144,2019-09-14
SWT-USD,0.0669,0.0664,0.0667,0.0666,69,2019-09-15
SWT-USD,0.067,0.0656,0.0667,0.0662,12,2019-09-16
SWT-USD,0.0663,0.0656,0.0662,0.0658,258,2019-09-17
SWT-USD,0.0691,0.0646,0.0658,0.0669,262,2019-09-18
SWT-USD,0.092,0.0668,0.0669,0.0914,24444,2019-09-19
SWT-USD,0.0916,0.0776,0.0915,0.0909,4374,2019-09-20
SWT-USD,0.0911,0.0685,0.0908,0.0903,50330,2019-09-21
SWT-USD,0.1159,0.0901,0.0903,0.1112,19718,2019-09-22
SWT-USD,0.1154,0.099,0.1111,0.1038,35828,2019-09-23
SWT-USD,0.1046,0.0839,0.1039,0.0875,2587,2019-09-24
SWT-USD,0.0937,0.0845,0.0872,0.0873,6061,2019-09-25
SWT-USD,0.0926,0.0796,0.0872,0.0876,6559,2019-09-26
SWT-USD,0.0877,0.0685,0.0874,0.0753,4226,2019-09-27
SWT-USD,0.0862,0.0628,0.0752,0.0781,5096,2019-09-28
SWT-USD,0.084,0.0659,0.0782,0.0837,2481,2019-09-29
SWT-USD,0.0836,0.0637,0.0836,0.0763,4822,2019-09-30
SWT-USD,0.0763,0.0537,0.0763,0.0607,25569,2019-10-01
SWT-USD,0.0631,0.0561,0.0608,0.0617,1276,2019-10-02
SWT-USD,0.0635,0.0564,0.0618,0.0617,1251,2019-10-03
SWT-USD,0.0735,0.0566,0.0616,0.0572,9233,2019-10-04
SWT-USD,0.0619,0.0571,0.0571,0.0598,1142,2019-10-05
SWT-USD,0.0609,0.0589,0.0598,0.0591,1545,2019-10-06
SWT-USD,0.065,0.0553,0.0592,0.0579,2108,2019-10-07
SWT-USD,0.0638,0.0576,0.0579,0.0588,14397,2019-10-08
SWT-USD,0.2464,0.0583,0.0588,0.2132,465096,2019-10-09
SWT-USD,0.3513,0.1876,0.1953,0.2322,566759,2019-10-10
SWT-USD,0.2325,0.1602,0.2325,0.1658,74458,2019-10-11
SWT-USD,0.1659,0.1246,0.1658,0.1352,44194,2019-10-12
SWT-USD,0.1352,0.1163,0.1352,0.1258,17728,2019-10-13
SWT-USD,0.2089,0.1254,0.1257,0.1838,163610,2019-10-14
SWT-USD,0.2035,0.1333,0.1778,0.1527,132850,2019-10-15
SWT-USD,0.1579,0.1203,0.1494,0.1284,21210,2019-10-16
SWT-USD,0.1606,0.1188,0.1284,0.1421,66918,2019-10-17
SWT-USD,0.1747,0.1267,0.1413,0.1402,32928,2019-10-18
SWT-USD,0.1626,0.1241,0.1402,0.136,19276,2019-10-19
SWT-USD,0.1538,0.1299,0.1381,0.1361,31420,2019-10-20
SWT-USD,0.1517,0.1262,0.1362,0.1403,35520,2019-10-21
SWT-USD,0.1436,0.1263,0.1404,0.1384,33584,2019-10-22
SWT-USD,0.1387,0.1135,0.1376,0.1217,25461,2019-10-23
SWT-USD,0.1218,0.1069,0.1218,0.1079,14084,2019-10-24
SWT-USD,0.1321,0.1064,0.1079,0.117,799,2019-10-25
SWT-USD,0.1402,0.1158,0.1171,0.1188,861,2019-10-26
SWT-USD,0.1249,0.1041,0.1189,0.107,4681,2019-10-27
SWT-USD,0.1204,0.0985,0.1069,0.1173,3195,2019-10-28
SWT-USD,0.1244,0.0991,0.1174,0.109,306,2019-10-29
SWT-USD,0.1606,0.0911,0.109,0.097,3675,2019-10-30
SWT-USD,0.1058,0.0757,0.0969,0.104,1167,2019-10-31
SWT-USD,0.1323,0.0723,0.1037,0.1098,4009,2019-11-01
SWT-USD,0.1235,0.1006,0.1098,0.1227,2900,2019-11-02
SWT-USD,0.1285,0.0773,0.1231,0.1051,690,2019-11-03
SWT-USD,0.111,0.0851,0.1051,0.0944,395,2019-11-04
SWT-USD,0.0993,0.0759,0.0943,0.0991,1434,2019-11-05
SWT-USD,0.1017,0.0852,0.099,0.0852,697,2019-11-06
SWT-USD,0.1082,0.0851,0.0852,0.1045,340,2019-11-07
SWT-USD,0.1055,0.0741,0.1042,0.0951,623,2019-11-08
SWT-USD,0.1043,0.074,0.095,0.079,671,2019-11-09
SWT-USD,0.1041,0.0767,0.079,0.1033,1950,2019-11-10
SWT-USD,0.1033,0.0757,0.1033,0.083,2426,2019-11-11
SWT-USD,0.0865,0.075,0.0831,0.0865,313,2019-11-12
SWT-USD,0.1046,0.0566,0.0865,0.0705,3100,2019-11-13
SWT-USD,0.0863,0.0616,0.0705,0.0785,1561,2019-11-14
SWT-USD,0.0789,0.0614,0.0787,0.0688,300,2019-11-15
SWT-USD,0.0702,0.0588,0.0688,0.0609,782,2019-11-16
SWT-USD,0.0773,0.0608,0.0609,0.0738,167,2019-11-17
SWT-USD,0.0743,0.0629,0.0738,0.063,378,2019-11-18
SWT-USD,0.0637,0.0569,0.063,0.0579,285,2019-11-19
SWT-USD,0.0748,0.0577,0.058,0.0644,549,2019-11-20
SWT-USD,0.0674,0.0536,0.0644,0.0537,188,2019-11-21
SWT-USD,0.0602,0.0518,0.0537,0.0575,121,2019-11-22
SWT-USD,0.0579,0.051,0.0575,0.051,20,2019-11-23
SWT-USD,0.0536,0.044,0.051,0.0524,1463,2019-11-24
SWT-USD,0.0639,0.0503,0.0524,0.0543,121,2019-11-25
SWT-USD,0.0648,0.0501,0.0543,0.0628,2060,2019-11-26
SWT-USD,0.0657,0.0547,0.0625,0.0618,768,2019-11-27
SWT-USD,0.0623,0.0498,0.0618,0.0599,341,2019-11-28
SWT-USD,0.0624,0.0592,0.0598,0.0615,505,2019-11-29
SWT-USD,0.0625,0.0551,0.0616,0.059,119,2019-11-30
SWT-USD,0.0676,0.0568,0.0591,0.0598,1643,2019-12-01
SWT-USD,0.066,0.0581,0.0597,0.0658,704,2019-12-02
SWT-USD,0.0675,0.0556,0.0659,0.0556,233,2019-12-03
SWT-USD,0.0556,0.0451,0.0556,0.0516,1315,2019-12-04
SWT-USD,0.0621,0.0454,0.0515,0.0619,345,2019-12-05
SWT-USD,0.0669,0.0569,0.062,0.0607,65,2019-12-06
SWT-USD,0.0683,0.0534,0.0607,0.0663,36,2019-12-07
SWT-USD,0.0675,0.0614,0.0663,0.0615,17,2019-12-08
SWT-USD,0.0673,0.0609,0.0615,0.0642,54,2019-12-09
SWT-USD,0.065,0.0464,0.0642,0.0502,823,2019-12-10
SWT-USD,0.0579,0.0456,0.0501,0.0481,755,2019-12-11
SWT-USD,0.0484,0.0446,0.0482,0.0447,666,2019-12-12
SWT-USD,0.0625,0.0445,0.0447,0.0558,1047,2019-12-13
SWT-USD,0.0559,0.0439,0.0558,0.0461,97,2019-12-14
SWT-USD,0.0559,0.0449,0.0461,0.0546,610,2019-12-15
SWT-USD,0.0547,0.043,0.0546,0.0432,17,2019-12-16
SWT-USD,0.044,0.041,0.0432,0.0423,8,2019-12-17
SWT-USD,0.0449,0.0401,0.0423,0.0447,129,2019-12-18
SWT-USD,0.045,0.0427,0.0447,0.0428,172,2019-12-19
SWT-USD,0.0443,0.0387,0.0428,0.0388,307,2019-12-20
SWT-USD,0.043,0.0387,0.0388,0.0393,19,2019-12-21
SWT-USD,0.0549,0.0383,0.0393,0.0548,2225,2019-12-22
SWT-USD,0.069,0.0512,0.0549,0.066,3479,2019-12-23
SWT-USD,0.0813,0.0656,0.066,0.0786,771,2019-12-24
SWT-USD,0.0788,0.0486,0.0788,0.0777,653,2019-12-25
SWT-USD,0.0795,0.0724,0.0778,0.0728,191,2019-12-26
SWT-USD,0.0731,0.062,0.0728,0.0654,263,2019-12-27
SWT-USD,0.0807,0.0654,0.0655,0.0802,164,2019-12-28
SWT-USD,0.0819,0.0662,0.0802,0.079,229,2019-12-29
SWT-USD,0.079,0.0722,0.079,0.0743,220,2019-12-30
SWT-USD,0.0797,0.0374,0.0743,0.0472,221,2019-12-31
SWT-USD,0.0921,0.0424,0.0472,0.0773,560,2020-01-01
SWT-USD,0.0947,0.0428,0.0773,0.0428,85,2020-01-02
SWT-USD,0.0979,0.0382,0.0428,0.0974,166,2020-01-03
SWT-USD,0.0977,0.0705,0.0974,0.0811,15,2020-01-04
SWT-USD,0.0991,0.0738,0.0812,0.0943,140,2020-01-05
SWT-USD,0.0963,0.0344,0.0944,0.0355,329,2020-01-06
SWT-USD,0.0738,0.0355,0.0355,0.0737,173,2020-01-07
SWT-USD,0.111,0.0667,0.0737,0.0784,871,2020-01-08
SWT-USD,0.0783,0.0401,0.0783,0.0616,571,2020-01-09
SWT-USD,0.0981,0.06,0.0615,0.0783,283,2020-01-10
SWT-USD,0.0865,0.0683,0.0784,0.0844,242,2020-01-11
SWT-USD,0.0858,0.0291,0.0845,0.0818,1474,2020-01-12
SWT-USD,0.0817,0.0309,0.0816,0.0363,431,2020-01-13
SWT-USD,0.0708,0.0316,0.0363,0.0637,1751,2020-01-14
SWT-USD,0.0639,0.0309,0.0636,0.0613,1981,2020-01-15
SWT-USD,0.0615,0.0578,0.0613,0.0583,95,2020-01-16
SWT-USD,0.0826,0.0576,0.0583,0.0749,1604,2020-01-17
SWT-USD,0.0753,0.0463,0.0748,0.0596,178,2020-01-18
SWT-USD,0.0689,0.0595,0.0596,0.061,924,2020-01-19
SWT-USD,0.0613,0.0232,0.0611,0.0309,3139,2020-01-20
SWT-USD,0.0616,0.0297,0.031,0.0616,1014,2020-01-21
SWT-USD,0.0725,0.0615,0.0615,0.0708,510,2020-01-22
SWT-USD,0.0743,0.0408,0.0708,0.0496,931,2020-01-23
SWT-USD,0.0497,0.0222,0.0497,0.0253,81,2020-01-24
SWT-USD,0.0253,0.0206,0.0253,0.0233,126,2020-01-25
SWT-USD,0.063,0.0218,0.0233,0.0629,165,2020-01-26
SWT-USD,0.0674,0.0581,0.063,0.0593,133,2020-01-27
SWT-USD,0.0785,0.0547,0.0592,0.0749,2931,2020-01-28
SWT-USD,0.0753,0.046,0.0751,0.0722,1643,2020-01-29
SWT-USD,0.0724,0.0222,0.0721,0.0553,81,2020-01-30
SWT-USD,0.0692,0.0458,0.0552,0.0675,4069,2020-01-31
SWT-USD,0.0781,0.0496,0.0496,0.0663,379,2020-02-01
SWT-USD,0.0674,0.0359,0.0663,0.0667,97,2020-02-02
SWT-USD,0.0759,0.0664,0.0666,0.0744,93,2020-02-03
SWT-USD,0.0747,0.0477,0.0744,0.0478,249,2020-02-04
SWT-USD,0.071,0.0478,0.0478,0.0601,1734,2020-02-05
SWT-USD,0.0602,0.034,0.0601,0.0491,699,2020-02-06
SWT-USD,0.0708,0.0466,0.0492,0.0708,2086,2020-02-07
SWT-USD,0.0708,0.0495,0.0708,0.0696,1826,2020-02-08
SWT-USD,0.071,0.052,0.0696,0.071,988,2020-02-09
SWT-USD,0.0713,0.0646,0.0711,0.0646,222,2020-02-10
SWT-USD,0.0645,0.0459,0.0645,0.0511,1306,2020-02-11
SWT-USD,0.0625,0.043,0.0521,0.0562,1817,2020-02-12
SWT-USD,0.0566,0.0444,0.0562,0.0455,1053,2020-02-13
SWT-USD,0.0458,0.0335,0.0455,0.0382,2138,2020-02-14
SWT-USD,0.0414,0.0318,0.0382,0.0334,349,2020-02-15
SWT-USD,0.0341,0.0306,0.0334,0.0324,141,2020-02-16
SWT-USD,0.0669,0.0251,0.0323,0.0293,292,2020-02-17
SWT-USD,0.0437,0.0292,0.0293,0.0343,891,2020-02-18
SWT-USD,0.0348,0.0304,0.0343,0.0305,1080,2020-02-19
SWT-USD,0.0382,0.0293,0.0305,0.0378,24,2020-02-20
SWT-USD,0.0559,0.0321,0.0378,0.0552,7862,2020-02-21
SWT-USD,0.057,0.0178,0.0552,0.0481,3099,2020-02-22
SWT-USD,0.049,0.0321,0.0481,0.0321,87,2020-02-23
SWT-USD,0.0378,0.0283,0.0322,0.0378,358,2020-02-24
SWT-USD,0.0382,0.0342,0.0378,0.0357,1096,2020-02-25
SWT-USD,0.0378,0.0274,0.0356,0.0299,378,2020-02-26
SWT-USD,0.0669,0.027,0.0299,0.0374,142182,2020-02-27
SWT-USD,0.0573,0.027,0.0365,0.0327,20771,2020-02-28
SWT-USD,0.0334,0.0267,0.0326,0.0317,1443,2020-02-29
SWT-USD,0.0381,0.0243,0.0316,0.0272,22670,2020-03-01
SWT-USD,0.0332,0.0261,0.0272,0.027,40763,2020-03-02
SWT-USD,0.028,0.025,0.0273,0.025,834,2020-03-03
SWT-USD,0.0261,0.024,0.0249,0.026,574,2020-03-04
SWT-USD,0.0265,0.0224,0.0261,0.0229,1045,2020-03-05
SWT-USD,0.0254,0.0181,0.0221,0.0187,1602,2020-03-06
SWT-USD,0.0204,0.0178,0.0187,0.0188,103,2020-03-07
SWT-USD,0.0296,0.0184,0.0188,0.0187,11901,2020-03-08
SWT-USD,0.019,0.016,0.0187,0.0164,303,2020-03-09
SWT-USD,0.0264,0.0164,0.0164,0.019,15497,2020-03-10
SWT-USD,0.0192,0.017,0.019,0.0184,1070,2020-03-11
SWT-USD,0.0185,0.0093,0.0184,0.0097,307,2020-03-12
SWT-USD,0.0113,0.0086,0.0097,0.0109,13,2020-03-13
SWT-USD,0.0115,0.0093,0.0111,0.0094,197,2020-03-14
SWT-USD,0.0112,0.0089,0.0094,0.0101,793,2020-03-15
SWT-USD,0.0126,0.0077,0.0101,0.0094,446,2020-03-16
SWT-USD,0.0155,0.0093,0.0094,0.0124,209,2020-03-17
SWT-USD,0.0124,0.0115,0.0123,0.012,3,2020-03-18
SWT-USD,0.0146,0.0118,0.0119,0.0141,7,2020-03-19
SWT-USD,0.0145,0.0127,0.0141,0.0132,44,2020-03-20
SWT-USD,0.0135,0.0105,0.0133,0.011,36,2020-03-21
SWT-USD,0.0177,0.0106,0.011,0.0139,17,2020-03-22
SWT-USD,0.0149,0.0118,0.0139,0.0126,2,2020-03-23
SWT-USD,0.0138,0.0124,0.0126,0.0136,3,2020-03-24
SWT-USD,0.0227,0.0133,0.0136,0.0165,450,2020-03-25
SWT-USD,0.0167,0.0142,0.0165,0.0163,349,2020-03-26
SWT-USD,0.0164,0.0146,0.0163,0.0146,289,2020-03-27
SWT-USD,0.0202,0.0138,0.0146,0.0162,794,2020-03-28
SWT-USD,0.0162,0.0141,0.0162,0.0142,85,2020-03-29
SWT-USD,0.0156,0.0141,0.0141,0.0153,8,2020-03-30
SWT-USD,0.0158,0.0151,0.0153,0.0156,47,2020-03-31
SWT-USD,0.0156,0.0117,0.0156,0.0142,16,2020-04-01
SWT-USD,0.0144,0.0053,0.0142,0.0127,192,2020-04-02
SWT-USD,0.0167,0.0126,0.0127,0.0143,73,2020-04-03
SWT-USD,0.0144,0.0079,0.0143,0.0079,28,2020-04-04
SWT-USD,0.0129,0.0066,0.0079,0.0067,14,2020-04-05
SWT-USD,0.0167,0.0067,0.0067,0.0146,708,2020-04-06
SWT-USD,0.0309,0.0146,0.0146,0.021,4969,2020-04-07
SWT-USD,0.022,0.0185,0.021,0.0185,51,2020-04-08
SWT-USD,0.0185,0.0166,0.0185,0.0173,32,2020-04-09
SWT-USD,0.029,0.0172,0.0173,0.0204,301,2020-04-10
SWT-USD,0.0242,0.0203,0.0204,0.0231,891,2020-04-11
SWT-USD,0.0238,0.0209,0.0231,0.0223,32,2020-04-12
SWT-USD,0.023,0.0181,0.0222,0.0189,252,2020-04-13
SWT-USD,0.0341,0.0179,0.0189,0.0341,1357,2020-04-14
SWT-USD,0.034,0.018,0.034,0.0183,818,2020-04-15
SWT-USD,0.02,0.0177,0.0183,0.02,3,2020-04-16
SWT-USD,0.0206,0.0196,0.02,0.0204,33,2020-04-17
SWT-USD,0.0211,0.0195,0.0204,0.021,6,2020-04-18
SWT-USD,0.0212,0.0165,0.021,0.0191,42,2020-04-19
SWT-USD,0.0192,0.015,0.0191,0.015,161,2020-04-20
SWT-USD,0.0165,0.0127,0.015,0.0127,38,2020-04-21
SWT-USD,0.0146,0.0124,0.0127,0.0146,18,2020-04-22
SWT-USD,0.0179,0.0142,0.0146,0.0173,200,2020-04-23
SWT-USD,0.0299,0.0171,0.0173,0.0253,487,2020-04-24
SWT-USD,0.0254,0.0199,0.0253,0.0199,85,2020-04-25
SWT-USD,0.02,0.0174,0.0199,0.0176,385,2020-04-26
SWT-USD,0.0195,0.0168,0.0176,0.0195,67,2020-04-27
SWT-USD,0.0211,0.0139,0.0196,0.0141,3,2020-04-28
SWT-USD,0.0187,0.014,0.0141,0.0186,12,2020-04-29
SWT-USD,0.024,0.0184,0.0186,0.0234,151,2020-04-30
SWT-USD,0.0294,0.0233,0.0235,0.024,207,2020-05-01
SWT-USD,0.024,0.0233,0.0239,0.024,108,2020-05-02
SWT-USD,0.0257,0.0235,0.024,0.025,61,2020-05-03
SWT-USD,0.0273,0.0242,0.025,0.027,80,2020-05-04
SWT-USD,0.0274,0.0251,0.027,0.0253,10,2020-05-05
SWT-USD,0.026,0.025,0.0255,0.0256,16,2020-05-06
SWT-USD,0.0371,0.0252,0.0255,0.0371,834,2020-05-07
SWT-USD,0.0435,0.0288,0.0288,0.0359,136752,2020-05-08
SWT-USD,0.0392,0.0295,0.0358,0.0346,6568,2020-05-09
SWT-USD,0.0345,0.0267,0.0345,0.0271,118,2020-05-10
SWT-USD,0.0307,0.0261,0.0271,0.03,471,2020-05-11
SWT-USD,0.0391,0.03,0.03,0.0332,1367,2020-05-12
SWT-USD,0.0364,0.0305,0.0332,0.0321,460,2020-05-13
SWT-USD,0.0364,0.0232,0.0321,0.0361,45,2020-05-14
SWT-USD,0.0362,0.0301,0.0361,0.0312,300,2020-05-15
SWT-USD,0.0342,0.03,0.0312,0.0327,62,2020-05-16
SWT-USD,0.033,0.0199,0.0327,0.025,0,2020-05-17
SWT-USD,0.0272,0.0199,0.0249,0.0272,8,2020-05-18
SWT-USD,0.0329,0.0208,0.0272,0.0329,1,2020-05-19
SWT-USD,0.0341,0.0311,0.0329,0.0328,66,2020-05-20
SWT-USD,0.0329,0.0283,0.0328,0.03,2,2020-05-21
SWT-USD,0.0394,0.028,0.0299,0.0392,830,2020-05-22
SWT-USD,0.0485,0.0326,0.0392,0.0371,2840,2020-05-23
SWT-USD,0.0375,0.0187,0.0371,0.0187,2,2020-05-24
SWT-USD,0.0381,0.0187,0.0187,0.0363,85,2020-05-25
SWT-USD,0.0364,0.0164,0.0363,0.036,3,2020-05-26
SWT-USD,0.0362,0.026,0.036,0.0308,313,2020-05-27
SWT-USD,0.0376,0.0306,0.0309,0.0374,109,2020-05-28
SWT-USD,0.0392,0.035,0.0375,0.0371,136,2020-05-29
SWT-USD,0.0386,0.0358,0.0371,0.0358,44,2020-05-30
SWT-USD,0.0379,0.0154,0.0359,0.0371,89,2020-05-31
SWT-USD,0.0386,0.0354,0.0372,0.0377,51,2020-06-01
SWT-USD,0.0384,0.0353,0.0377,0.038,90,2020-06-02
SWT-USD,0.0389,0.0377,0.038,0.0389,15,2020-06-03
SWT-USD,0.0394,0.038,0.0389,0.0382,202,2020-06-04
SWT-USD,0.0387,0.0235,0.0381,0.0385,26,2020-06-05
SWT-USD,0.0391,0.0382,0.0385,0.0387,4,2020-06-06
SWT-USD,0.066,0.0386,0.0387,0.0541,1399,2020-06-07
SWT-USD,0.0571,0.0283,0.0542,0.0286,1,2020-06-08
SWT-USD,0.058,0.0281,0.0285,0.0539,51,2020-06-09
SWT-USD,0.0555,0.0469,0.0539,0.0529,173,2020-06-10
SWT-USD,0.0583,0.0452,0.0529,0.0458,407,2020-06-11
SWT-USD,0.0522,0.044,0.0457,0.0521,713,2020-06-12
SWT-USD,0.0521,0.0392,0.0521,0.043,1340,2020-06-13
SWT-USD,0.0462,0.043,0.043,0.0437,28,2020-06-14
SWT-USD,0.0557,0.0178,0.0437,0.0554,663,2020-06-15
SWT-USD,0.0567,0.0398,0.0554,0.0406,104,2020-06-16
SWT-USD,0.0415,0.0296,0.0406,0.0323,37,2020-06-17
SWT-USD,0.0407,0.0321,0.0322,0.0405,50,2020-06-18
SWT-USD,0.0455,0.0395,0.0404,0.0395,60,2020-06-19
SWT-USD,0.0434,0.0396,0.0396,0.0434,5,2020-06-20
SWT-USD,0.0436,0.0401,0.0433,0.0434,39,2020-06-21
SWT-USD,0.0505,0.0421,0.0434,0.0456,910,2020-06-22
SWT-USD,0.0457,0.0419,0.0456,0.0432,734,2020-06-23
SWT-USD,0.0438,0.0405,0.0432,0.0435,0,2020-06-24
SWT-USD,0.0777,0.0411,0.0435,0.0548,5243,2020-06-25
SWT-USD,0.0547,0.0454,0.0547,0.0484,46,2020-06-26
SWT-USD,0.0512,0.0463,0.0484,0.0496,24,2020-06-27
SWT-USD,0.0562,0.0496,0.0496,0.0504,0,2020-06-28
SWT-USD,0.0518,0.0431,0.0504,0.0434,168,2020-06-29
SWT-USD,0.0435,0.0174,0.0434,0.0174,2,2020-06-30
SWT-USD,0.0451,0.0173,0.0173,0.0428,156,2020-07-01
SWT-USD,0.0443,0.0415,0.0428,0.0441,42,2020-07-02
SWT-USD,0.0443,0.044,0.0441,0.0442,0,2020-07-03
SWT-USD,0.0429,0.0424,0.0424,0.0427,36,2020-07-04
SWT-USD,0.0545,0.0419,0.0427,0.0462,989,2020-07-05
SWT-USD,0.0636,0.0461,0.0462,0.0578,748,2020-07-06
SWT-USD,0.058,0.045,0.0578,0.051,956,2020-07-07
SWT-USD,0.0671,0.0509,0.051,0.0593,689,2020-07-08
SWT-USD,0.0596,0.0505,0.0593,0.0506,199,2020-07-09
SWT-USD,0.056,0.0505,0.0506,0.0535,11,2020-07-10
SWT-USD,0.0692,0.052,0.0535,0.0608,1099,2020-07-11
SWT-USD,0.0689,0.0598,0.0608,0.0603,587,2020-07-12
SWT-USD,0.0647,0.0601,0.0603,0.0609,328,2020-07-13
SWT-USD,0.0617,0.06,0.0609,0.0603,264,2020-07-14
SWT-USD,0.0668,0.0594,0.0603,0.0665,148,2020-07-15
SWT-USD,0.0666,0.0603,0.0664,0.0604,9,2020-07-16
SWT-USD,0.063,0.0522,0.0604,0.0588,933,2020-07-17
SWT-USD,0.0588,0.0576,0.0588,0.0576,8,2020-07-18
SWT-USD,0.0577,0.0321,0.0576,0.0382,29,2020-07-19
SWT-USD,0.0543,0.0381,0.0383,0.054,121,2020-07-20
SWT-USD,0.0553,0.054,0.054,0.0551,0,2020-07-21
SWT-USD,0.0614,0.0497,0.0551,0.0526,5937,2020-07-22
SWT-USD,0.0573,0.0474,0.0526,0.0505,1079,2020-07-23
SWT-USD,0.0516,0.0489,0.0505,0.0497,64,2020-07-24
SWT-USD,0.05,0.0174,0.0497,0.0497,105,2020-07-25
SWT-USD,0.0545,0.0493,0.0504,0.0544,718,2020-07-26
SWT-USD,0.0582,0.0521,0.0544,0.0553,67,2020-07-27
SWT-USD,0.0604,0.0511,0.0554,0.0531,432,2020-07-28
SWT-USD,0.0629,0.036,0.0531,0.036,335,2020-07-29
SWT-USD,0.0634,0.0351,0.036,0.063,285,2020-07-30
SWT-USD,0.0641,0.0168,0.063,0.064,12,2020-07-31
SWT-USD,0.079,0.0538,0.064,0.0576,2235,2020-08-01
SWT-USD,0.0592,0.0499,0.0576,0.0586,1036,2020-08-02
SWT-USD,0.0597,0.0513,0.0586,0.0513,324,2020-08-03
SWT-USD,0.0543,0.0385,0.0512,0.0543,94,2020-08-04
SWT-USD,0.0557,0.0367,0.0543,0.0371,23,2020-08-05
SWT-USD,0.0479,0.0357,0.0371,0.0363,18,2020-08-06
SWT-USD,0.0365,0.0177,0.0363,0.0177,21,2020-08-07
SWT-USD,0.0254,0.0175,0.0177,0.0253,8,2020-08-08
SWT-USD,0.0618,0.0254,0.0254,0.0562,171,2020-08-09
SWT-USD,0.0698,0.0532,0.0563,0.0613,6276,2020-08-10
SWT-USD,0.0625,0.0533,0.0614,0.055,2875,2020-08-11
SWT-USD,0.0552,0.0463,0.0551,0.0537,146,2020-08-12
SWT-USD,0.057,0.0514,0.0537,0.0533,831,2020-08-13
SWT-USD,0.0579,0.0527,0.0532,0.0564,769,2020-08-14
SWT-USD,0.0567,0.0535,0.0564,0.0537,185,2020-08-15
SWT-USD,0.0703,0.053,0.0536,0.0629,11860,2020-08-16
SWT-USD,0.0673,0.0556,0.0579,0.0628,1476,2020-08-17
SWT-USD,0.0668,0.0454,0.0627,0.0473,59,2020-08-18
SWT-USD,0.0623,0.0341,0.0473,0.0604,644,2020-08-19
SWT-USD,0.0611,0.0233,0.0604,0.0234,21,2020-08-20
SWT-USD,0.0535,0.0203,0.0234,0.0534,24,2020-08-21
SWT-USD,0.0596,0.0139,0.0534,0.0426,51,2020-08-22
SWT-USD,0.06,0.0423,0.0426,0.0578,346,2020-08-23
SWT-USD,0.0714,0.0193,0.0577,0.0648,227,2020-08-24
SWT-USD,0.0648,0.0588,0.0648,0.0604,33,2020-08-25
SWT-USD,0.067,0.0577,0.0603,0.0606,113,2020-08-26
SWT-USD,0.061,0.0569,0.0605,0.0609,78,2020-08-27
SWT-USD,0.0626,0.0591,0.0609,0.0624,458,2020-08-28
SWT-USD,0.0649,0.0569,0.0624,0.0569,565,2020-08-29
SWT-USD,0.0682,0.0566,0.0569,0.0628,1437,2020-08-30
SWT-USD,0.0686,0.0606,0.0629,0.0608,304,2020-08-31
SWT-USD,0.0666,0.0604,0.0608,0.0622,859,2020-09-01
SWT-USD,0.0623,0.0558,0.0621,0.0573,88,2020-09-02
SWT-USD,0.0627,0.0527,0.0572,0.0532,574,2020-09-03
SWT-USD,0.0551,0.0524,0.053,0.0535,5,2020-09-04
SWT-USD,0.0522,0.0506,0.0513,0.0518,0,2020-09-06
SWT-USD,0.052,0.0501,0.0518,0.0502,322,2020-09-07
SWT-USD,0.0503,0.0351,0.0503,0.0378,208,2020-09-08
SWT-USD,0.0502,0.0377,0.0378,0.0497,547,2020-09-09
SWT-USD,0.0519,0.0493,0.0497,0.0493,3,2020-09-10
SWT-USD,0.0493,0.016,0.0493,0.0162,215,2020-09-11
SWT-USD,0.0384,0.0162,0.0162,0.0341,405,2020-09-12
SWT-USD,0.0778,0.0313,0.0341,0.0654,14748,2020-09-13
SWT-USD,0.0671,0.013,0.0654,0.0156,106,2020-09-14
SWT-USD,0.066,0.0155,0.0156,0.0649,567,2020-09-15
SWT-USD,0.0649,0.0365,0.0649,0.0365,28,2020-09-16
SWT-USD,0.0562,0.0352,0.0365,0.0557,543,2020-09-17
SWT-USD,0.0637,0.0554,0.0557,0.0585,427,2020-09-18
SWT-USD,0.0588,0.0555,0.0586,0.0586,10,2020-09-19
SWT-USD,0.0586,0.055,0.0586,0.0556,1,2020-09-20
SWT-USD,0.0559,0.0528,0.0556,0.0529,31,2020-09-21
SWT-USD,0.0538,0.046,0.0529,0.0537,1,2020-09-22
SWT-USD,0.0537,0.053,0.0537,0.0535,1,2020-09-23
SWT-USD,0.9367,0.0241,0.0507,0.0465,90,2020-09-24
SWT-USD,0.0466,0.0266,0.0465,0.0266,8,2020-09-25
SWT-USD,0.0292,0.0266,0.0266,0.0279,24,2020-09-26
SWT-USD,0.0279,0.0227,0.0278,0.0227,2,2020-09-27
SWT-USD,0.0543,0.0227,0.0227,0.0528,177,2020-09-28
SWT-USD,0.0534,0.0511,0.0527,0.0515,0,2020-09-29
SWT-USD,0.0536,0.0513,0.0515,0.0532,0,2020-09-30
SWT-USD,0.0513,0.0335,0.0335,0.05,1,2020-10-01
SWT-USD,0.0501,0.0171,0.0501,0.0175,0,2020-10-02
SWT-USD,0.0537,0.0175,0.0175,0.0422,49,2020-10-03
SWT-USD,0.0422,0.0181,0.0422,0.0181,5,2020-10-04
SWT-USD,0.0538,0.0182,0.0182,0.0338,9,2020-10-05
SWT-USD,0.0339,0.0183,0.0338,0.0196,2,2020-10-06
SWT-USD,0.0197,0.0169,0.0196,0.0171,0,2020-10-07
SWT-USD,0.0542,0.0165,0.0171,0.054,74,2020-10-08
SWT-USD,0.055,0.0538,0.0542,0.0549,0,2020-10-09
SWT-USD,0.0567,0.0548,0.0548,0.056,0,2020-10-10
SWT-USD,0.0566,0.0559,0.056,0.0564,1,2020-10-11
SWT-USD,0.058,0.0558,0.0564,0.0572,60,2020-10-12
SWT-USD,0.0572,0.0562,0.0572,0.0567,0,2020-10-13
SWT-USD,0.0572,0.056,0.0566,0.0566,701,2020-10-14
SWT-USD,0.0566,0.056,0.0566,0.0564,699,2020-10-15
SWT-USD,0.0566,0.0554,0.0566,0.0558,1,2020-10-16
SWT-USD,0.0561,0.0208,0.0558,0.0209,3,2020-10-17
SWT-USD,0.0211,0.0209,0.0209,0.0211,3,2020-10-18
SWT-USD,0.0564,0.0239,0.0239,0.0562,49,2020-10-19
SWT-USD,0.0566,0.0167,0.0562,0.0345,1,2020-10-20
SWT-USD,0.066,0.0344,0.0345,0.066,0,2020-10-21
SWT-USD,0.0307,0.0299,0.0302,0.0302,5,2020-10-22
SWT-USD,0.0354,0.03,0.0303,0.0353,1,2020-10-23
SWT-USD,0.0658,0.0353,0.0353,0.0657,0,2020-10-24
SWT-USD,0.0641,0.0243,0.0245,0.064,99,2020-10-25
SWT-USD,0.0653,0.0625,0.064,0.0631,172,2020-10-26
SWT-USD,0.0647,0.0473,0.0631,0.0475,32,2020-10-27
SWT-USD,0.0663,0.0225,0.0474,0.0634,115,2020-10-28
SWT-USD,0.065,0.017,0.0634,0.017,0,2020-10-29
SWT-USD,0.0635,0.0167,0.017,0.0626,154,2020-10-30
SWT-USD,0.0645,0.0622,0.0626,0.0635,4,2020-10-31
SWT-USD,0.0638,0.0622,0.0635,0.0625,112,2020-11-01
SWT-USD,0.0655,0.0233,0.0626,0.0467,445,2020-11-02
SWT-USD,0.069,0.0238,0.0467,0.0687,0,2020-11-03
SWT-USD,0.0689,0.0641,0.0689,0.0666,0,2020-11-04
SWT-USD,0.0694,0.0371,0.0667,0.0593,8,2020-11-05
SWT-USD,0.0612,0.0589,0.0594,0.0602,175,2020-11-06
SWT-USD,0.0618,0.0574,0.0602,0.0588,76,2020-11-07
SWT-USD,0.0596,0.0251,0.0587,0.0253,3,2020-11-08
SWT-USD,0.0258,0.0161,0.0252,0.0161,0,2020-11-09
SWT-USD,0.0609,0.0161,0.0161,0.034,582,2020-11-10
SWT-USD,0.0358,0.0316,0.034,0.0344,25,2020-11-11
SWT-USD,0.0541,0.0266,0.0344,0.0443,13,2020-11-12
SWT-USD,0.0605,0.0264,0.0443,0.0573,2,2020-11-13
SWT-USD,0.0574,0.0553,0.0574,0.0559,2,2020-11-14
SWT-USD,0.0585,0.0229,0.0231,0.0584,27,2020-11-15
SWT-USD,0.0618,0.0581,0.0583,0.0614,4,2020-11-16
SWT-USD,0.0627,0.0609,0.0613,0.0623,15,2020-11-17
SWT-USD,0.0653,0.0602,0.0622,0.0606,112,2020-11-18
SWT-USD,0.0613,0.055,0.0605,0.0553,101,2020-11-19
SWT-USD,0.0565,0.0476,0.0551,0.0477,253,2020-11-20
SWT-USD,0.0533,0.036,0.0472,0.0371,7,2020-11-21
SWT-USD,0.0535,0.0119,0.0362,0.025,10641,2020-11-22
SWT-USD,0.0268,0.0202,0.025,0.0229,302,2020-11-23
SWT-USD,0.023,0.0154,0.023,0.0179,315,2020-11-24
SWT-USD,0.0195,0.0155,0.0179,0.0172,181,2020-11-25
SWT-USD,0.0172,0.013,0.0172,0.0136,15,2020-11-26
SWT-USD,0.0189,0.0135,0.0136,0.0151,200,2020-11-27
SWT-USD,0.0262,0.0115,0.0151,0.0149,5309,2020-11-28
SWT-USD,0.0256,0.0147,0.0149,0.0155,171,2020-11-29
SWT-USD,0.0312,0.0156,0.0156,0.0312,57,2020-11-30
SWT-USD,0.0404,0.017,0.0311,0.0171,13,2020-12-01
SWT-USD,0.0205,0.0167,0.0171,0.0205,16,2020-12-02
SWT-USD,0.024,0.0175,0.0205,0.0239,984,2020-12-03
SWT-USD,0.024,0.0187,0.0239,0.0187,14,2020-12-04
SWT-USD,0.0192,0.0167,0.0187,0.0172,32,2020-12-05
SWT-USD,0.0189,0.0171,0.0172,0.0185,6,2020-12-06
SWT-USD,0.0195,0.0137,0.0185,0.0184,15,2020-12-07
SWT-USD,0.0382,0.0183,0.0184,0.0312,423,2020-12-08
SWT-USD,0.0311,0.0165,0.0311,0.0165,306,2020-12-09
SWT-USD,0.025,0.0151,0.0165,0.0203,30,2020-12-10
SWT-USD,0.0203,0.0156,0.0203,0.0178,6,2020-12-11
SWT-USD,0.0194,0.0178,0.0178,0.019,69,2020-12-12
SWT-USD,0.0197,0.019,0.019,0.0193,68,2020-12-13
SWT-USD,0.0198,0.0192,0.0193,0.0194,18,2020-12-14
SWT-USD,0.0225,0.0192,0.0194,0.0197,347,2020-12-15
SWT-USD,0.0267,0.0191,0.0197,0.0245,105,2020-12-16
SWT-USD,0.0264,0.0181,0.0245,0.0217,200,2020-12-17
SWT-USD,0.0243,0.0184,0.0217,0.0203,725,2020-12-18
SWT-USD,0.0211,0.0167,0.0203,0.0167,24,2020-12-19
SWT-USD,0.0178,0.0132,0.0167,0.0152,77,2020-12-20
SWT-USD,0.0189,0.0148,0.0152,0.0185,3,2020-12-21
SWT-USD,0.0195,0.0176,0.0184,0.0192,8,2020-12-22
SWT-USD,0.0235,0.0188,0.0193,0.0194,106,2020-12-23
SWT-USD,0.0228,0.0191,0.0194,0.0214,0,2020-12-24
SWT-USD,0.0214,0.0159,0.0214,0.0168,9,2020-12-25
SWT-USD,0.0193,0.0167,0.0168,0.0192,21,2020-12-26
SWT-USD,0.0195,0.0152,0.0192,0.0152,5,2020-12-27
SWT-USD,0.0187,0.0152,0.0152,0.0185,7,2020-12-28
SWT-USD,0.0185,0.0116,0.0184,0.0118,22,2020-12-29
SWT-USD,0.0175,0.0118,0.0118,0.0175,16,2020-12-30
SWT-USD,0.0177,0.0161,0.0175,0.0172,78,2020-12-31
SWT-USD,0.0237,0.0167,0.0171,0.0221,1253,2021-01-01
SWT-USD,0.0271,0.0219,0.0221,0.023,13,2021-01-02
SWT-USD,0.0503,0.023,0.023,0.0264,1012,2021-01-03
SWT-USD,0.0281,0.0232,0.0263,0.0259,31,2021-01-04
SWT-USD,0.0266,0.0215,0.0259,0.0218,206,2021-01-05
SWT-USD,0.0275,0.02,0.0218,0.0241,180,2021-01-06
SWT-USD,0.0256,0.0221,0.0241,0.0234,5,2021-01-07
SWT-USD,0.0253,0.0222,0.0234,0.0242,494,2021-01-08
SWT-USD,0.026,0.0231,0.0242,0.0252,26,2021-01-09
SWT-USD,0.0272,0.0225,0.0252,0.0243,13,2021-01-10
SWT-USD,0.0243,0.0208,0.0243,0.0242,1,2021-01-11
SWT-USD,0.0249,0.023,0.0241,0.0234,11,2021-01-12
SWT-USD,0.0243,0.0085,0.0235,0.0085,0,2021-01-13
SWT-USD,0.0261,0.0233,0.0247,0.0247,1031,2021-01-14
SWT-USD,0.025,0.0232,0.0247,0.0234,431,2021-01-15
SWT-USD,0.0211,0.02,0.0207,0.0204,0,2021-01-16
SWT-USD,0.022,0.0194,0.0203,0.0215,149,2021-01-17
SWT-USD,0.0278,0.0209,0.0215,0.0278,0,2021-01-18
SWT-USD,0.0308,0.0165,0.0277,0.0165,581,2021-01-19
SWT-USD,0.0285,0.0132,0.0165,0.0285,0,2021-01-20
SWT-USD,0.0284,0.0246,0.0284,0.0246,542,2021-01-21
SWT-USD,0.0256,0.0229,0.0244,0.0234,12,2021-01-22
SWT-USD,0.0241,0.02,0.0235,0.02,1,2021-01-23
SWT-USD,0.0243,0.0186,0.0227,0.0227,37,2021-01-24
SWT-USD,0.0292,0.0217,0.0225,0.0245,85,2021-01-25
SWT-USD,0.0282,0.0243,0.0244,0.026,1408,2021-01-26
SWT-USD,0.026,0.0213,0.026,0.0221,266,2021-01-27
SWT-USD,0.0232,0.014,0.0221,0.021,12,2021-01-28
SWT-USD,0.0401,0.0182,0.0226,0.0218,22,2021-01-29
SWT-USD,0.0226,0.0208,0.0217,0.0219,170,2021-01-30
SWT-USD,0.0219,0.02,0.0219,0.0211,1,2021-01-31
SWT-USD,0.0219,0.0166,0.0211,0.0201,497,2021-02-01
SWT-USD,0.0237,0.0188,0.0202,0.0196,140,2021-02-02
SWT-USD,0.0203,0.008,0.0196,0.0081,71,2021-02-03
SWT-USD,0.0242,0.0081,0.0081,0.0238,45,2021-02-04
SWT-USD,0.0245,0.018,0.0238,0.0245,6,2021-02-05
SWT-USD,0.0295,0.0246,0.0246,0.0284,8,2021-02-06
SWT-USD,0.0285,0.0243,0.0283,0.0253,12,2021-02-07
SWT-USD,0.0299,0.0218,0.0252,0.0234,143,2021-02-08
SWT-USD,0.0238,0.0184,0.0235,0.0199,128,2021-02-09
SWT-USD,0.0319,0.0197,0.0199,0.0303,101,2021-02-10
SWT-USD,0.0325,0.0274,0.0303,0.028,19,2021-02-11
SWT-USD,0.032,0.0199,0.0281,0.02,219,2021-02-12
SWT-USD,0.0387,0.02,0.02,0.0365,49,2021-02-13
SWT-USD,0.0483,0.0238,0.0365,0.03,249,2021-02-14
SWT-USD,0.0364,0.0283,0.0299,0.0301,75,2021-02-15
SWT-USD,0.0315,0.0289,0.0301,0.0313,4,2021-02-16
SWT-USD,0.0335,0.0293,0.0312,0.0333,12,2021-02-17
SWT-USD,0.0416,0.0306,0.0333,0.0406,205,2021-02-18
SWT-USD,0.0474,0.0339,0.0406,0.0345,82,2021-02-19
SWT-USD,0.0354,0.0305,0.0345,0.0327,209,2021-02-20
SWT-USD,0.0355,0.0317,0.0327,0.0346,4,2021-02-21
SWT-USD,0.0369,0.0225,0.0346,0.0284,850,2021-02-22
SWT-USD,0.0423,0.0247,0.0284,0.0377,3599,2021-02-23
SWT-USD,0.0407,0.0331,0.038,0.0378,59,2021-02-24
SWT-USD,0.1209,0.0348,0.0379,0.0454,9556,2021-02-25
SWT-USD,0.0658,0.0253,0.0453,0.035,5191,2021-02-26
SWT-USD,0.0389,0.0294,0.0351,0.0332,10,2021-02-27
SWT-USD,0.0362,0.0273,0.0332,0.0355,36,2021-02-28
SWT-USD,0.0366,0.0318,0.0355,0.0346,0,2021-03-01
SWT-USD,0.0388,0.0317,0.0345,0.0362,2124,2021-03-02
SWT-USD,0.0417,0.0318,0.0362,0.0318,179,2021-03-03
SWT-USD,0.0439,0.0285,0.0317,0.0386,999,2021-03-04
SWT-USD,0.0385,0.0299,0.0385,0.0375,5,2021-03-05
SWT-USD,0.0381,0.0316,0.0375,0.0347,1,2021-03-06
SWT-USD,0.0371,0.0275,0.0347,0.037,3,2021-03-07
SWT-USD,0.0393,0.0345,0.0369,0.0364,70,2021-03-08
SWT-USD,0.038,0.0353,0.0364,0.0361,60,2021-03-09
SWT-USD,0.0399,0.035,0.0362,0.039,350,2021-03-10
SWT-USD,0.0401,0.0338,0.0389,0.0399,35,2021-03-11
SWT-USD,0.0399,0.0335,0.0399,0.0349,24,2021-03-12
SWT-USD,0.066,0.034,0.0349,0.0627,210,2021-03-13
SWT-USD,0.063,0.0508,0.0627,0.0511,101,2021-03-14
SWT-USD,0.0515,0.0336,0.051,0.0336,23,2021-03-15
SWT-USD,0.0346,0.0296,0.0336,0.0344,91,2021-03-16
SWT-USD,0.0896,0.0335,0.0346,0.062,3881,2021-03-17
SWT-USD,0.0626,0.0447,0.0621,0.0528,184,2021-03-18
SWT-USD,0.0528,0.0289,0.0528,0.0331,399,2021-03-19
SWT-USD,0.0517,0.033,0.0331,0.0453,156,2021-03-20
SWT-USD,0.0455,0.0424,0.0452,0.0441,7,2021-03-21
SWT-USD,0.0443,0.0381,0.044,0.0385,82,2021-03-22
SWT-USD,0.066,0.0377,0.0383,0.0459,17418,2021-03-23
SWT-USD,0.0615,0.04,0.0458,0.0512,1403,2021-03-24
SWT-USD,0.051,0.0333,0.051,0.0366,897,2021-03-25
SWT-USD,0.0384,0.0161,0.0366,0.0188,780,2021-03-26
SWT-USD,0.0525,0.0132,0.0188,0.0429,1403,2021-03-27
SWT-USD,0.0564,0.0394,0.0428,0.0519,438,2021-03-28
SWT-USD,0.0525,0.0451,0.0519,0.0453,316,2021-03-29
SWT-USD,0.0759,0.0356,0.0453,0.0664,1636,2021-03-30
SWT-USD,0.0728,0.0615,0.0664,0.0716,405,2021-03-31
SWT-USD,0.0848,0.0716,0.0717,0.0789,1394,2021-04-01
SWT-USD,0.0804,0.0251,0.0788,0.0742,640,2021-04-02
SWT-USD,0.0759,0.0669,0.0742,0.0692,247,2021-04-03
SWT-USD,0.0887,0.0686,0.0692,0.071,285,2021-04-04
SWT-USD,0.0912,0.0692,0.071,0.0725,993,2021-04-05
SWT-USD,0.1291,0.0727,0.0727,0.0894,2188,2021-04-06
SWT-USD,0.1121,0.0756,0.0893,0.0761,1985,2021-04-07
SWT-USD,0.0895,0.0698,0.0758,0.0841,1589,2021-04-08
SWT-USD,0.1124,0.0804,0.0842,0.1096,3659,2021-04-09
SWT-USD,0.1254,0.0943,0.1062,0.1116,3878,2021-04-10
SWT-USD,0.1127,0.0864,0.1113,0.1112,1432,2021-04-11
SWT-USD,0.1136,0.0824,0.1112,0.0825,775,2021-04-12
SWT-USD,0.1033,0.0824,0.0824,0.0935,813,2021-04-13
SWT-USD,0.097,0.0844,0.0936,0.0861,615,2021-04-14
SWT-USD,0.0945,0.0852,0.0864,0.0868,1296,2021-04-15
SWT-USD,0.0872,0.0665,0.0869,0.0746,708,2021-04-16
SWT-USD,0.0825,0.072,0.0742,0.0784,78,2021-04-17
SWT-USD,0.0982,0.0647,0.0808,0.0853,1212,2021-04-18
SWT-USD,0.087,0.0716,0.0854,0.0792,541,2021-04-19
SWT-USD,0.0792,0.068,0.0792,0.0727,246,2021-04-20
SWT-USD,0.0803,0.0676,0.0728,0.0778,378,2021-04-21
SWT-USD,0.0776,0.027,0.0776,0.0604,1394,2021-04-22
SWT-USD,0.0741,0.06,0.0603,0.0702,1773,2021-04-23
SWT-USD,0.083,0.0426,0.0703,0.0706,599,2021-04-24
SWT-USD,0.075,0.0686,0.0707,0.0738,10,2021-04-25
SWT-USD,0.0798,0.0665,0.0739,0.0773,2228,2021-04-26
SWT-USD,0.0786,0.0498,0.0774,0.0578,727,2021-04-27
SWT-USD,0.0806,0.0515,0.0578,0.0797,457,2021-04-28
SWT-USD,0.0804,0.0715,0.0798,0.0771,984,2021-04-29
SWT-USD,0.0845,0.0753,0.077,0.0834,12,2021-04-30
SWT-USD,0.099,0.0817,0.0834,0.0894,629,2021-05-01
SWT-USD,0.1011,0.0724,0.0894,0.0828,1914,2021-05-02
SWT-USD,0.0871,0.0785,0.0828,0.0792,185,2021-05-03
SWT-USD,0.0792,0.0709,0.0792,0.0732,152,2021-05-04
SWT-USD,0.0918,0.0389,0.0731,0.0915,235,2021-05-05
SWT-USD,0.1207,0.0823,0.0915,0.1047,1598,2021-05-06
SWT-USD,0.1058,0.097,0.1044,0.0975,324,2021-05-07
SWT-USD,0.1079,0.0928,0.0975,0.1052,573,2021-05-08
SWT-USD,0.1213,0.0937,0.1053,0.1009,1728,2021-05-09
SWT-USD,0.1134,0.0979,0.1009,0.1014,395,2021-05-10
SWT-USD,0.1052,0.0256,0.1014,0.0942,122,2021-05-11
SWT-USD,0.1116,0.0863,0.0942,0.0863,1693,2021-05-12
SWT-USD,0.0879,0.0804,0.0845,0.0842,2,2021-05-13
SWT-USD,0.0944,0.0818,0.0844,0.0854,58,2021-05-14
SWT-USD,0.0927,0.082,0.0854,0.0831,632,2021-05-15
SWT-USD,0.104,0.069,0.0831,0.0724,937,2021-05-16
SWT-USD,0.0778,0.0665,0.0726,0.0742,26,2021-05-17
SWT-USD,0.078,0.0667,0.0741,0.0713,268,2021-05-18
SWT-USD,0.0721,0.0523,0.0712,0.0575,50,2021-05-19
SWT-USD,0.0654,0.054,0.0572,0.0616,41,2021-05-20
SWT-USD,0.0638,0.0517,0.0618,0.0565,34,2021-05-21
SWT-USD,0.0589,0.0541,0.0566,0.0581,0,2021-05-22
SWT-USD,0.0577,0.0435,0.0571,0.0493,507,2021-05-23
SWT-USD,0.0595,0.0457,0.0492,0.0566,3,2021-05-24
SWT-USD,0.0581,0.0463,0.0566,0.0483,73,2021-05-25
SWT-USD,0.0589,0.048,0.0485,0.0515,126,2021-05-26
SWT-USD,0.0676,0.0484,0.0516,0.0519,606,2021-05-27
SWT-USD,0.055,0.0439,0.0518,0.045,389,2021-05-28
SWT-USD,0.069,0.0441,0.045,0.0522,804,2021-05-29
SWT-USD,0.0819,0.0504,0.0522,0.0624,2000,2021-05-30
SWT-USD,0.0636,0.0601,0.0624,0.0635,18,2021-05-31
SWT-USD,0.0643,0.0562,0.0635,0.0598,43,2021-06-01
SWT-USD,0.0626,0.0588,0.0598,0.0609,0,2021-06-02
SWT-USD,0.0643,0.06,0.0607,0.0625,19,2021-06-03
SWT-USD,0.0625,0.055,0.0625,0.0563,168,2021-06-04
SWT-USD,0.0582,0.0549,0.0562,0.0566,107,2021-06-05
SWT-USD,0.058,0.0465,0.0567,0.0471,131,2021-06-06
SWT-USD,0.0564,0.0469,0.0471,0.0526,357,2021-06-07
SWT-USD,0.0533,0.0427,0.0526,0.0451,253,2021-06-08
SWT-USD,0.0495,0.0438,0.0451,0.0493,45,2021-06-09
SWT-USD,0.0504,0.0473,0.0492,0.0485,73,2021-06-10
SWT-USD,0.0494,0.0414,0.0483,0.0489,19,2021-06-11
SWT-USD,0.0496,0.0469,0.0489,0.0492,26,2021-06-12
SWT-USD,0.0924,0.048,0.0492,0.0763,4150,2021-06-13
SWT-USD,0.0878,0.0596,0.0765,0.0766,1352,2021-06-14
SWT-USD,0.0771,0.0692,0.0766,0.0748,502,2021-06-15
SWT-USD,0.0748,0.0688,0.0747,0.071,1,2021-06-16
SWT-USD,0.0728,0.0696,0.0711,0.0706,1,2021-06-17
SWT-USD,0.0707,0.0638,0.0706,0.0646,0,2021-06-18
SWT-USD,0.1002,0.0502,0.0647,0.0581,14866,2021-06-19
SWT-USD,0.0676,0.054,0.058,0.0673,56,2021-06-20
SWT-USD,0.0673,0.0564,0.0673,0.0568,2,2021-06-21
SWT-USD,0.0595,0.0476,0.0569,0.0527,0,2021-06-22
SWT-USD,0.059,0.0501,0.0528,0.0551,83,2021-06-23
SWT-USD,0.0551,0.0458,0.0551,0.0474,185,2021-06-24
SWT-USD,0.0479,0.0428,0.0474,0.0432,886,2021-06-25
SWT-USD,0.044,0.0402,0.0431,0.0432,57,2021-06-26
SWT-USD,0.0468,0.0435,0.0435,0.0468,14,2021-06-27
SWT-USD,0.0476,0.0464,0.0468,0.0469,421,2021-06-28
SWT-USD,0.0497,0.0467,0.0469,0.0481,0,2021-06-29
SWT-USD,0.0486,0.0445,0.0481,0.0474,368,2021-06-30
SWT-USD,0.0474,0.0431,0.0474,0.044,15,2021-07-01
SWT-USD,0.0444,0.0429,0.0439,0.044,220,2021-07-02
SWT-USD,0.0463,0.0434,0.044,0.0463,0,2021-07-03
SWT-USD,0.0492,0.0456,0.0462,0.0462,0,2021-07-04
SWT-USD,0.0462,0.0434,0.0462,0.0441,0,2021-07-05
SWT-USD,0.0466,0.044,0.044,0.0462,5,2021-07-06
SWT-USD,0.0476,0.045,0.0464,0.0454,67,2021-07-07
SWT-USD,0.0454,0.0422,0.0454,0.0426,29,2021-07-08
SWT-USD,0.0441,0.0419,0.0426,0.0439,30,2021-07-09
SWT-USD,0.0445,0.0435,0.0438,0.0435,6,2021-07-10
SWT-USD,0.0434,0.0417,0.0428,0.0423,10,2021-07-13
SWT-USD,0.0426,0.0424,0.0424,0.0424,11,2021-07-14
