AHH,11.68,11.25,11.5,11.58,4633889,2013-05-08
AHH,11.66,11.5,11.66,11.55,275783,2013-05-09
AHH,11.6,11.5,11.55,11.6,277093,2013-05-10
AHH,11.65,11.5464,11.63,11.65,147369,2013-05-13
AHH,11.6,11.5,11.6,11.53,184044,2013-05-14
AHH,11.6,11.54,11.6,11.6,76762,2013-05-15
AHH,11.74,11.54,11.62,11.74,170213,2013-05-16
AHH,11.85,11.7,11.7,11.76,305365,2013-05-17
AHH,11.83,11.63,11.76,11.73,46750,2013-05-20
AHH,11.84,11.61,11.76,11.83,76949,2013-05-21
AHH,11.84,11.68,11.84,11.75,90161,2013-05-22
AHH,11.79,11.538,11.64,11.61,75394,2013-05-23
AHH,11.73,11.55,11.57,11.7,63336,2013-05-24
AHH,11.78,11.57,11.73,11.58,212378,2013-05-28
AHH,11.67,11.1999,11.51,11.25,446974,2013-05-29
AHH,11.65,11.47,11.58,11.55,453248,2013-05-30
AHH,11.8,11.47,11.6,11.47,109386,2013-05-31
AHH,11.68,11.3,11.68,11.52,143172,2013-06-03
AHH,11.63,11.46,11.56,11.51,114931,2013-06-04
AHH,11.59,11.25,11.58,11.55,78026,2013-06-05
AHH,11.7,11.5,11.51,11.62,121610,2013-06-06
AHH,11.68,11.52,11.67,11.6,52236,2013-06-07
AHH,11.67,11.5,11.6,11.65,167297,2013-06-10
AHH,11.6,11.35,11.56,11.56,117425,2013-06-11
AHH,11.56,11.45,11.55,11.49,162003,2013-06-12
AHH,11.55,11.3,11.48,11.49,63586,2013-06-13
AHH,11.49,11.3,11.49,11.45,73070,2013-06-14
AHH,11.65,11.4,11.48,11.55,73225,2013-06-17
AHH,11.6,11.39,11.55,11.51,149683,2013-06-18
AHH,11.48,11.2201,11.48,11.3,80216,2013-06-19
AHH,11.3,11.13,11.25,11.13,203040,2013-06-20
AHH,11.27,11.12,11.17,11.27,287878,2013-06-21
AHH,11.29,10.7,11.2,11.22,151435,2013-06-24
AHH,11.4,10.98,11.28,11.38,95536,2013-06-25
AHH,11.46,10.9,11.44,11.38,173814,2013-06-26
AHH,11.54,11.2,11.33,11.46,153294,2013-06-27
AHH,11.78,11.365,11.43,11.78,1662968,2013-06-28
AHH,11.84,11.405,11.74,11.67,103808,2013-07-01
AHH,11.8,11.45,11.7,11.71,98511,2013-07-02
AHH,11.75,11.58,11.69,11.74,45055,2013-07-03
AHH,11.84,11.5,11.84,11.82,89634,2013-07-05
AHH,11.75,11.35,11.75,11.47,170014,2013-07-08
AHH,11.53,11.1,11.52,11.19,242544,2013-07-09
AHH,11.15,10.55,11.15,11.03,206123,2013-07-10
AHH,11.16,10.99,11.12,11.14,189030,2013-07-11
AHH,11.16,11.05,11.1,11.14,164969,2013-07-12
AHH,11.19,10.92,11.12,11.11,164862,2013-07-15
AHH,11.3816,10.97,11.1,11.36,187402,2013-07-16
AHH,11.35,11.07,11.34,11.12,51092,2013-07-17
AHH,11.3164,11.05,11.13,11.22,165881,2013-07-18
AHH,11.29,11.05,11.24,11.27,84100,2013-07-19
AHH,11.29,11.19,11.25,11.2,49381,2013-07-22
AHH,11.33,11.15,11.2,11.23,66353,2013-07-23
AHH,11.24,11.03,11.24,11.18,81679,2013-07-24
AHH,11.21,10.97,11.06,11.21,104425,2013-07-25
AHH,11.09,10.8255,11.07,10.96,135840,2013-07-26
AHH,11.12,10.8,10.99,11.07,59336,2013-07-29
AHH,11.11,10.93,11.11,11.06,30492,2013-07-30
AHH,11.13,10.82,11.07,10.87,90930,2013-07-31
AHH,10.92,10.74,10.89,10.81,89260,2013-08-01
AHH,10.89,10.69,10.82,10.81,63428,2013-08-02
AHH,10.94,10.78,10.83,10.85,129163,2013-08-05
AHH,10.9,10.73,10.87,10.8,127501,2013-08-06
AHH,10.82,10.65,10.75,10.69,128362,2013-08-07
AHH,10.74,10.15,10.74,10.42,216737,2013-08-08
AHH,10.47,10.12,10.38,10.35,114905,2013-08-09
AHH,10.74,10.28,10.28,10.64,91674,2013-08-12
AHH,10.55,10.15,10.55,10.32,107440,2013-08-13
AHH,10.3494,10.1,10.3,10.21,109321,2013-08-14
AHH,10.189,9.73,10.15,9.74,165014,2013-08-15
AHH,9.94,9.36,9.7,9.4,153620,2013-08-16
AHH,9.46,9.04,9.43,9.05,165600,2013-08-19
AHH,9.3299,8.8901,9,9.21,388396,2013-08-20
AHH,9.6,9.15,9.16,9.47,68180,2013-08-21
AHH,9.63,9.22,9.48,9.62,75571,2013-08-22
AHH,9.86,9.6,9.74,9.68,102967,2013-08-23
AHH,9.95,9.63,9.66,9.88,77317,2013-08-26
AHH,9.91,9.76,9.88,9.78,121885,2013-08-27
AHH,9.8899,9.31,9.8,9.39,76978,2013-08-28
AHH,9.68,9.35,9.35,9.4,83866,2013-08-29
AHH,9.44,9.35,9.38,9.39,75546,2013-08-30
AHH,9.47,9.27,9.42,9.28,53941,2013-09-03
AHH,9.5,9.26,9.27,9.35,124300,2013-09-04
AHH,9.45,9.28,9.41,9.36,60193,2013-09-05
AHH,9.49,9.24,9.42,9.44,43116,2013-09-06
AHH,9.9,9.49,9.5,9.83,60323,2013-09-09
AHH,9.82,9.33,9.8,9.51,104837,2013-09-10
AHH,9.62,9.3901,9.48,9.41,75857,2013-09-11
AHH,9.55,9.3,9.4,9.53,72969,2013-09-12
AHH,9.57,9.31,9.57,9.53,83174,2013-09-13
AHH,9.65,9.3,9.65,9.49,68384,2013-09-16
AHH,9.66,9.38,9.46,9.62,92791,2013-09-17
AHH,9.975,9.5,9.59,9.89,74306,2013-09-18
AHH,10.17,9.85,9.87,10.12,101291,2013-09-19
AHH,11,10.11,10.18,10.89,293677,2013-09-20
AHH,10.93,10.74,10.89,10.8,88680,2013-09-23
AHH,11,10.66,10.77,10.78,86228,2013-09-24
AHH,10.87,10.35,10.78,10.45,124261,2013-09-25
AHH,10.64,10.3501,10.36,10.6,81776,2013-09-26
AHH,10.4,9.81,10.31,10.07,89144,2013-09-27
AHH,10.03,9.72,10.03,9.91,94085,2013-09-30
AHH,9.95,9.47,9.88,9.54,130890,2013-10-01
AHH,9.75,9.4603,9.51,9.66,68342,2013-10-02
AHH,9.7,9.4925,9.56,9.6,85706,2013-10-03
AHH,9.9,9.67,9.72,9.74,41393,2013-10-04
AHH,9.94,9.7,9.7,9.72,35997,2013-10-07
AHH,9.84,9.65,9.73,9.72,35978,2013-10-08
AHH,9.8,9.54,9.76,9.6,47088,2013-10-09
AHH,9.98,9.72,9.77,9.93,59330,2013-10-10
AHH,10.22,9.8,9.9,10.22,37068,2013-10-11
AHH,10.35,10.1,10.21,10.21,26174,2013-10-14
AHH,10.19,10,10.16,10.06,36739,2013-10-15
AHH,10.21,9.74,10.07,10.19,89313,2013-10-16
AHH,10.3,10.05,10.14,10.23,41374,2013-10-17
AHH,10.49,10.24,10.3,10.48,72476,2013-10-18
AHH,10.55,10.33,10.46,10.53,52676,2013-10-21
AHH,10.65,10.44,10.58,10.62,59385,2013-10-22
AHH,10.7,10.52,10.53,10.68,44061,2013-10-23
AHH,10.64,10.2758,10.64,10.41,52847,2013-10-24
AHH,10.6,10.2601,10.45,10.51,30282,2013-10-25
AHH,10.64,10.3001,10.53,10.62,53372,2013-10-28
AHH,10.62,10.02,10.62,10.13,63692,2013-10-29
AHH,10.24,9.95,10.1,9.95,42951,2013-10-30
AHH,10.06,9.6,10.06,9.62,67488,2013-10-31
AHH,9.65,9.52,9.6,9.62,77914,2013-11-01
AHH,9.7,9.56,9.66,9.62,48971,2013-11-04
AHH,9.625,9.47,9.62,9.5,54699,2013-11-05
AHH,9.64,9.4,9.5,9.58,88839,2013-11-06
AHH,9.61,9.29,9.57,9.33,76089,2013-11-07
AHH,9.6201,9.38,9.38,9.49,82328,2013-11-08
AHH,9.78,9.4501,9.54,9.67,77730,2013-11-11
AHH,9.88,9.4401,9.67,9.73,84885,2013-11-12
AHH,9.85,9.45,9.75,9.69,76581,2013-11-13
AHH,9.7699,9.59,9.68,9.71,44166,2013-11-14
AHH,9.95,9.67,9.67,9.94,84001,2013-11-15
AHH,10.17,9.78,9.997,10.15,77884,2013-11-18
AHH,10.11,9.7999,10.11,9.85,90484,2013-11-19
AHH,9.999,9.52,9.82,9.9,135173,2013-11-20
AHH,10.11,9.83,9.94,10.1,56209,2013-11-21
AHH,10.6,10.11,10.14,10.53,69336,2013-11-22
AHH,10.61,10.16,10.54,10.21,45176,2013-11-25
AHH,10.4,10.03,10.2,10.3,56366,2013-11-26
AHH,10.3099,9.94,10.24,10.25,80768,2013-11-27
AHH,10.36,10.026,10.31,10.24,21937,2013-11-29
AHH,10.215,9.84,10.21,9.88,52987,2013-12-02
AHH,10.21,9.66,9.84,10.09,102917,2013-12-03
AHH,10.28,9.9,10.08,10.04,80926,2013-12-04
AHH,10.03,9.86,9.97,9.96,53923,2013-12-05
AHH,10.2,9.96,10.07,10.09,46599,2013-12-06
AHH,10.61,10.02,10.1,10.46,132453,2013-12-09
AHH,10.49,9.93,10.41,10.03,73783,2013-12-10
AHH,9.9792,9.56,9.9792,9.68,88123,2013-12-11
AHH,9.745,9.3701,9.7,9.45,65936,2013-12-12
AHH,9.66,9.42,9.42,9.6,65260,2013-12-13
AHH,9.7,9.51,9.6,9.64,61941,2013-12-16
AHH,9.63,9.35,9.59,9.5,88045,2013-12-17
AHH,9.62,9.39,9.47,9.48,80838,2013-12-18
AHH,9.45,9.21,9.34,9.31,129428,2013-12-19
AHH,9.6,9.302,9.35,9.52,159047,2013-12-20
AHH,9.6,9.41,9.5,9.47,118610,2013-12-23
AHH,9.55,9.3,9.41,9.5,46673,2013-12-24
AHH,9.4001,9.189,9.35,9.39,98407,2013-12-26
AHH,9.425,9.25,9.37,9.36,148618,2013-12-27
AHH,9.38,9.08,9.33,9.1,167116,2013-12-30
AHH,9.32,9.01,9.16,9.28,182734,2013-12-31
AHH,9.6028,9.25,9.25,9.53,55039,2014-01-02
AHH,9.8,9.3841,9.51,9.51,57130,2014-01-03
AHH,9.79,9.5168,9.57,9.7,66330,2014-01-06
AHH,9.92,9.58,9.8,9.79,55810,2014-01-07
AHH,9.88,9.71,9.73,9.84,82746,2014-01-08
AHH,10.16,9.75,9.92,9.95,626352,2014-01-09
AHH,9.98,9.67,9.98,9.76,81860,2014-01-10
AHH,9.77,9.55,9.69,9.72,128991,2014-01-13
AHH,10,9.7,9.74,9.98,72636,2014-01-14
AHH,10.13,9.91,9.92,10.1,98603,2014-01-15
AHH,10.12,9.57,10.12,9.73,96804,2014-01-16
AHH,9.8,9.49,9.7,9.5,167517,2014-01-17
AHH,9.58,9.36,9.55,9.44,125476,2014-01-21
AHH,9.55,9.38,9.47,9.53,136146,2014-01-22
AHH,9.7,9.45,9.49,9.67,82052,2014-01-23
AHH,9.6387,9.32,9.58,9.41,132865,2014-01-24
AHH,9.4001,9.25,9.38,9.33,67676,2014-01-27
AHH,9.45,9.25,9.37,9.29,178206,2014-01-28
AHH,9.27,9.05,9.24,9.08,152061,2014-01-29
AHH,9.25,9.14,9.18,9.18,165600,2014-01-30
AHH,9.18,9,9.03,9.1,77657,2014-01-31
AHH,9.135,8.865,9.11,8.9,114714,2014-02-03
AHH,9.15,8.97,8.98,9.09,121095,2014-02-04
AHH,9.07,8.88,9.07,8.89,75979,2014-02-05
AHH,9,8.9,8.9,8.94,53527,2014-02-06
AHH,8.98,8.85,8.97,8.85,104671,2014-02-07
AHH,8.91,8.78,8.87,8.9,72748,2014-02-10
AHH,9.19,8.91,8.91,9.06,74803,2014-02-11
AHH,9.1,8.95,9.1,9.01,170880,2014-02-12
AHH,9.05,8.9501,9,9.02,300591,2014-02-13
AHH,9.15,8.97,9.04,9.09,366223,2014-02-14
AHH,9.36,9.035,9.13,9.31,47429,2014-02-18
AHH,9.36,9.15,9.24,9.32,86916,2014-02-19
AHH,9.57,9.28,9.28,9.52,52527,2014-02-20
AHH,9.79,9.47,9.55,9.65,86247,2014-02-21
AHH,9.78,9.64,9.71,9.7,81810,2014-02-24
AHH,9.75,9.6,9.7,9.72,60442,2014-02-25
AHH,9.91,9.7,9.75,9.86,53360,2014-02-26
AHH,9.9,9.74,9.9,9.87,51976,2014-02-27
AHH,9.948,9.66,9.89,9.79,92571,2014-02-28
AHH,10,9.69,9.69,9.94,95830,2014-03-03
AHH,10.15,9.91,10.01,10,120778,2014-03-04
AHH,10.3,10.05,10.07,10.2,66856,2014-03-05
AHH,10.24,10.002,10.17,10.07,57092,2014-03-06
AHH,10.3,9.9,10.13,10.05,81305,2014-03-07
AHH,10.16,9.92,10.07,10.09,42646,2014-03-10
AHH,10.07,9.82,10.07,9.96,29639,2014-03-11
AHH,10.18,9.97,9.97,10.1,59771,2014-03-12
AHH,10.35,10.03,10.1,10.15,111679,2014-03-13
AHH,10.45,10.1,10.1,10.41,176697,2014-03-14
AHH,10.49,10.38,10.49,10.41,47261,2014-03-17
AHH,10.63,10.43,10.43,10.57,148989,2014-03-18
AHH,10.65,10.42,10.6,10.44,108896,2014-03-19
AHH,10.48,10.3701,10.48,10.39,33097,2014-03-20
AHH,10.45,10.22,10.38,10.28,102748,2014-03-21
AHH,10.26,10,10.25,10.01,53519,2014-03-24
AHH,10.23,10.06,10.11,10.15,48213,2014-03-25
AHH,10.33,9.99,10.17,10.01,46069,2014-03-26
AHH,10.15,9.96,10,10.14,75121,2014-03-27
AHH,10.08,9.83,9.94,9.98,56919,2014-03-28
AHH,10.1167,9.951,9.99,10.04,58177,2014-03-31
AHH,10.09,9.9907,10.01,10.05,40053,2014-04-01
AHH,10.17,9.98,10.09,10.08,36500,2014-04-02
AHH,10.1,10.03,10.1,10.08,34135,2014-04-03
AHH,10.11,9.86,10.1,9.97,56577,2014-04-04
AHH,9.99,9.9,9.94,9.92,62455,2014-04-07
AHH,10.04,9.88,9.96,9.9,54886,2014-04-08
AHH,9.97,9.81,9.9,9.95,32133,2014-04-09
AHH,10.165,9.81,10,9.82,55530,2014-04-10
AHH,9.87,9.74,9.8,9.75,41302,2014-04-11
AHH,9.87,9.67,9.87,9.68,50919,2014-04-14
AHH,9.78,9.61,9.65,9.76,106004,2014-04-15
AHH,9.86,9.7628,9.85,9.85,21417,2014-04-16
AHH,10.12,9.78,9.78,10.02,50678,2014-04-17
AHH,10.06,9.92,10.05,9.98,17821,2014-04-21
AHH,10.1,9.94,10,10.04,27600,2014-04-22
AHH,10.03,9.8,9.97,9.8,29969,2014-04-23
AHH,9.86,9.7,9.83,9.77,63317,2014-04-24
AHH,9.78,9.58,9.7,9.63,61165,2014-04-25
AHH,9.76,9.5901,9.64,9.63,34045,2014-04-28
AHH,9.96,9.66,9.71,9.71,75164,2014-04-29
AHH,9.8,9.62,9.69,9.68,57222,2014-04-30
AHH,9.699,9.55,9.69,9.64,79268,2014-05-01
AHH,9.66,9.55,9.65,9.59,42249,2014-05-02
AHH,9.66,9.53,9.54,9.54,43084,2014-05-05
AHH,9.52,9.32,9.5,9.41,126277,2014-05-06
AHH,9.46,9.32,9.37,9.44,65666,2014-05-07
AHH,9.56,9.39,9.47,9.43,53232,2014-05-08
AHH,9.6,9.4,9.4,9.58,48737,2014-05-09
AHH,9.97,9.6,9.63,9.95,58188,2014-05-12
AHH,10.04,9.87,9.97,9.87,63773,2014-05-13
AHH,9.976,9.81,9.89,9.82,72460,2014-05-14
AHH,9.767,9.63,9.76,9.63,51976,2014-05-15
AHH,9.87,9.52,9.6,9.74,73686,2014-05-16
AHH,9.8,9.66,9.76,9.77,42104,2014-05-19
AHH,9.93,9.61,9.71,9.67,125033,2014-05-20
AHH,9.687,9.5,9.67,9.52,87085,2014-05-21
AHH,9.589,9.52,9.563,9.52,41267,2014-05-22
AHH,9.75,9.52,9.52,9.75,29247,2014-05-23
AHH,9.9,9.7,9.78,9.9,43504,2014-05-27
AHH,9.84,9.64,9.84,9.65,44587,2014-05-28
AHH,9.73,9.61,9.69,9.62,62418,2014-05-29
AHH,9.79,9.65,9.65,9.66,35386,2014-05-30
AHH,9.69,9.57,9.63,9.63,64325,2014-06-02
AHH,9.69,9.55,9.6,9.56,36625,2014-06-03
AHH,9.73,9.52,9.53,9.64,82770,2014-06-04
AHH,9.92,9.6201,9.65,9.85,47274,2014-06-05
AHH,9.92,9.82,9.92,9.86,53246,2014-06-06
AHH,9.89,9.82,9.85,9.84,50524,2014-06-09
AHH,9.85,9.6,9.84,9.71,40664,2014-06-10
AHH,9.6791,9.56,9.62,9.6,45460,2014-06-11
AHH,9.78,9.5,9.6,9.74,51463,2014-06-12
AHH,9.7499,9.6401,9.71,9.69,20179,2014-06-13
AHH,9.67,9.56,9.66,9.59,34588,2014-06-16
AHH,9.6,9.5,9.54,9.55,91073,2014-06-17
AHH,9.6,9.515,9.59,9.6,36225,2014-06-18
AHH,9.67,9.55,9.58,9.57,48992,2014-06-19
AHH,9.73,9.52,9.6,9.73,110336,2014-06-20
AHH,9.75,9.56,9.72,9.75,51217,2014-06-23
AHH,9.81,9.68,9.68,9.76,74473,2014-06-24
AHH,9.84,9.69,9.69,9.8,48272,2014-06-25
AHH,9.8,9.67,9.77,9.79,44130,2014-06-26
AHH,9.75,9.55,9.55,9.75,181059,2014-06-27
AHH,9.8,9.59,9.69,9.68,112551,2014-06-30
AHH,9.73,9.67,9.7,9.69,76263,2014-07-01
AHH,9.7,9.65,9.65,9.67,41271,2014-07-02
AHH,9.7,9.63,9.7,9.64,20860,2014-07-03
AHH,9.64,9.5,9.64,9.54,79412,2014-07-07
AHH,9.62,9.45,9.57,9.46,97716,2014-07-08
AHH,9.69,9.48,9.53,9.6,52563,2014-07-09
AHH,9.55,9.45,9.52,9.47,81198,2014-07-10
AHH,9.51,9.45,9.51,9.46,48750,2014-07-11
AHH,9.59,9.46,9.55,9.59,72668,2014-07-14
AHH,9.62,9.53,9.6,9.56,43761,2014-07-15
AHH,9.62,9.52,9.62,9.57,27246,2014-07-16
AHH,9.66,9.5,9.54,9.52,75905,2014-07-17
AHH,9.67,9.48,9.48,9.67,57171,2014-07-18
AHH,9.77,9.5707,9.62,9.68,84030,2014-07-21
AHH,9.77,9.64,9.7,9.69,77140,2014-07-22
AHH,9.76,9.62,9.7,9.67,46036,2014-07-23
AHH,9.7,9.5499,9.7,9.55,44243,2014-07-24
AHH,9.5099,9.36,9.48,9.42,78004,2014-07-25
AHH,9.5,9.4,9.41,9.4,35726,2014-07-28
AHH,9.46,9.4,9.41,9.45,48033,2014-07-29
AHH,9.52,9.4,9.49,9.42,42587,2014-07-30
AHH,9.5,9.34,9.34,9.4,57066,2014-07-31
AHH,9.48,9.24,9.39,9.37,58709,2014-08-01
AHH,9.48,9.24,9.38,9.42,47770,2014-08-04
AHH,9.74,9.45,9.45,9.69,70917,2014-08-05
AHH,9.75,9.67,9.75,9.68,233434,2014-08-06
AHH,9.89,9.67,9.67,9.7,145559,2014-08-07
AHH,9.7,9.67,9.67,9.69,173495,2014-08-08
AHH,9.75,9.65,9.75,9.66,260120,2014-08-11
AHH,9.69,9.64,9.66,9.67,108666,2014-08-12
AHH,9.7,9.63,9.68,9.68,173797,2014-08-13
AHH,9.72,9.65,9.68,9.69,103626,2014-08-14
AHH,9.72,9.61,9.72,9.67,74704,2014-08-15
AHH,9.72,9.658,9.7,9.71,93082,2014-08-18
AHH,9.93,9.69,9.7,9.83,114347,2014-08-19
AHH,9.81,9.7,9.81,9.71,53762,2014-08-20
AHH,9.77,9.66,9.67,9.72,69630,2014-08-21
AHH,9.75,9.64,9.73,9.65,79157,2014-08-22
AHH,9.67,9.49,9.67,9.59,151977,2014-08-25
AHH,9.76,9.55,9.55,9.66,74542,2014-08-26
AHH,9.7,9.55,9.66,9.65,53392,2014-08-27
AHH,9.7,9.59,9.64,9.59,54921,2014-08-28
AHH,9.72,9.58,9.59,9.61,46778,2014-08-29
AHH,9.7,9.55,9.62,9.64,37392,2014-09-02
AHH,9.7,9.6,9.65,9.61,45034,2014-09-03
AHH,9.7,9.54,9.6,9.54,70974,2014-09-04
AHH,9.8,9.5,9.5,9.63,54584,2014-09-05
AHH,9.7,9.55,9.65,9.69,63387,2014-09-08
AHH,9.68,9.57,9.64,9.65,52268,2014-09-09
AHH,9.32,9.06,9.09,9.23,1562021,2014-09-10
AHH,9.4,9.18,9.23,9.3,454422,2014-09-11
AHH,9.33,9.182,9.3,9.21,168232,2014-09-12
AHH,9.32,9.1,9.22,9.19,183327,2014-09-15
AHH,9.38,9.16,9.25,9.32,210857,2014-09-16
AHH,9.45,9.34,9.38,9.36,154762,2014-09-17
AHH,9.45,9.306,9.36,9.43,162519,2014-09-18
AHH,9.49,9.3601,9.44,9.47,278883,2014-09-19
AHH,9.48,9.1,9.4,9.29,164153,2014-09-22
AHH,9.43,9.27,9.29,9.28,134608,2014-09-23
AHH,9.35,9.11,9.23,9.3,138019,2014-09-24
AHH,9.34,9.15,9.26,9.17,122832,2014-09-25
AHH,9.25,9.172,9.18,9.25,185472,2014-09-26
AHH,9.13,9.002,9.03,9.13,226565,2014-09-29
AHH,9.19,8.99,9.13,9.08,440595,2014-09-30
AHH,9.12,9.01,9.09,9.08,125513,2014-10-01
AHH,9.16,8.956,9.06,9,131100,2014-10-02
AHH,9.09,8.93,9.09,9.01,106011,2014-10-03
AHH,9.08,8.94,9,9,101880,2014-10-06
AHH,9.04,8.95,8.97,8.98,123602,2014-10-07
AHH,9.0799,8.94,8.96,9.04,195816,2014-10-08
AHH,9.1,8.98,9.08,9.02,119210,2014-10-09
AHH,9.15,8.95,8.98,8.98,84931,2014-10-10
AHH,9.08,8.9,8.95,8.97,157380,2014-10-13
AHH,9.1298,8.954,9,9.07,124883,2014-10-14
AHH,9.12,8.86,9.01,9.03,135149,2014-10-15
AHH,9.15,8.91,8.97,9.08,120465,2014-10-16
AHH,9.16,8.97,9.15,9.03,105704,2014-10-17
AHH,9.12,9,9.02,9.05,120507,2014-10-20
AHH,9.12,9.02,9.07,9.05,120797,2014-10-21
AHH,9.2,9.05,9.09,9.15,234220,2014-10-22
AHH,9.19,9.13,9.15,9.17,263207,2014-10-23
AHH,9.32,9.175,9.2,9.26,340677,2014-10-24
AHH,9.32,9.23,9.25,9.3,135606,2014-10-27
AHH,9.45,9.28,9.28,9.45,169524,2014-10-28
AHH,9.485,9.26,9.45,9.3,115776,2014-10-29
AHH,9.41,9.28,9.31,9.35,265135,2014-10-30
AHH,9.583,9.37,9.44,9.38,256033,2014-10-31
AHH,9.523,9.36,9.42,9.38,138433,2014-11-03
AHH,9.55,9.37,9.39,9.5,143114,2014-11-04
AHH,9.5,9.365,9.49,9.4,217880,2014-11-05
AHH,9.45,9.35,9.41,9.4,139325,2014-11-06
AHH,9.45,9.3,9.4,9.4,196677,2014-11-07
AHH,9.41,9.31,9.38,9.35,366129,2014-11-10
AHH,9.578,9.25,9.27,9.54,202223,2014-11-11
AHH,9.71,9.44,9.5,9.62,189365,2014-11-12
AHH,9.75,9.54,9.62,9.55,238945,2014-11-13
AHH,9.58,9.4,9.52,9.44,193357,2014-11-14
AHH,9.5,9.4,9.45,9.41,151579,2014-11-17
AHH,9.47,9.37,9.44,9.41,164640,2014-11-18
AHH,9.44,9.3,9.39,9.37,127386,2014-11-19
AHH,9.45,9.35,9.37,9.37,89634,2014-11-20
AHH,9.4,9.29,9.4,9.36,189616,2014-11-21
AHH,9.42,9.36,9.39,9.39,97142,2014-11-24
AHH,9.4,9.34,9.4,9.38,62762,2014-11-25
AHH,9.5,9.35,9.38,9.5,345646,2014-11-26
AHH,9.65,9.48,9.5,9.49,103885,2014-11-28
AHH,9.5299,9.38,9.49,9.4,109847,2014-12-01
AHH,9.505,9.39,9.42,9.45,156531,2014-12-02
AHH,9.49,9.38,9.47,9.39,71427,2014-12-03
AHH,9.36,9.26,9.36,9.3,97613,2014-12-04
AHH,9.42,9.28,9.28,9.35,110048,2014-12-05
AHH,9.39,9.31,9.35,9.34,86108,2014-12-08
AHH,9.41,9.27,9.27,9.39,124837,2014-12-09
AHH,9.5399,9.32,9.38,9.45,177241,2014-12-10
AHH,9.7601,9.43,9.48,9.48,579067,2014-12-11
AHH,9.73,9.45,9.46,9.57,154091,2014-12-12
AHH,9.63,9.46,9.63,9.46,116571,2014-12-15
AHH,9.62,9.34,9.48,9.35,124959,2014-12-16
AHH,9.51,9.35,9.39,9.51,119510,2014-12-17
AHH,9.56,9.36,9.51,9.54,150339,2014-12-18
AHH,9.65,9.51,9.53,9.63,184422,2014-12-19
AHH,9.68,9.56,9.6,9.64,96960,2014-12-22
AHH,9.66,9.59,9.66,9.6,89249,2014-12-23
AHH,9.67,9.512,9.59,9.62,67504,2014-12-24
AHH,9.57,9.44,9.48,9.48,49394,2014-12-26
AHH,9.56,9.42,9.47,9.47,83993,2014-12-29
AHH,9.55,9.33,9.53,9.52,91542,2014-12-30
AHH,9.54,9.4,9.5,9.49,143885,2014-12-31
AHH,9.59,9.45,9.49,9.5,88905,2015-01-02
AHH,9.7,9.44,9.5,9.67,139881,2015-01-05
AHH,9.74,9.55,9.68,9.6,113723,2015-01-06
AHH,9.73,9.6,9.63,9.72,104325,2015-01-07
AHH,9.8,9.7206,9.8,9.75,92529,2015-01-08
AHH,9.88,9.72,9.78,9.8,79862,2015-01-09
AHH,10.297,9.86,9.86,10.1,314991,2015-01-12
AHH,10.5,10.15,10.15,10.32,201048,2015-01-13
AHH,10.48,10.2,10.24,10.45,163223,2015-01-14
AHH,10.51,10.3,10.51,10.43,190827,2015-01-15
AHH,10.7,10.31,10.4,10.43,153130,2015-01-16
AHH,10.59,10.34,10.43,10.43,304244,2015-01-20
AHH,10.8,10.34,10.45,10.58,174540,2015-01-21
AHH,10.74,10.63,10.65,10.65,135372,2015-01-22
AHH,10.69,10.49,10.64,10.59,108531,2015-01-23
AHH,10.86,10.46,10.64,10.79,108644,2015-01-26
AHH,10.81,10.67,10.75,10.73,72444,2015-01-27
AHH,10.72,10.5001,10.72,10.62,193952,2015-01-28
AHH,10.83,10.49,10.61,10.8,149015,2015-01-29
AHH,10.7799,10.57,10.77,10.67,138572,2015-01-30
AHH,10.74,10.54,10.7,10.69,166349,2015-02-02
AHH,10.9,10.59,10.68,10.76,221869,2015-02-03
AHH,10.87,10.68,10.76,10.78,119802,2015-02-04
AHH,10.99,10.67,10.74,10.99,106619,2015-02-05
AHH,10.99,10.54,10.98,10.63,133346,2015-02-06
AHH,10.76,10.53,10.64,10.61,90609,2015-02-09
AHH,10.63,10.32,10.63,10.38,146972,2015-02-10
AHH,10.54,10.35,10.35,10.52,85791,2015-02-11
AHH,10.89,10.49,10.49,10.77,117946,2015-02-12
AHH,10.93,10.75,10.93,10.75,80619,2015-02-13
AHH,10.93,10.72,10.78,10.74,105397,2015-02-17
AHH,10.85,10.72,10.79,10.84,89227,2015-02-18
AHH,10.84,10.67,10.83,10.67,40145,2015-02-19
AHH,10.76,10.65,10.69,10.68,54508,2015-02-20
AHH,10.87,10.56,10.66,10.75,71036,2015-02-23
AHH,10.79,10.51,10.79,10.6,77592,2015-02-24
AHH,10.97,10.68,10.71,10.78,83908,2015-02-25
AHH,10.8,10.62,10.72,10.68,65317,2015-02-26
AHH,10.87,10.63,10.66,10.8,123634,2015-02-27
AHH,11.12,10.82,10.82,11.02,94755,2015-03-02
AHH,11.04,10.9,11,10.98,38526,2015-03-03
AHH,10.97,10.69,10.97,10.71,65410,2015-03-04
AHH,10.8,10.59,10.71,10.6,53421,2015-03-05
AHH,10.55,10.06,10.55,10.18,191377,2015-03-06
AHH,10.4,10.21,10.25,10.22,69685,2015-03-09
AHH,10.42,10.17,10.17,10.36,89194,2015-03-10
AHH,10.41,10.28,10.33,10.36,36197,2015-03-11
AHH,10.58,10.4001,10.42,10.55,48226,2015-03-12
AHH,10.57,10.35,10.57,10.48,34497,2015-03-13
AHH,10.54,10.41,10.54,10.45,64548,2015-03-16
AHH,10.66,10.5,10.5,10.62,75056,2015-03-17
AHH,10.83,10.5,10.623,10.79,46324,2015-03-18
AHH,10.99,10.7,10.74,10.94,88526,2015-03-19
AHH,10.97,10.78,10.97,10.93,156553,2015-03-20
AHH,10.92,10.85,10.92,10.87,73989,2015-03-23
AHH,10.95,10.8,10.81,10.93,57813,2015-03-24
AHH,10.99,10.72,10.95,10.73,140115,2015-03-25
AHH,10.88,10.59,10.73,10.6,78854,2015-03-26
AHH,10.76,10.57,10.67,10.75,72552,2015-03-27
AHH,10.7382,10.5,10.56,10.69,55586,2015-03-30
AHH,10.71,10.6,10.69,10.66,79367,2015-03-31
AHH,10.83,10.56,10.63,10.7,129556,2015-04-01
AHH,10.76,10.57,10.66,10.58,101692,2015-04-02
AHH,10.81,10.56,10.65,10.6,108473,2015-04-06
AHH,10.7099,10.51,10.68,10.52,76969,2015-04-07
AHH,10.7,10.5201,10.6,10.67,48018,2015-04-08
AHH,10.76,10.35,10.76,10.45,69275,2015-04-09
AHH,10.64,10.5,10.55,10.52,37249,2015-04-10
AHH,10.5404,10.35,10.52,10.37,51344,2015-04-13
AHH,10.66,10.4,10.41,10.62,46118,2015-04-14
AHH,10.63,10.38,10.63,10.48,77646,2015-04-15
AHH,10.54,10.39,10.5,10.42,75565,2015-04-16
AHH,10.5,10.31,10.37,10.34,75085,2015-04-17
AHH,10.62,10.32,10.34,10.53,54398,2015-04-20
AHH,10.6399,10.3001,10.55,10.32,59554,2015-04-21
AHH,10.47,10.28,10.3,10.46,44711,2015-04-22
AHH,10.48,10.4,10.44,10.47,43919,2015-04-23
AHH,10.58,10.42,10.52,10.51,44305,2015-04-24
AHH,10.56,10.33,10.52,10.42,63630,2015-04-27
AHH,10.6,10.43,10.47,10.59,56252,2015-04-28
AHH,10.6399,10.3,10.51,10.33,80669,2015-04-29
AHH,10.44,10.25,10.32,10.27,124612,2015-04-30
AHH,10.3899,10.25,10.29,10.34,88347,2015-05-01
AHH,10.5,10.27,10.39,10.28,87653,2015-05-04
AHH,10.34,10.14,10.29,10.14,259730,2015-05-05
AHH,10.27,10,10.15,10.24,93195,2015-05-06
AHH,10.26,10.1264,10.2,10.19,47031,2015-05-07
AHH,10.4049,10.25,10.25,10.3,60550,2015-05-08
AHH,10.52,10.3,10.31,10.31,54260,2015-05-11
AHH,10.39,10.05,10.29,10.37,264217,2015-05-12
AHH,10.43,10.31,10.41,10.37,72311,2015-05-13
AHH,10.5,10.31,10.38,10.49,82291,2015-05-14
AHH,10.56,10.4101,10.48,10.52,57638,2015-05-15
AHH,10.66,10.42,10.45,10.63,233499,2015-05-18
AHH,10.63,10.47,10.58,10.49,70086,2015-05-19
AHH,10.61,10.426,10.51,10.58,44616,2015-05-20
AHH,10.6,10.45,10.6,10.47,70152,2015-05-21
AHH,10.499,10.32,10.47,10.35,88373,2015-05-22
AHH,10.42,10.25,10.35,10.31,136091,2015-05-26
AHH,10.53,10.25,10.3,10.53,57219,2015-05-27
AHH,10.53,10.36,10.48,10.36,65326,2015-05-28
AHH,10.83,10.3,10.38,10.59,305354,2015-05-29
AHH,10.68,10.55,10.59,10.57,69506,2015-06-01
AHH,10.64,10.53,10.55,10.58,61187,2015-06-02
AHH,10.62,10.41,10.62,10.45,86096,2015-06-03
AHH,10.5,10.43,10.44,10.48,81655,2015-06-04
AHH,10.49,10.39,10.46,10.47,80204,2015-06-05
AHH,10.61,10.39,10.44,10.48,86593,2015-06-08
AHH,10.54,10.38,10.5,10.43,48399,2015-06-09
AHH,10.61,10.39,10.48,10.43,68393,2015-06-10
AHH,10.6299,10.41,10.44,10.46,68474,2015-06-11
AHH,10.48,10.38,10.47,10.41,61050,2015-06-12
AHH,10.44,10.27,10.44,10.32,99287,2015-06-15
AHH,10.58,10.22,10.28,10.54,126061,2015-06-16
AHH,10.62,10.46,10.54,10.59,102702,2015-06-17
AHH,10.73,10.59,10.59,10.68,87526,2015-06-18
AHH,10.73,10.56,10.73,10.63,207800,2015-06-19
AHH,10.7499,10.6,10.62,10.6,63269,2015-06-22
AHH,10.65,10.43,10.6,10.45,55496,2015-06-23
AHH,10.52,10.34,10.52,10.43,67355,2015-06-24
AHH,10.5,10.3144,10.48,10.37,52670,2015-06-25
AHH,10.44,10.15,10.41,10.27,324075,2015-06-26
AHH,10.28,9.99,10.12,10.16,160301,2015-06-29
AHH,10.17,9.99,10.17,9.99,64644,2015-06-30
AHH,10.15,10,10.01,10.01,126435,2015-07-01
AHH,10.1697,10.0001,10.09,10.02,32875,2015-07-02
AHH,10.19,9.96,9.96,10.17,41610,2015-07-06
AHH,10.39,10.16,10.16,10.31,51834,2015-07-07
AHH,10.37,10.25,10.25,10.31,49941,2015-07-08
AHH,10.43,10.26,10.43,10.28,58902,2015-07-09
AHH,10.45,10.34,10.35,10.38,47313,2015-07-10
AHH,10.63,10.4101,10.42,10.57,160207,2015-07-13
AHH,10.57,10.45,10.57,10.47,53096,2015-07-14
AHH,10.499,10.3,10.45,10.36,37646,2015-07-15
AHH,10.4792,10.31,10.36,10.4,57657,2015-07-16
AHH,10.48,10.3601,10.45,10.45,58943,2015-07-17
AHH,10.48,10.3,10.48,10.31,75885,2015-07-20
AHH,10.3653,10.17,10.3,10.23,56872,2015-07-21
AHH,10.31,10.21,10.21,10.28,40829,2015-07-22
AHH,10.3,10.02,10.3,10.04,69173,2015-07-23
AHH,10.13,9.9505,10.02,9.98,73575,2015-07-24
AHH,10.2,9.95,9.95,10.19,114437,2015-07-27
AHH,10.2744,10.1,10.27,10.17,70436,2015-07-28
AHH,10.22,10.15,10.17,10.17,55853,2015-07-29
AHH,10.31,10.16,10.23,10.29,48159,2015-07-30
AHH,10.3828,10.21,10.25,10.25,71139,2015-07-31
AHH,10.39,10.2501,10.29,10.34,153504,2015-08-03
AHH,10.42,10.19,10.37,10.24,90707,2015-08-04
AHH,10.36,10.21,10.29,10.31,63502,2015-08-05
AHH,10.33,9.97,10.33,10.09,303686,2015-08-06
AHH,10.17,9.7601,10.02,10.07,180943,2015-08-07
AHH,10.18,9.94,10.15,10,160188,2015-08-10
AHH,10.09,9.9042,9.95,10.02,70384,2015-08-11
AHH,10.15,9.94,10.03,10.11,181839,2015-08-12
AHH,10.25,10.08,10.14,10.13,222428,2015-08-13
AHH,10.18,10.06,10.08,10.15,76289,2015-08-14
AHH,10.25,10.08,10.15,10.17,179827,2015-08-17
AHH,10.22,10.1,10.16,10.19,58878,2015-08-18
AHH,10.16,10.07,10.12,10.1,60238,2015-08-19
AHH,10.1443,10,10.06,10.04,110767,2015-08-20
AHH,10.1,9.86,9.92,10.03,138501,2015-08-21
AHH,9.9699,9.55,9.89,9.6,177852,2015-08-24
AHH,9.89,9.5,9.89,9.51,137808,2015-08-25
AHH,9.75,9.5,9.68,9.64,196968,2015-08-26
AHH,9.77,9.54,9.74,9.63,111177,2015-08-27
AHH,9.75,9.585,9.6,9.62,81105,2015-08-28
AHH,10.01,9.58,9.6,9.98,377158,2015-08-31
AHH,9.97,9.5,9.82,9.53,127358,2015-09-01
AHH,9.7,9.52,9.64,9.57,83832,2015-09-02
AHH,9.74,9.566,9.68,9.59,94045,2015-09-03
AHH,9.68,9.5011,9.53,9.57,194561,2015-09-04
AHH,9.605,9.5,9.6,9.56,183666,2015-09-08
AHH,9.71,9.55,9.66,9.57,134715,2015-09-09
AHH,9.66,9.52,9.55,9.61,108877,2015-09-10
AHH,9.89,9.65,9.66,9.82,298154,2015-09-11
AHH,9.98,9.81,9.81,9.92,208155,2015-09-14
AHH,10,9.9,9.91,9.96,86932,2015-09-15
AHH,10,9.9197,9.95,9.94,155389,2015-09-16
AHH,10.12,9.93,9.98,10.1,186223,2015-09-17
AHH,10.13,10.01,10.01,10.1,397277,2015-09-18
AHH,10.29,10.09,10.13,10.26,155466,2015-09-21
AHH,10.35,10.16,10.24,10.2,93579,2015-09-22
AHH,10.27,10.14,10.27,10.21,125874,2015-09-23
AHH,10.21,10.06,10.2,10.1,97622,2015-09-24
AHH,10.15,9.9914,10.15,10.01,134758,2015-09-25
AHH,10.0182,9.79,10,9.85,111392,2015-09-28
AHH,9.86,9.58,9.86,9.63,106911,2015-09-29
AHH,9.8,9.59,9.72,9.77,332454,2015-09-30
AHH,9.88,9.64,9.81,9.78,162135,2015-10-01
AHH,9.78,9.62,9.77,9.75,192520,2015-10-02
AHH,10.11,9.81,9.82,10.1,218201,2015-10-05
AHH,10.07,9.95,10.07,10.02,129864,2015-10-06
AHH,10.14,9.91,10.04,10.14,130888,2015-10-07
AHH,10.1787,10.05,10.14,10.11,148267,2015-10-08
AHH,10.1699,10.02,10.14,10.1,103975,2015-10-09
AHH,10.3,10.08,10.18,10.21,146059,2015-10-12
AHH,10.272,10.04,10.15,10.06,93370,2015-10-13
AHH,10.145,9.93,10.08,10.01,90268,2015-10-14
AHH,10.06,9.93,10.06,9.95,178884,2015-10-15
AHH,10.23,9.94,9.94,10.22,149819,2015-10-16
AHH,10.62,10.15,10.17,10.59,220618,2015-10-19
AHH,11.11,10.59,10.59,10.93,282624,2015-10-20
AHH,10.97,10.57,10.96,10.6,87304,2015-10-21
AHH,10.82,10.55,10.62,10.73,90168,2015-10-22
AHH,10.802,10.51,10.78,10.59,67879,2015-10-23
AHH,10.71,10.54,10.56,10.7,64670,2015-10-26
AHH,10.9,10.65,10.7,10.8,171575,2015-10-27
AHH,11.02,10.8,10.88,11.02,128886,2015-10-28
AHH,11.08,10.97,11,10.99,88277,2015-10-29
AHH,11.07,10.68,11.07,10.74,137298,2015-10-30
AHH,10.93,10.72,10.81,10.86,125824,2015-11-02
AHH,11.05,10.59,10.82,10.69,122354,2015-11-03
AHH,10.74,10.51,10.66,10.61,147571,2015-11-04
AHH,10.7,10.51,10.59,10.7,140466,2015-11-05
AHH,10.68,10.48,10.6,10.63,177380,2015-11-06
AHH,10.6376,10.5,10.63,10.56,87472,2015-11-09
AHH,10.66,10.55,10.63,10.63,102150,2015-11-10
AHH,10.67,10.53,10.62,10.58,74463,2015-11-11
AHH,10.58,10.34,10.5,10.52,108545,2015-11-12
AHH,10.61,10.33,10.49,10.42,121478,2015-11-13
AHH,10.59,10.32,10.41,10.56,122823,2015-11-16
AHH,11.06,10.5,10.57,10.98,277098,2015-11-17
AHH,11.05,10.7,11,11.04,137048,2015-11-18
AHH,11.1,10.975,11.03,11.05,122144,2015-11-19
AHH,11.6,11.088,11.11,11.54,302270,2015-11-20
AHH,11.5001,11.22,11.48,11.37,160814,2015-11-23
AHH,11.4,11.02,11.4,11.18,69767,2015-11-24
AHH,11.3,11.1001,11.22,11.27,47990,2015-11-25
AHH,11.46,11.34,11.34,11.45,35539,2015-11-27
AHH,11.5,11.27,11.49,11.29,89192,2015-11-30
AHH,11.39,11.22,11.3,11.35,43259,2015-12-01
AHH,11.39,11.26,11.36,11.31,74046,2015-12-02
AHH,11.34,11.12,11.32,11.13,81962,2015-12-03
AHH,10.8135,10.61,10.68,10.76,1099900,2015-12-04
AHH,10.8,10.67,10.78,10.7,260551,2015-12-07
AHH,10.8,10.55,10.67,10.73,149558,2015-12-08
AHH,10.75,10.65,10.7,10.68,214277,2015-12-09
AHH,10.74,10.56,10.67,10.6,110689,2015-12-10
AHH,10.53,10.38,10.45,10.44,174245,2015-12-11
AHH,10.53,10.33,10.41,10.47,214588,2015-12-14
AHH,10.69,10.51,10.51,10.67,184215,2015-12-15
AHH,10.75,10.64,10.67,10.74,212677,2015-12-16
AHH,10.985,10.7401,10.77,10.8,262823,2015-12-17
AHH,10.89,10.55,10.8,10.63,1230041,2015-12-18
AHH,10.81,10.58,10.69,10.6,181237,2015-12-21
AHH,10.75,10.55,10.62,10.7,203026,2015-12-22
AHH,10.81,10.6,10.7,10.68,106875,2015-12-23
AHH,10.75,10.64,10.74,10.67,69849,2015-12-24
AHH,10.9,10.64,10.69,10.89,183767,2015-12-28
AHH,10.9,10.63,10.63,10.79,161579,2015-12-29
AHH,10.79,10.62,10.71,10.65,115518,2015-12-30
AHH,10.65,10.4701,10.65,10.48,128905,2015-12-31
AHH,10.44,10.24,10.37,10.39,208483,2016-01-04
AHH,10.7325,10.39,10.43,10.67,153294,2016-01-05
AHH,10.73,10.5,10.57,10.64,153906,2016-01-06
AHH,10.63,10.393,10.57,10.52,271249,2016-01-07
AHH,10.745,10.46,10.56,10.47,304666,2016-01-08
AHH,10.73,10.49,10.57,10.6,154204,2016-01-11
AHH,10.69,10.26,10.69,10.41,271169,2016-01-12
AHH,10.53,10.13,10.42,10.36,355629,2016-01-13
AHH,10.48,10.31,10.35,10.44,371343,2016-01-14
AHH,10.41,10.07,10.23,10.38,405094,2016-01-15
AHH,10.49,10.19,10.39,10.32,236764,2016-01-19
AHH,10.28,9.76,10.23,10.09,464344,2016-01-20
AHH,10.34,10.01,10.06,10.2,206253,2016-01-21
AHH,10.55,10.28,10.29,10.52,256535,2016-01-22
AHH,10.57,10.35,10.46,10.5,126542,2016-01-25
AHH,10.69,10.45,10.55,10.54,209724,2016-01-26
AHH,10.54,10.33,10.54,10.42,121296,2016-01-27
AHH,10.66,10.41,10.49,10.48,144715,2016-01-28
AHH,10.77,10.51,10.51,10.77,239637,2016-01-29
AHH,10.84,10.68,10.71,10.81,127595,2016-02-01
AHH,10.82,10.61,10.76,10.67,100259,2016-02-02
AHH,10.82,10.53,10.68,10.61,165821,2016-02-03
AHH,10.67,10.49,10.59,10.62,105783,2016-02-04
AHH,10.65,10.4299,10.6,10.56,217468,2016-02-05
AHH,10.5,10.225,10.49,10.37,233972,2016-02-08
AHH,10.39,10.06,10.36,10.11,213610,2016-02-09
AHH,10.3298,9.87,10.13,9.88,206378,2016-02-10
AHH,10.35,9.78,10,10.31,388018,2016-02-11
AHH,10.6,10.36,10.4,10.55,235467,2016-02-12
AHH,10.79,10.57,10.65,10.76,166866,2016-02-16
AHH,10.98,10.755,10.87,10.9,251014,2016-02-17
AHH,10.99,10.6601,10.88,10.88,160771,2016-02-18
AHH,11.02,10.795,10.88,10.92,180180,2016-02-19
AHH,11,10.62,10.96,10.91,367539,2016-02-22
AHH,10.96,10.77,10.87,10.81,119212,2016-02-23
AHH,10.79,10.56,10.67,10.78,91069,2016-02-24
AHH,10.95,10.773,10.8,10.87,173914,2016-02-25
AHH,11.0334,10.67,10.82,10.69,117203,2016-02-26
AHH,10.85,10.57,10.68,10.63,193862,2016-02-29
AHH,10.75,10.5701,10.67,10.71,108636,2016-03-01
AHH,10.835,10.71,10.74,10.8,218339,2016-03-02
AHH,10.92,10.79,10.85,10.84,120385,2016-03-03
AHH,10.92,10.73,10.84,10.82,96937,2016-03-04
AHH,10.91,10.7,10.78,10.78,134668,2016-03-07
AHH,10.86,10.57,10.72,10.75,200295,2016-03-08
AHH,10.89,10.69,10.75,10.77,108661,2016-03-09
AHH,10.88,10.56,10.77,10.7,225964,2016-03-10
AHH,10.85,10.5,10.72,10.79,166457,2016-03-11
AHH,10.8,10.6,10.78,10.71,126027,2016-03-14
AHH,10.69,10.6,10.65,10.67,75578,2016-03-15
AHH,10.75,10.57,10.68,10.75,186329,2016-03-16
AHH,10.9,10.535,10.69,10.85,169078,2016-03-17
AHH,10.91,10.75,10.9,10.79,246178,2016-03-18
AHH,10.85,10.73,10.83,10.82,373361,2016-03-21
AHH,10.89,10.65,10.78,10.86,805567,2016-03-22
AHH,10.92,10.76,10.85,10.86,140601,2016-03-23
AHH,11.26,10.79,10.86,11.16,333153,2016-03-24
AHH,11.16,10.98,11.02,11.08,222091,2016-03-28
AHH,11.49,11.02,11.02,11.49,302128,2016-03-29
AHH,11.5,11.32,11.5,11.35,257485,2016-03-30
AHH,11.38,11.17,11.31,11.25,171214,2016-03-31
AHH,11.35,11.15,11.16,11.24,167891,2016-04-01
AHH,11.41,11.27,11.29,11.37,151625,2016-04-04
AHH,11.38,11.21,11.31,11.31,216771,2016-04-05
AHH,11.4,11.23,11.33,11.36,143527,2016-04-06
AHH,11.4,11.15,11.38,11.21,115900,2016-04-07
AHH,11.43,11.21,11.3,11.3,179968,2016-04-08
AHH,11.53,11.32,11.38,11.42,283131,2016-04-11
AHH,11.51,11.43,11.47,11.45,176974,2016-04-12
AHH,11.49,11.31,11.46,11.46,177486,2016-04-13
AHH,11.47,11.34,11.45,11.37,97962,2016-04-14
AHH,11.59,11.38,11.38,11.49,177414,2016-04-15
AHH,11.5799,11.4,11.5,11.47,110112,2016-04-18
AHH,11.53,11.33,11.46,11.43,110593,2016-04-19
AHH,11.45,11.31,11.43,11.32,128324,2016-04-20
AHH,11.38,11.22,11.31,11.3,199111,2016-04-21
AHH,11.54,11.28,11.28,11.5,188871,2016-04-22
AHH,11.69,11.5027,11.51,11.68,209805,2016-04-25
AHH,11.83,11.69,11.7,11.72,139552,2016-04-26
AHH,11.8,11.59,11.8,11.76,139721,2016-04-27
AHH,11.88,11.68,11.82,11.76,158054,2016-04-28
AHH,11.76,11.5799,11.75,11.7,141967,2016-04-29
AHH,11.95,11.7,11.7,11.88,134051,2016-05-02
AHH,12.03,11.846,11.95,11.9,275820,2016-05-03
AHH,11.98,11.62,11.87,11.75,295083,2016-05-04
AHH,11.98,11.75,11.85,11.9,247684,2016-05-05
AHH,11.87,11.76,11.86,11.82,114054,2016-05-06
AHH,12.239,11.874,11.9,12.18,309481,2016-05-09
AHH,12.3,12.075,12.28,12.3,190782,2016-05-10
AHH,12.3,12.02,12.3,12.09,124345,2016-05-11
AHH,12.13,11.97,12.09,12.07,201047,2016-05-12
AHH,12.1125,11.88,12.09,12.07,240281,2016-05-13
AHH,12.44,12.1,12.16,12.29,438930,2016-05-16
AHH,12.35,11.76,12.3,11.92,222899,2016-05-17
AHH,12.01,11.76,11.95,11.88,128045,2016-05-18
AHH,11.85,11.68,11.85,11.79,161695,2016-05-19
AHH,12,11.59,11.78,11.81,317537,2016-05-20
AHH,11.88,11.72,11.82,11.79,187880,2016-05-23
AHH,12.18,11.8019,11.88,12.15,218533,2016-05-24
AHH,12.3,12.09,12.19,12.15,207505,2016-05-25
AHH,12.26,12.03,12.09,12.2,145127,2016-05-26
AHH,12.2968,12.16,12.23,12.22,166594,2016-05-27
AHH,12.3,12.1,12.3,12.1,350493,2016-05-31
AHH,12.19,11.97,12.1,12.15,379686,2016-06-01
AHH,12.23,12.03,12.15,12.23,161795,2016-06-02
AHH,12.58,12.24,12.24,12.55,265622,2016-06-03
AHH,12.66,12.42,12.56,12.43,199610,2016-06-06
AHH,12.78,12.46,12.48,12.68,221665,2016-06-07
AHH,12.87,12.58,12.64,12.84,360625,2016-06-08
AHH,13.23,12.78,12.8,13.09,603662,2016-06-09
AHH,13.18,12.97,13.09,13.1,249171,2016-06-10
AHH,13.22,12.96,13.15,13.04,314502,2016-06-13
AHH,13.01,12.87,13.01,12.96,170624,2016-06-14
AHH,13.0831,12.85,12.97,12.92,219218,2016-06-15
AHH,12.96,12.82,12.86,12.94,179174,2016-06-16
AHH,12.99,12.71,12.97,12.96,575203,2016-06-17
AHH,13.22,12.89,13.06,12.9,453290,2016-06-20
AHH,13.06,12.87,13.06,12.91,268347,2016-06-21
AHH,13.01,12.83,12.96,12.97,277377,2016-06-22
AHH,13.1499,12.94,13.06,13,384065,2016-06-23
AHH,13.48,12.85,12.87,13.33,1767341,2016-06-24
AHH,13.43,12.915,13.43,13.2,850654,2016-06-27
AHH,13.43,13.13,13.2,13.39,876164,2016-06-28
AHH,13.66,13.45,13.59,13.54,616873,2016-06-29
AHH,13.84,13.43,13.54,13.74,471784,2016-06-30
AHH,13.87,13.61,13.82,13.71,363304,2016-07-01
AHH,13.85,13.66,13.7,13.78,280148,2016-07-05
AHH,13.87,13.66,13.8,13.78,340059,2016-07-06
AHH,13.84,13.57,13.81,13.67,368551,2016-07-07
AHH,13.97,13.71,13.75,13.97,337735,2016-07-08
AHH,14.3199,13.84,14,14.3,410642,2016-07-11
AHH,14.33,14.14,14.3,14.14,314636,2016-07-12
AHH,14.38,14.14,14.19,14.27,396165,2016-07-13
AHH,14.33,14.16,14.33,14.2,276309,2016-07-14
AHH,14.42,14.22,14.3,14.36,321016,2016-07-15
AHH,14.495,14.37,14.41,14.45,322244,2016-07-18
AHH,14.68,14.42,14.49,14.68,555338,2016-07-19
AHH,14.87,14.64,14.75,14.81,479384,2016-07-20
AHH,14.938,14.76,14.9,14.92,429175,2016-07-21
AHH,15.07,14.86,14.92,15.03,500072,2016-07-22
AHH,15.18,14.86,15.05,15.15,655152,2016-07-25
AHH,15.2492,14.9517,15.22,14.99,435185,2016-07-26
AHH,14.9787,14.54,14.95,14.8,398614,2016-07-27
AHH,14.959,14.7,14.72,14.9,279225,2016-07-28
AHH,15.09,14.8,14.81,14.97,563522,2016-07-29
AHH,15.04,14.85,15,15,324032,2016-08-01
AHH,15.5,14.28,15.48,14.41,950957,2016-08-02
AHH,14.5,13.97,14.5,14.03,773263,2016-08-03
AHH,14.22,13.92,14.07,14,550250,2016-08-04
AHH,14.02,13.86,14,13.94,475034,2016-08-05
AHH,13.94,13.85,13.9,13.87,478816,2016-08-08
AHH,14.18,13.87,13.91,14.15,312837,2016-08-09
AHH,14.15,13.95,14.15,14.03,433262,2016-08-10
AHH,14.13,13.96,13.96,14.06,303849,2016-08-11
AHH,14.17,13.97,14.03,14.01,214114,2016-08-12
AHH,14.15,13.97,14.03,14.02,260907,2016-08-15
AHH,14.049,13.67,14.02,13.94,999930,2016-08-16
AHH,13.92,13.74,13.88,13.89,328557,2016-08-17
AHH,13.93,13.72,13.78,13.8,242952,2016-08-18
AHH,13.84,13.37,13.81,13.58,452615,2016-08-19
AHH,13.745,13.48,13.53,13.73,316346,2016-08-22
AHH,13.91,13.73,13.75,13.78,225666,2016-08-23
AHH,13.8,13.63,13.78,13.75,299733,2016-08-24
AHH,13.94,13.72,13.76,13.92,151538,2016-08-25
AHH,14,13.66,13.92,13.79,220157,2016-08-26
AHH,13.93,13.77,13.77,13.85,161176,2016-08-29
AHH,13.85,13.655,13.82,13.82,145073,2016-08-30
AHH,13.94,13.63,13.94,13.78,487218,2016-08-31
AHH,13.8501,13.74,13.81,13.84,267720,2016-09-01
AHH,14.22,13.82,13.83,14.21,231687,2016-09-02
AHH,14.28,14.04,14.21,14.25,398535,2016-09-06
AHH,14.49,14.14,14.25,14.46,312915,2016-09-07
AHH,14.45,14.2,14.45,14.31,264319,2016-09-08
AHH,14.21,13.554,14.16,13.61,402247,2016-09-09
AHH,13.88,13.56,13.56,13.87,276521,2016-09-12
AHH,13.78,13.1,13.78,13.13,570805,2016-09-13
AHH,13.14,12.67,12.88,13.01,603365,2016-09-14
AHH,13.137,12.89,12.99,13,228302,2016-09-15
AHH,13.17,12.85,12.93,13.12,667672,2016-09-16
AHH,13.23,13.07,13.1,13.13,237027,2016-09-19
AHH,13.35,12.97,13.23,12.97,213420,2016-09-20
AHH,13.29,12.96,13.05,13.28,236366,2016-09-21
AHH,13.74,13.36,13.38,13.74,311877,2016-09-22
AHH,13.81,13.53,13.66,13.71,258368,2016-09-23
AHH,13.645,13.45,13.5,13.48,192866,2016-09-26
AHH,13.61,13.38,13.47,13.42,243432,2016-09-27
AHH,13.7,13.39,13.39,13.68,349467,2016-09-28
AHH,13.7725,13.54,13.7,13.65,417062,2016-09-29
AHH,13.72,13.33,13.68,13.4,408466,2016-09-30
AHH,13.34,13.025,13.34,13.04,228395,2016-10-03
AHH,13.0418,12.73,13.04,12.8,203111,2016-10-04
AHH,12.86,12.67,12.76,12.67,257774,2016-10-05
AHH,12.81,12.52,12.65,12.79,205139,2016-10-06
AHH,13.0599,12.75,12.91,12.76,172899,2016-10-07
AHH,12.935,12.75,12.76,12.84,134085,2016-10-10
AHH,12.855,12.54,12.83,12.64,246285,2016-10-11
AHH,12.97,12.61,12.61,12.92,184949,2016-10-12
AHH,13.2971,12.91,12.91,13.1,214008,2016-10-13
AHH,13.62,13.13,13.3,13.54,374930,2016-10-14
AHH,13.69,13.21,13.52,13.6,280404,2016-10-17
AHH,13.83,13.6,13.67,13.7,176937,2016-10-18
AHH,13.8,13.613,13.67,13.72,136931,2016-10-19
AHH,13.74,13.3,13.63,13.61,255344,2016-10-20
AHH,13.99,13.48,13.48,13.84,207358,2016-10-21
AHH,14.02,13.75,13.9,13.83,217073,2016-10-24
AHH,13.94,13.73,13.8,13.75,186388,2016-10-25
AHH,13.8184,13.53,13.73,13.53,143604,2016-10-26
AHH,13.57,13.24,13.48,13.25,127432,2016-10-27
AHH,13.45,13.23,13.24,13.29,182844,2016-10-28
AHH,13.5,13.29,13.31,13.43,214021,2016-10-31
AHH,13.59,13.28,13.58,13.33,236694,2016-11-01
AHH,13.35,13.16,13.21,13.18,255178,2016-11-02
AHH,13.33,13.091,13.18,13.1,287390,2016-11-03
AHH,13.34,13.0301,13.1,13.13,441052,2016-11-04
AHH,13.51,13.26,13.29,13.43,221590,2016-11-07
AHH,13.59,13.42,13.42,13.48,207544,2016-11-08
AHH,13.6,13.1347,13.25,13.53,312881,2016-11-09
AHH,13.6,13.08,13.52,13.51,589058,2016-11-10
AHH,13.97,13.48,13.5,13.85,686328,2016-11-11
AHH,14.15,13.76,13.93,14.1,405212,2016-11-14
AHH,14.46,13.95,14.18,13.96,656463,2016-11-15
AHH,14.24,13.91,13.91,14.21,332652,2016-11-16
AHH,14.45,14.09,14.25,14.15,307167,2016-11-17
AHH,14.48,14.16,14.18,14.47,222672,2016-11-18
AHH,14.74,14.09,14.5,14.33,371828,2016-11-21
AHH,14.77,14.32,14.42,14.76,312648,2016-11-22
AHH,14.73,14.46,14.69,14.57,249949,2016-11-23
AHH,14.91,14.55,14.55,14.91,145813,2016-11-25
AHH,14.98,14.58,14.92,14.7,519600,2016-11-28
AHH,14.97,14.45,14.65,14.56,630111,2016-11-29
AHH,14.61,13.87,14.53,14.05,3245192,2016-11-30
AHH,14.0936,13.86,13.97,14.06,473418,2016-12-01
AHH,14.38,14.04,14.05,14.28,429727,2016-12-02
AHH,14.46,14.22,14.3,14.41,271318,2016-12-05
AHH,14.56,14.34,14.52,14.47,264179,2016-12-06
AHH,14.92,14.46,14.54,14.66,428911,2016-12-07
AHH,14.8,14.45,14.66,14.67,325773,2016-12-08
AHH,14.81,14.63,14.71,14.75,307182,2016-12-09
AHH,14.79,14.56,14.77,14.56,334698,2016-12-12
AHH,14.78,14.34,14.66,14.47,304185,2016-12-13
AHH,14.35,13.96,14.12,14.03,455889,2016-12-14
AHH,14.22,13.98,13.99,14.14,394436,2016-12-15
AHH,14.38,14.1,14.14,14.26,1255665,2016-12-16
AHH,14.59,14.3625,14.38,14.59,276260,2016-12-19
AHH,14.8383,14.37,14.54,14.47,333739,2016-12-20
AHH,14.6799,14.26,14.5,14.34,357612,2016-12-21
AHH,14.41,14.2,14.28,14.32,207647,2016-12-22
AHH,14.2735,14.14,14.14,14.25,132534,2016-12-23
AHH,14.34,14.0701,14.16,14.27,124277,2016-12-27
AHH,14.3,14.045,14.21,14.11,172524,2016-12-28
AHH,14.39,14.14,14.14,14.37,157032,2016-12-29
AHH,14.59,14.1713,14.35,14.57,196870,2016-12-30
AHH,14.705,14.4624,14.58,14.7,225343,2017-01-03
AHH,14.87,14.675,14.71,14.87,283105,2017-01-04
AHH,14.96,14.687,14.79,14.74,283539,2017-01-05
AHH,14.8,14.54,14.73,14.67,260396,2017-01-06
AHH,14.7499,14.39,14.7,14.4,221894,2017-01-09
AHH,14.5,14.25,14.35,14.3,170935,2017-01-10
AHH,14.48,14.26,14.3,14.34,107098,2017-01-11
AHH,14.42,14.06,14.39,14.3,186671,2017-01-12
AHH,14.45,14.26,14.26,14.35,111577,2017-01-13
AHH,14.47,14.33,14.33,14.37,145208,2017-01-17
AHH,14.48,14.32,14.36,14.37,118037,2017-01-18
AHH,14.44,14.31,14.36,14.36,246906,2017-01-19
AHH,14.47,14.3,14.34,14.33,107643,2017-01-20
AHH,14.49,14.28,14.28,14.36,100187,2017-01-23
AHH,14.49,14.325,14.4,14.41,112178,2017-01-24
AHH,14.49,14.32,14.46,14.4,82498,2017-01-25
AHH,14.42,14.25,14.37,14.26,137426,2017-01-26
AHH,14.34,13.99,14.3,14.05,115611,2017-01-27
AHH,14,13.52,13.95,13.59,251029,2017-01-30
AHH,13.92,13.51,13.6,13.78,184236,2017-01-31
AHH,14.01,13.51,13.76,13.53,184467,2017-02-01
AHH,13.95,13.59,13.59,13.74,172929,2017-02-02
AHH,13.93,13.65,13.86,13.77,380320,2017-02-03
AHH,13.95,13.75,13.8,13.76,107412,2017-02-06
AHH,13.91,13.57,13.79,13.62,104781,2017-02-07
AHH,13.67,13.5,13.58,13.56,116028,2017-02-08
AHH,13.89,12.92,13.41,13.44,291528,2017-02-09
AHH,13.75,13.32,13.4,13.72,135987,2017-02-10
AHH,13.88,13.681,13.73,13.84,168181,2017-02-13
AHH,13.91,13.71,13.83,13.8,133903,2017-02-14
AHH,14.11,13.66,13.77,13.7,367802,2017-02-15
AHH,13.835,13.66,13.66,13.8,299168,2017-02-16
AHH,13.9,13.74,13.83,13.8,485212,2017-02-17
AHH,13.97,13.69,13.81,13.92,232593,2017-02-21
AHH,14,13.75,13.89,13.92,246059,2017-02-22
AHH,14.08,13.8,13.93,14.05,197030,2017-02-23
AHH,14.12,13.91,14.03,14.09,165524,2017-02-24
AHH,14.185,14.02,14.03,14.14,280113,2017-02-27
AHH,14.15,13.83,14.07,13.95,769511,2017-02-28
AHH,14.21,13.94,13.95,14.06,331169,2017-03-01
AHH,14.08,13.9,14.06,14,171724,2017-03-02
AHH,14.05,13.75,13.97,13.99,208601,2017-03-03
AHH,14.03,13.85,13.92,13.99,146557,2017-03-06
AHH,14.09,13.86,13.95,13.92,203141,2017-03-07
AHH,13.92,13.37,13.82,13.41,405819,2017-03-08
AHH,13.52,13.14,13.38,13.14,222208,2017-03-09
AHH,13.2777,13.01,13.22,13.26,265228,2017-03-10
AHH,13.4,13.24,13.27,13.31,187573,2017-03-13
AHH,13.4,13.16,13.4,13.32,221413,2017-03-14
AHH,13.67,13.36,13.36,13.63,152622,2017-03-15
AHH,13.82,13.57,13.57,13.74,222575,2017-03-16
AHH,13.98,13.68,13.74,13.96,477265,2017-03-17
AHH,13.97,13.55,13.9,13.75,267811,2017-03-20
AHH,13.82,13.62,13.7,13.63,422079,2017-03-21
AHH,13.71,13.2939,13.63,13.64,290895,2017-03-22
AHH,13.89,13.52,13.61,13.82,220770,2017-03-23
AHH,13.87,13.7,13.85,13.71,130524,2017-03-24
AHH,13.65,13.3,13.51,13.45,250464,2017-03-27
AHH,13.54,13.32,13.42,13.51,149157,2017-03-28
AHH,13.63,13.43,13.5,13.6,125153,2017-03-29
AHH,13.75,13.545,13.61,13.69,272486,2017-03-30
AHH,13.94,13.66,13.69,13.89,307268,2017-03-31
AHH,13.91,13.73,13.91,13.76,135348,2017-04-03
AHH,13.86,13.7,13.75,13.77,132255,2017-04-04
AHH,13.88,13.66,13.78,13.84,180516,2017-04-05
AHH,14,13.75,13.87,14,162444,2017-04-06
AHH,14.0203,13.9,14.02,13.94,81161,2017-04-07
AHH,14.0399,13.87,13.92,14,117821,2017-04-10
AHH,14.39,13.96,14,14.37,178859,2017-04-11
AHH,14.44,14.26,14.44,14.38,189118,2017-04-12
AHH,14.43,14.2275,14.4,14.29,189936,2017-04-13
AHH,14.43,14.24,14.31,14.34,193874,2017-04-17
AHH,14.7,14.25,14.32,14.63,300733,2017-04-18
AHH,14.675,14.5,14.62,14.55,170683,2017-04-19
AHH,14.68,14.45,14.52,14.64,158040,2017-04-20
AHH,14.77,14.55,14.68,14.59,241024,2017-04-21
AHH,14.66,14.4,14.62,14.49,175935,2017-04-24
AHH,14.66,14.48,14.5,14.53,172445,2017-04-25
AHH,14.66,14.44,14.55,14.56,246371,2017-04-26
AHH,14.64,14.46,14.59,14.47,160751,2017-04-27
AHH,14.46,14.17,14.46,14.26,132732,2017-04-28
AHH,14.4,14.18,14.28,14.35,179348,2017-05-01
AHH,14.53,14.05,14.22,14.07,251559,2017-05-02
AHH,14.1499,13.67,14.05,13.78,331246,2017-05-03
AHH,14.035,13.67,13.76,13.95,248995,2017-05-04
AHH,14.2,13.92,13.97,14.1,271893,2017-05-05
AHH,14.14,13.65,14.07,13.78,277966,2017-05-08
AHH,13.25,12.921,13.15,13.05,2946169,2017-05-09
AHH,13.4,12.98,13.08,13.25,1550651,2017-05-10
AHH,13.3,12.95,13.25,13.05,1033990,2017-05-11
AHH,13.15,12.815,12.99,12.85,479848,2017-05-12
AHH,12.995,12.81,12.85,12.98,685699,2017-05-15
AHH,13.09,12.72,13,12.77,579272,2017-05-16
AHH,12.91,12.655,12.74,12.86,547027,2017-05-17
AHH,12.96,12.77,12.91,12.95,468339,2017-05-18
AHH,13.12,12.87,12.95,12.96,636069,2017-05-19
AHH,13.12,12.945,12.98,13.09,541579,2017-05-22
AHH,13.29,13.07,13.14,13.12,390895,2017-05-23
AHH,13.27,13.09,13.15,13.16,194425,2017-05-24
AHH,13.27,13.11,13.24,13.17,240468,2017-05-25
AHH,13.19,12.99,13.19,13.08,203637,2017-05-26
AHH,13.14,13.01,13.08,13.1,374593,2017-05-30
AHH,13.21,13.01,13.09,13.21,424299,2017-05-31
AHH,13.53,13.13,13.2,13.47,442743,2017-06-01
AHH,13.7,13.36,13.55,13.52,331981,2017-06-02
AHH,13.68,13.4001,13.48,13.49,550909,2017-06-05
AHH,13.48,13.32,13.48,13.33,185208,2017-06-06
AHH,13.46,13.3,13.35,13.44,211564,2017-06-07
AHH,13.44,13.19,13.44,13.38,344735,2017-06-08
AHH,13.56,13.28,13.34,13.46,352305,2017-06-09
AHH,13.675,13.44,13.44,13.59,317843,2017-06-12
AHH,14.3,13.91,14.15,14.23,1415925,2017-06-13
AHH,14.48,14.08,14.23,14.48,863666,2017-06-14
AHH,14.52,14.25,14.29,14.26,791557,2017-06-15
AHH,14.33,13.75,14.14,14.33,7325575,2017-06-16
AHH,14.39,13.79,14.26,13.83,1038968,2017-06-19
AHH,13.82,13.53,13.79,13.69,736826,2017-06-20
AHH,13.785,13.57,13.7,13.77,540015,2017-06-21
AHH,13.84,13.54,13.76,13.7,659656,2017-06-22
AHH,13.69,13.3,13.55,13.43,2421494,2017-06-23
AHH,13.31,13.065,13.23,13.17,805987,2017-06-26
AHH,13.76,13.27,13.33,13.28,783140,2017-06-27
AHH,13.3,12.98,13.26,13.07,629217,2017-06-28
AHH,13.09,12.8502,12.97,12.94,533061,2017-06-29
AHH,12.99,12.8,12.98,12.95,569010,2017-06-30
AHH,13.05,12.82,12.95,13.04,395986,2017-07-03
AHH,13.09,12.815,13.05,12.88,567787,2017-07-05
AHH,12.919,12.695,12.83,12.76,591883,2017-07-06
AHH,12.85,12.67,12.75,12.79,391428,2017-07-07
AHH,12.95,12.69,12.79,12.73,492152,2017-07-10
AHH,12.89,12.69,12.71,12.84,509662,2017-07-11
AHH,13.2,12.96,12.98,13.03,385017,2017-07-12
AHH,13.01,12.85,13.01,12.94,311368,2017-07-13
AHH,13.1228,12.95,12.97,13.09,307877,2017-07-14
AHH,13.2,13.0097,13.08,13.17,288032,2017-07-17
AHH,13.315,13.09,13.19,13.21,387972,2017-07-18
AHH,13.3,13.15,13.24,13.21,298957,2017-07-19
AHH,13.43,13.24,13.25,13.39,431230,2017-07-20
AHH,13.44,13.15,13.44,13.17,202132,2017-07-21
AHH,13.35,13.1,13.17,13.16,219816,2017-07-24
AHH,13.29,13.15,13.2,13.18,274932,2017-07-25
AHH,13.35,13.15,13.18,13.3,288874,2017-07-26
AHH,13.43,13.16,13.29,13.39,247835,2017-07-27
AHH,13.42,13.23,13.35,13.37,291376,2017-07-28
AHH,13.39,13.22,13.39,13.26,468804,2017-07-31
AHH,13.51,13.2,13.2,13.42,269133,2017-08-01
AHH,13.4,13.14,13.39,13.2,228429,2017-08-02
AHH,13.485,13.11,13.21,13.46,408260,2017-08-03
AHH,13.55,13.43,13.43,13.51,284534,2017-08-04
AHH,13.51,13.38,13.5,13.42,138460,2017-08-07
AHH,13.45,13.28,13.39,13.34,195573,2017-08-08
AHH,13.35,13.18,13.33,13.32,210125,2017-08-09
AHH,13.37,13.16,13.28,13.18,223953,2017-08-10
AHH,13.11,12.95,13,13,275020,2017-08-11
AHH,13.48,12.97,13.03,13.43,418078,2017-08-14
AHH,13.38,13.16,13.38,13.17,225191,2017-08-15
AHH,13.315,13.13,13.16,13.17,326048,2017-08-16
AHH,13.39,13.15,13.15,13.19,299701,2017-08-17
AHH,13.14,12.97,13.1,13.04,1097692,2017-08-18
AHH,13.24,13,13.04,13.24,158847,2017-08-21
AHH,13.29,13.16,13.25,13.26,176569,2017-08-22
AHH,13.42,13.23,13.24,13.39,151375,2017-08-23
AHH,13.5,13.31,13.4,13.32,300214,2017-08-24
AHH,13.465,13.22,13.39,13.4,335130,2017-08-25
AHH,13.47,13.2,13.4,13.22,275251,2017-08-28
AHH,13.33,13.19,13.25,13.25,213645,2017-08-29
AHH,13.38,13.1624,13.21,13.36,316218,2017-08-30
AHH,13.57,13.365,13.38,13.37,339415,2017-08-31
AHH,13.53,13.32,13.41,13.51,207574,2017-09-01
AHH,13.58,13.205,13.49,13.27,272462,2017-09-05
AHH,13.64,13.37,13.43,13.61,454890,2017-09-06
AHH,13.64,13.5135,13.62,13.57,233629,2017-09-07
AHH,13.64,13.4472,13.51,13.56,217472,2017-09-08
AHH,13.64,13.5599,13.6,13.61,154732,2017-09-11
AHH,13.62,13.39,13.6,13.46,191027,2017-09-12
AHH,13.57,13.45,13.45,13.56,163489,2017-09-13
AHH,13.62,13.46,13.54,13.6,210153,2017-09-14
AHH,13.63,13.431,13.63,13.61,437068,2017-09-15
AHH,13.63,13.52,13.62,13.56,202918,2017-09-18
AHH,13.6,13.48,13.55,13.59,242472,2017-09-19
AHH,13.65,13.51,13.61,13.65,332541,2017-09-20
AHH,13.65,13.565,13.65,13.61,329746,2017-09-21
AHH,13.64,13.59,13.63,13.61,239327,2017-09-22
AHH,14.05,13.59,13.63,13.91,773557,2017-09-25
AHH,13.91,13.72,13.75,13.89,208188,2017-09-26
AHH,13.9,13.63,13.89,13.86,304495,2017-09-27
AHH,13.86,13.651,13.81,13.8,165275,2017-09-28
AHH,13.89,13.7447,13.85,13.81,229265,2017-09-29
AHH,14.06,13.81,13.86,14,295479,2017-10-02
AHH,14.041,13.925,14.01,13.95,226742,2017-10-03
AHH,14.04,13.92,13.98,13.95,382205,2017-10-04
AHH,14.02,13.95,14,13.98,234100,2017-10-05
AHH,13.96,13.82,13.96,13.93,262567,2017-10-06
AHH,14.05,13.89,13.95,13.93,192333,2017-10-09
AHH,14.075,13.93,13.96,14,129864,2017-10-10
AHH,14.17,14.03,14.03,14.14,216781,2017-10-11
AHH,14.24,14.06,14.09,14.21,147365,2017-10-12
AHH,14.25,14.15,14.21,14.22,181363,2017-10-13
AHH,14.27,14.15,14.21,14.2,171674,2017-10-16
AHH,14.25,14.11,14.11,14.17,77455,2017-10-17
AHH,14.28,14.12,14.15,14.23,137173,2017-10-18
AHH,14.23,14.07,14.1,14.19,256258,2017-10-19
AHH,14.24,14.15,14.24,14.17,486604,2017-10-20
AHH,14.21,14.12,14.19,14.19,140510,2017-10-23
AHH,14.23,14.07,14.18,14.15,196511,2017-10-24
AHH,14.14,13.91,14.11,14,248934,2017-10-25
AHH,14.08,13.89,14.04,13.92,214536,2017-10-26
AHH,14.14,13.84,13.96,14.09,269711,2017-10-27
AHH,14.175,14,14.05,14.12,365802,2017-10-30
AHH,14.37,14.09,14.3,14.27,759929,2017-10-31
AHH,14.35,14.17,14.3,14.27,275676,2017-11-01
AHH,14.52,14.23,14.27,14.52,322737,2017-11-02
AHH,14.52,14.31,14.52,14.46,248989,2017-11-03
AHH,14.75,14.48,14.54,14.65,440618,2017-11-06
AHH,14.94,14.65,14.65,14.83,356483,2017-11-07
AHH,14.93,14.72,14.8,14.9,319068,2017-11-08
AHH,15.001,14.82,14.83,14.91,360766,2017-11-09
AHH,15.16,14.93,15.03,14.97,305981,2017-11-10
AHH,15.23,14.95,15.02,15.08,490337,2017-11-13
AHH,15.13,14.97,15.03,15.06,291989,2017-11-14
AHH,15.04,14.87,15.04,14.89,263927,2017-11-15
AHH,15.1,14.85,14.87,15.04,264266,2017-11-16
AHH,15.13,14.88,15,15.05,352373,2017-11-17
AHH,15.1,14.97,15.05,15.06,238934,2017-11-20
AHH,15.34,15.0793,15.09,15.25,316666,2017-11-21
AHH,15.325,15.21,15.21,15.27,173449,2017-11-22
AHH,15.36,15.25,15.32,15.32,135315,2017-11-24
AHH,15.4,15.215,15.33,15.23,309186,2017-11-27
AHH,15.405,15.275,15.31,15.38,264481,2017-11-28
AHH,15.59,15.375,15.38,15.56,317239,2017-11-29
AHH,15.62,15.42,15.6,15.45,583642,2017-11-30
AHH,15.48,15.1,15.48,15.38,391895,2017-12-01
AHH,15.72,15.44,15.47,15.44,372147,2017-12-04
AHH,15.47,15.17,15.4,15.23,382427,2017-12-05
AHH,15.46,15.27,15.27,15.3,374677,2017-12-06
AHH,15.49,15.24,15.24,15.43,883868,2017-12-07
AHH,15.56,15.4,15.49,15.51,310322,2017-12-08
AHH,15.69,15.4619,15.49,15.6,279123,2017-12-11
AHH,15.75,15.4715,15.65,15.59,326618,2017-12-12
AHH,15.67,15.55,15.58,15.62,331532,2017-12-13
AHH,15.67,15.48,15.66,15.58,318682,2017-12-14
AHH,15.72,15.55,15.57,15.7,687943,2017-12-15
AHH,16.005,15.76,15.76,15.85,338404,2017-12-18
AHH,15.91,15.4,15.84,15.47,548282,2017-12-19
AHH,15.63,15.44,15.45,15.49,361434,2017-12-20
AHH,15.585,15.45,15.51,15.53,258612,2017-12-21
AHH,15.6,15.47,15.6,15.49,326024,2017-12-22
AHH,15.48,15.31,15.31,15.45,226689,2017-12-26
AHH,15.49,15.36,15.48,15.39,141496,2017-12-27
AHH,15.54,15.35,15.42,15.49,205134,2017-12-28
AHH,15.58,15.47,15.52,15.53,212294,2017-12-29
AHH,15.56,15.38,15.56,15.53,303110,2018-01-02
AHH,15.655,15.34,15.53,15.4,278417,2018-01-03
AHH,15.4412,15.09,15.44,15.13,255250,2018-01-04
AHH,15.14,14.94,15.11,15.07,318704,2018-01-05
AHH,14.89,14.39,14.49,14.5,1626729,2018-01-08
AHH,14.64,14.37,14.5,14.49,351220,2018-01-09
AHH,14.59,14.29,14.4,14.37,300174,2018-01-10
AHH,14.59,14.38,14.4,14.53,379271,2018-01-11
AHH,14.57,14.355,14.54,14.37,312419,2018-01-12
AHH,14.565,14.41,14.41,14.47,432449,2018-01-16
AHH,14.62,14.42,14.48,14.61,333224,2018-01-17
AHH,14.64,14.36,14.62,14.39,283627,2018-01-18
AHH,14.59,14.34,14.38,14.58,298421,2018-01-19
AHH,14.64,14.5,14.57,14.57,254428,2018-01-22
AHH,14.91,14.585,14.61,14.87,223950,2018-01-23
AHH,14.91,14.64,14.87,14.67,232215,2018-01-24
AHH,14.81,14.62,14.68,14.78,277911,2018-01-25
AHH,14.79,14.56,14.79,14.65,182411,2018-01-26
AHH,14.63,14.41,14.41,14.52,247805,2018-01-29
AHH,14.55,14.27,14.46,14.33,260099,2018-01-30
AHH,14.48,14.29,14.38,14.39,242552,2018-01-31
AHH,14.44,14.08,14.38,14.12,255303,2018-02-01
AHH,14.05,13.8111,14.04,13.97,232360,2018-02-02
AHH,14,13.32,13.94,13.41,315429,2018-02-05
AHH,13.44,12.73,13.01,12.82,650220,2018-02-06
AHH,13.32,12.75,12.8,13.09,343553,2018-02-07
AHH,13.22,12.89,13.09,12.9,480539,2018-02-08
AHH,13.26,12.89,12.96,13.15,707690,2018-02-09
AHH,13.19,12.77,13.19,13.13,471315,2018-02-12
AHH,13.47,13.18,13.19,13.43,509493,2018-02-13
AHH,13.28,13.03,13.28,13.22,251394,2018-02-14
AHH,13.47,13.25,13.25,13.44,233492,2018-02-15
AHH,13.64,13.41,13.41,13.55,303254,2018-02-16
AHH,13.55,13.21,13.5,13.23,245955,2018-02-20
AHH,13.4,13.15,13.22,13.18,281363,2018-02-21
AHH,13.32,13.06,13.23,13.24,226596,2018-02-22
AHH,13.5,13.28,13.38,13.47,158471,2018-02-23
AHH,13.49,13.35,13.47,13.41,172137,2018-02-26
AHH,13.48,13.07,13.41,13.08,282524,2018-02-27
AHH,13.37,13.07,13.18,13.08,336282,2018-02-28
AHH,13.32,13.01,13.05,13.26,335974,2018-03-01
AHH,13.37,13.16,13.17,13.35,150892,2018-03-02
AHH,13.58,13.34,13.34,13.45,181055,2018-03-05
AHH,13.7,13.37,13.41,13.63,235222,2018-03-06
AHH,13.755,13.6,13.6,13.71,250800,2018-03-07
AHH,13.849,13.48,13.79,13.54,238214,2018-03-08
AHH,13.68,13.41,13.58,13.63,174543,2018-03-09
AHH,13.81,13.62,13.65,13.81,203112,2018-03-12
AHH,13.98,13.82,13.85,13.85,259741,2018-03-13
AHH,14.01,13.82,13.93,13.88,166262,2018-03-14
AHH,13.9222,13.715,13.92,13.75,186456,2018-03-15
AHH,13.99,13.68,13.78,13.97,485792,2018-03-16
AHH,13.93,13.74,13.91,13.75,276357,2018-03-19
AHH,13.85,13.52,13.74,13.58,276932,2018-03-20
AHH,13.6,13.25,13.54,13.29,497995,2018-03-21
AHH,13.69,13.28,13.28,13.33,464189,2018-03-22
AHH,13.48,12.95,13.34,12.97,504095,2018-03-23
AHH,13.38,13.05,13.11,13.37,392604,2018-03-26
AHH,13.5,12.94,13.17,13.35,497123,2018-03-27
AHH,13.7,13.3,13.37,13.66,332166,2018-03-28
AHH,13.78,13.57,13.69,13.69,339988,2018-03-29
AHH,13.76,13.3,13.67,13.42,259673,2018-04-02
AHH,13.78,13.31,13.43,13.65,254605,2018-04-03
AHH,13.93,13.58,13.58,13.82,348023,2018-04-04
AHH,13.89,13.67,13.89,13.81,235878,2018-04-05
AHH,13.87,13.61,13.78,13.66,191655,2018-04-06
AHH,13.76,13.56,13.69,13.62,193703,2018-04-09
AHH,13.75,13.57,13.7,13.7,284362,2018-04-10
AHH,13.83,13.63,13.67,13.76,205637,2018-04-11
AHH,13.79,13.5,13.79,13.51,144322,2018-04-12
AHH,13.56,13.42,13.54,13.49,159039,2018-04-13
AHH,13.74,13.4,13.51,13.67,150113,2018-04-16
AHH,13.89,13.7,13.73,13.77,244010,2018-04-17
AHH,13.9,13.795,13.8,13.83,165212,2018-04-18
AHH,13.82,13.57,13.78,13.63,185484,2018-04-19
AHH,13.69,13.36,13.59,13.4,259848,2018-04-20
AHH,13.43,13.085,13.38,13.17,315329,2018-04-23
AHH,13.25,13.01,13.17,13.22,282148,2018-04-24
AHH,13.28,13.0368,13.2,13.19,148513,2018-04-25
AHH,13.51,13.23,13.23,13.44,227469,2018-04-26
AHH,13.66,13.45,13.45,13.64,134196,2018-04-27
AHH,13.75,13.55,13.61,13.57,140004,2018-04-30
AHH,13.85,13.31,13.36,13.82,211315,2018-05-01
AHH,13.84,13.57,13.75,13.83,202788,2018-05-02
AHH,13.94,13.74,13.83,13.81,210346,2018-05-03
AHH,14.04,13.76,13.91,13.93,203154,2018-05-04
AHH,14.11,13.93,13.99,14.04,162120,2018-05-07
AHH,14.05,13.85,14.02,13.98,197986,2018-05-08
AHH,14.049,13.9,13.99,13.99,90819,2018-05-09
AHH,14.09,13.84,14.05,13.91,243063,2018-05-10
AHH,13.97,13.86,13.88,13.92,132656,2018-05-11
AHH,13.99,13.81,13.89,13.83,217841,2018-05-14
AHH,13.79,13.62,13.79,13.63,174588,2018-05-15
AHH,13.81,13.66,13.66,13.73,212067,2018-05-16
AHH,13.79,13.54,13.72,13.58,145553,2018-05-17
AHH,13.77,13.49,13.65,13.73,379877,2018-05-18
AHH,14.03,13.695,13.76,14,447745,2018-05-21
AHH,14.03,13.92,14,13.97,318124,2018-05-22
AHH,14.5,13.99,14,14.45,703539,2018-05-23
AHH,14.48,14.33,14.42,14.43,302666,2018-05-24
AHH,14.49,14.24,14.42,14.33,162254,2018-05-25
AHH,14.5,14.18,14.26,14.44,282080,2018-05-29
AHH,14.64,14.41,14.45,14.57,390481,2018-05-30
AHH,14.64,14.36,14.59,14.4,328466,2018-05-31
AHH,14.48,14.16,14.42,14.36,309599,2018-06-01
AHH,14.54,14.36,14.42,14.42,335183,2018-06-04
AHH,14.52,14.33,14.48,14.37,263205,2018-06-05
AHH,14.46,14.32,14.42,14.44,260050,2018-06-06
AHH,14.61,14.45,14.47,14.51,209821,2018-06-07
AHH,14.69,14.38,14.45,14.59,271277,2018-06-08
AHH,14.69,14.55,14.55,14.64,186318,2018-06-11
AHH,14.77,14.58,14.61,14.63,216874,2018-06-12
AHH,14.71,14.29,14.61,14.4,198973,2018-06-13
AHH,14.86,14,14.49,14.64,2936662,2018-06-14
AHH,14.9,14.63,14.64,14.74,567959,2018-06-15
AHH,14.9,14.71,14.75,14.84,210221,2018-06-18
AHH,14.96,14.76,14.84,14.79,233355,2018-06-19
AHH,15,14.79,14.83,14.97,226252,2018-06-20
AHH,15.15,14.862,14.95,15.15,220300,2018-06-21
AHH,15.25,15.06,15.16,15.19,880401,2018-06-22
AHH,15.23,15.11,15.19,15.14,414358,2018-06-25
AHH,15.27,14.9,14.97,15.06,818972,2018-06-26
AHH,15.18,14.98,15.09,15,462211,2018-06-27
AHH,15.04,14.795,14.98,14.82,458047,2018-06-28
AHH,14.97,14.65,14.82,14.9,362507,2018-06-29
AHH,14.98,14.73,14.85,14.94,319321,2018-07-02
AHH,15.19,14.93,14.98,15.15,206040,2018-07-03
AHH,15.65,15.3,15.59,15.45,552788,2018-07-05
AHH,15.56,15.4116,15.54,15.53,454884,2018-07-06
AHH,15.55,15.23,15.51,15.35,382115,2018-07-09
AHH,15.54,15.2514,15.37,15.46,477339,2018-07-10
AHH,15.545,15.38,15.39,15.4,248488,2018-07-11
AHH,15.5,15.35,15.47,15.42,193846,2018-07-12
AHH,15.58,15.36,15.46,15.38,202194,2018-07-13
AHH,15.43,15.19,15.35,15.29,220312,2018-07-16
AHH,15.4,15.05,15.32,15.07,224897,2018-07-17
AHH,15.13,14.9668,15.04,15.08,264431,2018-07-18
AHH,15.435,15.1,15.1,15.42,509976,2018-07-19
AHH,15.4,15.1,15.4,15.14,204945,2018-07-20
AHH,15.12,14.95,15.1,15.06,200752,2018-07-23
AHH,15.21,14.96,15.07,15.09,291813,2018-07-24
AHH,15.21,15.015,15.07,15.05,272729,2018-07-25
AHH,15.25,15.08,15.11,15.16,208755,2018-07-26
AHH,15.25,14.78,15.25,14.81,169510,2018-07-27
AHH,15.08,14.47,14.75,15.01,293064,2018-07-30
AHH,15.43,14.8022,15.08,15.1,350183,2018-07-31
AHH,15.49,14.84,15.22,15.46,385991,2018-08-01
AHH,15.6316,15.395,15.48,15.44,325967,2018-08-02
AHH,15.5,15.26,15.41,15.47,232483,2018-08-03
AHH,15.89,15.495,15.5,15.6,429816,2018-08-06
AHH,15.725,15.45,15.6,15.71,230692,2018-08-07
AHH,15.74,15.55,15.71,15.58,338705,2018-08-08
AHH,15.745,15.57,15.64,15.62,235629,2018-08-09
AHH,15.64,15.41,15.56,15.42,781831,2018-08-10
AHH,15.61,15.39,15.53,15.5,217301,2018-08-13
AHH,15.67,15.46,15.46,15.59,163318,2018-08-14
AHH,15.755,15.57,15.58,15.67,287248,2018-08-15
AHH,15.905,15.68,15.69,15.85,198826,2018-08-16
AHH,16.005,15.75,15.82,15.99,395980,2018-08-17
AHH,16.14,15.95,16,16.04,229146,2018-08-20
AHH,16.17,15.98,16.02,16.1,235428,2018-08-21
AHH,16.12,15.85,16.07,15.87,192243,2018-08-22
AHH,15.9,15.81,15.84,15.86,166606,2018-08-23
AHH,15.89,15.75,15.77,15.85,145484,2018-08-24
AHH,15.89,15.635,15.82,15.71,191384,2018-08-27
AHH,15.85,15.62,15.73,15.85,140641,2018-08-28
AHH,15.92,15.695,15.86,15.84,151152,2018-08-29
AHH,15.85,15.7,15.81,15.73,148172,2018-08-30
AHH,15.86,15.55,15.7,15.59,266088,2018-08-31
AHH,15.63,15.31,15.59,15.37,170702,2018-09-04
AHH,15.72,15.23,15.33,15.65,175098,2018-09-05
AHH,15.83,15.66,15.67,15.7,141935,2018-09-06
AHH,15.71,15.41,15.64,15.47,143139,2018-09-07
AHH,15.56,15.39,15.49,15.44,118052,2018-09-10
AHH,15.49,15.28,15.45,15.3,149819,2018-09-11
AHH,15.34,15.13,15.32,15.15,214453,2018-09-12
AHH,15.36,15.15,15.22,15.31,113725,2018-09-13
AHH,15.28,15.085,15.28,15.25,176585,2018-09-14
AHH,15.36,15.12,15.23,15.27,138987,2018-09-17
AHH,15.31,15.13,15.24,15.19,227465,2018-09-18
AHH,15.19,14.69,15.19,14.7,223865,2018-09-19
AHH,14.84,14.55,14.74,14.8,289228,2018-09-20
AHH,14.92,14.73,14.78,14.89,744580,2018-09-21
AHH,14.98,14.37,14.79,14.48,340417,2018-09-24
AHH,14.5899,14.1116,14.29,14.48,176165,2018-09-25
AHH,14.71,14.41,14.48,14.6,318872,2018-09-26
AHH,14.825,14.62,14.62,14.71,204897,2018-09-27
AHH,15.14,14.76,14.82,15.11,294802,2018-09-28
AHH,15.15,14.94,15.13,14.96,162580,2018-10-01
AHH,15.03,14.655,14.97,15,240668,2018-10-02
AHH,15.1,14.83,15.03,14.96,315616,2018-10-03
AHH,14.91,14.58,14.88,14.84,264439,2018-10-04
AHH,15,14.73,14.86,14.77,153726,2018-10-05
AHH,14.97,14.78,14.78,14.89,261387,2018-10-08
AHH,15.08,14.885,14.91,15.01,419032,2018-10-09
AHH,15.28,14.9188,14.93,14.99,263233,2018-10-10
AHH,15.05,14.69,14.95,14.69,381456,2018-10-11
AHH,14.86,14.47,14.8,14.51,210637,2018-10-12
AHH,14.67,14.41,14.41,14.59,223622,2018-10-15
AHH,15.11,14.56,14.63,15.08,217470,2018-10-16
AHH,15.11,14.84,15.08,15,228179,2018-10-17
AHH,15.23,14.98,14.98,15.08,233343,2018-10-18
AHH,15.16,14.95,15.08,14.98,147672,2018-10-19
AHH,15.2593,14.89,15,14.89,147064,2018-10-22
AHH,15.1,14.68,14.82,15,215084,2018-10-23
AHH,15.24,14.99,15.02,15.11,172495,2018-10-24
AHH,15.36,15.06,15.12,15.29,184531,2018-10-25
AHH,15.27,14.8669,15.27,15,248237,2018-10-26
AHH,15.37,15.05,15.12,15.17,158850,2018-10-29
AHH,15.72,15.09,15.09,15.48,231704,2018-10-30
AHH,15.61,14.95,15.6,14.98,298770,2018-10-31
AHH,15.09,14.88,14.97,15,226392,2018-11-01
AHH,15.08,14.7,14.97,14.8,220068,2018-11-02
AHH,15.05,14.89,14.89,15.04,275215,2018-11-05
AHH,15.21,15.0171,15.06,15.15,112625,2018-11-06
AHH,15.46,15.17,15.2,15.46,161083,2018-11-07
AHH,15.575,15.3,15.43,15.56,137962,2018-11-08
AHH,15.59,15.36,15.56,15.47,106768,2018-11-09
AHH,15.6,15.32,15.47,15.32,176892,2018-11-12
AHH,15.38,14.99,15.33,15.2,211794,2018-11-13
AHH,15.42,15.2241,15.27,15.25,169390,2018-11-14
AHH,15.18,14.97,15.15,15.09,178230,2018-11-15
AHH,15.22,14.99,15.06,15.07,332028,2018-11-16
AHH,15.23,14.86,15.05,14.93,153395,2018-11-19
AHH,14.96,14.58,14.9,14.65,239215,2018-11-20
AHH,14.8395,14.59,14.82,14.61,191191,2018-11-21
AHH,14.87,14.5,14.59,14.78,99815,2018-11-23
AHH,15.01,14.78,14.94,14.94,218700,2018-11-26
AHH,15.02,14.84,14.91,14.98,142048,2018-11-27
AHH,15.06,14.86,14.96,15.03,151837,2018-11-28
AHH,15.13,14.89,15,15.12,145038,2018-11-29
AHH,15.28,15.0096,15.06,15.21,438799,2018-11-30
AHH,15.28,15.04,15.25,15.22,132030,2018-12-03
AHH,15.27,14.68,15.25,14.76,194449,2018-12-04
AHH,15.28,14.53,14.74,15.26,366742,2018-12-06
AHH,15.28,15.1,15.26,15.19,201601,2018-12-07
AHH,15.22,14.92,15.22,15.06,201117,2018-12-10
AHH,15.22,14.88,15.14,14.98,196602,2018-12-11
AHH,15.22,14.91,15.08,14.93,231080,2018-12-12
AHH,15.17,14.93,14.93,15.1,162483,2018-12-13
AHH,15.32,15,15.05,15.23,180063,2018-12-14
AHH,15.29,14.71,15.24,14.77,367316,2018-12-17
AHH,15.04,14.815,14.89,14.91,232234,2018-12-18
AHH,15.02,14.64,14.91,14.74,283292,2018-12-19
AHH,14.93,14.47,14.81,14.59,355972,2018-12-20
AHH,14.86,14.44,14.59,14.44,1245403,2018-12-21
AHH,14.32,13.59,14.29,13.64,195243,2018-12-24
AHH,14.13,13.56,13.7,14.1,389685,2018-12-26
AHH,14,13.53,13.96,13.93,284588,2018-12-27
AHH,14.19,13.881,13.99,14.02,238226,2018-12-28
AHH,14.1,13.84,14.1,14.06,288723,2018-12-31
AHH,14,13.68,13.91,13.88,241363,2019-01-02
AHH,14.14,13.76,13.91,13.85,192277,2019-01-03
AHH,14.15,13.712,13.84,14.07,202704,2019-01-04
AHH,14.39,14.02,14.22,14.3,306248,2019-01-07
AHH,14.67,14.33,14.47,14.65,307140,2019-01-08
AHH,14.75,14.51,14.7,14.73,246467,2019-01-09
AHH,14.97,14.58,14.63,14.81,149242,2019-01-10
AHH,14.85,14.635,14.79,14.81,201035,2019-01-11
AHH,14.95,14.58,14.73,14.62,361689,2019-01-14
AHH,14.75,14.435,14.65,14.53,267427,2019-01-15
AHH,14.69,14.505,14.53,14.63,252474,2019-01-16
AHH,14.74,14.51,14.59,14.7,278690,2019-01-17
AHH,14.7,14.49,14.69,14.54,285117,2019-01-18
AHH,14.63,14.32,14.52,14.45,243855,2019-01-22
AHH,14.52,14.27,14.43,14.41,202991,2019-01-23
AHH,14.69,14.32,14.43,14.4,232679,2019-01-24
AHH,14.595,14.41,14.43,14.51,185937,2019-01-25
AHH,14.7,14.375,14.42,14.62,229157,2019-01-28
AHH,14.84,14.62,14.62,14.81,116838,2019-01-29
AHH,14.98,14.76,14.81,14.91,135286,2019-01-30
AHH,15.07,14.8,14.88,15.02,192932,2019-01-31
AHH,15.1,14.76,15.03,14.99,119474,2019-02-01
AHH,15.3,14.93,14.97,15.3,147984,2019-02-04
AHH,15.38,15.12,15.33,15.37,127165,2019-02-05
AHH,15.4,15.15,15.39,15.27,193661,2019-02-06
AHH,15.46,14.91,15.17,15.04,214240,2019-02-07
AHH,15.36,15.08,15.08,15.19,194316,2019-02-08
AHH,15.45,15.02,15.02,15.43,239447,2019-02-11
AHH,15.5,15.18,15.5,15.29,124572,2019-02-12
AHH,15.27,15.1,15.15,15.18,196645,2019-02-13
AHH,15.435,15.14,15.2,15.39,198296,2019-02-14
AHH,15.53,15.37,15.43,15.46,166403,2019-02-15
AHH,15.605,15.395,15.45,15.57,222255,2019-02-19
AHH,15.62,15.38,15.58,15.55,196209,2019-02-20
AHH,15.57,15.28,15.48,15.44,169014,2019-02-21
AHH,15.77,15.46,15.55,15.63,156180,2019-02-22
AHH,15.7,15.49,15.65,15.53,170083,2019-02-25
AHH,15.56,15.36,15.56,15.42,157041,2019-02-26
AHH,15.36,15.14,15.3,15.32,131812,2019-02-27
AHH,15.44,15.27,15.32,15.3,300690,2019-02-28
AHH,15.34,15.02,15.31,15.2,269687,2019-03-01
AHH,15.35,15.13,15.24,15.25,155437,2019-03-04
AHH,15.37,15.23,15.34,15.27,113122,2019-03-05
AHH,15.32,15.15,15.3,15.18,117994,2019-03-06
AHH,15.32,15.1,15.22,15.11,124494,2019-03-07
AHH,15.36,15.15,15.26,15.17,131957,2019-03-08
AHH,15.45,15.21,15.22,15.43,231038,2019-03-11
AHH,15.56,15.375,15.44,15.44,136802,2019-03-12
AHH,15.66,15.46,15.46,15.52,122433,2019-03-13
AHH,15.71,15.48,15.5,15.51,139681,2019-03-14
AHH,15.54,15.41,15.51,15.42,536510,2019-03-15
AHH,15.59,15.32,15.45,15.35,157989,2019-03-18
AHH,15.46,15.26,15.35,15.32,174480,2019-03-19
AHH,15.61,15.19,15.36,15.31,190801,2019-03-20
AHH,15.63,15.31,15.31,15.47,197743,2019-03-21
AHH,15.57,15.17,15.46,15.18,222427,2019-03-22
AHH,15.4564,15.11,15.26,15.31,326702,2019-03-25
AHH,15.21,15.095,15.13,15.2,208448,2019-03-26
AHH,15.37,15.06,15.16,15.32,262426,2019-03-27
AHH,15.61,15.21,15.21,15.6,201885,2019-03-28
AHH,15.71,15.42,15.64,15.59,234362,2019-03-29
AHH,15.7,15.43,15.61,15.7,212517,2019-04-01
AHH,15.75,15.55,15.73,15.69,164224,2019-04-02
AHH,15.82,15.59,15.72,15.63,117188,2019-04-03
AHH,15.77,15.61,15.77,15.75,131710,2019-04-04
AHH,15.83,15.61,15.79,15.7,150590,2019-04-05
AHH,15.7,15.51,15.7,15.63,86957,2019-04-08
AHH,15.685,15.5,15.63,15.52,121649,2019-04-09
AHH,15.8,15.47,15.55,15.72,228319,2019-04-10
AHH,15.74,15.64,15.74,15.7,67050,2019-04-11
AHH,15.7,15.5,15.7,15.66,76800,2019-04-12
AHH,15.7,15.5501,15.7,15.66,56598,2019-04-15
AHH,15.67,15.26,15.67,15.28,169998,2019-04-16
AHH,15.47,15.16,15.3,15.46,222428,2019-04-17
AHH,15.72,15.43,15.43,15.64,140274,2019-04-18
AHH,15.62,15.25,15.51,15.42,111808,2019-04-22
AHH,15.72,15.46,15.49,15.68,125200,2019-04-23
AHH,15.92,15.71,15.71,15.9,94842,2019-04-24
AHH,15.9,15.64,15.89,15.82,90515,2019-04-25
AHH,15.97,15.762,15.89,15.97,91468,2019-04-26
AHH,16.05,15.879,16,16.01,191613,2019-04-29
AHH,16.25,15.91,16.05,16.15,229641,2019-04-30
AHH,16.29,16.1,16.15,16.18,438670,2019-05-01
AHH,16.39,15.32,16.16,15.41,193637,2019-05-02
AHH,16.12,15.53,15.67,16.03,185434,2019-05-03
AHH,16.5,15.84,15.84,16.42,265180,2019-05-06
AHH,16.51,15.99,16.34,16.16,278199,2019-05-07
AHH,16.24,16.05,16.19,16.1,150529,2019-05-08
AHH,16.38,15.96,16.13,16.26,378503,2019-05-09
AHH,16.43,16.105,16.28,16.41,169582,2019-05-10
AHH,16.45,16.19,16.28,16.44,156849,2019-05-13
AHH,16.5,16.35,16.49,16.44,156299,2019-05-14
AHH,16.59,16.38,16.42,16.49,188557,2019-05-15
AHH,16.66,16.44,16.5,16.45,149856,2019-05-16
AHH,16.55,16.29,16.39,16.47,110534,2019-05-17
AHH,16.57,16.31,16.45,16.39,253525,2019-05-20
AHH,16.58,16.43,16.44,16.45,145914,2019-05-21
AHH,16.56,16.42,16.46,16.55,107018,2019-05-22
AHH,16.53,16.4,16.53,16.5,123354,2019-05-23
AHH,16.6853,16.43,16.6,16.55,271485,2019-05-24
AHH,16.72,16.47,16.55,16.5,161283,2019-05-28
AHH,16.54,16.3,16.49,16.35,137220,2019-05-29
AHH,16.54,16.33,16.47,16.43,105368,2019-05-30
AHH,16.58,16.236,16.3,16.5,159796,2019-05-31
AHH,16.65,16.41,16.58,16.53,312407,2019-06-03
AHH,16.62,16.315,16.59,16.48,191525,2019-06-04
AHH,16.75,16.46,16.5,16.75,159160,2019-06-05
AHH,16.75,16.52,16.75,16.7,129552,2019-06-06
AHH,16.89,16.7481,16.77,16.8,105043,2019-06-07
AHH,16.88,16.675,16.82,16.79,100839,2019-06-10
AHH,16.89,16.66,16.76,16.84,153184,2019-06-11
AHH,17.045,16.835,16.93,16.94,263773,2019-06-12
AHH,17.14,16.93,17.02,17.06,282945,2019-06-13
AHH,17.18,17,17.04,17.02,156138,2019-06-14
AHH,17.21,16.9868,17.09,17.14,183506,2019-06-17
AHH,17.5,17.16,17.21,17.24,227360,2019-06-18
AHH,17.29,17.07,17.21,17.15,341770,2019-06-19
AHH,17.39,17.22,17.3,17.31,354586,2019-06-20
AHH,17.29,17.15,17.29,17.19,674422,2019-06-21
AHH,17.4,16.93,17.32,17.03,273975,2019-06-24
AHH,16.965,16.625,16.83,16.65,223643,2019-06-25
AHH,16.87,16.1,16.66,16.1,252537,2019-06-26
AHH,16.33,16.16,16.16,16.27,176811,2019-06-27
AHH,16.71,16.28,16.28,16.55,884270,2019-06-28
AHH,16.81,16.34,16.81,16.59,220610,2019-07-01
AHH,16.84,16.51,16.61,16.77,250892,2019-07-02
AHH,16.9527,16.75,16.83,16.86,123771,2019-07-03
AHH,16.93,16.5954,16.76,16.9,346080,2019-07-05
AHH,16.99,16.82,16.91,16.91,152641,2019-07-08
AHH,16.97,16.6508,16.9,16.84,362491,2019-07-09
AHH,16.98,16.8,16.98,16.84,128508,2019-07-10
AHH,16.87,16.51,16.87,16.55,133562,2019-07-11
AHH,16.71,16.525,16.6,16.6,144254,2019-07-12
AHH,16.8,16.56,16.69,16.66,342794,2019-07-15
AHH,16.8,16.62,16.62,16.66,147042,2019-07-16
AHH,16.8,16.63,16.67,16.7,259066,2019-07-17
AHH,16.9,16.59,16.64,16.85,426533,2019-07-18
AHH,16.91,16.68,16.81,16.69,285625,2019-07-19
AHH,16.84,16.6,16.77,16.61,136384,2019-07-22
AHH,16.8,16.6,16.72,16.74,202417,2019-07-23
AHH,16.85,16.6,16.75,16.8,230034,2019-07-24
AHH,16.93,16.62,16.79,16.67,267484,2019-07-25
AHH,16.84,16.69,16.76,16.78,143004,2019-07-26
AHH,16.985,16.84,16.84,16.92,124464,2019-07-29
AHH,17.04,16.89,16.9,17.02,171600,2019-07-30
AHH,17.24,16.9,17.08,16.93,359418,2019-07-31
AHH,17.26,16.85,16.85,17.02,798164,2019-08-01
AHH,17.25,16.92,17.09,17.19,227429,2019-08-02
AHH,17.14,16.41,17.01,16.65,281367,2019-08-05
AHH,16.92,16.6,16.68,16.85,251402,2019-08-06
AHH,17.24,16.75,16.85,17.16,251698,2019-08-07
AHH,17.385,17.07,17.21,17.38,209947,2019-08-08
AHH,17.4,17.24,17.35,17.38,214690,2019-08-09
AHH,17.45,17.21,17.34,17.31,98443,2019-08-12
AHH,17.46,17.1601,17.29,17.35,151143,2019-08-13
AHH,17.33,17.19,17.3,17.25,159889,2019-08-14
AHH,17.41,17.24,17.3,17.25,175715,2019-08-15
AHH,17.515,17.265,17.29,17.44,394551,2019-08-16
AHH,17.57,17.39,17.49,17.5,211570,2019-08-19
AHH,17.7,17.4086,17.52,17.5,233982,2019-08-20
AHH,17.5884,17.39,17.57,17.5,115746,2019-08-21
AHH,17.57,17.33,17.47,17.45,273454,2019-08-22
AHH,17.525,17.1,17.39,17.11,223826,2019-08-23
AHH,17.36,17.11,17.22,17.3,287861,2019-08-26
AHH,17.73,17.16,17.41,17.17,335806,2019-08-27
AHH,17.37,17.17,17.17,17.28,263611,2019-08-28
AHH,17.5,17.28,17.38,17.33,298196,2019-08-29
AHH,17.46,17.24,17.46,17.34,181352,2019-08-30
AHH,17.42,17.22,17.3,17.38,280967,2019-09-03
AHH,17.72,17.45,17.47,17.68,323962,2019-09-04
AHH,17.93,17.56,17.67,17.62,340716,2019-09-05
AHH,17.76,17.59,17.72,17.67,185638,2019-09-06
AHH,17.68,17.54,17.64,17.68,141345,2019-09-09
AHH,17.68,17.52,17.63,17.68,408607,2019-09-10
AHH,18.04,17.5,17.68,18.04,253921,2019-09-11
AHH,18.14,17.91,18.12,18.04,214626,2019-09-12
AHH,18.2,17.87,18.04,18.02,235324,2019-09-13
AHH,18.29,17.91,17.99,18.14,194247,2019-09-16
AHH,18.38,18.1,18.1,18.27,278872,2019-09-17
AHH,18.4,18.18,18.39,18.25,206868,2019-09-18
AHH,18.41,18.3,18.34,18.33,203351,2019-09-19
AHH,18.43,18.29,18.3,18.3,771640,2019-09-20
AHH,18.3894,18.14,18.27,18.25,408058,2019-09-23
AHH,18.1,17.78,18.1,17.94,269953,2019-09-24
AHH,18.01,17.83,17.92,17.95,211508,2019-09-25
AHH,18.0599,17.91,17.96,17.99,448373,2019-09-26
AHH,18.14,17.82,18.11,17.99,582220,2019-09-27
AHH,18.19,17.98,18,18.09,383325,2019-09-30
AHH,18.16,17.92,18.13,18,507537,2019-10-01
AHH,18.1,17.84,17.98,18.08,710633,2019-10-02
AHH,18.32,17.995,18.13,18.17,335491,2019-10-03
AHH,18.3,18.11,18.17,18.3,279695,2019-10-04
AHH,18.3736,18.11,18.24,18.29,288737,2019-10-07
AHH,18.32,18.13,18.26,18.21,207000,2019-10-08
AHH,18.3,18.1,18.22,18.12,184007,2019-10-09
AHH,18.17,17.97,18.05,18.04,272871,2019-10-10
AHH,18.23,18,18.08,18.01,208414,2019-10-11
AHH,18.1,17.915,18.02,18,163991,2019-10-14
AHH,18.15,17.91,18.06,17.97,192763,2019-10-15
AHH,18.16,17.9692,18.02,18.08,162898,2019-10-16
AHH,18.19,17.992,18.11,18.16,172447,2019-10-17
AHH,18.27,18.1,18.11,18.27,173933,2019-10-18
AHH,18.39,18.24,18.3,18.36,155236,2019-10-21
AHH,18.44,18.18,18.44,18.32,198579,2019-10-22
AHH,18.36,18.0263,18.36,18.15,178618,2019-10-23
AHH,18.24,18.06,18.2,18.19,133391,2019-10-24
AHH,18.24,18.0208,18.22,18.22,190441,2019-10-25
AHH,18.35,18.21,18.22,18.28,210699,2019-10-28
AHH,18.55,18.3,18.3,18.36,208541,2019-10-29
AHH,18.77,18.38,18.38,18.69,245329,2019-10-30
AHH,19.03,18.34,18.6,18.74,279050,2019-10-31
AHH,18.89,18.63,18.8,18.77,174804,2019-11-01
AHH,18.7699,18.45,18.73,18.5,239591,2019-11-04
AHH,18.47,18.16,18.42,18.27,315476,2019-11-05
AHH,18.44,18.08,18.43,18.12,171824,2019-11-06
AHH,18.115,17.5,18.08,17.56,367906,2019-11-07
AHH,17.635,17.4,17.5,17.51,160467,2019-11-08
AHH,17.66,17.43,17.43,17.59,163966,2019-11-11
AHH,17.84,17.42,17.66,17.43,182396,2019-11-12
AHH,17.73,17.4,17.4,17.64,210498,2019-11-13
AHH,17.9,17.68,17.68,17.78,187459,2019-11-14
AHH,18,17.8,17.87,17.89,265162,2019-11-15
AHH,18,17.65,17.96,17.71,151235,2019-11-18
AHH,17.89,17.73,17.77,17.76,107744,2019-11-19
AHH,17.915,17.7062,17.73,17.78,250278,2019-11-20
AHH,17.84,17.56,17.78,17.64,154672,2019-11-21
AHH,17.61,17.37,17.61,17.47,82774,2019-11-22
AHH,17.87,17.48,17.5,17.74,201425,2019-11-25
AHH,18.03,17.76,17.76,17.96,256206,2019-11-26
AHH,18.16,17.88,17.96,18.09,132717,2019-11-27
AHH,18.12,18,18.03,18.06,113353,2019-11-29
AHH,18,17.76,18,17.91,236349,2019-12-02
AHH,18.07,17.87,17.94,17.93,208612,2019-12-03
AHH,18.1,17.895,17.97,17.97,222881,2019-12-04
AHH,18.56,18.1,18.2,18.25,1117183,2019-12-05
AHH,18.66,18.17,18.17,18.46,547075,2019-12-06
AHH,18.81,18.51,18.54,18.77,418346,2019-12-09
AHH,18.77,18.65,18.74,18.71,214739,2019-12-10
AHH,18.79,18.55,18.72,18.64,339320,2019-12-11
AHH,18.83,18.43,18.65,18.53,423039,2019-12-12
AHH,18.59,18.31,18.5,18.47,282049,2019-12-13
AHH,18.685,18.5,18.53,18.55,380656,2019-12-16
AHH,18.77,18.55,18.58,18.64,426334,2019-12-17
AHH,18.77,18.55,18.68,18.63,453023,2019-12-18
AHH,18.72,18.565,18.69,18.62,298313,2019-12-19
AHH,18.5,18.14,18.43,18.33,3563976,2019-12-20
AHH,18.49,18.23,18.44,18.34,325020,2019-12-23
AHH,18.33,18.14,18.32,18.22,96328,2019-12-24
AHH,18.33,17.91,18.23,17.98,138584,2019-12-26
AHH,18.175,17.92,18,18.15,230005,2019-12-27
AHH,18.18,17.9917,18.12,18.18,566421,2019-12-30
AHH,18.4,18.15,18.17,18.35,474734,2019-12-31
AHH,18.42,17.75,18.42,17.96,241971,2020-01-02
AHH,18.29,17.88,17.88,18.18,315133,2020-01-03
AHH,18.4,18.11,18.12,18.2,251314,2020-01-06
AHH,18.31,17.98,18.09,18.09,195647,2020-01-07
AHH,18.17,18.02,18.1,18.1,162703,2020-01-08
AHH,18.17,18.05,18.1,18.11,143094,2020-01-09
AHH,18.24,18.06,18.1,18.21,211430,2020-01-10
AHH,18.41,18.12,18.2,18.4,189274,2020-01-13
AHH,18.42,18.25,18.42,18.36,159017,2020-01-14
AHH,18.6,18.36,18.39,18.5,220011,2020-01-15
AHH,18.66,18.47,18.51,18.64,227639,2020-01-16
AHH,18.75,18.55,18.73,18.74,212981,2020-01-17
AHH,18.86,18.64,18.65,18.86,147247,2020-01-21
AHH,19.11,18.73,18.89,18.87,138590,2020-01-22
AHH,19.035,18.896,18.94,19.03,283217,2020-01-23
AHH,19.43,19.03,19.15,19.11,220193,2020-01-24
AHH,19.23,18.95,19,19,218321,2020-01-27
AHH,19.09,18.75,19.09,18.76,222689,2020-01-28
AHH,18.7756,18.62,18.77,18.63,215067,2020-01-29
AHH,18.665,18.5,18.53,18.58,199124,2020-01-30
AHH,18.64,18.24,18.56,18.34,281446,2020-01-31
AHH,18.74,18.3667,18.4,18.63,298369,2020-02-03
AHH,18.78,18.55,18.7,18.68,245466,2020-02-04
AHH,18.77,18.52,18.77,18.55,376489,2020-02-05
AHH,19.1,18.56,19.08,18.65,203494,2020-02-06
AHH,18.7,18.315,18.68,18.38,173712,2020-02-07
AHH,18.63,18.32,18.35,18.52,345975,2020-02-10
AHH,18.64,18.29,18.57,18.46,269083,2020-02-11
AHH,18.52,18.21,18.52,18.22,303847,2020-02-12
AHH,18.68,18.17,18.17,18.65,141233,2020-02-13
AHH,18.92,18.69,18.69,18.84,168782,2020-02-14
AHH,18.82,18.53,18.82,18.58,135606,2020-02-18
AHH,18.6,18.11,18.6,18.12,442492,2020-02-19
AHH,18.61,18.09,18.09,18.61,239659,2020-02-20
AHH,18.88,18.61,18.63,18.84,347166,2020-02-21
AHH,18.68,18.43,18.63,18.46,350705,2020-02-24
AHH,18.495,17.919,18.48,18.08,413680,2020-02-25
AHH,18.44,18.08,18.11,18.13,248297,2020-02-26
AHH,18.12,17.36,17.87,17.37,336871,2020-02-27
AHH,17.2,16.46,17.05,16.76,769225,2020-02-28
AHH,17.4,16.73,16.83,17.3,589095,2020-03-02
AHH,17.83,17.12,17.38,17.23,366485,2020-03-03
AHH,17.97,17.42,17.42,17.91,236232,2020-03-04
AHH,17.9201,17.56,17.59,17.8,410159,2020-03-05
AHH,17.88,17.264,17.5,17.86,395368,2020-03-06
AHH,17,15.335,16.84,15.37,315997,2020-03-09
AHH,15.71,14.36,15.64,15.37,678620,2020-03-10
AHH,15.04,13.84,15.04,13.91,633288,2020-03-11
AHH,13.24,11.61,13.24,11.71,923846,2020-03-12
AHH,12.79,11.4,12.24,12.77,542947,2020-03-13
AHH,11.72,7.94,11.36,8.27,709910,2020-03-16
AHH,9.475,8.27,8.69,9.2,822201,2020-03-17
AHH,9.1,8.28,8.63,8.51,528483,2020-03-18
AHH,9.39,8.31,8.59,9.13,590096,2020-03-19
AHH,9.69,8.01,9.19,8.2,788200,2020-03-20
AHH,8.97,7.52,8.18,8.72,679396,2020-03-23
AHH,9.2,8.01,8.94,8.64,518205,2020-03-24
AHH,8.89,8.29,8.5,8.64,601562,2020-03-25
AHH,10.49,8.72,8.74,10.09,595573,2020-03-26
AHH,10.5,9.44,9.74,9.99,384090,2020-03-27
AHH,10.21,9.37,9.99,10.2,797540,2020-03-30
AHH,10.84,9.96,10.1,10.7,765145,2020-03-31
AHH,10.28,9.32,10.25,9.67,854232,2020-04-01
AHH,10.254,9.26,9.61,9.79,404612,2020-04-02
AHH,9.93,8.92,9.61,9.23,450137,2020-04-03
AHH,10.08,9.34,9.4,10.07,539542,2020-04-06
AHH,10.88,10.06,10.54,10.33,609835,2020-04-07
AHH,10.75,10.08,10.38,10.62,409555,2020-04-08
AHH,11.65,10.62,10.75,11.51,428938,2020-04-09
AHH,10.995,9.5,10.8,9.65,1084480,2020-04-13
AHH,10.13,8.5,10.11,9.04,789087,2020-04-14
AHH,9.09,8.595,8.66,8.71,622614,2020-04-15
AHH,8.73,8.01,8.73,8.27,859965,2020-04-16
AHH,9.04,8.48,8.56,8.94,579621,2020-04-17
AHH,8.9,8.17,8.56,8.55,407114,2020-04-20
AHH,8.6,8.11,8.21,8.35,419196,2020-04-21
AHH,8.62,8.1,8.53,8.13,370394,2020-04-22
AHH,8.72,8.08,8.24,8.69,553214,2020-04-23
AHH,8.83,8.6,8.76,8.72,348396,2020-04-24
AHH,9.19,8.32,8.32,9.12,347022,2020-04-27
AHH,10.225,9.45,9.52,9.84,582016,2020-04-28
AHH,10.3456,9.765,10.24,9.89,623916,2020-04-29
AHH,9.94,8.71,9.12,9.61,821437,2020-04-30
AHH,9.64,9.01,9.25,9.36,429093,2020-05-01
AHH,9.28,8.72,9.18,8.94,421563,2020-05-04
AHH,9.26,8.8104,9.13,8.89,913801,2020-05-05
AHH,9.12,8.25,8.87,8.31,317195,2020-05-06
AHH,8.6,8.19,8.48,8.32,395780,2020-05-07
AHH,8.96,8.51,8.51,8.9,432833,2020-05-08
AHH,8.95,8.31,8.9,8.56,472822,2020-05-11
AHH,8.52,7.81,8.52,7.99,572059,2020-05-12
AHH,7.83,6.4,7.79,7.17,788734,2020-05-13
AHH,7.35,6.46,6.99,7.32,620205,2020-05-14
AHH,7.39,6.71,7.39,7.07,2079889,2020-05-15
AHH,7.93,7.25,7.38,7.74,886110,2020-05-18
AHH,7.81,7.44,7.75,7.55,444014,2020-05-19
AHH,8.14,7.63,7.73,7.94,552678,2020-05-20
AHH,8.21,7.89,7.94,7.91,362921,2020-05-21
AHH,8.01,7.53,7.91,7.69,210900,2020-05-22
AHH,8.69,8.075,8.19,8.59,717255,2020-05-26
AHH,9.25,8.74,8.85,9.25,646361,2020-05-27
AHH,9.5,8.92,9.5,9.1,621328,2020-05-28
AHH,9.1,8.4406,8.98,8.62,573597,2020-05-29
AHH,8.85,8.58,8.58,8.69,358906,2020-06-01
AHH,9,8.69,8.79,8.85,298397,2020-06-02
AHH,9.36,9.05,9.05,9.25,308286,2020-06-03
AHH,9.3,8.93,9.15,9.28,368604,2020-06-04
AHH,10.51,9.75,9.84,10.19,942324,2020-06-05
AHH,10.85,10.41,10.6,10.64,580630,2020-06-08
AHH,10.37,10,10.29,10.2,340261,2020-06-09
AHH,10.38,9.65,10.2,9.96,480123,2020-06-10
AHH,9.5,8.76,9.11,8.91,896092,2020-06-11
AHH,9.54,9.13,9.44,9.52,481855,2020-06-12
AHH,9.6,8.96,8.99,9.49,326290,2020-06-15
AHH,10.13,9.74,10.02,9.81,418858,2020-06-16
AHH,9.81,9.46,9.81,9.58,358115,2020-06-17
AHH,9.6,9.3,9.33,9.45,232988,2020-06-18
AHH,9.69,9.01,9.59,9.1,761642,2020-06-19
AHH,9.1902,8.74,9,9.15,280887,2020-06-22
AHH,9.38,9.061,9.35,9.12,271865,2020-06-23
AHH,9.09,8.52,9.09,8.8,425209,2020-06-24
AHH,9.64,8.96,8.96,9.49,784971,2020-06-25
AHH,9.61,9.21,9.35,9.57,820860,2020-06-26
AHH,9.9,9.59,9.7,9.74,341174,2020-06-29
AHH,10.01,9.6,9.63,9.95,565949,2020-06-30
AHH,10.23,9.92,9.96,10.2,950418,2020-07-01
AHH,10.56,9.95,10.4,10.08,645412,2020-07-02
AHH,10.39,10.07,10.39,10.13,326658,2020-07-06
AHH,9.98,9.53,9.98,9.61,395649,2020-07-07
AHH,9.705,9.2687,9.56,9.48,284208,2020-07-08
AHH,9.43,9.02,9.4,9.19,376125,2020-07-09
AHH,9.46,9.13,9.13,9.44,234856,2020-07-10
AHH,9.63,9.26,9.45,9.41,252568,2020-07-13
AHH,9.65,9.33,9.43,9.45,184815,2020-07-14
AHH,9.915,9.6,9.69,9.65,342380,2020-07-15
AHH,9.6,9.18,9.56,9.29,204185,2020-07-16
AHH,9.74,9.21,9.29,9.64,356950,2020-07-17
AHH,9.62,9.16,9.51,9.27,247884,2020-07-20
AHH,9.62,9.29,9.37,9.54,208786,2020-07-21
AHH,9.83,9.37,9.37,9.74,181053,2020-07-22
AHH,9.85,9.47,9.76,9.67,192807,2020-07-23
AHH,9.67,9.33,9.66,9.33,198413,2020-07-24
AHH,9.38,9.11,9.3,9.35,243133,2020-07-27
AHH,9.69,9.23,9.29,9.61,279956,2020-07-28
AHH,9.88,9.63,9.69,9.83,310136,2020-07-29
AHH,9.99,9.566,9.89,9.81,279424,2020-07-30
AHH,9.77,9.27,9.76,9.64,483682,2020-07-31
AHH,9.59,9.26,9.59,9.45,323932,2020-08-03
AHH,10.18,9.3,9.3,10.05,323378,2020-08-04
AHH,10.09,9.785,10.05,10.07,296695,2020-08-05
AHH,10.19,10,10.11,10.08,200208,2020-08-06
AHH,10.39,10.05,10.08,10.37,256808,2020-08-07
AHH,10.93,10.5,10.5,10.82,394849,2020-08-10
AHH,11.22,10.755,11.04,10.81,392570,2020-08-11
AHH,11.06,10.7177,11.06,10.81,244047,2020-08-12
AHH,10.82,10.365,10.68,10.47,187644,2020-08-13
AHH,10.54,10.26,10.39,10.45,159893,2020-08-14
AHH,10.78,10.21,10.5,10.46,216316,2020-08-17
AHH,10.59,10.09,10.56,10.26,179885,2020-08-18
AHH,10.34,9.955,10.29,9.98,260795,2020-08-19
AHH,10.27,9.99,9.99,10.17,266057,2020-08-20
AHH,10.09,9.73,10.07,9.9,265736,2020-08-21
AHH,10.24,9.78,9.97,10.2,243072,2020-08-24
AHH,10.36,10.14,10.17,10.34,253207,2020-08-25
AHH,10.41,9.98,10.36,10.06,167004,2020-08-26
AHH,10.4,10.12,10.12,10.27,193555,2020-08-27
AHH,10.36,10.01,10.29,10.32,208415,2020-08-28
AHH,10.33,10.03,10.32,10.1,336655,2020-08-31
AHH,10.18,9.75,10.04,10.13,162054,2020-09-01
AHH,10.41,10,10.11,10.35,232437,2020-09-02
AHH,10.52,10.23,10.32,10.33,266939,2020-09-03
AHH,10.47,10.06,10.43,10.2,217245,2020-09-04
AHH,10.19,9.93,10.19,9.94,176559,2020-09-08
AHH,10.21,9.985,10.01,10.03,155109,2020-09-09
AHH,10.1,9.84,10,9.85,190191,2020-09-10
AHH,9.86,9.58,9.84,9.71,159264,2020-09-11
AHH,10.2,9.78,9.78,10.18,237177,2020-09-14
AHH,10.41,10.14,10.15,10.24,124695,2020-09-15
AHH,10.39,10.18,10.24,10.31,221837,2020-09-16
AHH,10.27,10.05,10.17,10.06,188336,2020-09-17
AHH,10.115,9.68,10.07,9.75,785979,2020-09-18
AHH,9.51,9.025,9.51,9.07,347249,2020-09-21
AHH,9.34,9,9.05,9.08,202455,2020-09-22
AHH,9.15,8.71,9.08,8.75,295338,2020-09-23
AHH,9.12,8.7385,8.81,8.88,241474,2020-09-24
AHH,9.11,8.85,8.85,9.1,188283,2020-09-25
AHH,9.55,9.245,9.25,9.41,218449,2020-09-28
AHH,9.3,8.93,9.24,9.17,231345,2020-09-29
AHH,9.56,9.11,9.18,9.26,464765,2020-09-30
AHH,9.54,9.29,9.29,9.52,268158,2020-10-01
AHH,9.62,9.23,9.23,9.57,187831,2020-10-02
AHH,9.73,9.27,9.7,9.49,217670,2020-10-05
AHH,9.76,9.4,9.61,9.44,327279,2020-10-06
AHH,9.56,9.16,9.53,9.26,344237,2020-10-07
AHH,9.46,9.19,9.4,9.4,240940,2020-10-08
AHH,9.51,9.21,9.46,9.26,220948,2020-10-09
AHH,9.459,9.16,9.25,9.37,196485,2020-10-12
AHH,9.325,8.97,9.29,9.07,261416,2020-10-13
AHH,9.2,8.94,9.13,8.95,171750,2020-10-14
AHH,9.24,8.89,8.9,9.16,197473,2020-10-15
AHH,9.15,8.82,9.13,8.88,216068,2020-10-16
AHH,8.91,8.64,8.87,8.65,185195,2020-10-19
AHH,8.895,8.69,8.72,8.83,162530,2020-10-20
AHH,8.86,8.684,8.81,8.85,125186,2020-10-21
AHH,8.9165,8.76,8.8,8.79,173161,2020-10-22
AHH,8.98,8.73,8.84,8.96,199119,2020-10-23
AHH,8.88,8.6,8.88,8.7,212211,2020-10-26
AHH,8.73,8.38,8.65,8.38,200483,2020-10-27
AHH,8.55,8.2,8.2,8.51,377960,2020-10-28
AHH,8.73,8.25,8.47,8.66,274014,2020-10-29
AHH,9.17,8.58,8.58,9.01,692805,2020-10-30
AHH,9.24,8.63,9.18,8.85,354956,2020-11-02
AHH,9.11,8.82,9.01,9.06,231545,2020-11-03
AHH,9.08,8.78,8.98,9,200351,2020-11-04
AHH,9.35,8.86,8.86,9.15,245529,2020-11-05
AHH,9.2102,8.59,9.12,8.72,259432,2020-11-06
AHH,10.7999,9.3041,9.36,10.39,544708,2020-11-09
AHH,10.9,10.23,10.3,10.88,473340,2020-11-10
AHH,10.91,10.31,10.89,10.62,335650,2020-11-11
AHH,10.48,10.08,10.46,10.3,318295,2020-11-12
AHH,10.59,10.16,10.39,10.38,446903,2020-11-13
AHH,11.2,10.8,10.87,11.06,384146,2020-11-16
AHH,11.14,10.69,10.99,10.99,382211,2020-11-17
AHH,11.14,10.6,11.01,10.6,450316,2020-11-18
AHH,10.74,10.34,10.54,10.59,195099,2020-11-19
AHH,10.71,10.42,10.46,10.68,361485,2020-11-20
AHH,11.4,10.7,10.89,11.16,407382,2020-11-23
AHH,11.63,11.27,11.27,11.47,401689,2020-11-24
AHH,11.53,11.12,11.53,11.18,205648,2020-11-25
AHH,11.14,10.71,11.03,10.89,207234,2020-11-27
AHH,11.09,10.46,10.79,10.61,474696,2020-11-30
AHH,11.11,10.68,10.79,10.92,283841,2020-12-01
AHH,11.135,10.76,10.86,11.04,221011,2020-12-02
AHH,11.255,10.84,11.03,11.15,307113,2020-12-03
AHH,11.4,11.21,11.21,11.35,314301,2020-12-04
AHH,11.44,10.8,11.34,10.82,250073,2020-12-07
AHH,10.89,10.66,10.72,10.76,220998,2020-12-08
AHH,10.9,10.65,10.76,10.84,265174,2020-12-09
AHH,10.98,10.8,10.89,10.88,327669,2020-12-10
AHH,10.85,10.59,10.81,10.76,227734,2020-12-11
AHH,11.145,10.77,10.86,10.97,242632,2020-12-14
AHH,11.18,10.81,11.05,11.17,265664,2020-12-15
AHH,11.34,11,11.19,11.16,252409,2020-12-16
AHH,11.33,11.02,11.19,11.3,227436,2020-12-17
AHH,11.3184,10.7,11.25,10.7,1513793,2020-12-18
AHH,10.79,10.51,10.64,10.67,222593,2020-12-21
AHH,10.88,10.65,10.67,10.85,165646,2020-12-22
AHH,11.13,10.89,10.89,10.94,232881,2020-12-23
AHH,11.15,10.9,10.96,11.12,68410,2020-12-24
AHH,11.56,11.14,11.18,11.33,328891,2020-12-28
AHH,11.28,10.86,11.12,11.06,274528,2020-12-29
AHH,11.24,10.995,11.03,11.11,208323,2020-12-30
AHH,11.23,11.01,11.08,11.22,178944,2020-12-31
AHH,11.31,10.95,11.31,10.98,316161,2021-01-04
AHH,11.19,10.95,11.04,11,246783,2021-01-05
AHH,11.74,11.07,11.07,11.57,440239,2021-01-06
AHH,11.77,11.12,11.68,11.26,239504,2021-01-07
AHH,11.34,11.12,11.31,11.25,218381,2021-01-08
AHH,11.42,11.02,11.09,11.19,166279,2021-01-11
AHH,11.305,11.06,11.15,11.3,153221,2021-01-12
AHH,11.53,11.23,11.34,11.29,125926,2021-01-13
AHH,11.51,11.25,11.4,11.42,241233,2021-01-14
AHH,11.43,11.12,11.26,11.37,188772,2021-01-15
AHH,11.45,11.225,11.45,11.35,353442,2021-01-19
AHH,11.88,11.29,11.29,11.65,239988,2021-01-20
AHH,11.87,11.3552,11.8,11.61,212694,2021-01-21
AHH,11.57,11.22,11.51,11.51,202176,2021-01-22
AHH,11.54,11.23,11.36,11.39,156720,2021-01-25
AHH,11.6,11.06,11.41,11.14,441342,2021-01-26
AHH,11.03,10.76,10.84,10.82,392787,2021-01-27
AHH,11.14,10.8425,10.9,10.97,246947,2021-01-28
AHH,11.12,10.71,10.85,10.75,272205,2021-01-29
AHH,10.98,10.62,10.81,10.95,165336,2021-02-01
AHH,11.14,10.82,10.99,11.11,184794,2021-02-02
AHH,11.17,10.83,11.14,11.06,126470,2021-02-03
AHH,11.38,11.04,11.04,11.29,121664,2021-02-04
AHH,11.58,11.22,11.4,11.33,138853,2021-02-05
AHH,11.6,11.32,11.37,11.5,195570,2021-02-08
AHH,12.09,11.56,11.63,12.07,228746,2021-02-09
AHH,12.41,12.04,12.08,12.09,181464,2021-02-10
AHH,12.37,11.8628,12.13,12.01,270747,2021-02-11
AHH,12.05,11.86,12.01,11.91,308655,2021-02-12
AHH,12.42,11.84,12.12,12.31,570115,2021-02-16
AHH,12.55,12.17,12.23,12.47,239169,2021-02-17
AHH,12.76,12.18,12.5,12.63,243042,2021-02-18
AHH,12.77,12.51,12.61,12.55,244440,2021-02-19
AHH,12.75,12.15,12.5,12.72,189758,2021-02-22
AHH,13.23,12.74,12.79,13.05,221381,2021-02-23
AHH,13.71,13.1,13.34,13.38,309552,2021-02-24
AHH,13.56,13.08,13.39,13.08,205541,2021-02-25
AHH,13.26,12.91,13.18,12.91,300388,2021-02-26
AHH,13.24,12.87,13.16,12.89,260414,2021-03-01
AHH,12.985,12.575,12.84,12.64,192114,2021-03-02
AHH,13.22,12.66,12.66,12.98,318888,2021-03-03
AHH,13.35,12.82,12.99,12.99,285628,2021-03-04
AHH,13.41,13.05,13.17,13.35,271755,2021-03-05
AHH,14.32,13.43,13.52,14.17,329040,2021-03-08
AHH,14.28,13.66,14.17,13.68,278516,2021-03-09
AHH,13.92,13.6,13.66,13.81,303875,2021-03-10
AHH,14.12,13.72,13.85,13.82,198209,2021-03-11
AHH,14,13.8,13.89,13.96,611098,2021-03-12
AHH,13.9,13.38,13.9,13.53,320295,2021-03-15
AHH,13.7,13.22,13.51,13.31,154921,2021-03-16
AHH,13.48,13.24,13.35,13.35,192865,2021-03-17
AHH,13.55,13.06,13.3,13.14,179737,2021-03-18
AHH,13.1389,12.82,13.02,13,818648,2021-03-19
AHH,12.97,12.56,12.97,12.69,154450,2021-03-22
AHH,12.78,12.38,12.56,12.5,224370,2021-03-23
AHH,13,12.6,12.63,12.65,255904,2021-03-24
AHH,12.82,12.08,12.55,12.6,447754,2021-03-25
AHH,12.98,12.45,12.76,12.68,240857,2021-03-26
AHH,13.07,12.59,12.59,12.64,296988,2021-03-29
AHH,12.9,12.54,12.54,12.76,161913,2021-03-30
AHH,12.91,12.51,12.77,12.54,388440,2021-03-31
AHH,13.01,12.56,12.58,13,235659,2021-04-01
AHH,13.17,12.88,13.12,13.05,684323,2021-04-05
AHH,13.16,12.93,13,13.04,382096,2021-04-06
AHH,13.14,12.79,13.02,12.98,234175,2021-04-07
AHH,13.07,12.81,13,13.04,177880,2021-04-08
AHH,13.13,12.85,13.04,12.92,141833,2021-04-09
AHH,13.11,12.89,12.97,13.08,197325,2021-04-12
AHH,13.1,12.91,13.1,13,187772,2021-04-13
AHH,13.11,12.885,12.99,12.95,113905,2021-04-14
AHH,13.67,13.15,13.33,13.63,345161,2021-04-15
AHH,13.799,13.54,13.71,13.56,223866,2021-04-16
AHH,13.54,13.25,13.54,13.52,172049,2021-04-19
AHH,13.675,13.39,13.52,13.52,148974,2021-04-20
AHH,13.75,13.44,13.44,13.62,124148,2021-04-21
AHH,13.72,13.49,13.67,13.5,161364,2021-04-22
AHH,13.69,13.501,13.6,13.59,160495,2021-04-23
AHH,13.8,13.51,13.6,13.53,104425,2021-04-26
AHH,13.61,13.41,13.51,13.5,130941,2021-04-27
AHH,13.66,13.4,13.49,13.66,151911,2021-04-28
AHH,13.86,13.63,13.72,13.7,145645,2021-04-29
AHH,13.77,13.56,13.63,13.63,268618,2021-04-30
AHH,14.2,13.66,13.66,14.06,441860,2021-05-03
AHH,14.38,13.52,13.95,13.59,314317,2021-05-04
AHH,13.64,13.06,13.64,13.25,289835,2021-05-05
AHH,13.58,13.2,13.25,13.58,279454,2021-05-06
AHH,13.58,13.38,13.4,13.53,424730,2021-05-07
AHH,13.675,13.37,13.5,13.39,252577,2021-05-10
AHH,13.19,12.94,13.19,13.08,145266,2021-05-11
AHH,13.18,12.68,13.04,12.73,226686,2021-05-12
AHH,13.05,12.68,12.68,12.97,163764,2021-05-13
AHH,13.1241,12.88,13.03,13.08,129871,2021-05-14
AHH,13.28,12.94,13.22,13.04,162717,2021-05-17
AHH,13.2,12.98,13.03,13.02,157180,2021-05-18
AHH,13.04,12.62,12.88,12.94,224314,2021-05-19
AHH,13.05,12.74,12.88,13.04,224314,2021-05-20
AHH,13.18,13,13.1,13.02,163384,2021-05-21
AHH,13.2,12.89,13.02,13.12,163877,2021-05-24
AHH,13.28,12.9,13.19,12.9,189495,2021-05-25
AHH,13.06,12.91,13,13.01,164256,2021-05-26
AHH,13.195,12.95,13.16,13.02,215291,2021-05-27
AHH,13.27,13.06,13.1,13.27,367134,2021-05-28
AHH,13.635,13.27,13.31,13.52,334507,2021-06-01
AHH,13.64,13.44,13.5,13.6,199075,2021-06-02
AHH,13.51,13.32,13.51,13.41,135960,2021-06-03
AHH,13.45,13.205,13.41,13.26,177702,2021-06-04
AHH,13.46,13.35,13.36,13.37,124516,2021-06-07
AHH,13.61,13.36,13.37,13.54,201191,2021-06-08
AHH,13.61,13.4,13.55,13.42,249080,2021-06-09
AHH,13.68,13.345,13.47,13.59,448205,2021-06-10
AHH,13.76,13.42,13.59,13.74,235261,2021-06-11
AHH,13.93,13.7,13.79,13.87,205129,2021-06-14
AHH,13.97,13.715,13.81,13.85,322273,2021-06-15
AHH,13.97,13.69,13.81,13.81,269105,2021-06-16
AHH,13.995,13.68,13.74,13.96,482425,2021-06-17
AHH,13.925,13.685,13.83,13.85,735686,2021-06-18
AHH,14.05,13.78,13.94,14.04,389218,2021-06-21
AHH,14.04,13.78,13.85,13.99,266946,2021-06-22
AHH,14.06,13.85,13.97,13.92,351023,2021-06-23
AHH,14,13.65,14,13.96,272359,2021-06-24
AHH,14.08,13.89,14.02,13.94,351555,2021-06-25
AHH,13.9,13.47,13.86,13.54,288700,2021-06-28
AHH,13.58,13.32,13.32,13.41,161600,2021-06-29
AHH,13.55,13.28,13.39,13.29,297000,2021-06-30
AHH,13.56,13.31,13.35,13.41,215200,2021-07-01
AHH,13.61,13.09,13.56,13.16,356600,2021-07-02
AHH,13.42,12.86,13.25,13.35,330700,2021-07-06
AHH,13.94,13.07,13.25,13.46,557500,2021-07-07
AHH,13.38,12.96,13.09,13.07,354000,2021-07-08
AHH,13.55,13.23,13.25,13.52,267400,2021-07-09
AHH,13.67,13.47,13.53,13.67,160500,2021-07-12
AHH,13.595,13.29,13.59,13.34,146499,2021-07-13
