CEN,20.03,20,20.01,20,158845,2013-09-30
CEN,20.05,20,20.05,20,48675,2013-10-01
CEN,20.03,20,20.03,20,13571,2013-10-02
CEN,20.01,20,20.01,20,52167,2013-10-03
CEN,20.016,20,20,20,63632,2013-10-04
CEN,20.04,20,20.04,20,29156,2013-10-07
CEN,20.01,20,20.01,20,29847,2013-10-08
CEN,20.0099,20,20,20,12400,2013-10-09
CEN,20.013,20,20.01,20,14691,2013-10-10
CEN,20.06,20.0301,20.04,20.0414,9559,2013-10-11
CEN,20.04,20,20.02,20,22155,2013-10-14
CEN,20.01,20,20,20,58370,2013-10-15
CEN,20.0153,20,20.01,20,191006,2013-10-16
CEN,20.07,20,20.07,20.0395,6634,2013-10-17
CEN,20.0101,20,20.0101,20,119658,2013-10-18
CEN,20.02,20,20.02,20,48075,2013-10-21
CEN,20.1,20.006,20.01,20.09,24975,2013-10-22
CEN,20.05,20,20,20,79374,2013-10-23
CEN,20.01,20,20,20,19300,2013-10-24
CEN,20.02,19.4101,19.99,20,127950,2013-10-25
CEN,20.01,20,20,20,361586,2013-10-28
CEN,20.0172,20,20.0001,20,24950,2013-10-29
CEN,20.02,20,20,20,50800,2013-10-30
CEN,20.02,20,20.02,20,75200,2013-10-31
CEN,20.1,20,20,20.02,28231,2013-11-01
CEN,20.01,20,20,20,51300,2013-11-04
CEN,20.1,20,20.1,20.03,53273,2013-11-05
CEN,20.46,20,20.05,20,110779,2013-11-06
CEN,20.16,20,20.16,20,27100,2013-11-07
CEN,20.1,20,20,20,101631,2013-11-08
CEN,19.81,19.27,19.81,19.39,59124,2013-11-11
CEN,19.5,19.28,19.45,19.29,74097,2013-11-12
CEN,19.25,18.95,19.25,19.06,40894,2013-11-13
CEN,19.19,19,19.06,19.01,45825,2013-11-14
CEN,19.62,19.05,19.11,19.36,50720,2013-11-15
CEN,19.66,18.55,19.44,18.75,75611,2013-11-18
CEN,18.99,18.7,18.87,18.94,83460,2013-11-19
CEN,19.07,18.4,19.06,18.4001,52215,2013-11-20
CEN,18.82,17.4737,18.35,18.55,109318,2013-11-21
CEN,18.7602,17.78,18.7602,17.8,147062,2013-11-22
CEN,18.18,17.115,18.13,17.626,128453,2013-11-25
CEN,18.33,17.66,17.74,17.79,110315,2013-11-26
CEN,18.45,17.8225,17.99,18.44,106127,2013-11-27
CEN,18.67,18.23,18.23,18.46,40385,2013-11-29
CEN,18.54,17.95,18.4,17.96,72591,2013-12-02
CEN,18.1,17.34,17.95,17.45,156521,2013-12-03
CEN,17.44,16.68,17.33,16.91,136232,2013-12-04
CEN,17.29,16.71,16.71,17.1806,147363,2013-12-05
CEN,17.48,17.03,17.48,17.1,81373,2013-12-06
CEN,17.37,16.82,17.36,16.88,137304,2013-12-09
CEN,17.139,16.61,16.97,16.94,159002,2013-12-10
CEN,17.3,16.74,16.76,16.78,91637,2013-12-11
CEN,17.1,16.62,17,17,148577,2013-12-12
CEN,17.53,17.03,17.39,17.39,114092,2013-12-13
CEN,17.7299,16.74,17.51,17.39,122252,2013-12-16
CEN,17.42,17.14,17.3,17.25,86116,2013-12-17
CEN,17.25,16.8,17.25,16.98,223630,2013-12-18
CEN,17.45,16.99,17,17.27,118830,2013-12-19
CEN,17.58,17.198,17.31,17.35,182231,2013-12-20
CEN,17.65,17.35,17.4,17.5301,211908,2013-12-23
CEN,17.88,17.51,17.51,17.83,104397,2013-12-24
CEN,17.99,17.69,17.99,17.8,276995,2013-12-26
CEN,18.23,17.6601,17.94,18.04,192350,2013-12-27
CEN,18.24,17.86,18.11,17.99,180060,2013-12-30
CEN,18.4,17.85,17.95,18.31,204017,2013-12-31
CEN,18.31,18.11,18.22,18.11,36949,2014-01-02
CEN,17.99,17.67,17.85,17.88,85208,2014-01-03
CEN,18.0099,17.8396,17.91,17.88,51735,2014-01-06
CEN,18.09,17.8701,18.09,17.96,31114,2014-01-07
CEN,17.99,17.67,17.97,17.7038,112379,2014-01-08
CEN,17.81,17.6201,17.7,17.65,51186,2014-01-09
CEN,17.98,17.7201,17.83,17.9399,48091,2014-01-10
CEN,18.07,17.71,17.99,17.72,55795,2014-01-13
CEN,17.88,17.5,17.88,17.5253,103015,2014-01-14
CEN,17.65,17.27,17.65,17.42,85076,2014-01-15
CEN,17.48,17.31,17.35,17.45,55530,2014-01-16
CEN,17.83,17.4101,17.43,17.72,126208,2014-01-17
CEN,17.84,17.61,17.66,17.8,145423,2014-01-21
CEN,17.97,17.81,17.89,17.9,44008,2014-01-22
CEN,17.94,17.78,17.93,17.81,83468,2014-01-23
CEN,17.88,17.5,17.88,17.53,97094,2014-01-24
CEN,17.6252,17.3,17.51,17.5699,70009,2014-01-27
CEN,17.85,17.62,17.67,17.75,68034,2014-01-28
CEN,17.7799,17.35,17.77,17.35,48708,2014-01-29
CEN,17.72,17.48,17.57,17.6342,67045,2014-01-30
CEN,17.83,17.38,17.49,17.8,63076,2014-01-31
CEN,17.84,17.18,17.75,17.24,68537,2014-02-03
CEN,17.44,17.2501,17.36,17.4153,45386,2014-02-04
CEN,17.46,17.18,17.46,17.22,105935,2014-02-05
CEN,17.42,17.24,17.3,17.29,118977,2014-02-06
CEN,17.49,17.31,17.38,17.45,40748,2014-02-07
CEN,17.53,17.3,17.53,17.34,84825,2014-02-10
CEN,17.49,17.32,17.39,17.3759,181368,2014-02-11
CEN,17.36,17.01,17.33,17.08,129068,2014-02-12
CEN,17.26,17.1,17.1,17.2,89394,2014-02-13
CEN,17.29,17.21,17.22,17.24,135736,2014-02-14
CEN,17.32,17.17,17.32,17.2,96506,2014-02-18
CEN,17.2096,17.0001,17.19,17.02,87942,2014-02-19
CEN,17.08,16.911,17.02,16.975,76597,2014-02-20
CEN,17.12,16.95,17.01,17.1,153677,2014-02-21
CEN,17.07,16.88,17,16.95,136802,2014-02-24
CEN,16.99,16.81,16.92,16.9,83841,2014-02-25
CEN,17.159,16.91,17,17.13,97057,2014-02-26
CEN,17.33,17.06,17.06,17.2698,99520,2014-02-27
CEN,17.42,17.17,17.19,17.3,88401,2014-02-28
CEN,17.34,17.222,17.28,17.3299,56168,2014-03-03
CEN,17.76,17.36,17.36,17.43,124455,2014-03-04
CEN,17.73,17.39,17.47,17.54,54926,2014-03-05
CEN,17.83,17.4735,17.59,17.65,80172,2014-03-06
CEN,17.82,17.4704,17.61,17.48,101703,2014-03-07
CEN,17.49,17.33,17.49,17.33,28689,2014-03-10
CEN,17.479,17.33,17.42,17.39,37236,2014-03-11
CEN,17.2765,17.09,17.2,17.13,78495,2014-03-12
CEN,17.239,16.94,17.06,17.02,78290,2014-03-13
CEN,17.13,17.0201,17.05,17.08,41290,2014-03-14
CEN,17.24,17.12,17.1524,17.18,37961,2014-03-17
CEN,17.36,17.2,17.25,17.26,61211,2014-03-18
CEN,17.37,17.18,17.32,17.2,33374,2014-03-19
CEN,17.17,16.98,17.1,17.154,53284,2014-03-20
CEN,17.27,17.08,17.16,17.1,43431,2014-03-21
CEN,17.1625,16.97,17.1,17.0306,61601,2014-03-24
CEN,17.09,16.912,16.99,16.94,86365,2014-03-25
CEN,17.0579,16.9,16.94,17.01,140698,2014-03-26
CEN,17.15,17.01,17.1,17.0799,60549,2014-03-27
CEN,17.14,17.01,17.04,17.14,116486,2014-03-28
CEN,17.24,17.15,17.17,17.2099,54564,2014-03-31
CEN,17.3,17.18,17.18,17.2601,60958,2014-04-01
CEN,17.379,17.29,17.3,17.37,114730,2014-04-02
CEN,17.48,17.31,17.39,17.48,88069,2014-04-03
CEN,17.68,17.47,17.54,17.67,127287,2014-04-04
CEN,17.81,17.54,17.63,17.8,108415,2014-04-07
CEN,17.9,17.66,17.69,17.88,64181,2014-04-08
CEN,17.87,17.73,17.74,17.811,90369,2014-04-09
CEN,17.7851,17.6101,17.72,17.64,36787,2014-04-10
CEN,17.77,17.53,17.53,17.69,57492,2014-04-11
CEN,17.8,17.58,17.7405,17.63,46851,2014-04-14
CEN,17.75,17.591,17.63,17.7,43949,2014-04-15
CEN,17.74,17.56,17.74,17.71,78036,2014-04-16
CEN,17.7904,17.65,17.65,17.79,42743,2014-04-17
CEN,17.93,17.77,17.81,17.9,85846,2014-04-21
CEN,18.05,17.83,17.86,17.842,110850,2014-04-22
CEN,17.95,17.82,17.82,17.87,86794,2014-04-23
CEN,17.98,17.76,17.98,17.79,48856,2014-04-24
CEN,17.86,17.76,17.83,17.77,46257,2014-04-25
CEN,17.89,17.76,17.89,17.76,53202,2014-04-28
CEN,17.93,17.77,17.77,17.9,70392,2014-04-29
CEN,17.97,17.84,17.9,17.91,126239,2014-04-30
CEN,17.99,17.86,17.95,17.92,86197,2014-05-01
CEN,18,17.9,17.93,17.97,62208,2014-05-02
CEN,18.12,17.91,17.96,18.07,62857,2014-05-05
CEN,18.39,18.1,18.1,18.27,126672,2014-05-06
CEN,18.37,18.17,18.35,18.27,110698,2014-05-07
CEN,18.33,18.2,18.27,18.26,63202,2014-05-08
CEN,18.33,18.13,18.28,18.28,34545,2014-05-09
CEN,18.419,18.26,18.26,18.4162,27430,2014-05-12
CEN,18.4204,18.33,18.36,18.3525,38793,2014-05-13
CEN,18.4199,18.201,18.26,18.39,34721,2014-05-14
CEN,18.5,18.3145,18.5,18.37,25936,2014-05-15
CEN,18.659,18.3889,18.449,18.519,61878,2014-05-16
CEN,18.599,18.48,18.55,18.5567,34653,2014-05-19
CEN,18.59,18.504,18.58,18.5304,36495,2014-05-20
CEN,18.748,18.5005,18.599,18.65,64029,2014-05-21
CEN,18.88,18.64,18.68,18.82,37027,2014-05-22
CEN,18.95,18.81,18.93,18.91,40151,2014-05-23
CEN,18.945,18.55,18.83,18.68,98303,2014-05-27
CEN,18.81,18.6,18.7,18.8,44034,2014-05-28
CEN,19.09,18.81,18.9,18.97,73146,2014-05-29
CEN,19.1,18.905,19.02,19.01,82359,2014-05-30
CEN,19.15,18.97,19.1,19.1,26497,2014-06-02
CEN,19.24,19.09,19.14,19.09,36787,2014-06-03
CEN,19.27,19.07,19.13,19.07,42676,2014-06-04
CEN,19.22,19.01,19.22,19.04,41711,2014-06-05
CEN,19.18,19.04,19.16,19.04,30568,2014-06-06
CEN,19.1,18.96,19.01,18.97,32516,2014-06-09
CEN,19.23,18.99,18.99,19.053,59697,2014-06-10
CEN,19.04,18.86,18.96,18.87,30772,2014-06-11
CEN,18.95,18.81,18.95,18.82,31032,2014-06-12
CEN,18.9739,18.81,18.84,18.96,41188,2014-06-13
CEN,19.04,18.81,18.99,18.9,82499,2014-06-16
CEN,19.01,18.85,18.93,18.91,59493,2014-06-17
CEN,18.98,18.7,18.98,18.724,38912,2014-06-18
CEN,18.87,18.72,18.72,18.79,67967,2014-06-19
CEN,19.04,18.88,18.88,18.9499,72818,2014-06-20
CEN,19.2,18.98,19.07,19.16,63393,2014-06-23
CEN,19.3999,18.96,19.2,19,120751,2014-06-24
CEN,19.21,19.01,19.08,19.03,81252,2014-06-25
CEN,19.16,19.05,19.16,19.11,57435,2014-06-26
CEN,19.23,19.09,19.09,19.1547,34937,2014-06-27
CEN,19.24,19.0924,19.16,19.13,71467,2014-06-30
CEN,19.39,19.14,19.14,19.38,113304,2014-07-01
CEN,19.4,19.289,19.38,19.39,88498,2014-07-02
CEN,19.39,19.18,19.39,19.2,23399,2014-07-03
CEN,19.2166,18.9601,19.2,19.08,56217,2014-07-07
CEN,19.15,18.95,19.07,19.03,39285,2014-07-08
CEN,19.1199,18.94,19.01,19.03,29503,2014-07-09
CEN,19.14,18.923,19.02,19.12,50151,2014-07-10
CEN,19.28,18.975,19.15,19.28,17331,2014-07-11
CEN,19.33,19.17,19.32,19.17,31710,2014-07-14
CEN,19.27,19.15,19.27,19.22,34332,2014-07-15
CEN,19.32,19.19,19.32,19.23,61058,2014-07-16
CEN,19.39,19.13,19.2,19.26,90091,2014-07-17
CEN,19.39,19.28,19.3,19.28,45166,2014-07-18
CEN,19.38,19.17,19.3,19.24,74860,2014-07-21
CEN,19.38,19.11,19.3,19.25,95864,2014-07-22
CEN,19.47,19.29,19.34,19.37,73058,2014-07-23
CEN,19.44,19.28,19.36,19.35,63826,2014-07-24
CEN,19.38,19.13,19.27,19.23,86496,2014-07-25
CEN,19.3,18.91,19.3,18.99,105901,2014-07-28
CEN,19.09,19,19.06,19.06,80138,2014-07-29
CEN,19.13,18.9,19.12,19.02,92306,2014-07-30
CEN,18.95,18.71,18.88,18.79,77245,2014-07-31
CEN,18.88,18.629,18.88,18.647,55565,2014-08-01
CEN,18.93,18.51,18.69,18.88,41850,2014-08-04
CEN,19.08,18.749,18.86,19.0101,108327,2014-08-05
CEN,19.09,18.91,18.91,19.04,51490,2014-08-06
CEN,19.42,19.093,19.13,19.28,23009,2014-08-07
CEN,19.5,19.275,19.37,19.49,56247,2014-08-08
CEN,20.27,19.83,19.95,19.88,150928,2014-08-11
CEN,19.99,19.6,19.74,19.82,97063,2014-08-12
CEN,19.82,19.65,19.65,19.7899,55148,2014-08-13
CEN,19.99,19.783,19.8,19.896,69471,2014-08-14
CEN,20.055,19.84,19.84,20.04,92169,2014-08-15
CEN,20.23,20,20.06,20.15,123646,2014-08-18
CEN,20.26,20.07,20.12,20.21,60667,2014-08-19
CEN,20.3,20.17,20.29,20.2201,66972,2014-08-20
CEN,20.38,20.24,20.35,20.32,80936,2014-08-21
CEN,20.43,20.17,20.42,20.37,57683,2014-08-22
CEN,20.57,20.12,20.47,20.44,172356,2014-08-25
CEN,20.47,20.37,20.44,20.47,85069,2014-08-26
CEN,20.61,20.4,20.5,20.48,78083,2014-08-27
CEN,20.74,20.31,20.42,20.45,117045,2014-08-28
CEN,20.64,20.3,20.46,20.42,94428,2014-08-29
CEN,20.56,20.28,20.53,20.41,90765,2014-09-02
CEN,20.57,20.46,20.5,20.56,59198,2014-09-03
CEN,20.68,20.392,20.65,20.56,110834,2014-09-04
CEN,20.67,20.44,20.66,20.5695,57935,2014-09-05
CEN,20.66,20.39,20.6,20.48,61838,2014-09-08
CEN,20.58,20.25,20.52,20.34,87347,2014-09-09
CEN,20.32,20.0701,20.24,20.14,52770,2014-09-10
CEN,20.25,20.0701,20.13,20.14,48866,2014-09-11
CEN,20.13,19.61,20.05,19.75,53236,2014-09-12
CEN,19.84,19.4543,19.84,19.486,50433,2014-09-15
CEN,19.827,19.53,19.54,19.58,69680,2014-09-16
CEN,19.95,19.68,19.68,19.88,80091,2014-09-17
CEN,20.01,19.7163,19.84,19.88,59106,2014-09-18
CEN,20.02,19.73,19.89,19.82,83389,2014-09-19
CEN,19.88,19.261,19.85,19.33,74195,2014-09-22
CEN,19.54,19,19.22,19.04,104796,2014-09-23
CEN,19.22,18.93,19.04,19.08,86161,2014-09-24
CEN,19.24,18.77,19.16,18.82,107593,2014-09-25
CEN,19.14,18.84,18.91,19.04,69467,2014-09-26
CEN,19.46,18.9842,19.1,19.46,45541,2014-09-29
CEN,19.62,19.28,19.56,19.54,73231,2014-09-30
CEN,19.5699,19.176,19.53,19.28,110477,2014-10-01
CEN,19.39,18.9,19.27,19.36,86008,2014-10-02
CEN,19.51,19.31,19.49,19.51,49874,2014-10-03
CEN,19.63,19.349,19.63,19.39,23632,2014-10-06
CEN,19.43,19.15,19.38,19.17,40849,2014-10-07
CEN,19.16,18.73,19.16,19.14,48474,2014-10-08
CEN,19.18,18.6748,19.18,18.78,54097,2014-10-09
CEN,18.76,17.65,18.75,18.14,84049,2014-10-10
CEN,18.26,17.74,18.2,18.03,88333,2014-10-13
CEN,18.1701,17.23,18.09,17.71,130221,2014-10-14
CEN,18.25,16.71,17.45,18.02,230747,2014-10-15
CEN,19.1,17.62,17.62,18.86,121968,2014-10-16
CEN,19.33,18.35,19.16,18.85,119731,2014-10-17
CEN,19.15,18.761,18.84,18.88,63361,2014-10-20
CEN,19.14,18.85,19.06,19,139524,2014-10-21
CEN,19.39,18.86,19.17,18.92,54739,2014-10-22
CEN,19.28,18.88,19.13,18.91,78691,2014-10-23
CEN,19.06,18.73,18.95,18.89,125595,2014-10-24
CEN,18.89,18.58,18.88,18.78,76323,2014-10-27
CEN,19.06,18.79,18.79,19.01,70695,2014-10-28
CEN,19.24,18.91,19.09,19.04,80970,2014-10-29
CEN,19.17,18.99,19.03,19.1,44366,2014-10-30
CEN,19.49,19.066,19.19,19.34,84326,2014-10-31
CEN,19.81,19.412,19.51,19.69,97332,2014-11-03
CEN,19.58,19.11,19.58,19.19,102813,2014-11-04
CEN,19.52,19.15,19.37,19.48,88932,2014-11-05
CEN,19.59,19.1701,19.39,19.59,114462,2014-11-06
CEN,19.8,19.48,19.57,19.8,30072,2014-11-07
CEN,19.81,19.49,19.8,19.61,25345,2014-11-10
CEN,20.07,19.66,19.75,19.85,61813,2014-11-11
CEN,20.06,19.42,19.87,19.85,89079,2014-11-12
CEN,19.97,19.67,19.82,19.97,84428,2014-11-13
CEN,19.85,19.551,19.85,19.79,75821,2014-11-14
CEN,19.905,19.6,19.76,19.67,57025,2014-11-17
CEN,19.95,19.62,19.74,19.81,48835,2014-11-18
CEN,19.99,19.71,19.8,19.93,113400,2014-11-19
CEN,20.2,19.88,19.93,20.05,132153,2014-11-20
CEN,20.26,19.99,20.24,20.24,78243,2014-11-21
CEN,20.24,19.64,20.24,19.69,79950,2014-11-24
CEN,19.94,19.61,19.79,19.9,44275,2014-11-25
CEN,20,19.66,19.81,20,109570,2014-11-26
CEN,19.78,19.36,19.76,19.49,104520,2014-11-28
CEN,19.418,18.62,19.3,19.055,141249,2014-12-01
CEN,19.38,18.56,18.98,19.0808,94870,2014-12-02
CEN,19.65,19.0986,19.32,19.46,52476,2014-12-03
CEN,19.88,19.5,19.86,19.61,109849,2014-12-04
CEN,19.88,19.19,19.6,19.75,82758,2014-12-05
CEN,19.68,18.473,19.68,19.15,68776,2014-12-08
CEN,19.09,18.5801,18.9,18.93,64103,2014-12-09
CEN,18.99,18.4,18.83,18.45,159042,2014-12-10
CEN,19,18.28,18.29,18.48,78981,2014-12-11
CEN,18.8,17.8,18.35,18.03,113039,2014-12-12
CEN,18.9,17.15,18.11,17.68,163914,2014-12-15
CEN,18.11,16.91,17.49,17.1,198116,2014-12-16
CEN,18.22,17.0801,17.17,17.88,151577,2014-12-17
CEN,18.855,17.52,18.66,17.76,120631,2014-12-18
CEN,18.19,17.63,18.19,18.0699,72865,2014-12-19
CEN,18.005,17.33,18,17.73,105640,2014-12-22
CEN,18.05,17.6929,17.73,17.9,76492,2014-12-23
CEN,18.29,17.83,17.83,17.98,103641,2014-12-24
CEN,18.28,17.95,18.15,18.2,65289,2014-12-26
CEN,18.56,18.3,18.35,18.52,52702,2014-12-29
CEN,18.52,18.16,18.43,18.34,68551,2014-12-30
CEN,18.36,17.75,18.36,17.75,142915,2014-12-31
CEN,18.07,17.71,17.9,18.05,36149,2015-01-02
CEN,17.94,17.39,17.94,17.63,52264,2015-01-05
CEN,17.79,17.17,17.62,17.51,161239,2015-01-06
CEN,17.84,17.25,17.76,17.84,202201,2015-01-07
CEN,18.77,17.94,17.95,18.77,68859,2015-01-08
CEN,18.84,18.41,18.74,18.73,61572,2015-01-09
CEN,18.6,18.18,18.6,18.36,48763,2015-01-12
CEN,18.5,17.15,18.35,17.36,163090,2015-01-13
CEN,17.78,17.0601,17.18,17.63,112503,2015-01-14
CEN,18.065,17.62,18.06,17.78,63438,2015-01-15
CEN,18.13,17.72,17.89,18,61052,2015-01-16
CEN,18.31,17.89,18.16,18.23,66030,2015-01-20
CEN,18.6,18.335,18.47,18.59,98129,2015-01-21
CEN,18.84,18.63,18.81,18.78,60352,2015-01-22
CEN,18.86,18.68,18.77,18.76,63973,2015-01-23
CEN,19,18.66,18.99,18.9,74466,2015-01-26
CEN,19.09,18.73,18.87,18.99,60739,2015-01-27
CEN,19.06,18.7,19.06,18.88,84025,2015-01-28
CEN,19.0495,18.5123,19.04,18.79,80583,2015-01-29
CEN,19.02,18.52,18.79,18.97,60234,2015-01-30
CEN,19.19,18.89,19.19,19.02,52381,2015-02-02
CEN,19.4187,19.15,19.2,19.18,91451,2015-02-03
CEN,19.2,18.945,19.18,19.1,49670,2015-02-04
CEN,19.67,19.27,19.32,19.41,102337,2015-02-05
CEN,19.62,19.33,19.57,19.62,107367,2015-02-06
CEN,19.91,19.5,19.68,19.68,80540,2015-02-09
CEN,19.7395,19.2401,19.51,19.27,67114,2015-02-10
CEN,19.251,19.031,19.15,19.2,49315,2015-02-11
CEN,19.57,19.21,19.48,19.39,72155,2015-02-12
CEN,19.78,19.3,19.49,19.32,49984,2015-02-13
CEN,19.6,18.94,19.6,18.94,57168,2015-02-17
CEN,19.08,18.57,19.08,18.71,80918,2015-02-18
CEN,18.9,18.56,18.66,18.9,49097,2015-02-19
CEN,19.3,18.88,18.98,19.19,35311,2015-02-20
CEN,19.35,18.81,19.27,18.81,42167,2015-02-23
CEN,19.51,18.97,18.98,19.11,85614,2015-02-24
CEN,19.682,19.13,19.55,19.4,76844,2015-02-25
CEN,19.53,19.11,19.45,19.53,81743,2015-02-26
CEN,19.59,19.4,19.5,19.51,77666,2015-02-27
CEN,19.52,19.29,19.51,19.52,104840,2015-03-02
CEN,19.71,19.38,19.5,19.58,89717,2015-03-03
CEN,19.55,19.35,19.54,19.44,46647,2015-03-04
CEN,19.7799,19.4,19.48,19.51,82947,2015-03-05
CEN,19.5699,19.38,19.5,19.55,24212,2015-03-06
CEN,19.54,19.32,19.5,19.4,50978,2015-03-09
CEN,19.46,19.17,19.26,19.38,113969,2015-03-10
CEN,19.44,19.2507,19.36,19.33,90923,2015-03-11
CEN,19.49,19.25,19.39,19.27,64258,2015-03-12
CEN,19.81,18.94,19.62,19.09,86884,2015-03-13
CEN,19.38,18.89,19.2,19.32,91180,2015-03-16
CEN,20,18.95,19.14,18.96,98985,2015-03-17
CEN,17.88,17.16,17.5,17.86,225938,2015-03-18
CEN,17.86,17.41,17.86,17.65,57755,2015-03-19
CEN,17.78,17.59,17.7,17.6,36285,2015-03-20
CEN,17.83,17.62,17.83,17.69,67611,2015-03-23
CEN,17.75,17.18,17.71,17.28,41848,2015-03-24
CEN,17.28,16.81,17.24,16.98,113744,2015-03-25
CEN,17.25,16.96,17.24,17.12,46800,2015-03-26
CEN,17.45,16.9201,17.12,17.112,35535,2015-03-27
CEN,17.5,17.16,17.29,17.5,41941,2015-03-30
CEN,17.6,17.3,17.47,17.43,31213,2015-03-31
CEN,17.5,17.2857,17.47,17.32,22039,2015-04-01
CEN,17.46,17.15,17.3,17.27,49000,2015-04-02
CEN,17.49,17.16,17.2,17.34,42491,2015-04-06
CEN,17.56,17.31,17.31,17.46,41120,2015-04-07
CEN,17.46,17.29,17.46,17.34,154915,2015-04-08
CEN,17.33,16.97,17.31,17.32,280059,2015-04-09
CEN,17.44,17.25,17.44,17.27,67557,2015-04-10
CEN,17.27,17.193,17.23,17.22,82477,2015-04-13
CEN,17.36,17.06,17.19,17.18,297094,2015-04-14
CEN,17.32,17.12,17.26,17.12,264243,2015-04-15
CEN,17.19,17.05,17.17,17.08,287420,2015-04-16
CEN,17,16.69,17,16.84,342017,2015-04-17
CEN,17.06,16.859,16.89,16.87,188060,2015-04-20
CEN,16.93,16.8,16.89,16.86,255911,2015-04-21
CEN,17,16.84,16.95,16.93,149853,2015-04-22
CEN,17.14,16.95,16.95,17.1,179476,2015-04-23
CEN,17.17,16.59,17.09,16.71,574130,2015-04-24
CEN,16.817,16.62,16.76,16.7,470820,2015-04-27
CEN,16.72,16.41,16.72,16.6,349172,2015-04-28
CEN,16.72,16.44,16.54,16.62,401891,2015-04-29
CEN,16.77,16.56,16.63,16.7,294091,2015-04-30
CEN,16.81,16.68,16.7,16.77,432807,2015-05-01
CEN,16.8999,16.8,16.85,16.83,136716,2015-05-04
CEN,16.89,16.78,16.84,16.84,233144,2015-05-05
CEN,16.8599,16.58,16.85,16.62,132965,2015-05-06
CEN,16.7,16.43,16.7,16.48,83610,2015-05-07
CEN,16.66,16.51,16.66,16.58,84604,2015-05-08
CEN,16.59,16.43,16.59,16.44,59052,2015-05-11
CEN,16.48,16.25,16.48,16.38,79609,2015-05-12
CEN,16.64,16.34,16.52,16.4,132443,2015-05-13
CEN,16.56,16.47,16.49,16.5,65049,2015-05-14
CEN,16.62,16.37,16.57,16.56,88544,2015-05-15
CEN,16.6,16.5,16.59,16.51,65065,2015-05-18
CEN,16.51,16.11,16.51,16.35,162488,2015-05-19
CEN,16.39,16.25,16.39,16.27,61225,2015-05-20
CEN,16.41,16.2973,16.39,16.31,47047,2015-05-21
CEN,16.35,16.2704,16.35,16.34,29664,2015-05-22
CEN,16.3,16.06,16.26,16.1,61174,2015-05-26
CEN,16.22,16.07,16.22,16.1,49017,2015-05-27
CEN,16.13,15.9,16.13,15.93,69054,2015-05-28
CEN,15.9699,15.79,15.91,15.86,57101,2015-05-29
CEN,15.94,15.73,15.73,15.9,80426,2015-06-01
CEN,15.92,15.84,15.92,15.91,43000,2015-06-02
CEN,15.91,15.75,15.91,15.75,62896,2015-06-03
CEN,15.75,15.425,15.75,15.58,59112,2015-06-04
CEN,15.72,15.41,15.56,15.65,69383,2015-06-05
CEN,15.71,15.55,15.67,15.58,0,2015-06-08
CEN,15.75,15.605,15.62,15.68,0,2015-06-09
CEN,15.72,15.42,15.65,15.45,67747,2015-06-10
CEN,15.51,15.2678,15.41,15.39,122062,2015-06-11
CEN,15.35,15.16,15.35,15.2,80961,2015-06-12
CEN,15.4,15.14,15.28,15.26,130619,2015-06-15
CEN,15.3,15.06,15.3,15.13,83439,2015-06-16
CEN,15.27,15.11,15.16,15.19,165083,2015-06-17
CEN,15.28,15.17,15.28,15.21,140377,2015-06-18
CEN,15.27,15.16,15.22,15.23,184884,2015-06-19
CEN,15.34,15.24,15.29,15.29,161502,2015-06-22
CEN,15.68,15.27,15.32,15.54,228878,2015-06-23
CEN,15.54,15.44,15.52,15.51,98022,2015-06-24
CEN,15.44,15.31,15.43,15.31,110397,2015-06-25
CEN,15.38,15.22,15.38,15.22,157084,2015-06-26
CEN,15.34,15.1201,15.21,15.28,245747,2015-06-29
CEN,15.4,15.21,15.36,15.27,164100,2015-06-30
CEN,15.4,15.21,15.4,15.23,157150,2015-07-01
CEN,15.36,15.21,15.35,15.27,130094,2015-07-02
CEN,15.36,15.11,15.25,15.31,153759,2015-07-06
CEN,15.6999,15.14,15.32,15.66,172796,2015-07-07
CEN,15.508,15.24,15.38,15.36,123578,2015-07-08
CEN,15.541,15.24,15.43,15.24,121894,2015-07-09
CEN,15.48,15.32,15.32,15.47,114383,2015-07-10
CEN,15.72,15.57,15.6,15.66,109714,2015-07-13
CEN,15.79,15.61,15.67,15.71,130907,2015-07-14
CEN,15.87,15.27,15.86,15.3,132778,2015-07-15
CEN,15.41,14.97,15.41,15.01,110105,2015-07-16
CEN,15.1,14.7801,15.08,14.92,136909,2015-07-17
CEN,14.91,14.5,14.91,14.51,77869,2015-07-20
CEN,14.64,14.3,14.51,14.38,97766,2015-07-21
CEN,14.4,13.9101,14.3,14.01,126768,2015-07-22
CEN,14.28,14.01,14.14,14.07,85649,2015-07-23
CEN,14.28,14.05,14.07,14.28,124874,2015-07-24
CEN,14.39,14.03,14.2,14.28,112243,2015-07-27
CEN,14.68,14.2101,14.3,14.62,101876,2015-07-28
CEN,15.4,14.56,14.61,15.34,271039,2015-07-29
CEN,15.4499,15.2,15.3,15.39,146686,2015-07-30
CEN,15.49,14.97,15.39,15.15,257564,2015-07-31
CEN,15.1,14.36,15.07,14.36,186457,2015-08-03
CEN,14.58,14.3,14.3,14.4,112279,2015-08-04
CEN,14.74,13.8801,14.65,13.97,253491,2015-08-05
CEN,14.1,13.46,13.88,14.1,133728,2015-08-06
CEN,14.3099,13.81,14,14.24,59817,2015-08-07
CEN,14.83,14.14,14.22,14.77,110859,2015-08-10
CEN,14.75,14.38,14.55,14.69,59980,2015-08-11
CEN,15.12,14.46,14.62,15.1,78817,2015-08-12
CEN,15.1,14.79,15.1,14.89,132559,2015-08-13
CEN,15.07,14.84,14.95,14.89,189599,2015-08-14
CEN,14.95,14.56,14.95,14.74,119806,2015-08-17
CEN,14.925,14.47,14.79,14.83,103463,2015-08-18
CEN,14.92,14.41,14.8,14.57,103472,2015-08-19
CEN,14.57,14.35,14.51,14.4,60387,2015-08-20
CEN,14.43,13.62,14.3,14.06,254212,2015-08-21
CEN,13.7999,12.6,13.11,13.3,244730,2015-08-24
CEN,13.8,12.81,13.8,13.06,199010,2015-08-25
CEN,13.27,12.56,13.24,12.96,268058,2015-08-26
CEN,13.7,13.19,13.39,13.34,207706,2015-08-27
CEN,13.91,13.37,13.37,13.74,123773,2015-08-28
CEN,14,13.52,13.68,13.85,78410,2015-08-31
CEN,13.84,13.61,13.65,13.68,60132,2015-09-01
CEN,13.92,13.5401,13.88,13.7,55590,2015-09-02
CEN,13.8898,13.675,13.77,13.81,41445,2015-09-03
CEN,13.81,13.54,13.65,13.69,46414,2015-09-04
CEN,13.92,13.52,13.92,13.59,134307,2015-09-08
CEN,13.57,13.12,13.57,13.18,89815,2015-09-09
CEN,13.35,13.05,13.19,13.22,108746,2015-09-10
CEN,13.18,12.9,13.17,12.94,219375,2015-09-11
CEN,13.03,12.8,12.96,12.8699,148311,2015-09-14
CEN,13,12.71,13,12.74,71828,2015-09-15
CEN,12.96,12.81,12.91,12.92,73422,2015-09-16
CEN,13.1699,12.92,12.97,13.07,48047,2015-09-17
CEN,12.99,12.8601,12.99,12.95,43034,2015-09-18
CEN,13.04,12.9,13.01,12.91,33765,2015-09-21
CEN,12.8301,12.63,12.72,12.7,116487,2015-09-22
CEN,12.89,12.64,12.78,12.66,237812,2015-09-23
CEN,12.77,12.22,12.64,12.77,214535,2015-09-24
CEN,12.89,12.382,12.81,12.68,109585,2015-09-25
CEN,12.639,12.0599,12.63,12.24,121034,2015-09-28
CEN,12.27,11.68,12.22,11.7,201570,2015-09-29
CEN,11.95,11.49,11.68,11.67,239059,2015-09-30
CEN,12.42,11.86,11.96,12.33,114173,2015-10-01
CEN,12.59,12.04,12.15,12.56,50859,2015-10-02
CEN,13.06,12.63,12.77,12.84,87127,2015-10-05
CEN,13.41,12.81,12.91,13.23,71030,2015-10-06
CEN,13.5,13.12,13.35,13.23,70787,2015-10-07
CEN,13.55,13.1901,13.36,13.48,118243,2015-10-08
CEN,13.74,13.51,13.68,13.71,50515,2015-10-09
CEN,13.77,13.35,13.77,13.41,62892,2015-10-12
CEN,13.52,13.26,13.35,13.3,65578,2015-10-13
CEN,13.25,12.89,13.2,12.93,78594,2015-10-14
CEN,12.9108,12.63,12.87,12.87,89988,2015-10-15
CEN,13.51,12.88,12.99,13.27,98721,2015-10-16
CEN,13.23,12.97,13.19,13.09,54696,2015-10-19
CEN,13.25,13.03,13.09,13.17,65874,2015-10-20
CEN,13.23,12.82,13.18,12.88,88686,2015-10-21
CEN,12.98,12.53,12.94,12.53,159764,2015-10-22
CEN,12.59,12.13,12.59,12.15,105015,2015-10-23
CEN,12.21,11.84,12.18,11.86,80885,2015-10-26
CEN,11.81,11.45,11.8,11.6,130169,2015-10-27
CEN,12.3,11.643,11.81,12.13,194019,2015-10-28
CEN,12.82,12.11,12.22,12.76,213098,2015-10-29
CEN,13.22,12.605,12.95,13.17,112039,2015-10-30
CEN,13.49,13.07,13.07,13.4899,52065,2015-11-02
CEN,13.7999,13.41,13.79,13.56,148858,2015-11-03
CEN,13.77,13.01,13.69,13.12,99326,2015-11-04
CEN,13.13,12.41,13.04,12.6,161198,2015-11-05
CEN,12.62,12.12,12.62,12.47,139912,2015-11-06
CEN,12.54,12.26,12.47,12.38,41186,2015-11-09
CEN,12.26,11.89,12.26,11.98,70295,2015-11-10
CEN,12.06,11.52,12.06,11.59,94540,2015-11-11
CEN,11.63,11.14,11.51,11.184,201216,2015-11-12
CEN,11.62,10.91,11.17,11.5,207998,2015-11-13
CEN,12.01,11.48,11.58,11.96,79094,2015-11-16
CEN,11.9778,11.44,11.86,11.62,84672,2015-11-17
CEN,11.77,11.39,11.55,11.5,103163,2015-11-18
CEN,11.76,11.23,11.58,11.36,77481,2015-11-19
CEN,11.57,11.0601,11.44,11.21,102922,2015-11-20
CEN,11.16,10.754,11.1,10.917,151315,2015-11-23
CEN,11.26,10.92,10.92,11.22,80732,2015-11-24
CEN,11.22,10.978,11.11,11.18,96355,2015-11-25
CEN,11.4,10.97,11.08,11.27,61963,2015-11-27
CEN,11.3099,11.06,11.22,11.09,206722,2015-11-30
CEN,11.1,10.55,11,10.92,175371,2015-12-01
CEN,10.83,10.18,10.8,10.22,255936,2015-12-02
CEN,10.3,9.7412,10.3,9.76,179819,2015-12-03
CEN,9.77,9.3,9.69,9.34,354020,2015-12-04
CEN,9.1,8.26,9.1,8.85,334396,2015-12-07
CEN,9.27,8.4101,8.5,8.86,235306,2015-12-08
CEN,9.53,9,9,9.06,268928,2015-12-09
CEN,9.51,9,9.07,9,198938,2015-12-10
CEN,8.91,8.4601,8.91,8.61,264306,2015-12-11
CEN,8.74,8.13,8.74,8.19,191817,2015-12-14
CEN,8.52,8.17,8.29,8.49,177436,2015-12-15
CEN,8.775,8.3483,8.47,8.65,170316,2015-12-16
CEN,8.79,8.33,8.79,8.42,230618,2015-12-17
CEN,8.65,8.33,8.49,8.61,173813,2015-12-18
CEN,9.07,8.47,8.6,9.02,221400,2015-12-21
CEN,10.1,9.063,9.09,9.84,204950,2015-12-22
CEN,11.18,10.05,10.05,11.11,249069,2015-12-23
CEN,11.15,10.63,11.07,10.63,117903,2015-12-24
CEN,10.52,9.89,10.52,9.91,290587,2015-12-28
CEN,10.3,9.55,10.04,9.83,241829,2015-12-29
CEN,9.95,9.51,9.66,9.57,187961,2015-12-30
CEN,10.1413,9.44,9.52,10.12,435982,2015-12-31
CEN,10.36,9.9,9.94,10.2701,80910,2016-01-04
CEN,10.47,10.06,10.3,10.36,76127,2016-01-05
CEN,10.15,9.38,10.1,9.62,198480,2016-01-06
CEN,9.63,8.9499,9.45,9.08,92902,2016-01-07
CEN,9.25,8.96,9.2,8.99,116251,2016-01-08
CEN,9.12,8.5,9.07,8.78,158507,2016-01-11
CEN,9.22,8.07,8.96,8.45,176063,2016-01-12
CEN,8.69,7.5618,8.55,7.75,149230,2016-01-13
CEN,8.15,7.53,7.75,8.06,144806,2016-01-14
CEN,7.985,7.55,7.7,7.84,124610,2016-01-15
CEN,7.98,7.05,7.98,7.28,151385,2016-01-19
CEN,7,6.21,7,6.51,226274,2016-01-20
CEN,7.21,6.5179,6.61,7.12,233134,2016-01-21
CEN,7.979,7.44,7.57,7.92,210928,2016-01-22
CEN,8.28,7.64,7.75,7.76,64754,2016-01-25
CEN,8.64,7.64,7.87,8.64,107435,2016-01-26
CEN,8.71,8.0785,8.59,8.26,141268,2016-01-27
CEN,9.087,8.6501,8.92,8.79,113245,2016-01-28
CEN,9.53,9.04,9.21,9.26,220893,2016-01-29
CEN,9.23,8.93,9.23,9.02,92310,2016-02-01
CEN,9.02,8.65,8.88,8.78,100066,2016-02-02
CEN,9.201,8.7,9.03,9.11,83695,2016-02-03
CEN,9.5473,8.97,9.16,9.37,101757,2016-02-04
CEN,9.42,9.06,9.36,9.17,61959,2016-02-05
CEN,8.99,7.9,8.99,8.05,235301,2016-02-08
CEN,7.87,7.25,7.75,7.47,84875,2016-02-09
CEN,7.6915,7.27,7.38,7.32,50499,2016-02-10
CEN,7.39,6.77,7.22,6.84,102248,2016-02-11
CEN,7.49,6.88,7.06,7.44,111883,2016-02-12
CEN,7.94,7.57,7.79,7.86,81403,2016-02-16
CEN,8.87,8.2,8.35,8.47,123726,2016-02-17
CEN,8.73,8.38,8.73,8.61,80545,2016-02-18
CEN,8.57,8.25,8.57,8.54,66220,2016-02-19
CEN,9.1,8.853,9,8.9,77145,2016-02-22
CEN,9.54,8.74,9.54,8.84,69516,2016-02-23
CEN,9.37,8.37,8.72,9.17,78082,2016-02-24
CEN,9.27,9,9.09,9.12,69918,2016-02-25
CEN,9.7782,9.13,9.59,9.18,62601,2016-02-26
CEN,9.65,9.39,9.65,9.44,28911,2016-02-29
CEN,9.56,9.35,9.5,9.36,51564,2016-03-01
CEN,9.89,9.28,9.5,9.76,69992,2016-03-02
CEN,10.18,9.63,9.82,10.14,73071,2016-03-03
CEN,10.575,10.15,10.37,10.54,60041,2016-03-04
CEN,10.8,10.42,10.65,10.75,48227,2016-03-07
CEN,10.83,10.25,10.57,10.8,81388,2016-03-08
CEN,10.79,10.31,10.79,10.74,81842,2016-03-09
CEN,10.89,10.27,10.89,10.4,56626,2016-03-10
CEN,10.55,10.28,10.48,10.33,66111,2016-03-11
CEN,10.37,10.13,10.18,10.335,37375,2016-03-14
CEN,10.249,9.86,10.14,9.95,60429,2016-03-15
CEN,10.68,10.1,10.1,10.6,62666,2016-03-16
CEN,11.079,10.7,10.81,10.81,58944,2016-03-17
CEN,10.935,10.46,10.92,10.56,78155,2016-03-18
CEN,10.62,10.2465,10.59,10.29,28623,2016-03-21
CEN,10.51,10.275,10.29,10.5,41926,2016-03-22
CEN,10.62,10.37,10.42,10.37,53410,2016-03-23
CEN,10.31,10.02,10.13,10.28,23831,2016-03-24
CEN,10.35,10.1,10.35,10.19,41537,2016-03-28
CEN,10.11,9.95,9.96,10,55546,2016-03-29
CEN,10.54,10.24,10.27,10.25,32036,2016-03-30
CEN,10.447,10.17,10.17,10.28,67517,2016-03-31
CEN,10.35,9.95,10.15,9.99,20298,2016-04-01
CEN,10.12,9.61,10.12,9.625,24413,2016-04-04
CEN,9.64,9.29,9.64,9.37,55407,2016-04-05
CEN,9.6192,9.4,9.44,9.52,54014,2016-04-06
CEN,9.62,9.41,9.52,9.42,42732,2016-04-07
CEN,9.7599,9.28,9.59,9.29,114399,2016-04-08
CEN,9.62,9.36,9.44,9.4999,72684,2016-04-11
CEN,9.75,9.5,9.5,9.6,380982,2016-04-12
CEN,9.56,9.43,9.52,9.51,140472,2016-04-13
CEN,9.76,9.34,9.5,9.4,93390,2016-04-14
CEN,9.41,9.2165,9.25,9.25,77650,2016-04-15
CEN,9.48,8.93,9.1,9.43,130569,2016-04-18
CEN,10.01,9.47,9.47,9.99,99742,2016-04-19
CEN,10.5,9.94,9.94,10.3208,90380,2016-04-20
CEN,10.82,10.32,10.51,10.63,96684,2016-04-21
CEN,10.8,10.62,10.62,10.74,51929,2016-04-22
CEN,10.76,10.52,10.75,10.59,41267,2016-04-25
CEN,10.75,10.53,10.61,10.71,91852,2016-04-26
CEN,11.1,10.6,10.78,10.89,123904,2016-04-27
CEN,11.0507,10.76,10.91,10.77,106083,2016-04-28
CEN,10.8945,10.54,10.8,10.77,55696,2016-04-29
CEN,10.8,10.4699,10.8,10.65,69547,2016-05-02
CEN,10.44,10.1,10.44,10.43,76989,2016-05-03
CEN,10.57,10.28,10.45,10.52,126783,2016-05-04
CEN,11.03,10.615,10.73,10.66,118476,2016-05-05
CEN,10.83,10.47,10.47,10.5001,60000,2016-05-06
CEN,10.598,10.14,10.47,10.4,39737,2016-05-09
CEN,10.66,10.44,10.44,10.5,64779,2016-05-10
CEN,10.61,10.195,10.47,10.6,51178,2016-05-11
CEN,10.77,10.6301,10.71,10.75,58740,2016-05-12
CEN,10.95,10.6441,10.75,10.87,49765,2016-05-13
CEN,11.4,10.98,11.03,11.22,96139,2016-05-16
CEN,11.42,11.17,11.21,11.39,73529,2016-05-17
CEN,11.42,10.99,11.41,11.01,84826,2016-05-18
CEN,11.0101,10.67,10.91,10.97,84368,2016-05-19
CEN,11.44,10.94,11,11.44,94884,2016-05-20
CEN,11.55,11.3,11.37,11.38,56032,2016-05-23
CEN,11.5599,11.27,11.43,11.45,78587,2016-05-24
CEN,11.8,11.41,11.52,11.54,179610,2016-05-25
CEN,11.76,11.48,11.6,11.55,91042,2016-05-26
CEN,11.8394,11.33,11.54,11.35,174918,2016-05-27
CEN,11.68,11.21,11.45,11.29,111880,2016-05-31
CEN,11.81,11.04,11.13,11.81,108545,2016-06-01
CEN,11.85,11.57,11.57,11.74,69631,2016-06-02
CEN,11.9,11.6,11.66,11.9,63983,2016-06-03
CEN,12.23,11.75,11.87,12.06,186041,2016-06-06
CEN,12.665,12.08,12.33,12.59,150953,2016-06-07
CEN,13,12.3,12.6,12.7,131203,2016-06-08
CEN,12.48,11.99,12.48,12.0625,148783,2016-06-09
CEN,12,11.5,11.9,11.53,81302,2016-06-10
CEN,11.58,11.24,11.45,11.34,87928,2016-06-13
CEN,11.3799,11.0968,11.23,11.25,62708,2016-06-14
CEN,11.416,11.1,11.22,11.25,56961,2016-06-15
CEN,11.3,10.9401,11.3,11.16,47545,2016-06-16
CEN,11.53,11.18,11.18,11.21,119085,2016-06-17
CEN,11.59,11.21,11.49,11.22,86753,2016-06-20
CEN,11.65,11.15,11.22,11.55,105073,2016-06-21
CEN,11.75,11.54,11.54,11.62,50236,2016-06-22
CEN,12.03,11.72,11.78,11.95,114521,2016-06-23
CEN,12.05,11.23,11.53,11.96,127741,2016-06-24
CEN,11.7905,11.17,11.72,11.38,102066,2016-06-27
CEN,11.79,11.48,11.62,11.63,76093,2016-06-28
CEN,12.0099,11.6,11.79,11.73,104890,2016-06-29
CEN,11.93,11.65,11.78,11.74,74650,2016-06-30
CEN,12.01,11.77,11.77,11.81,64936,2016-07-01
CEN,11.68,11.01,11.62,11.27,331281,2016-07-05
CEN,11.3786,11.07,11.12,11.36,201159,2016-07-06
CEN,11.65,11.15,11.55,11.24,157546,2016-07-07
CEN,11.61,11.27,11.43,11.46,132903,2016-07-08
CEN,11.62,11.31,11.51,11.36,159659,2016-07-11
CEN,11.74,11.49,11.49,11.57,210547,2016-07-12
CEN,11.57,11.21,11.57,11.27,182140,2016-07-13
CEN,11.38,11.12,11.31,11.23,184397,2016-07-14
CEN,11.2766,11.06,11.25,11.14,81427,2016-07-15
CEN,11.33,11,11.05,11.27,109184,2016-07-18
CEN,11.43,11.17,11.29,11.38,156035,2016-07-19
CEN,11.53,11.28,11.31,11.5,81715,2016-07-20
CEN,11.69,11.413,11.52,11.43,73220,2016-07-21
CEN,11.73,11.5,11.5,11.7,62604,2016-07-22
CEN,11.67,11.4511,11.66,11.5,46725,2016-07-25
CEN,11.56,11.26,11.48,11.37,107630,2016-07-26
CEN,11.58,11.35,11.48,11.39,106283,2016-07-27
CEN,11.5,11.25,11.29,11.3,65795,2016-07-28
CEN,11.36,11.17,11.2,11.28,88676,2016-07-29
CEN,11.27,10.86,11.27,10.89,151432,2016-08-01
CEN,11.08,10.61,10.87,10.81,66892,2016-08-02
CEN,11.079,10.83,10.83,10.91,127756,2016-08-03
CEN,11.16,10.86,10.9,10.95,141251,2016-08-04
CEN,11.15,10.9,10.94,11.1,100193,2016-08-05
CEN,11.35,11.16,11.16,11.29,108768,2016-08-08
CEN,11.49,11.18,11.4,11.34,101558,2016-08-09
CEN,11.23,11.095,11.23,11.23,92840,2016-08-10
CEN,11.27,11.14,11.24,11.2,61189,2016-08-11
CEN,11.49,11.26,11.38,11.46,122368,2016-08-12
CEN,11.66,11.47,11.47,11.5,111055,2016-08-15
CEN,11.69,11.44,11.44,11.6,76532,2016-08-16
CEN,11.82,11.61,11.68,11.64,92752,2016-08-17
CEN,11.79,11.6401,11.72,11.74,112829,2016-08-18
CEN,11.72,11.47,11.65,11.54,136047,2016-08-19
CEN,11.51,11.34,11.46,11.36,58629,2016-08-22
CEN,11.79,11.39,11.44,11.65,169309,2016-08-23
CEN,11.715,11.38,11.63,11.45,113700,2016-08-24
CEN,11.55,11.365,11.42,11.46,90969,2016-08-25
CEN,11.62,11.36,11.58,11.38,152636,2016-08-26
CEN,11.52,11.35,11.48,11.4,75393,2016-08-29
CEN,11.55,11.44,11.48,11.54,88199,2016-08-30
CEN,11.49,11.37,11.46,11.4,121871,2016-08-31
CEN,11.413,11.3,11.38,11.38,59321,2016-09-01
CEN,11.53,11.41,11.52,11.5,78455,2016-09-02
CEN,11.7,11.56,11.56,11.66,102021,2016-09-06
CEN,11.81,11.69,11.72,11.76,141209,2016-09-07
CEN,11.9,11.76,11.87,11.89,142253,2016-09-08
CEN,11.84,11.7,11.83,11.7,78305,2016-09-09
CEN,11.79,11.63,11.78,11.68,51417,2016-09-12
CEN,11.65,11,11.57,11.08,313628,2016-09-13
CEN,11.439,10.79,11.04,11.01,223015,2016-09-14
CEN,11.18,10.96,11.04,10.97,82083,2016-09-15
CEN,11.05,10.87,10.99,10.98,45756,2016-09-16
CEN,11.15,10.95,11,11.05,172812,2016-09-19
CEN,11.15,11.02,11.03,11.08,31731,2016-09-20
CEN,11.35,11.15,11.29,11.29,155385,2016-09-21
CEN,11.78,11.42,11.48,11.55,147306,2016-09-22
CEN,11.7,11.4801,11.7,11.54,54789,2016-09-23
CEN,11.68,11.51,11.56,11.53,59698,2016-09-26
CEN,11.47,11.39,11.41,11.43,54078,2016-09-27
CEN,11.68,11.39,11.53,11.63,119973,2016-09-28
CEN,11.92,11.64,11.69,11.71,110905,2016-09-29
CEN,11.87,11.73,11.87,11.77,77022,2016-09-30
CEN,11.88,11.61,11.88,11.7,41291,2016-10-03
CEN,11.62,11.15,11.62,11.29,224349,2016-10-04
CEN,11.5,11.35,11.46,11.47,68607,2016-10-05
CEN,11.58,11.31,11.47,11.38,71738,2016-10-06
CEN,11.47,11.34,11.47,11.46,66531,2016-10-07
CEN,11.74,11.54,11.66,11.72,47719,2016-10-10
CEN,11.82,11.52,11.82,11.6,62893,2016-10-11
CEN,11.5,11.3,11.36,11.45,33120,2016-10-12
CEN,11.4317,11.2468,11.38,11.38,36967,2016-10-13
CEN,11.44,11.24,11.4,11.25,59468,2016-10-14
CEN,11.45,10.7,11.32,10.75,261563,2016-10-17
CEN,11.1199,10.8,10.89,10.95,154633,2016-10-18
CEN,11.18,11.04,11.14,11.12,101228,2016-10-19
CEN,11.22,11.08,11.18,11.19,61843,2016-10-20
CEN,11.32,11.15,11.29,11.2,48597,2016-10-21
CEN,11.36,11.16,11.36,11.2,45490,2016-10-24
CEN,11.2822,11.06,11.25,11.07,77135,2016-10-25
CEN,11.09,10.9396,11,10.99,93850,2016-10-26
CEN,11.08,10.87,10.95,10.99,134711,2016-10-27
CEN,11.03,10.89,11.01,10.98,72623,2016-10-28
CEN,11,10.81,11,10.84,131603,2016-10-31
CEN,11.2,10.7755,10.86,11.17,203836,2016-11-01
CEN,11.1,10.55,11.01,10.58,297552,2016-11-02
CEN,10.6296,10.12,10.61,10.13,223905,2016-11-03
CEN,10.23,9.9601,10.13,10.12,195726,2016-11-04
CEN,10.35,10.16,10.23,10.26,75110,2016-11-07
CEN,10.27,10.12,10.13,10.27,119980,2016-11-08
CEN,11.24,10.25,10.25,10.89,330628,2016-11-09
CEN,11.38,10.9,10.9,10.9806,299599,2016-11-10
CEN,11.15,10.85,11,11.01,206967,2016-11-11
CEN,11.49,11,11.01,11.16,210685,2016-11-14
CEN,11.55,11.26,11.32,11.41,168777,2016-11-15
CEN,11.55,11.25,11.45,11.38,69955,2016-11-16
CEN,11.49,11.3001,11.43,11.41,62149,2016-11-17
CEN,11.49,11.26,11.49,11.35,127216,2016-11-18
CEN,11.54,11.28,11.41,11.45,69545,2016-11-21
CEN,11.6851,11.4,11.59,11.46,112741,2016-11-22
CEN,11.58,11.36,11.49,11.47,90901,2016-11-23
CEN,11.72,11.46,11.59,11.61,68103,2016-11-25
CEN,11.77,11.51,11.74,11.56,75991,2016-11-28
CEN,11.5224,11.15,11.43,11.27,177573,2016-11-29
CEN,11.65,11.48,11.48,11.58,161604,2016-11-30
CEN,11.93,11.46,11.8,11.52,142243,2016-12-01
CEN,11.63,11.38,11.51,11.41,69409,2016-12-02
CEN,11.47,11.3,11.47,11.31,114205,2016-12-05
CEN,11.5,11.26,11.28,11.43,104257,2016-12-06
CEN,11.4645,11.27,11.33,11.45,54193,2016-12-07
CEN,11.52,11.38,11.45,11.43,70342,2016-12-08
CEN,11.52,11.38,11.51,11.45,53816,2016-12-09
CEN,11.68,11.4848,11.63,11.54,63647,2016-12-12
CEN,11.5668,11.42,11.54,11.49,117179,2016-12-13
CEN,11.48,11.25,11.48,11.36,139933,2016-12-14
CEN,11.37,11.21,11.33,11.27,144178,2016-12-15
CEN,11.37,11.2001,11.3,11.3,128986,2016-12-16
CEN,11.4,11.26,11.4,11.31,86211,2016-12-19
CEN,11.46,11.3301,11.37,11.39,128227,2016-12-20
CEN,11.54,11.38,11.48,11.53,136992,2016-12-21
CEN,11.85,11.55,11.56,11.83,121005,2016-12-22
CEN,12.06,11.83,11.84,12.03,108437,2016-12-23
CEN,12.27,12.04,12.08,12.13,117285,2016-12-27
CEN,12.24,11.9,12.17,11.91,77814,2016-12-28
CEN,12.1,11.85,12.01,11.85,107995,2016-12-29
CEN,12.059,11.86,11.87,11.9575,68120,2016-12-30
CEN,12.21,12.06,12.08,12.16,55652,2017-01-03
CEN,12.37,12.16,12.25,12.35,56613,2017-01-04
CEN,12.53,12.33,12.33,12.52,51151,2017-01-05
CEN,12.77,12.55,12.67,12.73,132405,2017-01-06
CEN,12.76,12.4109,12.7,12.42,77057,2017-01-09
CEN,12.498,12.1084,12.45,12.15,146969,2017-01-10
CEN,12.19,11.93,12.16,12.07,182629,2017-01-11
CEN,12.16,11.93,12.14,12,142167,2017-01-12
CEN,12.0709,11.93,11.98,12.03,81805,2017-01-13
CEN,12.36,11.98,12.1,12.08,156067,2017-01-17
CEN,12.19,11.96,12.08,12.18,182662,2017-01-18
CEN,12.26,12.09,12.23,12.26,91591,2017-01-19
CEN,12.35,12.15,12.35,12.15,81553,2017-01-20
CEN,12.23,12.01,12.23,12.08,121168,2017-01-23
CEN,12.32,12.32,12.32,12.32,122940,2017-01-24
CEN,12.88,12.3455,12.44,12.68,268066,2017-01-25
CEN,13.0095,12.67,12.79,12.99,207826,2017-01-26
CEN,13.04,12.8505,12.9,13.02,203097,2017-01-27
CEN,13.07,12.82,13.07,12.98,155566,2017-01-30
CEN,12.95,12.84,12.95,12.89,109806,2017-01-31
CEN,13.3,12.9982,13.1,13.19,196840,2017-02-01
CEN,13.24,13.16,13.21,13.23,63971,2017-02-02
CEN,13.43,13.33,13.35,13.38,77374,2017-02-03
CEN,13.72,13.391,13.44,13.57,134804,2017-02-06
CEN,13.6,13.27,13.6,13.32,189100,2017-02-07
CEN,13.18,12.79,13.16,13.15,218580,2017-02-08
CEN,13.33,13.21,13.22,13.28,108404,2017-02-09
CEN,13.45,13.33,13.42,13.35,85379,2017-02-10
CEN,13.41,13.21,13.41,13.26,161717,2017-02-13
CEN,13.37,13.1428,13.32,13.37,86480,2017-02-14
CEN,13.44,13.32,13.38,13.35,110377,2017-02-15
CEN,13.45,13.13,13.45,13.18,86042,2017-02-16
CEN,13.2,12.94,13.2,13.01,112484,2017-02-17
CEN,13.32,13.1036,13.14,13.21,165559,2017-02-21
CEN,13.33,13.03,13.27,13.06,136213,2017-02-22
CEN,13.24,12.91,13.15,12.96,186987,2017-02-23
CEN,12.99,12.71,12.93,12.87,131900,2017-02-24
CEN,12.97,12.816,12.9,12.97,63945,2017-02-27
CEN,13.0729,12.94,12.97,13.03,91343,2017-02-28
CEN,13.24,13.07,13.2,13.1,98624,2017-03-01
CEN,13.2,13.09,13.13,13.12,79762,2017-03-02
CEN,13.26,13.04,13.14,13.15,74464,2017-03-03
CEN,13.22,13.1,13.16,13.2,62504,2017-03-06
CEN,13.2,13.08,13.18,13.08,71706,2017-03-07
CEN,13.04,12.64,13.02,12.65,101883,2017-03-08
CEN,12.6,11.98,12.6,12.42,298289,2017-03-09
CEN,12.49,12.2544,12.43,12.38,76419,2017-03-10
CEN,12.47,12.21,12.38,12.316,98717,2017-03-13
CEN,12.22,12.03,12.19,12.11,97106,2017-03-14
CEN,12.27,12.01,12.15,12.24,94429,2017-03-15
CEN,12.29,12.08,12.24,12.26,54405,2017-03-16
CEN,12.39,12.19,12.24,12.26,60418,2017-03-17
CEN,12.29,12.16,12.21,12.16,59388,2017-03-20
CEN,12.2096,11.99,12.17,12.01,95238,2017-03-21
CEN,12.16,11.89,11.9,11.94,86878,2017-03-22
CEN,12.267,11.98,11.98,12.13,101056,2017-03-23
CEN,12.38,12.1,12.21,12.18,57964,2017-03-24
CEN,12.174,12.0449,12.15,12.12,61097,2017-03-27
CEN,12.2802,12.1001,12.2,12.2,120167,2017-03-28
CEN,12.399,12.2,12.27,12.37,102814,2017-03-29
CEN,12.49,12.3,12.37,12.36,63104,2017-03-30
CEN,12.53,12.39,12.42,12.51,165495,2017-03-31
CEN,12.62,12.41,12.56,12.55,65135,2017-04-03
CEN,12.68,12.49,12.57,12.68,30581,2017-04-04
CEN,12.93,12.62,12.73,12.65,78449,2017-04-05
CEN,12.84,12.6737,12.68,12.84,59292,2017-04-06
CEN,12.85,12.72,12.85,12.79,55099,2017-04-07
CEN,12.84,12.65,12.83,12.7,68462,2017-04-10
CEN,12.77,12.6,12.65,12.76,72111,2017-04-11
CEN,12.68,12.52,12.68,12.63,62387,2017-04-12
CEN,12.64,12.36,12.64,12.37,90585,2017-04-13
CEN,12.3599,12.21,12.34,12.31,99665,2017-04-17
CEN,12.3,12.22,12.25,12.27,66710,2017-04-18
CEN,12.35,12.15,12.31,12.28,101851,2017-04-19
CEN,12.29,12.2,12.27,12.24,66059,2017-04-20
CEN,12.29,12.16,12.22,12.19,88628,2017-04-21
CEN,12.36,12.22,12.29,12.35,116127,2017-04-24
CEN,12.63,12.34,12.36,12.5,162311,2017-04-25
CEN,12.6676,12.49,12.5,12.54,90507,2017-04-26
CEN,12.549,12.34,12.54,12.34,131599,2017-04-27
CEN,12.575,12.28,12.42,12.37,90451,2017-04-28
CEN,12.4,12.34,12.37,12.35,70187,2017-05-01
CEN,12.43,12.28,12.43,12.28,65190,2017-05-02
CEN,12.29,12.2228,12.29,12.23,52662,2017-05-03
CEN,12.1799,11.82,12.15,11.87,168260,2017-05-04
CEN,11.91,11.64,11.8,11.91,328571,2017-05-05
CEN,11.99,11.79,11.87,11.9,89351,2017-05-08
CEN,11.89,11.7,11.85,11.87,74957,2017-05-09
CEN,11.88,11.75,11.78,11.84,109288,2017-05-10
CEN,11.91,11.76,11.89,11.83,63888,2017-05-11
CEN,11.9028,11.82,11.89,11.86,66123,2017-05-12
CEN,12.1,11.95,11.98,11.95,82470,2017-05-15
CEN,12.02,11.88,11.98,11.89,68761,2017-05-16
CEN,11.91,11.7,11.89,11.72,81359,2017-05-17
CEN,11.72,11.56,11.69,11.67,77934,2017-05-18
CEN,11.83,11.7,11.76,11.73,143386,2017-05-19
CEN,11.935,11.7249,11.87,11.84,92352,2017-05-22
CEN,11.99,11.83,11.89,11.92,125440,2017-05-23
CEN,12.02,11.89,11.93,11.893,95002,2017-05-24
CEN,11.98,11.74,11.92,11.78,146673,2017-05-25
CEN,11.85,11.7,11.84,11.79,99473,2017-05-26
CEN,11.7473,11.52,11.74,11.62,59914,2017-05-30
CEN,11.6,11.39,11.54,11.43,115145,2017-05-31
CEN,11.56,11.43,11.45,11.45,153591,2017-06-01
CEN,11.529,11.39,11.43,11.4,74318,2017-06-02
CEN,11.38,11.29,11.32,11.33,107541,2017-06-05
CEN,11.41,11.29,11.32,11.4,125456,2017-06-06
CEN,11.47,11.06,11.36,11.1,175532,2017-06-07
CEN,11.12,10.92,11.06,10.93,151023,2017-06-08
CEN,11.08,10.92,10.94,11,92562,2017-06-09
CEN,11.15,10.98,11.06,11.06,69164,2017-06-12
CEN,11.1,10.97,11.02,11.04,86980,2017-06-13
CEN,10.9526,10.73,10.91,10.7599,121397,2017-06-14
CEN,10.7,10.43,10.7,10.44,193074,2017-06-15
CEN,10.54,10.39,10.5,10.52,105993,2017-06-16
CEN,10.58,10.44,10.58,10.44,118703,2017-06-19
CEN,10.39,10.053,10.37,10.2,192349,2017-06-20
CEN,10.28,10,10.23,10.06,172779,2017-06-21
CEN,10.27,10.07,10.09,10.08,158668,2017-06-22
CEN,10.28,10.06,10.09,10.24,347655,2017-06-23
CEN,10.49,10.28,10.28,10.43,272473,2017-06-26
CEN,10.72,10.46,10.46,10.57,240893,2017-06-27
CEN,10.7,10.55,10.63,10.68,272532,2017-06-28
CEN,10.82,10.66,10.7,10.81,218511,2017-06-29
CEN,11,10.791,10.84,10.95,248112,2017-06-30
CEN,11.14,10.98,10.98,11.13,156659,2017-07-03
CEN,11.11,10.89,11.1,11.02,172363,2017-07-05
CEN,11.13,10.9,11.02,11.03,136001,2017-07-06
CEN,10.98,10.8,10.95,10.97,251375,2017-07-07
CEN,11.09,10.94,10.98,11.04,161483,2017-07-10
CEN,11.055,10.93,11,10.96,117145,2017-07-11
CEN,11.08,10.93,11,10.99,150462,2017-07-12
CEN,10.99,10.88,10.99,10.99,69838,2017-07-13
CEN,11.2,10.99,10.99,11.17,78927,2017-07-14
CEN,11.39,11.15,11.18,11.33,165891,2017-07-17
CEN,11.49,11.36,11.45,11.45,92816,2017-07-18
CEN,11.62,11.33,11.48,11.33,121379,2017-07-19
CEN,11.43,11.21,11.41,11.3,60928,2017-07-20
CEN,11.35,11.2101,11.35,11.35,58991,2017-07-21
CEN,11.41,11.28,11.33,11.37,61516,2017-07-24
CEN,11.5151,11.38,11.46,11.4,113265,2017-07-25
CEN,11.5,11.37,11.5,11.37,75726,2017-07-26
CEN,11.5,11.31,11.38,11.31,125788,2017-07-27
CEN,11.5,11.34,11.38,11.38,67352,2017-07-28
CEN,11.39,11.25,11.32,11.3,77013,2017-07-31
CEN,11.36,11.198,11.29,11.31,120128,2017-08-01
CEN,11.46,11.2778,11.33,11.46,57565,2017-08-02
CEN,11.43,11.18,11.42,11.18,99358,2017-08-03
CEN,11.08,11.08,11.08,11.08,114559,2017-08-04
CEN,11.06,10.92,11.03,10.97,82820,2017-08-07
CEN,10.85,10.51,10.76,10.51,284038,2017-08-08
CEN,10.61,10.39,10.47,10.61,143509,2017-08-09
CEN,10.61,10.3,10.6,10.3,114987,2017-08-10
CEN,10.34,10.01,10.01,10.29,220362,2017-08-11
CEN,10.43,10.3,10.35,10.3,118660,2017-08-14
CEN,10.25,10.02,10.25,10.08,141740,2017-08-15
CEN,10.17,9.89,10.16,9.98,256400,2017-08-16
CEN,10.03,9.9,9.92,9.94,151505,2017-08-17
CEN,9.99,9.84,9.92,9.91,175429,2017-08-18
CEN,10.03,9.8,9.96,9.81,200918,2017-08-21
CEN,10,9.82,9.82,9.98,193702,2017-08-22
CEN,10.2,9.95,9.96,10.13,224566,2017-08-23
CEN,10.18,10.1,10.18,10.16,94024,2017-08-24
CEN,10.27,10.18,10.22,10.19,137660,2017-08-25
CEN,10.25,10.07,10.12,10.1,120037,2017-08-28
CEN,10.15,10.02,10.06,10.1,155257,2017-08-29
CEN,10.19,10.07,10.09,10.19,71085,2017-08-30
CEN,10.51,10.23,10.24,10.44,252410,2017-08-31
CEN,10.71,10.5,10.51,10.57,157475,2017-09-01
CEN,10.631,10.47,10.59,10.51,71354,2017-09-05
CEN,10.62,10.51,10.57,10.54,81827,2017-09-06
CEN,10.58,10.5101,10.52,10.54,97118,2017-09-07
CEN,10.6,10.4,10.58,10.45,76718,2017-09-08
CEN,10.5533,10.46,10.5,10.48,87881,2017-09-11
CEN,10.62,10.54,10.57,10.56,85139,2017-09-12
CEN,10.62,10.54,10.6,10.56,121579,2017-09-13
CEN,10.6,10.46,10.46,10.52,118411,2017-09-14
CEN,10.5,10.4,10.5,10.44,118771,2017-09-15
CEN,10.51,10.38,10.44,10.45,145542,2017-09-18
CEN,10.51,10.41,10.44,10.43,96454,2017-09-19
CEN,10.5296,10.4,10.51,10.48,108181,2017-09-20
CEN,10.47,10.2934,10.47,10.34,146837,2017-09-21
CEN,10.37,10.25,10.37,10.28,137728,2017-09-22
CEN,10.49,10.49,10.49,10.49,158027,2017-09-25
CEN,10.59,10.41,10.42,10.57,116419,2017-09-26
CEN,10.74,10.48,10.71,10.6,213051,2017-09-27
CEN,10.66,10.5,10.63,10.53,91053,2017-09-28
CEN,10.72,10.53,10.53,10.56,114351,2017-09-29
CEN,10.68,10.52,10.53,10.63,137273,2017-10-02
CEN,10.74,10.65,10.72,10.69,70213,2017-10-03
CEN,10.751,10.6576,10.74,10.7,83973,2017-10-04
CEN,10.84,10.73,10.73,10.79,136505,2017-10-05
CEN,10.81,10.69,10.75,10.79,124406,2017-10-06
CEN,10.86,10.8,10.85,10.82,93565,2017-10-09
CEN,10.92,10.81,10.86,10.81,189440,2017-10-10
CEN,10.79,10.79,10.79,10.79,141446,2017-10-11
CEN,10.7255,10.59,10.69,10.59,87499,2017-10-12
CEN,10.72,10.38,10.71,10.38,226172,2017-10-13
CEN,10.53,10.31,10.49,10.33,74725,2017-10-16
CEN,10.2,9.98,10.2,10.04,244080,2017-10-18
CEN,10.06,9.95,9.99,10,264094,2017-10-19
CEN,10.07,9.93,10.06,9.95,216845,2017-10-20
CEN,10.04,9.71,10.01,9.8,242857,2017-10-23
CEN,9.87,9.65,9.86,9.74,182631,2017-10-24
CEN,9.7202,9.28,9.7,9.33,262263,2017-10-25
CEN,9.5,9.2181,9.36,9.49,366141,2017-10-26
CEN,9.75,9.53,9.54,9.69,347451,2017-10-27
CEN,9.91,9.72,9.75,9.76,202386,2017-10-30
CEN,9.83,9.6,9.82,9.72,229333,2017-10-31
CEN,9.9,9.9,9.9,9.9,320360,2017-11-01
CEN,9.9098,9.59,9.85,9.65,144386,2017-11-02
CEN,9.8,9.63,9.7,9.77,175813,2017-11-03
CEN,9.95,9.8,9.87,9.94,277506,2017-11-06
CEN,10.11,9.9201,9.98,10.07,239146,2017-11-07
CEN,10.07,9.8508,10.07,9.95,187429,2017-11-08
CEN,9.92,9.74,9.79,9.75,126049,2017-11-09
CEN,9.88,9.6,9.8,9.66,254393,2017-11-10
CEN,9.7,9.37,9.7,9.43,333488,2017-11-13
CEN,9.37,9.14,9.36,9.25,261935,2017-11-14
CEN,9.31,9.04,9.22,9.25,315903,2017-11-15
CEN,9.36,9.19,9.28,9.26,227519,2017-11-16
CEN,9.39,9.28,9.29,9.38,189106,2017-11-17
CEN,9.42,9.26,9.35,9.39,232382,2017-11-20
CEN,9.46,9.2,9.32,9.4,337636,2017-11-21
CEN,9.43,9.23,9.43,9.27,315428,2017-11-22
CEN,9.36,9.25,9.35,9.25,103601,2017-11-24
CEN,9.25,9.0214,9.2,9.035,249072,2017-11-27
CEN,9.0405,8.82,9.03,8.9,471114,2017-11-28
CEN,8.9599,8.8,8.9,8.88,259136,2017-11-29
CEN,9.22,8.9,8.9,9.2,342652,2017-11-30
CEN,9.59,9.25,9.25,9.5,425255,2017-12-01
CEN,9.6526,9.46,9.5,9.5,267560,2017-12-04
CEN,9.59,9.43,9.54,9.47,213755,2017-12-05
CEN,9.449,9.15,9.4,9.17,217301,2017-12-06
CEN,9.35,9.1278,9.13,9.29,418700,2017-12-07
CEN,9.5,9.34,9.4,9.46,108751,2017-12-08
CEN,9.67,9.5,9.52,9.63,290464,2017-12-11
CEN,9.9,9.62,9.68,9.79,296606,2017-12-12
CEN,9.9,9.74,9.82,9.88,285618,2017-12-13
CEN,10.04,9.8433,9.87,9.9,242867,2017-12-14
CEN,10.03,9.8361,10,9.98,230145,2017-12-15
CEN,10.13,9.85,9.98,9.89,245711,2017-12-18
CEN,9.99,9.72,9.86,9.8,221331,2017-12-19
CEN,9.84,9.46,9.8,9.6,297160,2017-12-20
CEN,9.81,9.59,9.6,9.67,242773,2017-12-21
CEN,9.8,9.59,9.66,9.68,413200,2017-12-22
CEN,9.92,9.6291,9.78,9.72,570597,2017-12-26
CEN,9.8768,9.65,9.78,9.79,319251,2017-12-27
CEN,9.9,9.7535,9.8,9.83,305877,2017-12-28
CEN,10.01,9.87,9.93,9.96,413099,2017-12-29
CEN,10.26,9.96,10.01,10.14,434591,2018-01-02
CEN,10.45,10.19,10.19,10.38,459408,2018-01-03
CEN,10.62,10.43,10.45,10.59,258525,2018-01-04
CEN,10.6899,10.46,10.63,10.63,144403,2018-01-05
CEN,10.6962,10.59,10.63,10.62,162186,2018-01-08
CEN,10.7,10.61,10.66,10.66,189611,2018-01-09
CEN,10.83,10.65,10.7,10.78,233968,2018-01-10
CEN,10.97,10.72,10.74,10.88,512644,2018-01-11
CEN,11.1099,10.94,10.98,11.04,375842,2018-01-12
CEN,11.2801,11.09,11.12,11.11,417893,2018-01-16
CEN,11.14,10.68,11.14,10.77,493531,2018-01-17
CEN,10.87,10.51,10.81,10.53,479965,2018-01-18
CEN,10.855,10.51,10.62,10.84,466797,2018-01-19
CEN,11.27,10.93,10.93,11.09,446359,2018-01-22
CEN,11.32,11.019,11.23,11.27,442858,2018-01-23
CEN,11.48,11.23,11.32,11.32,346269,2018-01-24
CEN,11.4299,11.2259,11.37,11.3,239680,2018-01-25
CEN,11.42,11.28,11.42,11.33,392344,2018-01-26
CEN,11.37,11.12,11.33,11.14,377462,2018-01-29
CEN,11.0899,10.74,11.08,10.83,484116,2018-01-30
CEN,11,10.85,10.95,10.88,298694,2018-01-31
CEN,11.02,10.781,10.97,10.93,319257,2018-02-01
CEN,10.87,10.51,10.87,10.55,516301,2018-02-02
CEN,10.68,10.05,10.4,10.24,586573,2018-02-05
CEN,10.57,10.1,10.1,10.53,476758,2018-02-06
CEN,10.82,10.399,10.55,10.49,447759,2018-02-07
CEN,10.5,9.93,10.5,9.93,276627,2018-02-08
CEN,10.06,9.45,10.01,9.81,536026,2018-02-09
CEN,10.1325,9.82,9.95,9.94,646720,2018-02-12
CEN,10.33,9.9008,9.99,10.14,359577,2018-02-13
CEN,10.29,10.06,10.13,10.2,93496,2018-02-14
CEN,10.2685,10.0976,10.24,10.19,105378,2018-02-15
CEN,10.2097,9.94,10.2,9.98,316048,2018-02-16
CEN,10.155,9.99,10.02,10.04,220934,2018-02-20
CEN,10.1,9.91,10.05,9.93,241318,2018-02-21
CEN,10.08,9.64,10,9.68,476595,2018-02-22
CEN,9.8699,9.64,9.78,9.8,320423,2018-02-23
CEN,9.8844,9.69,9.86,9.72,282850,2018-02-26
CEN,9.81,9.64,9.78,9.73,257480,2018-02-27
CEN,9.8436,9.4,9.73,9.4,527195,2018-02-28
CEN,9.52,9.36,9.47,9.45,350407,2018-03-01
CEN,9.44,9.2562,9.4,9.33,522223,2018-03-02
CEN,9.4839,9.26,9.31,9.41,165274,2018-03-05
CEN,9.5,9.36,9.49,9.43,148094,2018-03-06
CEN,9.52,9.24,9.43,9.28,352787,2018-03-07
CEN,9.27,9.06,9.24,9.16,208732,2018-03-08
CEN,9.35,9.11,9.27,9.29,346573,2018-03-09
CEN,9.5,9.31,9.31,9.45,236413,2018-03-12
CEN,9.6001,9.45,9.53,9.52,171453,2018-03-13
CEN,9.58,9.31,9.55,9.31,226348,2018-03-14
CEN,9.38,8.12,9.37,8.77,935050,2018-03-15
CEN,9.09,8.82,8.87,9.02,637005,2018-03-16
CEN,9.02,8.586,9.02,8.68,399102,2018-03-19
CEN,8.7807,8.45,8.72,8.54,463492,2018-03-20
CEN,8.81,8.56,8.62,8.74,377684,2018-03-21
CEN,8.76,8.52,8.69,8.58,432607,2018-03-22
CEN,8.69,8.445,8.67,8.47,232602,2018-03-23
CEN,8.6444,8.3,8.64,8.48,273319,2018-03-26
CEN,8.51,8.22,8.5,8.27,268035,2018-03-27
CEN,8.3999,8.16,8.33,8.29,288394,2018-03-28
CEN,8.51,8.29,8.29,8.47,133784,2018-03-29
CEN,8.63,8.31,8.49,8.47,226482,2018-04-02
CEN,8.6,8.21,8.52,8.58,265933,2018-04-03
CEN,8.57,8.29,8.5,8.56,218806,2018-04-04
CEN,8.85,8.54,8.62,8.79,216233,2018-04-05
CEN,8.87,8.56,8.7,8.8,345822,2018-04-06
CEN,8.84,8.48,8.78,8.51,425710,2018-04-09
CEN,8.89,8.56,8.58,8.87,246998,2018-04-10
CEN,9.04,8.85,8.94,9,168005,2018-04-11
CEN,9.2,9.02,9.15,9.11,183655,2018-04-12
CEN,9.11,8.8732,9.11,8.99,195297,2018-04-13
CEN,9.45,9,9.05,9.39,292925,2018-04-16
CEN,9.56,9.26,9.34,9.44,260002,2018-04-17
CEN,9.55,9.335,9.55,9.35,212861,2018-04-18
CEN,9.45,9.14,9.35,9.21,192636,2018-04-19
CEN,9.2441,9.03,9.2,9.22,284704,2018-04-20
CEN,9.52,9.1951,9.22,9.47,368683,2018-04-23
CEN,9.57,9.25,9.57,9.27,133180,2018-04-24
CEN,9.34,9.13,9.27,9.31,195711,2018-04-25
CEN,9.4799,9.32,9.45,9.44,218423,2018-04-26
CEN,9.5,9.35,9.43,9.42,177217,2018-04-27
CEN,9.51,9.4,9.46,9.43,130419,2018-04-30
CEN,9.5511,9.38,9.38,9.49,183365,2018-05-01
CEN,9.52,9.15,9.44,9.19,309634,2018-05-02
CEN,9.199,9.03,9.09,9.06,256582,2018-05-03
CEN,9.12,9.01,9.01,9.1,101626,2018-05-04
CEN,9.33,9.13,9.15,9.17,339743,2018-05-07
CEN,9.32,9.095,9.15,9.3,179961,2018-05-08
CEN,9.47,9.27,9.35,9.42,445448,2018-05-09
CEN,9.56,9.42,9.45,9.49,251139,2018-05-10
CEN,9.5699,9.42,9.51,9.46,218525,2018-05-11
CEN,9.69,9.5,9.52,9.59,374109,2018-05-14
CEN,9.55,9.4299,9.46,9.5,193500,2018-05-15
CEN,9.58,9.5,9.5,9.54,159151,2018-05-16
CEN,9.72,9.57,9.64,9.63,266479,2018-05-17
CEN,9.67,9.52,9.67,9.57,139152,2018-05-18
CEN,9.66,9.55,9.64,9.63,181266,2018-05-21
CEN,9.66,9.59,9.63,9.61,186281,2018-05-22
CEN,9.62,9.36,9.62,9.46,358635,2018-05-23
CEN,9.4302,9.23,9.4,9.3,276911,2018-05-24
CEN,9.22,8.99,9.15,9.15,299697,2018-05-25
CEN,9.2215,9.07,9.14,9.12,220086,2018-05-29
CEN,9.3,9.1,9.17,9.26,280658,2018-05-30
CEN,9.43,9.22,9.22,9.38,140838,2018-05-31
CEN,9.49,9.34,9.39,9.45,364595,2018-06-01
CEN,9.57,9.47,9.53,9.56,208590,2018-06-04
CEN,9.58,9.48,9.58,9.51,180279,2018-06-05
CEN,9.54,9.36,9.5,9.38,170529,2018-06-06
CEN,9.49,9.38,9.4,9.44,238503,2018-06-07
CEN,9.48,9.39,9.46,9.48,152564,2018-06-08
CEN,9.54,9.45,9.51,9.5,369603,2018-06-11
CEN,9.48,9.35,9.41,9.39,138567,2018-06-12
CEN,9.3515,9.22,9.33,9.24,130929,2018-06-13
CEN,9.28,9.18,9.26,9.21,124034,2018-06-14
CEN,9.18,8.94,9.16,9,378365,2018-06-15
CEN,9.079,8.93,8.98,8.97,291751,2018-06-18
CEN,9.03,8.93,8.93,9.01,91945,2018-06-19
CEN,9.07,8.95,9.04,9,167726,2018-06-20
CEN,9.06,8.92,9.06,8.96,201346,2018-06-21
CEN,9.16,9,9.1,9,328185,2018-06-22
CEN,9.04,8.77,9,8.8,370110,2018-06-25
CEN,8.96,8.82,8.82,8.92,219140,2018-06-26
CEN,9,8.81,8.96,8.84,197683,2018-06-27
CEN,8.91,8.71,8.84,8.76,266735,2018-06-28
CEN,8.945,8.8,8.83,8.89,223428,2018-06-29
CEN,8.96,8.79,8.87,8.82,143727,2018-07-02
CEN,9,8.88,8.88,8.905,118947,2018-07-03
CEN,8.98,8.915,8.96,8.92,83423,2018-07-05
CEN,8.98,8.895,8.92,8.96,95465,2018-07-06
CEN,9.1,8.96,8.99,9.06,222731,2018-07-09
CEN,9.12,9.04,9.07,9.06,152303,2018-07-10
CEN,9.08,8.97,9.05,9.02,177849,2018-07-11
CEN,9.08,9.02,9.04,9.02,215622,2018-07-12
CEN,9.15,9.04,9.04,9.14,147303,2018-07-13
CEN,9.21,9.02,9.12,9.04,431158,2018-07-16
CEN,9,8.9,8.97,9,237786,2018-07-17
CEN,9.0859,8.93,8.96,9.05,224063,2018-07-18
CEN,9.37,9.14,9.32,9.3,799446,2018-07-19
CEN,9.41,9.2,9.38,9.24,236936,2018-07-20
CEN,9.2899,9.192,9.25,9.26,122205,2018-07-23
CEN,9.44,9.29,9.35,9.33,95927,2018-07-24
CEN,9.41,9.27,9.37,9.36,242506,2018-07-25
CEN,9.52,9.38,9.4,9.49,195806,2018-07-26
CEN,9.54,9.1341,9.51,9.19,587528,2018-07-27
CEN,9.34,9.23,9.23,9.28,383581,2018-07-30
CEN,9.33,9.13,9.32,9.17,640327,2018-07-31
CEN,9.33,9.16,9.16,9.32,192776,2018-08-01
CEN,9.66,9.33,9.33,9.65,421097,2018-08-02
CEN,9.8,9.64,9.65,9.78,277327,2018-08-03
CEN,9.94,9.78,9.8,9.93,189337,2018-08-06
CEN,10.07,9.87,10,9.95,443306,2018-08-07
CEN,9.98,9.68,9.88,9.97,347040,2018-08-08
CEN,10.15,9.99,9.99,10.15,242783,2018-08-09
CEN,10.28,10.04,10.09,10.15,262479,2018-08-10
CEN,10.2,9.78,10.15,9.87,476001,2018-08-13
CEN,9.9599,9.8,9.86,9.87,130604,2018-08-14
CEN,9.84,9.6,9.84,9.7,234030,2018-08-15
CEN,9.83,9.69,9.72,9.79,106257,2018-08-16
CEN,9.94,9.78,9.79,9.94,166435,2018-08-17
CEN,10.22,9.95,9.95,10.22,308451,2018-08-20
CEN,10.24,9.96,10.24,9.96,361796,2018-08-21
CEN,10.1,9.97,9.98,10.08,171716,2018-08-22
CEN,10.1199,10.01,10.1,10.05,194025,2018-08-23
CEN,10.18,10.05,10.18,10.08,223711,2018-08-24
CEN,10.1202,9.98,10.1,10.09,223111,2018-08-27
CEN,10.089,9.93,10.07,9.95,147417,2018-08-28
CEN,9.99,9.88,9.97,9.92,132965,2018-08-29
CEN,9.88,9.75,9.88,9.79,175771,2018-08-30
CEN,9.8,9.67,9.8,9.73,129943,2018-08-31
CEN,9.87,9.7,9.71,9.87,217768,2018-09-04
CEN,9.84,9.71,9.82,9.84,103888,2018-09-05
CEN,9.9,9.76,9.84,9.81,155665,2018-09-06
CEN,9.8,9.66,9.8,9.709,161627,2018-09-07
CEN,9.84,9.73,9.73,9.84,101246,2018-09-10
CEN,9.95,9.78,9.81,9.95,167544,2018-09-11
CEN,10,9.88,10,9.95,187388,2018-09-12
CEN,9.99,9.88,9.92,9.91,123705,2018-09-13
CEN,9.911,9.745,9.91,9.89,138813,2018-09-14
CEN,9.9,9.83,9.89,9.85,148919,2018-09-17
CEN,9.78,9.69,9.74,9.73,81714,2018-09-18
CEN,9.7491,9.67,9.73,9.73,162164,2018-09-19
CEN,9.73,9.6501,9.72,9.69,86141,2018-09-20
CEN,9.7,9.6,9.68,9.61,181966,2018-09-21
CEN,9.675,9.475,9.63,9.49,172845,2018-09-24
CEN,9.48,9.27,9.48,9.34,266428,2018-09-25
CEN,9.35,9.15,9.31,9.16,256172,2018-09-26
CEN,9.36,9.16,9.16,9.36,121151,2018-09-27
CEN,9.4424,9.28,9.33,9.42,157805,2018-09-28
CEN,9.68,9.5,9.51,9.64,292591,2018-10-01
CEN,9.75,9.63,9.72,9.68,143234,2018-10-02
CEN,9.8,9.65,9.65,9.76,102712,2018-10-03
CEN,9.78,9.6,9.78,9.62,128166,2018-10-04
CEN,9.6999,9.5,9.6,9.56,113573,2018-10-05
CEN,9.63,9.4571,9.47,9.54,119026,2018-10-08
CEN,9.73,9.5,9.51,9.71,152716,2018-10-09
CEN,9.69,9.45,9.69,9.45,146853,2018-10-10
CEN,9.4257,9.18,9.36,9.21,217765,2018-10-11
CEN,9.38,9.05,9.28,9.26,239824,2018-10-12
CEN,9.35,9.19,9.24,9.33,211595,2018-10-15
CEN,9.44,9.23,9.23,9.34,161195,2018-10-16
CEN,9.36,9.12,9.33,9.25,130793,2018-10-17
CEN,9.36,9.1337,9.2,9.22,108194,2018-10-18
CEN,9.34,9.21,9.28,9.25,121346,2018-10-19
CEN,9.28,9.08,9.28,9.12,133582,2018-10-22
CEN,9.06,8.76,9.01,9.02,240017,2018-10-23
CEN,9.03,8.5719,9.03,8.58,340790,2018-10-24
CEN,8.7399,8.59,8.73,8.64,448869,2018-10-25
CEN,8.63,8.31,8.63,8.46,301770,2018-10-26
CEN,8.52,8.17,8.52,8.31,267661,2018-10-29
CEN,8.38,8.15,8.31,8.24,243321,2018-10-30
CEN,8.54,8.3,8.3,8.33,255632,2018-10-31
CEN,8.49,8.35,8.36,8.44,201476,2018-11-01
CEN,8.5,8.35,8.46,8.4,120084,2018-11-02
CEN,8.619,8.42,8.44,8.54,152635,2018-11-05
CEN,8.7,8.53,8.53,8.66,235892,2018-11-06
CEN,8.905,8.73,8.75,8.78,377978,2018-11-07
CEN,8.97,8.75,8.75,8.815,247571,2018-11-08
CEN,8.82,8.51,8.82,8.71,147247,2018-11-09
CEN,8.77,8.55,8.77,8.55,185384,2018-11-12
CEN,8.49,8.16,8.46,8.22,273156,2018-11-13
CEN,8.32,8.02,8.32,8.13,364297,2018-11-14
CEN,8.26,8.13,8.13,8.21,172972,2018-11-15
CEN,8.32,8.15,8.21,8.28,227546,2018-11-16
CEN,8.38,8.22,8.29,8.25,159743,2018-11-19
CEN,8.22,7.8,8.2,7.88,534196,2018-11-20
CEN,8.16,7.98,8.03,8.02,532843,2018-11-21
CEN,7.92,7.73,7.92,7.82,218887,2018-11-23
CEN,7.99,7.81,7.91,7.84,189596,2018-11-26
CEN,7.87,7.74,7.86,7.78,194455,2018-11-27
CEN,7.91,7.71,7.82,7.91,201407,2018-11-28
CEN,8.0999,7.94,7.94,8.01,164232,2018-11-29
CEN,8.0757,7.86,8.01,7.98,152836,2018-11-30
CEN,8.36,8.2,8.3,8.3,249572,2018-12-03
CEN,8.3028,8.035,8.3,8.11,233035,2018-12-04
CEN,7.9888,7.71,7.98,7.97,265329,2018-12-06
CEN,8.2,7.87,8.05,7.88,342360,2018-12-07
CEN,7.91,7.5915,7.9,7.64,251438,2018-12-10
CEN,7.7729,7.56,7.73,7.68,329513,2018-12-11
CEN,7.83,7.64,7.72,7.75,275149,2018-12-12
CEN,7.881,7.68,7.68,7.8,289653,2018-12-13
CEN,7.8944,7.67,7.75,7.68,188562,2018-12-14
CEN,7.68,7.31,7.65,7.34,365609,2018-12-17
CEN,7.2807,6.89,7.27,6.96,509335,2018-12-18
CEN,7.08,6.72,6.99,6.77,466197,2018-12-19
CEN,6.75,6.24,6.71,6.42,888964,2018-12-20
CEN,6.61,6.37,6.39,6.43,883301,2018-12-21
CEN,6.49,6.31,6.47,6.31,361682,2018-12-24
CEN,6.77,6.22,6.39,6.77,476669,2018-12-26
CEN,6.7,6.325,6.68,6.69,579660,2018-12-27
CEN,6.95,6.59,6.71,6.82,841251,2018-12-28
CEN,6.87,6.77,6.8,6.85,900244,2018-12-31
CEN,7.001,6.66,6.73,6.85,617901,2019-01-02
CEN,7.07,6.81,6.84,6.95,352403,2019-01-03
CEN,7.49,7.1,7.1,7.4,409379,2019-01-04
CEN,7.79,7.57,7.61,7.7,457111,2019-01-07
CEN,8.09,7.82,7.87,7.99,474586,2019-01-08
CEN,8.32,8.05,8.1,8.19,424019,2019-01-09
CEN,8.171,8.02,8.16,8.14,230287,2019-01-10
CEN,8.13,8.03,8.11,8.08,235544,2019-01-11
CEN,8.08,7.95,8.07,8.02,209552,2019-01-14
CEN,8.11,7.95,7.99,8.06,208667,2019-01-15
CEN,8.179,8.04,8.04,8.08,257479,2019-01-16
CEN,8.1361,8.02,8.08,8.1,86264,2019-01-17
CEN,8.24,8.09,8.16,8.2,255388,2019-01-18
CEN,8.22,7.94,8.17,7.94,262110,2019-01-22
CEN,8.09,7.92,8,7.97,146654,2019-01-23
CEN,8.02,7.92,8.02,7.98,182377,2019-01-24
CEN,8.14,8.02,8.02,8.12,133751,2019-01-25
CEN,8.07,7.94,8.04,8.05,365971,2019-01-28
CEN,8.18,8.045,8.13,8.05,330651,2019-01-29
CEN,8.3,8.07,8.08,8.21,436044,2019-01-30
CEN,8.31,8.13,8.24,8.15,170345,2019-01-31
CEN,8.32,8.13,8.15,8.27,324934,2019-02-01
CEN,8.37,8.26,8.3,8.34,191587,2019-02-04
CEN,8.4,8.345,8.36,8.36,158280,2019-02-05
CEN,8.43,8.2601,8.38,8.31,162548,2019-02-06
CEN,8.32,8.11,8.26,8.21,298519,2019-02-07
CEN,8.21,8,8.21,8.08,239763,2019-02-08
CEN,8.1,7.9,8.08,7.96,481020,2019-02-11
CEN,8.019,7.8425,7.96,7.9,575609,2019-02-12
CEN,8.06,7.89,7.89,8.01,323395,2019-02-13
CEN,8.14,7.955,8.01,8.1,267115,2019-02-14
CEN,8.25,8.14,8.15,8.22,262022,2019-02-15
CEN,8.45,8.22,8.22,8.42,342714,2019-02-19
CEN,8.4459,8.269,8.43,8.37,251506,2019-02-20
CEN,8.44,8.14,8.44,8.2,329308,2019-02-21
CEN,8.371,8.28,8.28,8.31,222028,2019-02-22
CEN,8.4,8.2407,8.37,8.32,300918,2019-02-25
CEN,8.3,8.14,8.3,8.14,203144,2019-02-26
CEN,8.25,8.08,8.15,8.2,296787,2019-02-27
CEN,8.2624,8.1,8.26,8.14,378179,2019-02-28
CEN,8.24,8.04,8.17,8.1,445918,2019-03-01
CEN,8.17,8.02,8.14,8.05,392295,2019-03-04
CEN,8.1067,8.01,8.08,8.09,158859,2019-03-05
CEN,8.09,8.02,8.09,8.06,127246,2019-03-06
CEN,8.22,8.04,8.06,8.2,360589,2019-03-07
CEN,8.2262,8.03,8.11,8.2,217093,2019-03-08
CEN,8.38,8.24,8.27,8.27,433295,2019-03-11
CEN,8.25,7.99,8.23,8.03,737261,2019-03-12
CEN,8.12,8.02,8.05,8.04,310871,2019-03-13
CEN,8.09,8.039,8.04,8.09,133666,2019-03-14
CEN,8.11,8.0301,8.1,8.09,117815,2019-03-15
CEN,8.15,8.08,8.1,8.13,480837,2019-03-18
CEN,8.29,8.15,8.17,8.22,465289,2019-03-19
CEN,8.32,8.21,8.22,8.32,256142,2019-03-20
CEN,8.41,8.3,8.33,8.41,217738,2019-03-21
CEN,8.4,8.2433,8.39,8.25,252785,2019-03-22
CEN,8.29,8.09,8.29,8.18,195019,2019-03-25
CEN,8.328,8.17,8.27,8.21,129749,2019-03-26
CEN,8.26,8.12,8.21,8.16,118745,2019-03-27
CEN,8.24,8.14,8.16,8.24,87776,2019-03-28
CEN,8.36,8.29,8.3,8.33,216310,2019-03-29
CEN,8.48,8.3403,8.37,8.47,349712,2019-04-01
CEN,8.57,8.45,8.49,8.57,216260,2019-04-02
CEN,8.615,8.43,8.6,8.46,234421,2019-04-03
CEN,8.49,8.32,8.46,8.4,236575,2019-04-04
CEN,8.54,8.41,8.45,8.54,217186,2019-04-05
CEN,8.68,8.5601,8.57,8.66,421340,2019-04-08
CEN,8.66,8.55,8.65,8.6,318572,2019-04-09
CEN,8.68,8.5099,8.63,8.54,375909,2019-04-10
CEN,8.75,8.55,8.62,8.65,1122703,2019-04-11
CEN,8.89,8.76,8.85,8.83,883807,2019-04-12
CEN,8.99,8.84,8.99,8.85,795862,2019-04-15
CEN,8.76,8.64,8.75,8.7,388490,2019-04-16
CEN,8.7199,8.63,8.7,8.64,269609,2019-04-17
CEN,8.6401,8.34,8.64,8.42,592827,2019-04-18
CEN,8.64,8.44,8.44,8.6,224887,2019-04-22
CEN,8.68,8.57,8.6,8.61,273104,2019-04-23
CEN,8.61,8.5,8.6,8.52,297244,2019-04-24
CEN,8.5675,8.46,8.54,8.5,278886,2019-04-25
CEN,8.5,8.3,8.5,8.32,569649,2019-04-26
CEN,8.44,8.33,8.33,8.4,310724,2019-04-29
CEN,8.49,8.35,8.49,8.37,265626,2019-04-30
CEN,8.4161,8.33,8.39,8.36,307735,2019-05-01
CEN,8.35,8.12,8.33,8.24,687042,2019-05-02
CEN,8.37,8.27,8.29,8.3,336060,2019-05-03
CEN,8.28,8.17,8.2,8.24,505166,2019-05-06
CEN,8.24,8.15,8.19,8.2,435399,2019-05-07
CEN,8.31,8.15,8.2,8.22,290237,2019-05-08
CEN,8.23,8.11,8.2,8.14,343045,2019-05-09
CEN,8.45,8.21,8.21,8.31,701809,2019-05-10
CEN,8.36,8.28,8.31,8.33,266636,2019-05-13
CEN,8.35,8.23,8.33,8.3,440186,2019-05-14
CEN,8.359,8.24,8.3,8.3,241614,2019-05-15
CEN,8.3769,8.2851,8.32,8.31,384885,2019-05-16
CEN,8.42,8.305,8.33,8.35,319964,2019-05-17
CEN,8.3651,8.25,8.31,8.25,218358,2019-05-20
CEN,8.381,8.29,8.29,8.32,327929,2019-05-21
CEN,8.35,8.29,8.3,8.29,213412,2019-05-22
CEN,8.25,8.0499,8.21,8.15,326555,2019-05-23
CEN,8.25,8.1,8.24,8.11,239195,2019-05-24
CEN,8.18,8.1,8.12,8.1,237727,2019-05-28
CEN,8.0952,7.96,8.07,8.03,539442,2019-05-29
CEN,8.1003,7.98,8.07,8.02,384099,2019-05-30
CEN,7.9858,7.9,7.96,7.91,477681,2019-05-31
CEN,7.995,7.9,7.91,7.92,317208,2019-06-03
CEN,8.07,7.95,7.97,8.04,199620,2019-06-04
CEN,8.12,7.9749,8.06,8.12,204140,2019-06-05
CEN,8.12,8.04,8.1,8.08,246022,2019-06-06
CEN,8.15,8.02,8.1,8.05,400210,2019-06-07
CEN,8.18,8.05,8.08,8.09,414449,2019-06-10
CEN,8.11,7.99,8.03,8.06,395904,2019-06-11
CEN,8.05,7.955,8.05,7.97,336243,2019-06-12
CEN,8.05,7.94,8,7.96,317779,2019-06-13
CEN,7.98,7.87,7.98,7.89,312132,2019-06-14
CEN,7.89,7.77,7.86,7.78,309398,2019-06-17
CEN,7.86,7.76,7.8,7.78,447236,2019-06-18
CEN,7.81,7.75,7.8,7.79,205671,2019-06-19
CEN,7.95,7.82,7.91,7.84,250230,2019-06-20
CEN,7.93,7.85,7.86,7.89,184665,2019-06-21
CEN,7.92,7.87,7.89,7.91,224660,2019-06-24
CEN,7.91,7.83,7.9,7.83,205962,2019-06-25
CEN,7.8993,7.8,7.87,7.83,358493,2019-06-26
CEN,7.9,7.82,7.85,7.83,266842,2019-06-27
CEN,7.9,7.83,7.87,7.86,399460,2019-06-28
CEN,8.06,7.96,7.96,8,289579,2019-07-01
CEN,8.065,7.95,8,8.03,224271,2019-07-02
CEN,8.09,8,8.04,8.04,166597,2019-07-03
CEN,8.13,8.0215,8.04,8.09,298120,2019-07-05
CEN,8.23,8.11,8.14,8.23,629054,2019-07-08
CEN,8.27,8.19,8.24,8.21,400221,2019-07-09
CEN,8.33,8.23,8.27,8.28,347231,2019-07-10
CEN,8.39,8.28,8.29,8.35,300580,2019-07-11
CEN,8.42,8.33,8.33,8.37,377733,2019-07-12
CEN,8.49,8.39,8.42,8.41,786427,2019-07-15
CEN,8.3499,8.24,8.28,8.28,275147,2019-07-16
CEN,8.2865,8.11,8.25,8.13,384246,2019-07-17
CEN,8.1152,8.05,8.09,8.11,230787,2019-07-18
CEN,8.15,8.02,8.15,8.05,341220,2019-07-19
CEN,8.12,8.02,8.07,8.05,691141,2019-07-22
CEN,8.155,8.08,8.08,8.12,342055,2019-07-23
CEN,8.14,8.06,8.11,8.09,212837,2019-07-24
CEN,8.15,8.08,8.14,8.11,365446,2019-07-25
CEN,8.11,8.01,8.11,8.02,440533,2019-07-26
CEN,8.0489,7.92,8.04,7.93,452682,2019-07-29
CEN,7.93,7.81,7.92,7.85,681678,2019-07-30
CEN,7.869,7.8,7.85,7.82,500686,2019-07-31
CEN,7.9,7.8,7.82,7.8,473739,2019-08-01
CEN,7.88,7.7,7.82,7.87,523780,2019-08-02
CEN,7.78,7.5545,7.78,7.64,995511,2019-08-05
CEN,7.73,7.47,7.7,7.56,847356,2019-08-06
CEN,7.48,7.14,7.46,7.37,897123,2019-08-07
CEN,7.57,7.32,7.4,7.51,613702,2019-08-08
CEN,7.63,7.37,7.63,7.42,510753,2019-08-09
CEN,7.43,7.18,7.4,7.22,691956,2019-08-12
CEN,7.16,6.97,7.12,7.11,776590,2019-08-13
CEN,7.05,6.755,7.05,6.85,759000,2019-08-14
CEN,6.9,6.76,6.85,6.87,592871,2019-08-15
CEN,7.03,6.88,6.89,6.98,426185,2019-08-16
CEN,7.25,7.02,7.07,7.14,464591,2019-08-19
CEN,7.225,7.115,7.16,7.14,283786,2019-08-20
CEN,7.25,7.1501,7.22,7.19,400730,2019-08-21
CEN,7.24,7.06,7.24,7.08,372514,2019-08-22
CEN,7.08,6.9,7.05,6.95,582833,2019-08-23
CEN,7.03,6.82,6.99,6.83,515692,2019-08-26
CEN,6.85,6.66,6.84,6.72,619458,2019-08-27
CEN,6.8771,6.73,6.74,6.82,843758,2019-08-28
CEN,7.01,6.87,6.87,6.91,449722,2019-08-29
CEN,7.0772,6.98,6.98,7.02,229506,2019-08-30
CEN,6.98,6.87,6.94,6.91,301788,2019-09-03
CEN,7.0546,6.94,6.94,7,352889,2019-09-04
CEN,7.14,7.03,7.07,7.04,286688,2019-09-05
CEN,7.07,6.96,7.02,7.06,348017,2019-09-06
CEN,7.145,7.03,7.03,7.12,441089,2019-09-09
CEN,7.24,7.13,7.17,7.2,262280,2019-09-10
CEN,7.32,7.2109,7.23,7.27,241569,2019-09-11
CEN,7.27,7.1999,7.25,7.25,191901,2019-09-12
CEN,7.345,7.23,7.23,7.29,663443,2019-09-13
CEN,7.5,7.41,7.49,7.42,964004,2019-09-16
CEN,7.38,7.28,7.34,7.35,513286,2019-09-17
CEN,7.33,7.265,7.3,7.3,196019,2019-09-18
CEN,7.35,7.21,7.31,7.25,343618,2019-09-19
CEN,7.333,7.24,7.24,7.31,491691,2019-09-20
CEN,7.35,7.25,7.32,7.32,273637,2019-09-23
CEN,7.34,7.1858,7.34,7.2,266811,2019-09-24
CEN,7.18,7.1,7.14,7.13,364631,2019-09-25
CEN,7.143,7.06,7.11,7.11,361978,2019-09-26
CEN,7.155,7.06,7.1,7.08,381776,2019-09-27
CEN,7.13,7.04,7.08,7.12,342400,2019-09-30
CEN,7.1551,7.02,7.13,7.02,304737,2019-10-01
CEN,7.04,6.87,7.02,6.94,533102,2019-10-02
CEN,7.01,6.82,6.92,7.01,610667,2019-10-03
CEN,7.0466,6.94,7.02,6.98,415329,2019-10-04
CEN,7.12,6.98,7.05,7.03,611251,2019-10-07
CEN,7.03,6.92,7.02,6.93,510569,2019-10-08
CEN,6.9896,6.83,6.95,6.83,761315,2019-10-09
CEN,6.9,6.81,6.85,6.85,596921,2019-10-10
CEN,6.96,6.85,6.91,6.86,800339,2019-10-11
CEN,6.9,6.83,6.86,6.86,470517,2019-10-14
CEN,6.82,6.67,6.75,6.69,494355,2019-10-15
CEN,6.7485,6.52,6.74,6.54,600796,2019-10-16
CEN,6.55,6.45,6.55,6.5,767548,2019-10-17
CEN,6.67,6.5,6.52,6.66,574122,2019-10-18
CEN,6.67,6.58,6.63,6.61,251778,2019-10-21
CEN,6.76,6.62,6.66,6.67,675145,2019-10-22
CEN,6.73,6.645,6.68,6.69,187949,2019-10-23
CEN,6.77,6.64,6.74,6.73,414519,2019-10-24
CEN,6.73,6.66,6.72,6.69,371680,2019-10-25
CEN,6.75,6.51,6.71,6.59,744099,2019-10-28
CEN,6.63,6.5201,6.6,6.62,353904,2019-10-29
CEN,6.68,6.59,6.61,6.63,388549,2019-10-30
CEN,6.65,6.57,6.6,6.59,400102,2019-10-31
CEN,6.73,6.55,6.62,6.59,687913,2019-11-01
CEN,6.78,6.65,6.65,6.7,694840,2019-11-04
CEN,6.74,6.65,6.74,6.69,382991,2019-11-05
CEN,6.76,6.65,6.7,6.71,865689,2019-11-06
CEN,6.755,6.56,6.72,6.58,657493,2019-11-07
CEN,6.58,6.46,6.55,6.51,557311,2019-11-08
CEN,6.49,6.4,6.49,6.4,583431,2019-11-11
CEN,6.38,6.24,6.31,6.24,734524,2019-11-12
CEN,6.24,6.1116,6.24,6.14,667309,2019-11-13
CEN,6.17,6.02,6.17,6.03,496236,2019-11-14
CEN,6.13,6.01,6.06,6.06,760588,2019-11-15
CEN,6.11,5.8873,6.1,5.94,678399,2019-11-18
CEN,5.96,5.73,5.95,5.73,691226,2019-11-19
CEN,5.89,5.7,5.71,5.84,664517,2019-11-20
CEN,6.07,5.87,5.89,6.07,1268370,2019-11-21
CEN,6.11,6.0114,6.1,6.09,428058,2019-11-22
CEN,6.12,6.01,6.05,6.11,455420,2019-11-25
CEN,6.14,5.96,6.09,5.97,524439,2019-11-26
CEN,6.03,5.92,5.97,5.99,542466,2019-11-27
CEN,6.075,5.985,5.99,5.99,270280,2019-11-29
CEN,6.03,5.8985,6.03,5.94,432765,2019-12-02
CEN,5.995,5.85,5.86,5.91,472684,2019-12-03
CEN,6.05,5.9,5.95,6.01,474236,2019-12-04
CEN,6.03,5.94,6.02,5.98,326417,2019-12-05
CEN,6.04,5.96,5.98,6,650873,2019-12-06
CEN,6.14,5.96,6.01,6.11,978309,2019-12-09
CEN,6.35,6.13,6.15,6.24,891260,2019-12-10
CEN,6.35,6.21,6.27,6.28,557937,2019-12-11
CEN,6.45,6.28,6.28,6.35,549544,2019-12-12
CEN,6.38,6.27,6.33,6.33,456495,2019-12-13
CEN,6.42,6.37,6.38,6.4,821197,2019-12-16
CEN,6.44,6.3,6.31,6.34,1202479,2019-12-17
CEN,6.44,6.31,6.31,6.38,713902,2019-12-18
CEN,6.43,6.32,6.4,6.35,1036321,2019-12-19
CEN,6.425,6.36,6.37,6.36,610461,2019-12-20
CEN,6.48,6.35,6.36,6.47,616196,2019-12-23
CEN,6.5,6.42,6.5,6.45,571044,2019-12-24
CEN,6.56,6.46,6.48,6.52,802030,2019-12-26
CEN,6.54,6.355,6.53,6.38,706361,2019-12-27
CEN,6.42,6.26,6.32,6.26,845255,2019-12-30
CEN,6.35,6.23,6.26,6.34,804294,2019-12-31
CEN,6.51,6.39,6.4,6.51,600137,2020-01-02
CEN,6.57,6.41,6.55,6.56,671424,2020-01-03
CEN,6.72,6.61,6.62,6.71,1474514,2020-01-06
CEN,6.87,6.7,6.75,6.86,1237214,2020-01-07
CEN,6.9,6.569,6.86,6.79,1371571,2020-01-08
CEN,6.82,6.63,6.79,6.76,742674,2020-01-09
CEN,6.82,6.71,6.78,6.79,809934,2020-01-10
CEN,6.8463,6.75,6.81,6.84,905884,2020-01-13
CEN,6.81,6.7,6.76,6.8,558740,2020-01-14
CEN,6.83,6.75,6.8,6.78,471824,2020-01-15
CEN,6.8201,6.75,6.79,6.78,680574,2020-01-16
CEN,6.81,6.7,6.81,6.71,515177,2020-01-17
CEN,6.7,6.52,6.7,6.52,834507,2020-01-21
CEN,6.53,6.38,6.53,6.38,673211,2020-01-22
CEN,6.46,6.28,6.36,6.45,649956,2020-01-23
CEN,6.49,6.32,6.45,6.37,580255,2020-01-24
CEN,6.29,6.22,6.25,6.28,571883,2020-01-27
CEN,6.35,6.28,6.31,6.3,466356,2020-01-28
CEN,6.385,6.29,6.35,6.31,487104,2020-01-29
CEN,6.28,6.19,6.28,6.23,786923,2020-01-30
CEN,6.2385,6.065,6.2,6.15,1024293,2020-01-31
CEN,6.2186,6.12,6.18,6.13,644378,2020-02-03
CEN,6.32,6.21,6.21,6.26,707824,2020-02-04
CEN,6.43,6.33,6.33,6.35,534771,2020-02-05
CEN,6.37,6.28,6.37,6.28,487854,2020-02-06
CEN,6.262,6.17,6.26,6.18,681180,2020-02-07
CEN,6.22,6.12,6.2,6.14,1014435,2020-02-10
CEN,6.1,5.92,6.08,5.94,1957991,2020-02-11
CEN,6.06,5.94,5.96,5.98,1029558,2020-02-12
CEN,6.04,5.94,5.98,5.96,472620,2020-02-13
CEN,5.98,5.92,5.96,5.93,789601,2020-02-14
CEN,5.94,5.85,5.92,5.87,657832,2020-02-18
CEN,5.95,5.91,5.91,5.95,385329,2020-02-19
CEN,6,5.87,5.9,5.87,1173231,2020-02-20
CEN,5.86,5.66,5.86,5.74,1095162,2020-02-21
CEN,5.619,5.42,5.58,5.53,1064917,2020-02-24
CEN,5.6048,5.22,5.6,5.25,1093461,2020-02-25
CEN,5.3482,5.08,5.25,5.08,1057240,2020-02-26
CEN,4.91,4.5,4.9,4.69,1709233,2020-02-27
CEN,4.65,4.272,4.55,4.63,1165895,2020-02-28
CEN,5,4.67,4.74,4.93,1301831,2020-03-02
CEN,5.1,4.79,4.98,4.85,797266,2020-03-03
CEN,4.98,4.86,4.95,4.93,651986,2020-03-04
CEN,4.89,4.69,4.89,4.74,645350,2020-03-05
CEN,4.6,4.28,4.6,4.37,1094526,2020-03-06
CEN,3.5962,2.71,3.45,3,1534544,2020-03-09
CEN,3.27,2.2,3.27,2.64,3631415,2020-03-10
CEN,2.55,2.33,2.46,2.36,1057712,2020-03-11
CEN,2.1364,1.69,2.01,1.7,1545511,2020-03-12
CEN,2.04,1.7,2,1.93,1194070,2020-03-13
CEN,1.78,1.46,1.78,1.52,2258086,2020-03-16
CEN,1.56,1.19,1.55,1.21,1260989,2020-03-17
CEN,1.12,0.55,1.12,0.6,2433914,2020-03-18
CEN,1.25,0.68,0.71,1.18,1402908,2020-03-19
CEN,1.36,1.08,1.25,1.13,1199684,2020-03-20
CEN,1.07,0.71,1.07,0.7862,1837910,2020-03-23
CEN,1.1472,0.9362,0.9362,1.05,804605,2020-03-24
CEN,1.36,1.02,1.03,1.27,1306756,2020-03-25
CEN,1.64,1.32,1.42,1.346,1242137,2020-03-26
CEN,1.34,1.14,1.3,1.17,1020766,2020-03-27
CEN,1.07,0.85,1.02,0.9032,1754371,2020-03-30
CEN,1.03,0.93,0.9431,0.9313,1112695,2020-03-31
CEN,0.95,0.8414,0.9,0.9121,508254,2020-04-01
CEN,1.1,0.9201,0.97,0.9907,944857,2020-04-02
CEN,1.071,0.9266,1.07,0.93,733657,2020-04-03
CEN,0.99,0.91,0.99,0.96,836053,2020-04-06
CEN,1.06,0.985,1,1,724075,2020-04-07
CEN,1.05,1.01,1.05,1.02,1222283,2020-04-08
CEN,1.18,1.03,1.17,1.07,1485458,2020-04-09
CEN,1.28,1.11,1.23,1.2,1981122,2020-04-13
CEN,1.29,1.1699,1.25,1.21,1289483,2020-04-14
CEN,1.187,1.09,1.18,1.13,773720,2020-04-15
CEN,1.15,1.1,1.13,1.14,397891,2020-04-16
CEN,1.18,1.08,1.18,1.13,569311,2020-04-17
CEN,1.14,1.02,1.06,1.04,881427,2020-04-20
CEN,1.07,1,1.05,1.05,640995,2020-04-21
CEN,1.11,1.05,1.1,1.07,709169,2020-04-22
CEN,1.17,1.1,1.12,1.15,703903,2020-04-23
CEN,1.17,1.13,1.16,1.14,580203,2020-04-24
CEN,1.19,1.12,1.17,1.13,381225,2020-04-27
CEN,1.17,1.13,1.15,1.15,357911,2020-04-28
CEN,1.33,1.16,1.17,1.28,1057074,2020-04-29
CEN,1.4182,1.28,1.39,1.34,910888,2020-04-30
CEN,1.35,1.27,1.33,1.3,599494,2020-05-01
CEN,1.31,1.25,1.27,1.31,429771,2020-05-04
CEN,1.4,1.341,1.36,1.37,391691,2020-05-05
CEN,1.39,1.27,1.39,1.29,556277,2020-05-06
CEN,1.38,1.3178,1.32,1.33,452473,2020-05-07
CEN,1.375,1.33,1.36,1.35,264725,2020-05-08
CEN,1.37,1.32,1.37,1.33,372996,2020-05-11
CEN,1.3456,1.25,1.33,1.25,389132,2020-05-12
CEN,1.34,1.19,1.29,1.22,450082,2020-05-13
CEN,1.26,1.16,1.18,1.25,289080,2020-05-14
CEN,1.25,1.23,1.25,1.23,145250,2020-05-15
CEN,1.29,1.22,1.25,1.22,658351,2020-05-18
CEN,1.235,1.16,1.23,1.16,443179,2020-05-19
CEN,1.21,1.15,1.16,1.16,499471,2020-05-20
CEN,1.2,1.17,1.2,1.18,189079,2020-05-21
CEN,1.18,1.12,1.18,1.15,489820,2020-05-22
CEN,1.21,1.16,1.2,1.2,502576,2020-05-26
CEN,1.21,1.19,1.19,1.19,287204,2020-05-27
CEN,1.21,1.18,1.21,1.19,359212,2020-05-28
CEN,1.19,1.16,1.18,1.18,307275,2020-05-29
CEN,1.19,1.17,1.17,1.17,275820,2020-06-01
CEN,1.2,1.18,1.19,1.18,284033,2020-06-02
CEN,1.22,1.18,1.18,1.21,319079,2020-06-03
CEN,1.35,1.2,1.21,1.32,1015805,2020-06-04
CEN,1.45,1.35,1.35,1.4,887210,2020-06-05
CEN,1.34,1.15,1.29,1.24,3090741,2020-06-08
CEN,1.2599,1.18,1.25,1.19,1278030,2020-06-09
CEN,1.21,1.1,1.21,1.16,1315880,2020-06-10
CEN,1.09,0.94,1.08,0.99,994960,2020-06-11
CEN,1.1,1.03,1.08,1.045,679878,2020-06-12
CEN,1.13,1,1.02,1.12,1540145,2020-06-15
CEN,1.15,1.05,1.15,1.07,625988,2020-06-16
CEN,1.07,1.04,1.04,1.05,337233,2020-06-17
CEN,1.08,1.0301,1.04,1.07,236977,2020-06-18
CEN,1.1,1.03,1.08,1.05,532047,2020-06-19
CEN,1.0599,1.03,1.05,1.04,341323,2020-06-22
CEN,1.05,0.99,1.05,1.01,649794,2020-06-23
CEN,1.01,0.95,0.99,0.98,544204,2020-06-24
CEN,1.03,0.96,0.99,0.9968,755326,2020-06-25
CEN,1.01,0.96,1.01,0.9699,290159,2020-06-26
CEN,0.97,0.92,0.9601,0.9375,610488,2020-06-29
CEN,0.9398,0.9,0.9141,0.9282,806623,2020-06-30
CEN,0.94,0.9,0.93,0.9086,422973,2020-07-01
CEN,0.93,0.87,0.92,0.8773,557459,2020-07-02
CEN,9.115,8.3301,8.82,8.46,154131,2020-07-06
CEN,8.65,8.26,8.43,8.47,117983,2020-07-07
CEN,8.73,8.44,8.46,8.56,59929,2020-07-08
CEN,8.5681,8.15,8.55,8.29,89421,2020-07-09
CEN,8.3985,8.1,8.21,8.39,75108,2020-07-10
CEN,8.539,8.12,8.47,8.15,51404,2020-07-13
CEN,8.15,7.99,8.08,8.13,84068,2020-07-14
CEN,8.78,8.18,8.23,8.72,109471,2020-07-15
CEN,8.84,8.52,8.7,8.75,85541,2020-07-16
CEN,8.87,8.6,8.68,8.84,49751,2020-07-17
CEN,8.85,8.7,8.73,8.7,16255,2020-07-20
CEN,9.09,8.62,8.74,9.06,71425,2020-07-21
CEN,9.01,8.7626,9.01,8.81,28238,2020-07-22
CEN,8.82,8.6,8.79,8.65,25724,2020-07-23
CEN,8.72,8.43,8.72,8.53,39311,2020-07-24
CEN,8.5797,8.37,8.55,8.37,24599,2020-07-27
CEN,8.4383,8.28,8.34,8.32,21314,2020-07-28
CEN,8.57,8.266,8.29,8.555,53834,2020-07-29
CEN,8.49,8.307,8.49,8.39,20531,2020-07-30
CEN,8.4,8.15,8.38,8.16,53854,2020-07-31
CEN,8.42,8.15,8.16,8.335,55080,2020-08-03
CEN,8.47,8.25,8.33,8.37,33535,2020-08-04
CEN,8.74,8.5,8.5,8.7,58902,2020-08-05
CEN,8.7881,8.66,8.76,8.72,43178,2020-08-06
CEN,8.7,8.59,8.59,8.685,42833,2020-08-07
CEN,8.92,8.67,8.67,8.8789,29040,2020-08-10
CEN,9.0691,8.79,8.96,8.79,61666,2020-08-11
CEN,8.88,8.76,8.85,8.81,56528,2020-08-12
CEN,8.83,8.7201,8.8,8.755,22107,2020-08-13
CEN,8.8,8.69,8.69,8.79,26362,2020-08-14
CEN,8.8102,8.715,8.74,8.77,22613,2020-08-17
CEN,8.8107,8.6281,8.7,8.69,15669,2020-08-18
CEN,8.73,8.6,8.69,8.6,39664,2020-08-19
CEN,8.59,8.411,8.56,8.49,46801,2020-08-20
CEN,8.4169,8.21,8.4,8.4,55065,2020-08-21
CEN,8.4783,8.38,8.4,8.39,22999,2020-08-24
CEN,8.42,8.23,8.4,8.3,34993,2020-08-25
CEN,8.356,8.03,8.3,8.03,37845,2020-08-26
CEN,8.14,8,8.06,8.1,49933,2020-08-27
CEN,8.47,8.15,8.15,8.46,40661,2020-08-28
CEN,8.49,8.25,8.49,8.27,22672,2020-08-31
CEN,8.4,8.2,8.25,8.37,50578,2020-09-01
CEN,8.38,8.2,8.38,8.27,75688,2020-09-02
CEN,8.28,8.1,8.28,8.16,43763,2020-09-03
CEN,8.23,8,8.23,8.15,25068,2020-09-04
CEN,8.12,8,8.04,8.095,51875,2020-09-08
CEN,8.27,8.0696,8.1,8.25,69681,2020-09-09
CEN,8.32,8.03,8.32,8.03,34200,2020-09-10
CEN,8.1424,8.05,8.05,8.06,14378,2020-09-11
CEN,8.3,8.05,8.05,8.27,99297,2020-09-14
CEN,8.22,7.98,8.07,7.99,74007,2020-09-15
CEN,8.21,7.99,8.03,8.1499,56732,2020-09-16
CEN,8.13,7.99,8.11,8.03,34435,2020-09-17
CEN,8.03,7.9673,8.03,8,26152,2020-09-18
CEN,7.95,7.71,7.78,7.79,58642,2020-09-21
CEN,7.87,7.74,7.83,7.74,15896,2020-09-22
CEN,7.76,7.451,7.76,7.55,42708,2020-09-23
CEN,7.48,7.2701,7.48,7.42,51531,2020-09-24
CEN,7.47,7.335,7.42,7.4,24799,2020-09-25
CEN,7.54,7.33,7.5,7.5,46398,2020-09-28
CEN,7.79,7.41,7.45,7.71,35997,2020-09-29
CEN,7.77,7.39,7.66,7.45,36511,2020-09-30
CEN,7.485,7.34,7.48,7.45,44393,2020-10-01
CEN,7.48,7.27,7.27,7.48,25664,2020-10-02
CEN,7.808,7.53,7.53,7.79,63575,2020-10-05
CEN,7.93,7.69,7.87,7.73,72549,2020-10-06
CEN,7.865,7.75,7.76,7.8,34224,2020-10-07
CEN,8.23,7.84,7.84,8.22,24897,2020-10-08
CEN,8.26,8.14,8.26,8.18,16888,2020-10-09
CEN,8.18,8.03,8.18,8.1,17333,2020-10-12
CEN,8.13,7.99,8.06,8.1,30679,2020-10-13
CEN,8.26,8.084,8.14,8.18,20369,2020-10-14
CEN,8.16,8.0217,8.13,8.16,13296,2020-10-15
CEN,8.13,7.99,8.13,8.01,32775,2020-10-16
CEN,8.046,7.98,8.03,8.03,36610,2020-10-19
CEN,8.13,8.04,8.04,8.1,17031,2020-10-20
CEN,8.12,7.97,8.12,7.97,8384,2020-10-21
CEN,8.25,7.9547,7.97,8.21,26759,2020-10-22
CEN,8.2,8.03,8.2,8.05,13926,2020-10-23
CEN,8.03,7.7801,8.01,7.81,22654,2020-10-26
CEN,7.87,7.54,7.79,7.54,19955,2020-10-27
CEN,7.5,7.27,7.5,7.36,55600,2020-10-28
CEN,7.58,7.36,7.36,7.55,27738,2020-10-29
CEN,7.52,7.41,7.46,7.45,25231,2020-10-30
CEN,7.58,7.389,7.46,7.51,48065,2020-11-02
CEN,7.72,7.56,7.59,7.68,28726,2020-11-03
CEN,7.746,7.5343,7.71,7.69,12177,2020-11-04
CEN,7.87,7.69,7.69,7.82,22994,2020-11-05
CEN,7.8175,7.62,7.8,7.62,15310,2020-11-06
CEN,8.3,8,8.04,8.22,46753,2020-11-09
CEN,8.38,8.16,8.28,8.36,49815,2020-11-10
CEN,8.42,8.3,8.4,8.31,21726,2020-11-11
CEN,8.3741,8.23,8.3,8.25,15429,2020-11-12
CEN,8.46,8.29,8.29,8.42,13371,2020-11-13
CEN,8.81,8.5,8.53,8.67,40683,2020-11-16
CEN,8.79,8.5,8.5,8.76,26790,2020-11-17
CEN,9.06,8.7427,8.82,8.86,43561,2020-11-18
CEN,9.21,8.8,8.8,9.14,28295,2020-11-19
CEN,9.25,9.05,9.15,9.12,42827,2020-11-20
CEN,9.54,9.19,9.19,9.52,87934,2020-11-23
CEN,9.88,9.71,9.71,9.85,72267,2020-11-24
CEN,9.85,9.67,9.85,9.75,25795,2020-11-25
CEN,9.77,9.41,9.77,9.41,12570,2020-11-27
CEN,9.38,9.2,9.36,9.23,31856,2020-11-30
CEN,9.66,9.31,9.41,9.48,63935,2020-12-01
CEN,9.84,9.44,9.44,9.84,45471,2020-12-02
CEN,10.2074,9.7801,9.86,10.19,40826,2020-12-03
CEN,10.77,10.1962,10.31,10.61,88735,2020-12-04
CEN,10.6,10.25,10.6,10.27,40501,2020-12-07
CEN,10.4586,10.12,10.12,10.35,28298,2020-12-08
CEN,10.56,10.25,10.46,10.3,26272,2020-12-09
CEN,10.771,10.25,10.25,10.68,58970,2020-12-10
CEN,10.7,10.515,10.7,10.63,33302,2020-12-11
CEN,10.6,10.1901,10.56,10.24,25516,2020-12-14
CEN,10.4,10.2201,10.26,10.38,26605,2020-12-15
CEN,10.4,10.17,10.4,10.22,19921,2020-12-16
CEN,10.305,10.07,10.28,10.15,30831,2020-12-17
CEN,10.17,10.02,10.16,10.05,49219,2020-12-18
CEN,10.01,9.78,9.95,9.83,43660,2020-12-21
CEN,9.84,9.35,9.7,9.65,76547,2020-12-22
CEN,9.83,9.59,9.62,9.59,50036,2020-12-23
CEN,9.67,9.45,9.66,9.62,35624,2020-12-24
CEN,9.75,9.5,9.67,9.5059,51275,2020-12-28
CEN,9.55,9.41,9.51,9.49,44551,2020-12-29
CEN,9.62,9.4,9.44,9.48,30284,2020-12-30
CEN,9.53,9.4001,9.43,9.48,51405,2020-12-31
CEN,9.63,9.3686,9.58,9.46,31798,2021-01-04
CEN,9.99,9.47,9.47,9.86,49524,2021-01-05
CEN,10.21,9.81,9.93,10.21,44112,2021-01-06
CEN,10.47,10.2034,10.3,10.43,46011,2021-01-07
CEN,10.5,10.12,10.5,10.2,34626,2021-01-08
CEN,10.27,10.05,10.05,10.26,22521,2021-01-11
CEN,10.62,10.34,10.34,10.62,52575,2021-01-12
CEN,10.73,10.55,10.62,10.67,34823,2021-01-13
CEN,10.89,10.6312,10.66,10.85,25841,2021-01-14
CEN,10.8,10.49,10.78,10.54,37733,2021-01-15
CEN,10.62,10.48,10.56,10.48,41204,2021-01-19
CEN,10.53,10.37,10.53,10.39,40414,2021-01-20
CEN,10.355,10.12,10.32,10.13,37687,2021-01-21
CEN,10.04,9.88,9.98,10,27114,2021-01-22
CEN,10.03,9.76,9.9,9.86,32281,2021-01-25
CEN,10.05,9.91,9.91,9.94,26526,2021-01-26
CEN,9.94,9.36,9.81,9.5,84122,2021-01-27
CEN,9.7188,9.57,9.57,9.7,35055,2021-01-28
CEN,9.7402,9.56,9.56,9.58,37586,2021-01-29
CEN,9.7,9.6,9.67,9.69,26999,2021-02-01
CEN,9.9,9.82,9.82,9.87,13014,2021-02-02
CEN,9.97,9.85,9.92,9.95,21567,2021-02-03
CEN,10,9.93,10,9.99,31026,2021-02-04
CEN,10.19,10.01,10.07,10.17,53252,2021-02-05
CEN,10.38,10.22,10.22,10.38,10637,2021-02-08
CEN,10.34,10.25,10.33,10.34,20235,2021-02-09
CEN,10.43,10.26,10.31,10.3503,24747,2021-02-10
CEN,10.38,10.29,10.33,10.3,27607,2021-02-11
CEN,10.45,10.29,10.29,10.36,15285,2021-02-12
CEN,10.63,10.41,10.49,10.46,40478,2021-02-16
CEN,10.55,10.22,10.55,10.37,27072,2021-02-17
CEN,10.365,10.18,10.34,10.18,15391,2021-02-18
CEN,10.33,10.18,10.18,10.2699,17771,2021-02-19
CEN,10.517,10.28,10.41,10.44,20650,2021-02-22
CEN,10.57,10.21,10.47,10.57,30670,2021-02-23
CEN,10.91,10.58,10.59,10.87,21227,2021-02-24
CEN,10.99,10.65,10.77,10.77,52743,2021-02-25
CEN,10.75,10.5,10.65,10.55,33184,2021-02-26
CEN,10.99,10.63,10.63,10.96,44058,2021-03-01
CEN,11.0796,10.86,10.98,11,48140,2021-03-02
CEN,11.24,11,11.1,11.15,39093,2021-03-03
CEN,11.3599,11.1,11.25,11.13,28247,2021-03-04
CEN,11.36,10.9701,11.33,11.21,40916,2021-03-05
CEN,11.37,11.16,11.34,11.22,18645,2021-03-08
CEN,11.3073,11.21,11.25,11.21,23013,2021-03-09
CEN,11.48,11.18,11.18,11.4674,11864,2021-03-10
CEN,11.6,11.47,11.48,11.56,25235,2021-03-11
CEN,11.64,11.5419,11.57,11.55,27772,2021-03-12
CEN,11.62,11.49,11.62,11.62,29494,2021-03-15
CEN,11.4167,11.16,11.4,11.16,17900,2021-03-16
CEN,11.18,10.63,11.12,11.11,20883,2021-03-17
CEN,11.06,10.86,10.99,10.8999,22312,2021-03-18
CEN,11.01,10.81,10.85,10.94,16921,2021-03-19
CEN,11.0099,10.87,10.94,10.88,14368,2021-03-22
CEN,10.88,10.71,10.72,10.71,7235,2021-03-23
CEN,10.89,10.76,10.76,10.82,11591,2021-03-24
CEN,10.91,10.59,10.82,10.89,26221,2021-03-25
CEN,11.15,10.9,10.94,11.08,9667,2021-03-26
CEN,11.062,11,11.03,11.02,21733,2021-03-29
CEN,10.97,10.9,10.95,10.9,14269,2021-03-30
CEN,10.95,10.8,10.8,10.95,49532,2021-03-31
CEN,11.4551,11.09,11.09,11.4551,32018,2021-04-01
CEN,11.5503,11.31,11.55,11.34,21302,2021-04-05
CEN,11.5,11.3929,11.42,11.4,7647,2021-04-06
CEN,11.5,11.4101,11.42,11.46,4234,2021-04-07
CEN,11.46,11.3501,11.46,11.4,9817,2021-04-08
CEN,11.54,11.37,11.37,11.49,21432,2021-04-09
CEN,11.5,11.45,11.45,11.45,4903,2021-04-12
CEN,11.72,11.51,11.53,11.71,43810,2021-04-13
CEN,11.92,11.7,11.7,11.72,27813,2021-04-14
CEN,11.88,11.71,11.71,11.82,21348,2021-04-15
CEN,11.88,11.72,11.82,11.72,17648,2021-04-16
CEN,11.87,11.67,11.67,11.7,19554,2021-04-19
CEN,11.72,11.55,11.7,11.55,35237,2021-04-20
CEN,11.77,11.48,11.48,11.7,11826,2021-04-21
CEN,11.76,11.67,11.74,11.67,13255,2021-04-22
CEN,11.92,11.65,11.65,11.82,21992,2021-04-23
CEN,11.95,11.82,11.82,11.89,21743,2021-04-26
CEN,11.92,11.7616,11.92,11.78,8802,2021-04-27
CEN,12.21,11.79,11.79,12.19,33146,2021-04-28
CEN,12.448,12.27,12.35,12.27,19956,2021-04-29
CEN,12.48,12.11,12.24,12.11,36146,2021-04-30
CEN,12.45,12.18,12.18,12.31,7485,2021-05-03
CEN,12.461,12.25,12.3,12.4,30085,2021-05-04
CEN,12.64,12.32,12.45,12.52,32432,2021-05-05
CEN,12.779,12.47,12.54,12.56,16383,2021-05-06
CEN,12.81,12.5001,12.53,12.7,12980,2021-05-07
CEN,12.99,12.75,12.75,12.87,19971,2021-05-10
CEN,12.92,12.65,12.7,12.75,20813,2021-05-11
CEN,13.114,12.7,12.79,12.8,20903,2021-05-12
CEN,12.97,12.69,12.7,12.91,10537,2021-05-13
CEN,13.1082,12.8,12.94,13.01,10964,2021-05-14
CEN,13.465,12.92,12.92,13.11,10877,2021-05-17
CEN,13.5547,13.18,13.2,13.18,11793,2021-05-18
CEN,13.21,12.99,13.06,12.99,21881,2021-05-19
CEN,13.22,12.99,12.99,13.21,10678,2021-05-20
CEN,13.29,13.1724,13.29,13.2,10267,2021-05-21
CEN,13.38,13.22,13.26,13.365,17904,2021-05-24
CEN,13.49,13.06,13.42,13.08,32880,2021-05-25
CEN,13.17,13.07,13.08,13.17,30044,2021-05-26
CEN,13.2686,13.06,13.24,13.12,15747,2021-05-27
CEN,13.26,13.08,13.12,13.08,21998,2021-05-28
CEN,13.41,13.19,13.19,13.33,33649,2021-06-01
CEN,13.49,13.3,13.37,13.45,13711,2021-06-02
CEN,13.51,13.36,13.45,13.48,19645,2021-06-03
CEN,13.6173,12.87,13.59,13.41,79321,2021-06-04
CEN,13.63,13.44,13.47,13.6,16270,2021-06-07
CEN,13.72,13.44,13.56,13.69,21216,2021-06-08
CEN,13.8789,13.62,13.79,13.74,24794,2021-06-09
CEN,13.905,13.79,13.86,13.9,12052,2021-06-10
CEN,14.0695,13.915,14,13.99,26429,2021-06-11
CEN,14.15,13.92,13.92,14.12,24400,2021-06-14
CEN,14,13.85,13.87,13.95,16100,2021-06-15
CEN,14.09,13.88,13.88,13.97,13100,2021-06-16
CEN,13.92,13.37,13.88,13.37,38800,2021-06-17
CEN,13.32,12.97,13.24,13.07,17400,2021-06-18
CEN,13.36,13.02,13.02,13.36,29522,2021-06-21
CEN,13.4,13.08,13.4,13.27,32404,2021-06-22
CEN,13.47,13.3,13.39,13.34,44200,2021-06-23
CEN,13.47,13.26,13.44,13.37,14800,2021-06-24
CEN,13.43,13.25,13.43,13.31,17800,2021-06-25
CEN,13.31,13,13.31,13.12,11800,2021-06-28
CEN,13.23,13.09,13.09,13.14,17000,2021-06-29
CEN,13.36,13.26,13.26,13.35,13900,2021-06-30
CEN,13.41,13.11,13.41,13.23,37100,2021-07-01
CEN,13.23,13.08,13.23,13.18,29900,2021-07-02
CEN,13.16,12.95,13.14,13,22496,2021-07-06
CEN,13.04,12.66,12.94,12.88,28100,2021-07-07
CEN,12.84,12.6,12.8,12.75,21100,2021-07-08
CEN,13,12.88,12.89,12.96,35800,2021-07-09
CEN,12.94,12.82,12.94,12.85,42000,2021-07-12
CEN,12.84,12.71,12.84,12.73,41050,2021-07-13
