DUKH,25.2,25.07,25.1,25.14,2083118,2013-01-16
DUKH,25.22,25.13,25.14,25.2,1168766,2013-01-17
DUKH,25.24,25.15,25.22,25.21,729108,2013-01-18
DUKH,25.24,25.08,25.22,25.15,588566,2013-01-22
DUKH,25.17,25.04,25.17,25.1,308403,2013-01-23
DUKH,25.12,24.96,25.06,25,438635,2013-01-24
DUKH,25.07,24.95,25.03,25.02,667346,2013-01-25
DUKH,25.05,24.91,25,25.05,442613,2013-01-28
DUKH,25,24.91,24.95,24.98,335936,2013-01-29
DUKH,24.97,24.9,24.92,24.95,379265,2013-01-30
DUKH,25.05,24.92,24.95,24.95,579845,2013-01-31
DUKH,24.97,24.8301,24.94,24.92,415094,2013-02-01
DUKH,24.92,24.79,24.9,24.85,373185,2013-02-04
DUKH,25,24.81,24.85,24.98,2665642,2013-02-05
DUKH,25.07,24.96,24.98,25.05,276549,2013-02-06
DUKH,25.1,24.98,25.05,25.05,199235,2013-02-07
DUKH,25.1,25.02,25.07,25.1,93373,2013-02-08
DUKH,25.09,25,25.09,25.03,151308,2013-02-11
DUKH,25.05,25,25.03,25.04,126171,2013-02-12
DUKH,25.05,24.9952,25.01,25.02,267564,2013-02-13
DUKH,25.03,24.96,25.03,25,133022,2013-02-14
DUKH,25.04,24.96,25.01,25.04,198724,2013-02-15
DUKH,25.05,24.98,25.05,25.05,93785,2013-02-19
DUKH,25.05,25,25.05,25.05,110887,2013-02-20
DUKH,25.04,25.01,25.04,25.03,76321,2013-02-21
DUKH,25.05,24.99,25.03,25.02,131610,2013-02-22
DUKH,25.07,25.02,25.04,25.07,196121,2013-02-25
DUKH,25.17,25.01,25.07,25.03,175395,2013-02-26
DUKH,25.09,25.01,25.03,25.09,301415,2013-02-27
DUKH,25.14,25.05,25.09,25.05,138976,2013-02-28
DUKH,25.1399,25.0301,25.09,25.12,121574,2013-03-01
DUKH,25.15,25.0792,25.14,25.12,155340,2013-03-04
DUKH,25.13,25.07,25.12,25.13,200497,2013-03-05
DUKH,25.19,25.09,25.12,25.17,314151,2013-03-06
DUKH,25.5,25.11,25.17,25.15,195470,2013-03-07
DUKH,25.1599,25.11,25.15,25.15,90483,2013-03-08
DUKH,25.19,25.11,25.19,25.14,113901,2013-03-11
DUKH,25.15,25.07,25.12,25.13,296929,2013-03-12
DUKH,25.2,25.1001,25.15,25.15,83954,2013-03-13
DUKH,25.25,25.13,25.2,25.25,86954,2013-03-14
DUKH,25.33,25.2,25.33,25.28,77668,2013-03-15
DUKH,25.3,25.21,25.29,25.26,77567,2013-03-18
DUKH,25.26,25.15,25.26,25.17,183851,2013-03-19
DUKH,25.23,25.15,25.2,25.23,116244,2013-03-20
DUKH,25.25,25.18,25.23,25.25,100116,2013-03-21
DUKH,25.25,25.18,25.25,25.19,123188,2013-03-22
DUKH,25.28,25.18,25.23,25.27,135582,2013-03-25
DUKH,25.345,25.26,25.29,25.31,174731,2013-03-26
DUKH,25.4,25.27,25.31,25.4,139068,2013-03-27
DUKH,25.45,25.35,25.39,25.39,166454,2013-03-28
DUKH,25.54,25.4,25.47,25.53,297366,2013-04-01
DUKH,25.64,25.53,25.57,25.61,116837,2013-04-02
DUKH,25.69,25.55,25.69,25.56,121734,2013-04-03
DUKH,25.85,25.5899,25.59,25.76,237475,2013-04-04
DUKH,25.85,25.705,25.84,25.85,141390,2013-04-05
DUKH,25.89,25.8,25.88,25.88,203308,2013-04-08
DUKH,25.92,25.81,25.88,25.88,136518,2013-04-09
DUKH,25.66,25.46,25.66,25.51,107270,2013-04-10
DUKH,25.56,25.46,25.53,25.54,154175,2013-04-11
DUKH,25.55,25.47,25.54,25.52,69752,2013-04-12
DUKH,25.67,25.48,25.51,25.62,222528,2013-04-15
DUKH,25.73,25.59,25.66,25.7,285593,2013-04-16
DUKH,25.78,25.64,25.78,25.65,119171,2013-04-17
DUKH,25.73,25.61,25.71,25.64,178323,2013-04-18
DUKH,25.87,25.55,25.64,25.85,1322717,2013-04-19
DUKH,25.73,25.47,25.72,25.47,159695,2013-04-22
DUKH,25.56,25.4,25.56,25.45,115033,2013-04-23
DUKH,25.52,25.38,25.52,25.39,126424,2013-04-24
DUKH,25.44,25.3001,25.44,25.4,88451,2013-04-25
DUKH,25.5,25.37,25.4,25.46,93011,2013-04-26
DUKH,25.49,25.39,25.49,25.45,57643,2013-04-29
DUKH,25.54,25.45,25.45,25.51,70929,2013-04-30
DUKH,25.57,25.51,25.56,25.57,44558,2013-05-01
DUKH,25.79,25.55,25.55,25.75,70636,2013-05-02
DUKH,25.79,25.64,25.79,25.71,32535,2013-05-03
DUKH,25.78,25.6401,25.72,25.74,51691,2013-05-06
DUKH,25.94,25.7001,25.75,25.92,86260,2013-05-07
DUKH,25.97,25.751,25.92,25.97,296672,2013-05-08
DUKH,25.97,25.85,25.94,25.91,154463,2013-05-09
DUKH,25.95,25.87,25.94,25.89,69050,2013-05-10
DUKH,25.95,25.78,25.95,25.8308,59929,2013-05-13
DUKH,25.89,25.69,25.87,25.74,100052,2013-05-14
DUKH,25.7396,25.6,25.7,25.63,54579,2013-05-15
DUKH,25.7698,25.63,25.74,25.73,51423,2013-05-16
DUKH,25.83,25.65,25.83,25.74,39399,2013-05-17
DUKH,25.75,25.71,25.74,25.74,55035,2013-05-20
DUKH,25.83,25.6901,25.79,25.7,89499,2013-05-21
DUKH,25.81,25.61,25.81,25.62,106814,2013-05-22
DUKH,25.7,25.42,25.7,25.5,73217,2013-05-23
DUKH,25.56,25.46,25.54,25.54,59122,2013-05-24
DUKH,25.67,25.46,25.55,25.58,90244,2013-05-28
DUKH,25.59,25.16,25.59,25.27,69149,2013-05-29
DUKH,25.3899,25.22,25.36,25.29,51748,2013-05-30
DUKH,25.33,24.92,25.3,24.92,118007,2013-05-31
DUKH,25.06,24.57,25.05,24.85,178284,2013-06-03
DUKH,24.98,24.7405,24.87,24.94,114100,2013-06-04
DUKH,25.03,24.53,25.03,24.86,66216,2013-06-05
DUKH,24.98,24.66,24.86,24.94,124233,2013-06-06
DUKH,25.15,24.86,24.94,24.91,94750,2013-06-07
DUKH,25.08,24.81,25,24.85,85437,2013-06-10
DUKH,24.8496,24.13,24.84,24.23,112540,2013-06-11
DUKH,24.59,23.3,24.34,24.24,166355,2013-06-12
DUKH,24.51,23.37,24.12,24.42,137762,2013-06-13
DUKH,24.6828,24.1201,24.48,24.59,112668,2013-06-14
DUKH,24.79,24.49,24.75,24.69,82760,2013-06-17
DUKH,24.7,24.37,24.68,24.47,73389,2013-06-18
DUKH,24.57,24.12,24.57,24.34,270820,2013-06-19
DUKH,24,23.6,24,23.62,109246,2013-06-20
DUKH,23.85,23.35,23.66,23.45,83838,2013-06-21
DUKH,23.25,22.23,23.25,22.68,144313,2013-06-24
DUKH,23.3499,22.69,22.83,23.11,129412,2013-06-25
DUKH,23.89,23.28,23.29,23.82,165384,2013-06-26
DUKH,24.427,24,24,24.38,279922,2013-06-27
DUKH,24.58,24.14,24.38,24.57,90244,2013-06-28
DUKH,24.61,24.4,24.59,24.5,71404,2013-07-01
DUKH,24.66,24.43,24.5,24.63,85966,2013-07-02
DUKH,24.65,24.48,24.6,24.6,26991,2013-07-03
DUKH,24.35,23.75,24.35,24.14,32566,2013-07-05
DUKH,24.4,23.74,24.4,24.12,46707,2013-07-08
DUKH,24.22,23.95,24.22,24.19,59667,2013-07-09
DUKH,24.02,23.7,24.02,23.8,57933,2013-07-10
DUKH,24.18,23.8204,24.18,23.89,98874,2013-07-11
DUKH,24.09,23.79,24.09,23.87,157542,2013-07-12
DUKH,23.99,23.74,23.99,23.87,50288,2013-07-15
DUKH,23.99,23.7001,23.96,23.95,357659,2013-07-16
DUKH,23.98,23.82,23.97,23.91,60251,2013-07-17
DUKH,23.98,23.55,23.95,23.71,93741,2013-07-18
DUKH,23.73,23.51,23.73,23.54,179509,2013-07-19
DUKH,23.7,23.54,23.65,23.54,78333,2013-07-22
DUKH,23.68,23.56,23.67,23.59,51076,2013-07-23
DUKH,23.8,23.35,23.55,23.43,55342,2013-07-24
DUKH,23.51,23.23,23.51,23.31,41601,2013-07-25
DUKH,23.4799,23.32,23.45,23.38,64449,2013-07-26
DUKH,23.44,23.24,23.42,23.29,38795,2013-07-29
DUKH,23.4,23.15,23.4,23.18,26381,2013-07-30
DUKH,23.28,23.01,23.2,23.07,76030,2013-07-31
DUKH,23.1899,22.84,23.08,22.91,94038,2013-08-01
DUKH,23.1,22.7,23.08,22.79,61166,2013-08-02
DUKH,22.98,22.07,22.95,22.22,182627,2013-08-05
DUKH,22.27,21.82,22.27,21.95,75502,2013-08-06
DUKH,21.99,21.568,21.88,21.58,85531,2013-08-07
DUKH,21.86,21.47,21.73,21.5,127462,2013-08-08
DUKH,21.62,21.46,21.59,21.57,61946,2013-08-09
DUKH,21.6994,21.5,21.6,21.62,64225,2013-08-12
DUKH,21.59,20.91,21.59,20.91,75139,2013-08-13
DUKH,20.89,20.02,20.89,20.23,109998,2013-08-14
DUKH,20.15,19.29,20,20.01,325986,2013-08-15
DUKH,20.69,19.76,19.83,20.07,107386,2013-08-16
DUKH,20.14,19.59,19.99,19.75,95572,2013-08-19
DUKH,20.4,19.6,19.8,20.25,125363,2013-08-20
DUKH,20.41,20.08,20.19,20.3,77949,2013-08-21
DUKH,20.65,20.27,20.29,20.61,465657,2013-08-22
DUKH,21.28,20.67,20.67,21.28,117718,2013-08-23
DUKH,21.43,21.1196,21.43,21.25,95227,2013-08-26
DUKH,21.3,20.94,21.01,21.1,79680,2013-08-27
DUKH,21.24,20.97,21.01,21.06,36583,2013-08-28
DUKH,21.2,21,21.09,21.2,49089,2013-08-29
DUKH,21.2199,21.01,21.16,21.19,34099,2013-08-30
DUKH,21.28,20.96,21.26,21.21,77181,2013-09-03
DUKH,21.42,21.1,21.18,21.36,45221,2013-09-04
DUKH,21.35,20.91,21.24,21.12,128351,2013-09-05
DUKH,21.28,20.85,21.28,21.09,77886,2013-09-06
DUKH,21.22,20.9403,21.04,21.03,33702,2013-09-09
DUKH,21.11,20.7905,21,21.11,61194,2013-09-10
DUKH,21.27,21.02,21.22,21.15,63828,2013-09-11
DUKH,21.19,20.65,21.09,20.8,58802,2013-09-12
DUKH,20.8799,20.6102,20.86,20.79,26791,2013-09-13
DUKH,21.09,20.83,20.91,20.94,70678,2013-09-16
DUKH,21.13,20.88,20.88,21.13,124787,2013-09-17
DUKH,21.3,20.89,21.13,21.26,85985,2013-09-18
DUKH,21.3,21,21.29,21.1,54915,2013-09-19
DUKH,21.15,20.88,21.13,21.02,70805,2013-09-20
DUKH,21.19,20.85,20.97,21.13,60369,2013-09-23
DUKH,21.16,20.92,21.06,21.05,56484,2013-09-24
DUKH,21.14,20.93,20.98,21,90417,2013-09-25
DUKH,21.07,20.96,21,21.02,38553,2013-09-26
DUKH,21.11,20.88,20.97,21.08,69393,2013-09-27
DUKH,21.1794,20.83,20.94,20.86,76659,2013-09-30
DUKH,20.9286,20.8,20.86,20.8,52871,2013-10-01
DUKH,20.92,20.75,20.82,20.9,55386,2013-10-02
DUKH,21.09,20.82,20.84,21.08,43649,2013-10-03
DUKH,21.2876,21,21.09,21.2,41740,2013-10-04
DUKH,21.37,21.1201,21.2,21.33,101729,2013-10-07
DUKH,21.33,21.15,21.31,21.3,54220,2013-10-08
DUKH,20.96,20.7,20.87,20.86,55237,2013-10-09
DUKH,20.99,20.7101,20.99,20.98,39178,2013-10-10
DUKH,20.97,20.76,20.97,20.79,27963,2013-10-11
DUKH,20.8,20.68,20.74,20.74,21584,2013-10-14
DUKH,20.86,20.23,20.86,20.32,69068,2013-10-15
DUKH,20.47,20.23,20.32,20.41,55153,2013-10-16
DUKH,20.5599,20.39,20.41,20.45,48878,2013-10-17
DUKH,20.65,20.5,20.51,20.65,136487,2013-10-18
DUKH,20.79,20.6,20.61,20.769,45986,2013-10-21
DUKH,21.22,20.71,20.71,21.12,79075,2013-10-22
DUKH,21.54,21.03,21.03,21.49,95002,2013-10-23
DUKH,21.5899,21.3601,21.52,21.42,52568,2013-10-24
DUKH,21.54,21.35,21.42,21.45,49986,2013-10-25
DUKH,21.5,21.2,21.44,21.4,89645,2013-10-28
DUKH,21.45,21.3,21.35,21.44,70054,2013-10-29
DUKH,21.42,21.23,21.4,21.42,195214,2013-10-30
DUKH,21.39,21.2,21.3,21.31,51676,2013-10-31
DUKH,21.33,21.1008,21.23,21.32,35594,2013-11-01
DUKH,21.39,21.22,21.28,21.39,53890,2013-11-04
DUKH,21.34,21.23,21.31,21.25,90821,2013-11-05
DUKH,21.28,21.166,21.23,21.25,45777,2013-11-06
DUKH,21.3435,21.22,21.25,21.33,30344,2013-11-07
DUKH,21.15,20.91,21.15,21.08,51973,2013-11-08
DUKH,21.22,20.97,20.97,21.17,44023,2013-11-11
DUKH,21.18,20.85,21.13,20.95,66527,2013-11-12
DUKH,20.95,20.72,20.9,20.93,44171,2013-11-13
DUKH,21.014,20.87,20.88,21,28213,2013-11-14
DUKH,21.04,20.89,21.04,20.922,52928,2013-11-15
DUKH,21.05,20.84,21,20.84,42633,2013-11-18
DUKH,20.93,20.76,20.84,20.87,50185,2013-11-19
DUKH,20.9499,20.77,20.87,20.84,46539,2013-11-20
DUKH,21,20.67,20.77,21,53483,2013-11-21
DUKH,21.3,20.96,21,21.3,65886,2013-11-22
DUKH,21.3,21.05,21.3,21.12,52768,2013-11-25
DUKH,21.25,21.0801,21.19,21.17,60738,2013-11-26
DUKH,21.2,21.04,21.06,21.07,39866,2013-11-27
DUKH,21.17,21.07,21.17,21.17,15511,2013-11-29
DUKH,21.12,21,21.12,21.11,52184,2013-12-02
DUKH,21.1,20.93,21.07,20.96,66428,2013-12-03
DUKH,20.88,20.62,20.88,20.76,80188,2013-12-04
DUKH,20.66,20.37,20.66,20.52,46455,2013-12-05
DUKH,20.79,20.38,20.45,20.48,62962,2013-12-06
DUKH,20.57,20.42,20.57,20.52,71501,2013-12-09
DUKH,20.528,20.4,20.52,20.42,76186,2013-12-10
DUKH,20.44,20,20.35,20.06,123123,2013-12-11
DUKH,20.19,19.65,20,19.8,112725,2013-12-12
DUKH,19.97,19.781,19.8,19.95,69647,2013-12-13
DUKH,20.11,19.86,19.9,20.08,66763,2013-12-16
DUKH,20.14,19.9525,20,20.13,72189,2013-12-17
DUKH,20.359,20.04,20.04,20.29,79348,2013-12-18
DUKH,20.49,20.2,20.23,20.43,86439,2013-12-19
DUKH,20.4899,20.36,20.37,20.44,72574,2013-12-20
DUKH,20.52,20.32,20.49,20.36,80879,2013-12-23
DUKH,20.36,20.16,20.26,20.16,56610,2013-12-24
DUKH,20.35,20.111,20.16,20.21,172243,2013-12-26
DUKH,20.5689,20.24,20.3,20.48,103304,2013-12-27
DUKH,20.79,20.48,20.48,20.7,129657,2013-12-30
DUKH,20.75,20.585,20.61,20.65,101745,2013-12-31
DUKH,20.82,20.63,20.65,20.7898,95822,2014-01-02
DUKH,20.99,20.8,20.84,20.87,116860,2014-01-03
DUKH,21.09,20.93,20.98,21.02,136808,2014-01-06
DUKH,21.1378,20.93,21.05,21.09,105888,2014-01-07
DUKH,21.09,20.97,21.08,21,106170,2014-01-08
DUKH,21.19,21.0201,21.07,21.12,125811,2014-01-09
DUKH,21.2,20.85,20.99,21.1,93067,2014-01-10
DUKH,21.2644,21.1,21.21,21.13,104455,2014-01-13
DUKH,21.23,21.14,21.15,21.2,65925,2014-01-14
DUKH,21.36,21.13,21.2,21.31,58283,2014-01-15
DUKH,21.502,21.27,21.37,21.45,62758,2014-01-16
DUKH,21.62,21.38,21.48,21.38,100627,2014-01-17
DUKH,21.6,21.47,21.47,21.5,83094,2014-01-21
DUKH,21.6,21.5,21.5,21.55,66253,2014-01-22
DUKH,21.64,21.51,21.6,21.59,61030,2014-01-23
DUKH,21.52,21.42,21.52,21.45,56934,2014-01-24
DUKH,21.56,21.35,21.56,21.35,75248,2014-01-27
DUKH,21.51,21.33,21.34,21.51,36581,2014-01-28
DUKH,21.51,21.41,21.5,21.41,25241,2014-01-29
DUKH,21.5,21.41,21.5,21.48,48178,2014-01-30
DUKH,21.45,21.4156,21.42,21.43,18324,2014-01-31
DUKH,21.4791,21.35,21.43,21.38,32167,2014-02-03
DUKH,21.49,21.36,21.39,21.44,59843,2014-02-04
DUKH,21.5,21.4101,21.44,21.48,38811,2014-02-05
DUKH,21.5693,21.47,21.47,21.5202,50704,2014-02-06
DUKH,21.61,21.5348,21.57,21.5746,25981,2014-02-07
DUKH,21.62,21.501,21.51,21.58,36912,2014-02-10
DUKH,21.63,21.51,21.51,21.6,67772,2014-02-11
DUKH,21.71,21.61,21.67,21.69,29121,2014-02-12
DUKH,21.99,21.61,21.61,21.89,58787,2014-02-13
DUKH,22,21.8601,21.97,21.944,86610,2014-02-14
DUKH,22.19,21.9828,22,22.0323,51873,2014-02-18
DUKH,22.18,21.87,22.07,21.87,55131,2014-02-19
DUKH,21.89,21.75,21.86,21.75,28923,2014-02-20
DUKH,21.81,21.68,21.76,21.76,40795,2014-02-21
DUKH,21.82,21.65,21.76,21.65,66062,2014-02-24
DUKH,21.826,21.61,21.8,21.64,35482,2014-02-25
DUKH,21.72,21.6186,21.65,21.62,34697,2014-02-26
DUKH,21.75,21.62,21.65,21.62,41167,2014-02-27
DUKH,21.7,21.61,21.63,21.61,76083,2014-02-28
DUKH,21.8001,21.61,21.65,21.68,51417,2014-03-03
DUKH,21.83,21.66,21.77,21.6799,54336,2014-03-04
DUKH,21.72,21.64,21.7,21.65,49110,2014-03-05
DUKH,21.7,21.61,21.65,21.61,62562,2014-03-06
DUKH,21.82,21.6001,21.66,21.82,25982,2014-03-07
DUKH,21.84,21.691,21.82,21.82,34311,2014-03-10
DUKH,22.0136,21.82,21.84,22.0136,42391,2014-03-11
DUKH,22.44,21.95,21.95,22.37,44487,2014-03-12
DUKH,22.48,22.3401,22.36,22.35,66652,2014-03-13
DUKH,22.49,22.26,22.49,22.49,42265,2014-03-14
DUKH,22.69,22.4576,22.49,22.581,63410,2014-03-17
DUKH,22.642,22.3843,22.49,22.45,73103,2014-03-18
DUKH,22.47,22.3,22.47,22.33,40413,2014-03-19
DUKH,22.51,22.15,22.3,22.45,52808,2014-03-20
DUKH,22.49,22.3751,22.43,22.49,29654,2014-03-21
DUKH,22.72,22.43,22.43,22.69,40004,2014-03-24
DUKH,22.8896,22.69,22.69,22.87,39494,2014-03-25
DUKH,23.18,22.89,22.89,23.05,60839,2014-03-26
DUKH,23.09,22.93,22.93,23.09,34052,2014-03-27
DUKH,23.23,23,23,23.23,55123,2014-03-28
DUKH,23.38,23.16,23.16,23.2,53325,2014-03-31
DUKH,23.26,23.16,23.21,23.24,56191,2014-04-01
DUKH,23.2796,23.15,23.19,23.25,52853,2014-04-02
DUKH,23.33,23.22,23.22,23.33,29366,2014-04-03
DUKH,23.56,23.264,23.37,23.55,52166,2014-04-04
DUKH,23.58,23.5001,23.55,23.51,31341,2014-04-07
DUKH,23.55,23.47,23.55,23.55,65918,2014-04-08
DUKH,23.82,23.43,23.43,23.77,44069,2014-04-09
DUKH,23.67,23.14,23.67,23.37,75395,2014-04-10
DUKH,23.43,23.3,23.43,23.36,32208,2014-04-11
DUKH,23.6,23.3301,23.36,23.54,38779,2014-04-14
DUKH,23.6,23.4802,23.54,23.5,35143,2014-04-15
DUKH,23.64,23.51,23.64,23.55,34682,2014-04-16
DUKH,23.56,23.28,23.5,23.28,106956,2014-04-17
DUKH,23.4528,23.1431,23.31,23.19,52001,2014-04-21
DUKH,23.43,23.19,23.19,23.34,48128,2014-04-22
DUKH,23.54,23.29,23.34,23.43,37643,2014-04-23
DUKH,23.51,23.41,23.41,23.5,31205,2014-04-24
DUKH,23.64,23.411,23.43,23.64,50751,2014-04-25
DUKH,23.65,23.52,23.53,23.64,90978,2014-04-28
DUKH,23.6999,23.59,23.65,23.59,92227,2014-04-29
DUKH,23.7,23.55,23.55,23.68,41320,2014-04-30
DUKH,23.77,23.62,23.62,23.7,60354,2014-05-01
DUKH,23.68,23.44,23.65,23.47,105815,2014-05-02
DUKH,23.65,23.261,23.27,23.55,31837,2014-05-05
DUKH,23.77,23.55,23.55,23.74,34914,2014-05-06
DUKH,23.79,23.62,23.62,23.68,37478,2014-05-07
DUKH,23.71,23.58,23.68,23.61,34284,2014-05-08
DUKH,23.62,23.51,23.6,23.5874,27472,2014-05-09
DUKH,23.65,23.54,23.65,23.54,29905,2014-05-12
DUKH,23.6,23.54,23.59,23.58,60071,2014-05-13
DUKH,23.72,23.54,23.54,23.7,28293,2014-05-14
DUKH,23.76,23.65,23.74,23.69,34714,2014-05-15
DUKH,23.79,23.7,23.78,23.78,33810,2014-05-16
DUKH,24.06,23.73,23.73,23.99,45953,2014-05-19
DUKH,23.99,23.88,23.99,23.88,44613,2014-05-20
DUKH,23.956,23.78,23.86,23.85,32660,2014-05-21
DUKH,23.88,23.7704,23.88,23.82,55051,2014-05-22
DUKH,24.01,23.76,23.85,23.98,90219,2014-05-23
DUKH,24.01,23.9,23.94,23.98,47091,2014-05-27
DUKH,24.06,23.941,24,24.0101,33319,2014-05-28
DUKH,24.08,23.9902,24.02,24.03,52429,2014-05-29
DUKH,24.19,23.95,24.04,24.01,41397,2014-05-30
DUKH,24.13,23.98,23.98,24.06,22887,2014-06-02
DUKH,24.07,23.81,24.07,23.81,82344,2014-06-03
DUKH,23.85,23.2,23.82,23.65,108093,2014-06-04
DUKH,23.7699,23.37,23.53,23.59,67752,2014-06-05
DUKH,23.68,23.52,23.65,23.53,31989,2014-06-06
DUKH,23.58,23.49,23.55,23.52,39955,2014-06-09
DUKH,23.539,23.18,23.49,23.26,80516,2014-06-10
DUKH,23.31,23.15,23.3,23.31,51590,2014-06-11
DUKH,23.338,23.17,23.31,23.22,46543,2014-06-12
DUKH,23.43,23.21,23.31,23.3512,45684,2014-06-13
DUKH,23.54,23.35,23.37,23.42,48105,2014-06-16
DUKH,23.59,23.34,23.42,23.55,46407,2014-06-17
DUKH,23.75,23.5299,23.54,23.7135,34047,2014-06-18
DUKH,23.87,23.53,23.79,23.54,68945,2014-06-19
DUKH,23.67,23.53,23.53,23.67,29643,2014-06-20
DUKH,23.9,23.68,23.84,23.76,45074,2014-06-23
DUKH,24.02,23.68,23.75,24.02,41224,2014-06-24
DUKH,24.069,23.88,23.91,23.99,25821,2014-06-25
DUKH,24.25,23.96,24,24.11,26120,2014-06-26
DUKH,24.24,24.05,24.21,24.07,27495,2014-06-27
DUKH,24.1101,23.91,24.07,23.91,39551,2014-06-30
DUKH,24.125,24.01,24.01,24.11,18321,2014-07-01
DUKH,24.21,24,24.06,24.108,41255,2014-07-02
DUKH,24.09,23.82,24,23.92,35019,2014-07-03
DUKH,24.07,23.938,24.07,23.97,33109,2014-07-07
DUKH,24.08,23.98,23.98,24.08,17281,2014-07-08
DUKH,24.22,24.05,24.15,24.22,27685,2014-07-09
DUKH,23.99,23.8,23.81,23.97,24209,2014-07-10
DUKH,24.12,23.9214,24.01,24,33446,2014-07-11
DUKH,24.13,23.9,24.01,24.08,36223,2014-07-14
DUKH,24.08,23.81,24.03,23.89,66965,2014-07-15
DUKH,23.93,23.739,23.89,23.77,38497,2014-07-16
DUKH,23.93,23.73,23.8,23.73,67706,2014-07-17
DUKH,24,23.67,23.71,24,47779,2014-07-18
DUKH,24.06,23.95,24,24.01,19676,2014-07-21
DUKH,23.99,23.92,23.99,23.92,21571,2014-07-22
DUKH,23.9877,23.94,23.98,23.98,24157,2014-07-23
DUKH,23.99,23.93,23.95,23.99,18533,2014-07-24
DUKH,24.0628,23.93,23.93,24.02,21495,2014-07-25
DUKH,24.0699,23.96,23.98,24,19099,2014-07-28
DUKH,24.09,23.96,23.98,23.96,21545,2014-07-29
DUKH,24,23.91,24,23.91,38622,2014-07-30
DUKH,23.8,23.39,23.8,23.39,57139,2014-07-31
DUKH,23.4899,22.9,23.34,23.21,63915,2014-08-01
DUKH,23.31,22.9601,23.27,22.98,31830,2014-08-04
DUKH,23.016,22.63,22.98,22.74,53255,2014-08-05
DUKH,22.94,22.64,22.76,22.89,36405,2014-08-06
DUKH,23.39,22.91,22.91,23.35,36417,2014-08-07
DUKH,23.4799,23.05,23.25,23.26,52168,2014-08-08
DUKH,23.4399,23.2793,23.36,23.2793,27007,2014-08-11
DUKH,23.4514,23.202,23.35,23.4,46703,2014-08-12
DUKH,23.69,23.4,23.46,23.69,41638,2014-08-13
DUKH,23.92,23.64,23.69,23.85,45566,2014-08-14
DUKH,23.85,23.68,23.76,23.84,25012,2014-08-15
DUKH,24.08,23.796,23.94,24.08,51200,2014-08-18
DUKH,24.1,23.9,24.08,23.98,52335,2014-08-19
DUKH,24.05,23.9,23.91,23.97,59376,2014-08-20
DUKH,24.09,23.94,23.96,24.09,33769,2014-08-21
DUKH,24.11,23.97,24.07,24.11,24880,2014-08-22
DUKH,24.19,24.06,24.11,24.15,50622,2014-08-25
DUKH,24.15,24,24.15,24.09,38118,2014-08-26
DUKH,24.13,23.91,24.13,24.04,39937,2014-08-27
DUKH,24.12,24,24,24.03,21217,2014-08-28
DUKH,24.132,24.03,24.03,24.07,29253,2014-08-29
DUKH,24.05,23.87,24.04,23.94,35995,2014-09-02
DUKH,24.08,23.79,23.85,24.06,41338,2014-09-03
DUKH,24.064,23.79,24,23.79,39596,2014-09-04
DUKH,23.99,23.79,23.88,23.961,49348,2014-09-05
DUKH,24.07,23.88,24.02,23.92,40754,2014-09-08
DUKH,23.921,23.74,23.89,23.77,44361,2014-09-09
DUKH,23.89,23.71,23.78,23.85,42683,2014-09-10
DUKH,23.89,23.8067,23.885,23.82,19496,2014-09-11
DUKH,23.89,23.64,23.89,23.6999,39314,2014-09-12
DUKH,23.8273,23.65,23.65,23.8,16299,2014-09-15
DUKH,23.8084,23.6,23.8084,23.6,67242,2014-09-16
DUKH,23.72,23.6101,23.65,23.62,38683,2014-09-17
DUKH,23.82,23.64,23.69,23.73,44641,2014-09-18
DUKH,23.78,23.68,23.69,23.76,16804,2014-09-19
DUKH,23.682,23.52,23.68,23.63,42501,2014-09-22
DUKH,23.66,23.5,23.56,23.54,37080,2014-09-23
DUKH,23.69,23.42,23.53,23.56,44387,2014-09-24
DUKH,23.59,23.482,23.52,23.5899,23904,2014-09-25
DUKH,23.7,23.5,23.5,23.68,14893,2014-09-26
DUKH,23.88,23.66,23.72,23.88,25923,2014-09-29
DUKH,24.19,23.84,23.86,24.05,58342,2014-09-30
DUKH,24.13,23.84,24.01,23.88,27774,2014-10-01
DUKH,23.97,23.81,23.88,23.92,27517,2014-10-02
DUKH,24.04,23.86,24,23.95,32937,2014-10-03
DUKH,24.12,23.98,23.99,24.07,18722,2014-10-06
DUKH,24.1,24.0075,24.09,24.06,29866,2014-10-07
DUKH,24.21,24.051,24.1,24.21,24142,2014-10-08
DUKH,23.96,23.7777,23.9,23.88,30448,2014-10-09
DUKH,23.8994,23.66,23.78,23.69,26440,2014-10-10
DUKH,23.78,23.61,23.73,23.71,25825,2014-10-13
DUKH,23.89,23.64,23.76,23.83,32987,2014-10-14
DUKH,23.94,23.65,23.86,23.9168,37863,2014-10-15
DUKH,24.046,23.86,23.89,24.02,45919,2014-10-16
DUKH,24.08,23.86,24.05,23.86,64885,2014-10-17
DUKH,24.01,23.9,23.95,23.93,27413,2014-10-20
DUKH,24,23.85,23.95,23.98,63095,2014-10-21
DUKH,24.05,23.9,23.94,24.01,49260,2014-10-22
DUKH,24.09,23.97,23.97,24.03,23323,2014-10-23
DUKH,24.15,23.98,24.03,24.05,60917,2014-10-24
DUKH,24.07,23.91,24.07,23.95,26007,2014-10-27
DUKH,24.035,23.91,23.98,23.96,31401,2014-10-28
DUKH,24.15,23.87,23.93,24.07,37798,2014-10-29
DUKH,24.15,24.04,24.06,24.15,21230,2014-10-30
DUKH,24.28,24.1415,24.18,24.27,52465,2014-10-31
DUKH,24.46,24.2,24.26,24.42,41084,2014-11-03
DUKH,24.58,24.3832,24.42,24.45,58026,2014-11-04
DUKH,24.54,24.4,24.54,24.48,30009,2014-11-05
DUKH,24.5,24.3901,24.42,24.5,39964,2014-11-06
DUKH,24.64,24.45,24.5,24.6,48714,2014-11-07
DUKH,24.67,24.55,24.6,24.63,44178,2014-11-10
DUKH,24.68,24.614,24.65,24.65,24421,2014-11-11
DUKH,24.68,24.64,24.64,24.67,24182,2014-11-12
DUKH,24.66,24.59,24.65,24.63,37157,2014-11-13
DUKH,24.68,24.58,24.58,24.68,18353,2014-11-14
DUKH,24.77,24.63,24.66,24.76,46412,2014-11-17
DUKH,24.78,24.65,24.78,24.71,35542,2014-11-18
DUKH,24.7299,24.59,24.65,24.6,38423,2014-11-19
DUKH,24.6199,24.51,24.52,24.56,35917,2014-11-20
DUKH,24.64,24.51,24.64,24.57,27900,2014-11-21
DUKH,24.74,24.55,24.55,24.71,32779,2014-11-24
DUKH,24.82,24.67,24.67,24.73,27766,2014-11-25
DUKH,24.86,24.73,24.73,24.84,29155,2014-11-26
DUKH,24.8492,24.76,24.8,24.79,7252,2014-11-28
DUKH,24.83,24.68,24.8,24.75,31393,2014-12-01
DUKH,24.86,24.63,24.63,24.86,37758,2014-12-02
DUKH,24.84,24.7,24.81,24.78,32982,2014-12-03
DUKH,24.6838,24.4114,24.62,24.6,48755,2014-12-04
DUKH,24.67,24.53,24.53,24.59,19129,2014-12-05
DUKH,24.6581,24.56,24.59,24.62,17016,2014-12-08
DUKH,24.84,24.59,24.6,24.77,28038,2014-12-09
DUKH,24.76,24.58,24.7,24.68,25063,2014-12-10
DUKH,24.8,24.61,24.61,24.65,21705,2014-12-11
DUKH,24.7,24.6,24.6,24.65,16420,2014-12-12
DUKH,24.72,24.52,24.69,24.65,53534,2014-12-15
DUKH,24.75,24.61,24.64,24.64,29229,2014-12-16
DUKH,24.7799,24.61,24.64,24.71,35576,2014-12-17
DUKH,24.83,24.71,24.71,24.79,33760,2014-12-18
DUKH,24.98,24.79,24.8,24.93,34414,2014-12-19
DUKH,24.96,24.801,24.83,24.91,17411,2014-12-22
DUKH,24.98,24.89,24.96,24.95,23740,2014-12-23
DUKH,24.97,24.84,24.96,24.86,33154,2014-12-24
DUKH,24.92,24.781,24.82,24.92,23791,2014-12-26
DUKH,24.98,24.8985,24.92,24.98,22279,2014-12-29
DUKH,24.97,24.8635,24.95,24.97,20471,2014-12-30
DUKH,24.99,24.89,24.99,24.89,29251,2014-12-31
DUKH,25.04,24.83,24.9,25.04,51526,2015-01-02
DUKH,25.01,24.91,25,24.99,34882,2015-01-05
DUKH,25.0352,24.97,25,25,31754,2015-01-06
DUKH,25.04,24.98,25.04,24.98,44416,2015-01-07
DUKH,25.05,24.98,25.03,25.02,38873,2015-01-08
DUKH,25.05,24.98,25.01,25.05,37849,2015-01-09
DUKH,24.88,24.69,24.81,24.86,26944,2015-01-12
DUKH,24.98,24.72,24.87,24.85,46289,2015-01-13
DUKH,24.91,24.7907,24.85,24.88,17739,2015-01-14
DUKH,24.91,24.66,24.91,24.72,46491,2015-01-15
DUKH,24.93,24.719,24.75,24.93,38082,2015-01-16
DUKH,24.92,24.6,24.92,24.67,64280,2015-01-20
DUKH,24.81,24.67,24.67,24.81,65582,2015-01-21
DUKH,24.88,24.771,24.81,24.87,23016,2015-01-22
DUKH,24.9,24.8,24.84,24.82,16570,2015-01-23
DUKH,24.97,24.74,24.89,24.92,50830,2015-01-26
DUKH,24.99,24.79,24.85,24.86,87266,2015-01-27
DUKH,24.92,24.83,24.83,24.91,28024,2015-01-28
DUKH,24.9298,24.86,24.86,24.88,18344,2015-01-29
DUKH,24.99,24.84,24.92,24.84,55021,2015-01-30
DUKH,25,24.83,24.86,24.85,45635,2015-02-02
DUKH,25,24.87,24.87,25,32984,2015-02-03
DUKH,24.99,24.92,24.97,24.98,286475,2015-02-04
DUKH,24.9799,24.79,24.93,24.94,58626,2015-02-05
DUKH,24.9499,24.8401,24.9,24.85,27804,2015-02-06
DUKH,24.8,24.73,24.76,24.76,51968,2015-02-09
DUKH,24.8,24.62,24.8,24.67,25514,2015-02-10
DUKH,24.79,24.42,24.65,24.79,85617,2015-02-11
DUKH,24.86,24.73,24.73,24.86,40129,2015-02-12
DUKH,24.95,24.8,24.87,24.88,25481,2015-02-13
DUKH,24.9,24.75,24.84,24.75,34753,2015-02-17
DUKH,24.73,24.53,24.66,24.63,48673,2015-02-18
DUKH,24.85,24.56,24.56,24.79,40327,2015-02-19
DUKH,24.9519,24.79,24.79,24.86,46976,2015-02-20
DUKH,24.94,24.81,24.86,24.94,21988,2015-02-23
DUKH,25,24.87,24.95,24.98,48604,2015-02-24
DUKH,25,24.96,24.99,24.96,42055,2015-02-25
DUKH,25,24.95,24.95,24.98,25129,2015-02-26
DUKH,25.05,24.96,24.99,25.05,29843,2015-02-27
DUKH,25.05,24.96,25.04,25.05,39364,2015-03-02
DUKH,25.13,24.98,25.04,25.08,68363,2015-03-03
DUKH,25.12,25.03,25.09,25.09,35529,2015-03-04
DUKH,25.11,25.0404,25.11,25.1,28794,2015-03-05
DUKH,25,24.85,24.98,24.89,94162,2015-03-06
DUKH,24.951,24.7415,24.92,24.9,38432,2015-03-09
DUKH,25,24.84,24.9,24.97,23896,2015-03-10
DUKH,25.07,24.95,24.95,25,25592,2015-03-11
DUKH,25.08,25,25.03,25.0334,17674,2015-03-12
DUKH,25.08,24.97,25.06,25.08,25416,2015-03-13
DUKH,25.09,25,25.04,25.06,38457,2015-03-16
DUKH,25.08,25.01,25.08,25.071,19622,2015-03-17
DUKH,25.14,24.82,25.03,25.09,38712,2015-03-18
DUKH,25.12,25,25.11,25.07,19195,2015-03-19
DUKH,25.19,25.07,25.07,25.1,36146,2015-03-20
DUKH,25.24,25.13,25.16,25.15,65151,2015-03-23
DUKH,25.2,25.1,25.2,25.19,31368,2015-03-24
DUKH,25.2901,25.14,25.18,25.23,33091,2015-03-25
DUKH,25.29,25.14,25.22,25.24,33547,2015-03-26
DUKH,25.2899,25.19,25.24,25.28,22285,2015-03-27
DUKH,25.32,25.2,25.29,25.231,29744,2015-03-30
DUKH,25.34,25.22,25.24,25.29,29798,2015-03-31
DUKH,25.32,25.07,25.32,25.1703,120817,2015-04-01
DUKH,25.22,25.15,25.22,25.17,25207,2015-04-02
DUKH,25.2,25.1,25.15,25.11,30804,2015-04-06
DUKH,25.19,25.067,25.19,25.13,41497,2015-04-07
DUKH,25.25,25.11,25.11,25.19,33296,2015-04-08
DUKH,25.25,25.17,25.18,25.19,36832,2015-04-09
DUKH,25.12,24.95,24.99,25.02,67892,2015-04-10
DUKH,25.15,24.9701,25.05,25.1,45088,2015-04-13
DUKH,25.1599,25.07,25.07,25.11,16649,2015-04-14
DUKH,25.16,25.0801,25.16,25.16,24914,2015-04-15
DUKH,25.16,25.09,25.16,25.095,28007,2015-04-16
DUKH,25.152,25,25.07,25,84036,2015-04-17
DUKH,25.07,25.02,25.04,25.05,28195,2015-04-20
DUKH,25.17,25.0437,25.14,25.17,27156,2015-04-21
DUKH,25.17,25.09,25.17,25.1,24076,2015-04-22
DUKH,25.16,25.08,25.1,25.1,23338,2015-04-23
DUKH,25.18,25.12,25.13,25.16,16899,2015-04-24
DUKH,25.18,25.11,25.18,25.16,15459,2015-04-27
DUKH,25.23,25.1301,25.19,25.16,26669,2015-04-28
DUKH,25.17,25.09,25.13,25.1699,22774,2015-04-29
DUKH,25.15,25.03,25.1,25.1,51335,2015-04-30
DUKH,25.16,25.06,25.06,25.09,55196,2015-05-01
DUKH,25.199,25.1,25.1,25.16,19258,2015-05-04
DUKH,25.2,25.06,25.2,25.12,97077,2015-05-05
DUKH,25.12,24.75,25.12,24.83,163076,2015-05-06
DUKH,24.96,24.8301,24.85,24.87,20150,2015-05-07
DUKH,25.09,24.89,24.89,25,24261,2015-05-08
DUKH,25.06,24.82,25.01,24.86,34353,2015-05-11
DUKH,24.92,24.56,24.73,24.84,77603,2015-05-12
DUKH,25.041,24.81,24.88,24.98,52149,2015-05-13
DUKH,25.21,25.021,25.05,25.1,48646,2015-05-14
DUKH,25.21,25.11,25.2,25.13,39231,2015-05-15
DUKH,25.14,25.067,25.14,25.1,36096,2015-05-18
DUKH,25.14,25,25,25.1,26260,2015-05-19
DUKH,25.19,25.11,25.14,25.11,30469,2015-05-20
DUKH,25.28,25.1,25.11,25.18,50469,2015-05-21
DUKH,25.2399,25.13,25.21,25.17,14639,2015-05-22
DUKH,25.23,25.12,25.16,25.17,34768,2015-05-26
DUKH,25.25,25.15,25.25,25.18,22820,2015-05-27
DUKH,25.1923,25.07,25.07,25.1,16543,2015-05-28
DUKH,25.34,24.98,25.09,24.98,48978,2015-05-29
DUKH,25.07,24.95,24.99,24.97,27949,2015-06-01
DUKH,25.03,24.84,24.95,24.99,31256,2015-06-02
DUKH,25.02,24.92,24.94,24.95,33322,2015-06-03
DUKH,25.08,24.95,24.95,25.03,43071,2015-06-04
DUKH,25.05,24.84,24.92,24.95,32849,2015-06-05
DUKH,25.0099,24.91,24.95,24.92,0,2015-06-08
DUKH,24.96,24.72,24.96,24.73,0,2015-06-09
DUKH,24.8,24.56,24.66,24.71,46748,2015-06-10
DUKH,24.95,24.74,24.74,24.86,39705,2015-06-11
DUKH,24.94,24.8101,24.89,24.86,13930,2015-06-12
DUKH,24.94,24.81,24.81,24.9,23130,2015-06-15
DUKH,24.9402,24.87,24.88,24.9,32927,2015-06-16
DUKH,24.95,24.86,24.95,24.89,29558,2015-06-17
DUKH,24.94,24.74,24.9234,24.74,21523,2015-06-18
DUKH,24.79,24.71,24.78,24.75,34308,2015-06-19
DUKH,24.82,24.7,24.8,24.71,54210,2015-06-22
DUKH,24.74,24.6701,24.74,24.69,16120,2015-06-23
DUKH,24.8,24.6601,24.75,24.68,12282,2015-06-24
DUKH,24.77,24.61,24.77,24.65,33442,2015-06-25
DUKH,24.66,24.61,24.61,24.61,23543,2015-06-26
DUKH,24.68,24.52,24.62,24.56,27166,2015-06-29
DUKH,24.7399,24.5,24.65,24.53,47110,2015-06-30
DUKH,24.63,24.5001,24.63,24.56,17670,2015-07-01
DUKH,24.8158,24.6701,24.68,24.76,22749,2015-07-02
DUKH,24.8722,24.7,24.81,24.74,22603,2015-07-06
DUKH,24.95,24.77,24.77,24.9,29724,2015-07-07
DUKH,25,24.78,24.95,24.78,16455,2015-07-08
DUKH,25.03,24.8,24.95,24.98,34878,2015-07-09
DUKH,24.8,24.6,24.6,24.68,22603,2015-07-10
DUKH,24.98,24.71,24.71,24.95,28716,2015-07-13
DUKH,25.03,24.91,25.03,24.99,22011,2015-07-14
DUKH,25.14,24.96,25,25.11,33041,2015-07-15
DUKH,25.19,25.05,25.08,25.18,50444,2015-07-16
DUKH,25.2,25.05,25.2,25.12,64134,2015-07-17
DUKH,25.13,25.01,25.07,25.08,35513,2015-07-20
DUKH,25.07,25.01,25.04,25.01,14882,2015-07-21
DUKH,25.05,24.955,25.05,24.98,22102,2015-07-22
DUKH,24.94,24.8301,24.94,24.87,18279,2015-07-23
DUKH,24.929,24.75,24.9,24.87,32232,2015-07-24
DUKH,24.94,24.82,24.82,24.94,34055,2015-07-27
DUKH,24.99,24.75,24.94,24.99,340847,2015-07-28
DUKH,25.04,24.94,24.98,25.04,31320,2015-07-29
DUKH,25.05,25.011,25.04,25.04,14711,2015-07-30
DUKH,25.05,24.95,25.05,25.04,21620,2015-07-31
DUKH,25.23,24.95,24.95,25.23,48960,2015-08-03
DUKH,25.2399,24.95,25.21,25.08,40836,2015-08-04
DUKH,25.2,25.02,25.16,25.18,21306,2015-08-05
DUKH,25.2,25.12,25.17,25.18,20801,2015-08-06
DUKH,25.1999,25.14,25.14,25.18,8359,2015-08-07
DUKH,25.24,25.1898,25.19,25.22,18316,2015-08-10
DUKH,25.28,25.1942,25.22,25.28,30060,2015-08-11
DUKH,25.31,25.22,25.22,25.31,31472,2015-08-12
DUKH,25.31,25.18,25.31,25.22,61858,2015-08-13
DUKH,25.25,25.12,25.25,25.24,29322,2015-08-14
DUKH,25.24,25.12,25.16,25.19,19873,2015-08-17
DUKH,25.2,25.03,25.2,25.06,37875,2015-08-18
DUKH,25.12,25.02,25.12,25.02,33982,2015-08-19
DUKH,25.05,24.97,25.05,25.01,47681,2015-08-20
DUKH,25.03,24.89,25.01,25.02,30434,2015-08-21
DUKH,24.93,24.07,24.07,24.89,140489,2015-08-24
DUKH,25.09,24.94,24.99,24.94,45826,2015-08-25
DUKH,25.08,24.96,25.04,25.05,38562,2015-08-26
DUKH,25.13,25.051,25.1,25.09,18959,2015-08-27
DUKH,25.13,25.02,25.13,25.07,10878,2015-08-28
DUKH,25.1399,25.02,25.07,25.12,31578,2015-08-31
DUKH,25.13,25,25,25.07,11087,2015-09-01
DUKH,25.15,25.063,25.07,25.15,22093,2015-09-02
DUKH,25.18,25.05,25.05,25.07,15870,2015-09-03
DUKH,25.13,25.043,25.1,25.1,13200,2015-09-04
DUKH,25.12,25.02,25.1,25.05,32196,2015-09-08
DUKH,25.09,25,25,25.06,18197,2015-09-09
DUKH,25.1188,25,25.06,25.05,23219,2015-09-10
DUKH,25.08,25.0025,25.02,25.04,10819,2015-09-11
DUKH,25.08,24.99,25.08,25,17820,2015-09-14
DUKH,25.04,24.95,24.98,24.95,21362,2015-09-15
DUKH,25,24.92,24.96,24.95,38022,2015-09-16
DUKH,25.06,24.92,24.943,25.02,16614,2015-09-17
DUKH,25.12,24.99,24.99,25.12,28786,2015-09-18
DUKH,25.15,25.06,25.06,25.08,14755,2015-09-21
DUKH,25.15,25,25.02,25.1,39020,2015-09-22
DUKH,25.2,25.1104,25.15,25.18,37419,2015-09-23
DUKH,25.2,25.0801,25.17,25.11,25228,2015-09-24
DUKH,25.17,25.12,25.12,25.15,14209,2015-09-25
DUKH,25.15,25.02,25.1,25.04,23915,2015-09-28
DUKH,25.13,24.98,25.1,25.11,48769,2015-09-29
DUKH,25.14,25.08,25.13,25.08,38044,2015-09-30
DUKH,25.12,24.86,25.12,24.94,52963,2015-10-01
DUKH,25.05,24.86,24.94,25.05,29691,2015-10-02
DUKH,25.25,25.055,25.1,25.18,48119,2015-10-05
DUKH,25.27,25.1906,25.22,25.23,21253,2015-10-06
DUKH,25.26,25.06,25.26,25.23,30054,2015-10-07
DUKH,25.34,25.196,25.22,25.34,36823,2015-10-08
DUKH,25.2,25.1,25.15,25.2,24914,2015-10-09
DUKH,25.1918,24.98,25.13,25.03,36027,2015-10-12
DUKH,25.1,24.93,25.06,25.09,23116,2015-10-13
DUKH,25.19,24.98,24.98,25.17,24374,2015-10-14
DUKH,25.25,25.13,25.18,25.25,45278,2015-10-15
DUKH,25.31,25.2,25.2,25.31,63023,2015-10-16
DUKH,25.3,25.19,25.2798,25.19,32883,2015-10-19
DUKH,25.3,25.19,25.23,25.28,42567,2015-10-20
DUKH,25.28,25.2476,25.2569,25.27,25070,2015-10-21
DUKH,25.33,25.26,25.3,25.33,24928,2015-10-22
DUKH,25.34,25.28,25.28,25.34,26558,2015-10-23
DUKH,25.34,25.29,25.32,25.34,25287,2015-10-26
DUKH,25.34,25.3,25.33,25.34,24607,2015-10-27
DUKH,25.36,25.28,25.328,25.36,25951,2015-10-28
DUKH,25.39,25.3306,25.36,25.3501,44763,2015-10-29
DUKH,25.38,25.28,25.38,25.28,18829,2015-10-30
DUKH,25.39,25.26,25.35,25.39,31031,2015-11-02
DUKH,25.46,25.32,25.39,25.39,62304,2015-11-03
DUKH,25.4,25.31,25.31,25.39,32983,2015-11-04
DUKH,25.45,25.365,25.43,25.4299,36321,2015-11-05
DUKH,25.37,25.11,25.31,25.3,48506,2015-11-06
DUKH,25.28,25.11,25.24,25.26,21308,2015-11-09
DUKH,25.41,25.24,25.27,25.36,19566,2015-11-10
DUKH,25.46,25.3301,25.39,25.46,34779,2015-11-11
DUKH,25.46,25.38,25.45,25.46,19711,2015-11-12
DUKH,25.48,25.41,25.44,25.48,23210,2015-11-13
DUKH,25.49,25.3901,25.47,25.42,29245,2015-11-16
DUKH,25.48,25.32,25.48,25.32,19474,2015-11-17
DUKH,25.43,25.26,25.26,25.43,26900,2015-11-18
DUKH,25.41,25.31,25.31,25.36,33726,2015-11-19
DUKH,25.49,25.369,25.39,25.45,17343,2015-11-20
DUKH,25.45,25.33,25.45,25.3465,40422,2015-11-23
DUKH,25.38,25.3,25.35,25.38,30161,2015-11-24
DUKH,25.49,25.33,25.35,25.44,17379,2015-11-25
DUKH,25.5,25.41,25.48,25.48,14390,2015-11-27
DUKH,25.48,25.4,25.48,25.4,28329,2015-11-30
DUKH,25.49,25.4,25.4,25.45,26794,2015-12-01
DUKH,25.49,25.43,25.49,25.49,22029,2015-12-02
DUKH,25.47,25.39,25.43,25.45,19025,2015-12-03
DUKH,25.5,25.45,25.46,25.5,27208,2015-12-04
DUKH,25.73,25.42,25.49,25.71,73152,2015-12-07
DUKH,25.74,25.64,25.7,25.66,39267,2015-12-08
DUKH,25.67,25.607,25.65,25.65,21286,2015-12-09
DUKH,25.67,25.57,25.65,25.57,22038,2015-12-10
DUKH,25.63,25.53,25.58,25.5597,19064,2015-12-11
DUKH,25.515,25.04,25.51,25.11,56851,2015-12-14
DUKH,25.35,25.12,25.35,25.2308,35436,2015-12-15
DUKH,25.4,25.2401,25.25,25.3699,32421,2015-12-16
DUKH,25.5358,25.29,25.48,25.35,31344,2015-12-17
DUKH,25.5,25.35,25.3501,25.5,10074,2015-12-18
DUKH,25.63,25.5,25.52,25.63,9949,2015-12-21
DUKH,25.67,25.56,25.64,25.5801,9692,2015-12-22
DUKH,25.65,25.542,25.64,25.59,15271,2015-12-23
DUKH,25.61,25.5501,25.61,25.59,4275,2015-12-24
DUKH,25.58,25.51,25.58,25.53,17783,2015-12-28
DUKH,25.53,25.425,25.51,25.44,30822,2015-12-29
DUKH,25.55,25.4996,25.53,25.54,13225,2015-12-30
DUKH,25.6999,25.604,25.62,25.66,11573,2015-12-31
DUKH,25.7795,25.49,25.5,25.74,50679,2016-01-04
DUKH,25.99,25.74,25.79,25.93,47016,2016-01-05
DUKH,25.91,25.66,25.79,25.73,206178,2016-01-06
DUKH,25.7,25.601,25.65,25.64,15408,2016-01-07
DUKH,25.75,25.5901,25.62,25.71,26356,2016-01-08
DUKH,25.6899,25.6035,25.66,25.64,23528,2016-01-11
DUKH,25.44,25.3,25.38,25.42,109088,2016-01-12
DUKH,25.45,25.27,25.37,25.3206,29311,2016-01-13
DUKH,25.4,25.18,25.29,25.28,70697,2016-01-14
DUKH,25.4,25.13,25.15,25.4,84816,2016-01-15
DUKH,25.55,25.4,25.45,25.55,30368,2016-01-19
DUKH,25.53,25.1,25.44,25.53,33032,2016-01-20
DUKH,25.65,25.4406,25.5,25.61,20671,2016-01-21
DUKH,25.82,25.65,25.65,25.79,20276,2016-01-22
DUKH,25.83,25.54,25.83,25.6,9531,2016-01-25
DUKH,25.77,25.52,25.63,25.54,17686,2016-01-26
DUKH,25.7,25.51,25.51,25.5966,23146,2016-01-27
DUKH,25.64,25.57,25.63,25.605,11276,2016-01-28
DUKH,25.79,25.6338,25.69,25.72,29978,2016-01-29
DUKH,25.79,25.64,25.64,25.79,35400,2016-02-01
DUKH,25.83,25.7503,25.77,25.81,20397,2016-02-02
DUKH,25.83,25.71,25.77,25.83,34854,2016-02-03
DUKH,25.92,25.77,25.83,25.89,20535,2016-02-04
DUKH,25.896,25.77,25.8301,25.84,14384,2016-02-05
DUKH,25.77,25.44,25.77,25.55,31264,2016-02-08
DUKH,25.39,25.01,25.25,25.32,45938,2016-02-09
DUKH,25.43,25.22,25.29,25.23,26302,2016-02-10
DUKH,25.45,25.02,25.02,25.32,62155,2016-02-11
DUKH,25.53,25.26,25.3,25.36,28647,2016-02-12
DUKH,25.6494,25.39,25.41,25.43,32326,2016-02-16
DUKH,25.6895,25.4855,25.5,25.6,32542,2016-02-17
DUKH,25.72,25.596,25.72,25.6,21541,2016-02-18
DUKH,25.75,25.47,25.5,25.74,44900,2016-02-19
DUKH,25.9,25.5701,25.9,25.58,46351,2016-02-22
DUKH,25.66,25.5,25.66,25.5403,17289,2016-02-23
DUKH,25.5,25.2701,25.44,25.4,42220,2016-02-24
DUKH,25.53,25.38,25.42,25.47,17799,2016-02-25
DUKH,25.58,25.4,25.55,25.54,16684,2016-02-26
DUKH,25.61,25.42,25.425,25.42,32210,2016-02-29
DUKH,25.98,25.48,25.48,25.56,42851,2016-03-01
DUKH,25.7412,25.56,25.63,25.57,11869,2016-03-02
DUKH,25.66,25.58,25.58,25.61,14007,2016-03-03
DUKH,25.7,25.62,25.62,25.7,9958,2016-03-04
DUKH,25.809,25.65,25.79,25.77,14593,2016-03-07
DUKH,25.841,25.692,25.81,25.81,11474,2016-03-08
DUKH,25.96,25.8261,25.86,25.94,18391,2016-03-09
DUKH,26.06,25.8,25.9804,25.96,22506,2016-03-10
DUKH,26.1,25.93,25.93,25.96,31823,2016-03-11
DUKH,26,25.93,25.99,25.96,10088,2016-03-14
DUKH,25.97,25.81,25.9,25.93,20650,2016-03-15
DUKH,26.01,25.84,25.84,25.98,20499,2016-03-16
DUKH,26.05,25.83,25.9786,25.85,29912,2016-03-17
DUKH,26.03,25.84,25.85,25.84,19251,2016-03-18
DUKH,25.9465,25.8601,25.88,25.9,10700,2016-03-21
DUKH,25.8499,25.74,25.74,25.77,25742,2016-03-22
DUKH,25.8892,25.73,25.81,25.85,16760,2016-03-23
DUKH,25.96,25.77,25.77,25.93,11029,2016-03-24
DUKH,26.1,25.93,25.93,26.1,19840,2016-03-28
DUKH,26.32,26.05,26.05,26.25,19707,2016-03-29
DUKH,26.34,26.21,26.34,26.25,19230,2016-03-30
DUKH,26.29,26.02,26.26,26.02,25713,2016-03-31
DUKH,26.17,25.8,26,25.85,30818,2016-04-01
DUKH,25.9985,25.7672,25.78,25.91,30918,2016-04-04
DUKH,26.06,25.8201,25.9,26.05,24130,2016-04-05
DUKH,26.13,25.97,25.99,26.04,29931,2016-04-06
DUKH,26.0374,25.8584,25.94,25.92,23639,2016-04-07
DUKH,26.1,25.93,25.93,26.1,21199,2016-04-08
DUKH,26.26,26.12,26.12,26.25,28272,2016-04-11
DUKH,25.95,25.85,25.92,25.92,29930,2016-04-12
DUKH,26.04,25.86,25.87,26.04,25556,2016-04-13
DUKH,26.05,25.97,25.97,26.05,18697,2016-04-14
DUKH,26.1,25.84,25.94,25.84,90719,2016-04-15
DUKH,25.95,25.88,25.9,25.94,39178,2016-04-18
DUKH,26.01,25.9,25.9,25.98,26029,2016-04-19
DUKH,26.08,25.9333,25.98,26.0499,25023,2016-04-20
DUKH,26.07,26.03,26.07,26.03,12727,2016-04-21
DUKH,26.12,25.98,26,26.1,14115,2016-04-22
DUKH,26.1,26,26.1,26.04,22099,2016-04-25
DUKH,26.19,26.0116,26.02,26.17,13317,2016-04-26
DUKH,26.23,26.09,26.09,26.23,17874,2016-04-27
DUKH,26.29,26.18,26.18,26.29,29570,2016-04-28
DUKH,26.33,26.2,26.2,26.3,29364,2016-04-29
DUKH,26.43,26.22,26.22,26.39,24708,2016-05-02
DUKH,26.48,26.32,26.34,26.46,28064,2016-05-03
DUKH,26.5017,26.36,26.36,26.42,13553,2016-05-04
DUKH,26.445,26.3401,26.4,26.43,11219,2016-05-05
DUKH,26.85,26.34,26.34,26.85,23992,2016-05-06
DUKH,26.75,26.59,26.66,26.75,22843,2016-05-09
DUKH,26.85,26.67,26.67,26.82,16293,2016-05-10
DUKH,26.84,26.66,26.73,26.84,19829,2016-05-11
DUKH,26.84,26.6901,26.75,26.695,22773,2016-05-12
DUKH,26.74,26.6278,26.6771,26.649,10022,2016-05-13
DUKH,26.88,26.5701,26.74,26.72,41022,2016-05-16
DUKH,26.74,26.5938,26.6,26.6592,10864,2016-05-17
DUKH,26.74,26.43,26.57,26.59,31497,2016-05-18
DUKH,26.5899,26.3201,26.5,26.4,44763,2016-05-19
DUKH,26.6756,26.33,26.33,26.49,38590,2016-05-20
DUKH,26.645,26.28,26.54,26.32,294173,2016-05-23
DUKH,26.45,26.2,26.33,26.32,24569,2016-05-24
DUKH,26.401,26.2,26.36,26.39,28407,2016-05-25
DUKH,26.5699,26.2211,26.27,26.51,22722,2016-05-26
DUKH,26.6,26.4672,26.57,26.6,15045,2016-05-27
DUKH,26.67,26.46,26.46,26.67,46158,2016-05-31
DUKH,26.72,26.54,26.72,26.64,25736,2016-06-01
DUKH,26.63,26.54,26.54,26.63,15838,2016-06-02
DUKH,27,26.52,26.52,27,27059,2016-06-03
DUKH,26.9299,26.7214,26.91,26.85,24554,2016-06-06
DUKH,26.85,26.69,26.85,26.82,27550,2016-06-07
DUKH,26.85,26.65,26.71,26.75,28365,2016-06-08
DUKH,26.72,26.5701,26.72,26.63,27512,2016-06-09
DUKH,26.6951,26.5501,26.5903,26.61,20569,2016-06-10
DUKH,26.67,26.5311,26.67,26.54,18766,2016-06-13
DUKH,26.6478,26.45,26.53,26.5097,30207,2016-06-14
DUKH,26.72,26.4432,26.45,26.66,43853,2016-06-15
DUKH,26.74,26.5201,26.57,26.58,33157,2016-06-16
DUKH,26.89,26.55,26.63,26.88,31851,2016-06-17
DUKH,27.18,26.7,26.81,27.17,64163,2016-06-20
DUKH,27.15,26.84,27.1,26.85,42119,2016-06-21
DUKH,26.92,26.76,26.81,26.8,23715,2016-06-22
DUKH,27.06,26.72,26.9,26.83,37960,2016-06-23
DUKH,26.9199,26.47,26.47,26.82,27271,2016-06-24
DUKH,26.9463,26.6201,26.9463,26.8,14785,2016-06-27
DUKH,26.8,26.6578,26.78,26.8,34565,2016-06-28
DUKH,26.94,26.7401,26.94,26.78,20085,2016-06-29
DUKH,26.95,26.75,26.87,26.89,52565,2016-06-30
DUKH,26.98,26.77,26.85,26.91,17518,2016-07-01
DUKH,26.95,26.8405,26.9,26.95,21935,2016-07-05
DUKH,26.85,26.66,26.85,26.82,32156,2016-07-06
DUKH,26.85,26.74,26.84,26.7425,66426,2016-07-07
DUKH,26.95,26.741,26.76,26.8,33394,2016-07-08
DUKH,26.8375,26.7,26.8,26.78,99695,2016-07-11
DUKH,26.54,26.4,26.49,26.41,34983,2016-07-12
DUKH,26.54,26.42,26.5,26.53,19608,2016-07-13
DUKH,26.55,26.42,26.46,26.48,21216,2016-07-14
DUKH,26.56,26.42,26.53,26.43,62314,2016-07-15
DUKH,26.5,26.44,26.5,26.47,14487,2016-07-18
DUKH,26.49,26.4417,26.49,26.47,24836,2016-07-19
DUKH,26.5,26.41,26.5,26.47,26851,2016-07-20
DUKH,26.66,26.42,26.48,26.66,77042,2016-07-21
DUKH,26.7099,26.63,26.65,26.7099,19504,2016-07-22
DUKH,26.75,26.622,26.75,26.75,26371,2016-07-25
DUKH,26.74,26.61,26.67,26.7,40333,2016-07-26
DUKH,26.75,26.6101,26.7,26.72,119016,2016-07-27
DUKH,26.65,26.5,26.64,26.59,27142,2016-07-28
DUKH,26.6,26.4873,26.55,26.5,34146,2016-07-29
DUKH,26.49,26.4321,26.46,26.47,18377,2016-08-01
DUKH,26.45,26.361,26.45,26.45,278433,2016-08-02
DUKH,26.47,26.38,26.47,26.44,16476,2016-08-03
DUKH,26.45,26.34,26.42,26.45,23378,2016-08-04
DUKH,26.469,26.41,26.45,26.45,18830,2016-08-05
DUKH,26.4442,26.37,26.4,26.42,47320,2016-08-08
DUKH,26.44,26.35,26.4,26.43,38015,2016-08-09
DUKH,26.42,26.3201,26.39,26.42,18733,2016-08-10
DUKH,26.47,26.35,26.41,26.46,25157,2016-08-11
DUKH,26.44,26.41,26.433,26.43,16325,2016-08-12
DUKH,26.44,26.3847,26.44,26.4201,16902,2016-08-15
DUKH,26.42,26.37,26.37,26.42,6952,2016-08-16
DUKH,26.42,26.36,26.36,26.42,27860,2016-08-17
DUKH,26.45,26.42,26.42,26.45,10286,2016-08-18
DUKH,26.4753,26.31,26.4,26.3242,35009,2016-08-19
DUKH,26.31,26.26,26.3,26.26,20019,2016-08-22
DUKH,26.38,26.3,26.37,26.37,16805,2016-08-23
DUKH,26.38,26.3001,26.33,26.38,28426,2016-08-24
DUKH,26.44,26.3748,26.42,26.43,43834,2016-08-25
DUKH,26.48,26.39,26.39,26.48,27684,2016-08-26
DUKH,26.52,26.4,26.4,26.5,50622,2016-08-29
DUKH,26.66,26.43,26.44,26.4799,22139,2016-08-30
DUKH,26.54,26.41,26.54,26.41,28387,2016-08-31
DUKH,26.44,26.33,26.41,26.4,21953,2016-09-01
DUKH,26.4718,26.34,26.34,26.44,14027,2016-09-02
DUKH,26.49,26.36,26.49,26.47,13888,2016-09-06
DUKH,26.48,26.39,26.39,26.47,32685,2016-09-07
DUKH,26.51,26.4001,26.4001,26.5,44021,2016-09-08
DUKH,26.53,26.31,26.31,26.53,51192,2016-09-09
DUKH,26.56,26.3,26.3,26.54,48022,2016-09-12
DUKH,26.55,26.35,26.54,26.45,19865,2016-09-13
DUKH,26.52,26.35,26.4,26.52,14854,2016-09-14
DUKH,26.64,26.4101,26.463,26.64,21862,2016-09-15
DUKH,26.64,26.39,26.6,26.43,17219,2016-09-16
DUKH,26.58,26.5,26.5,26.5469,8232,2016-09-19
DUKH,26.58,26.42,26.53,26.5,26268,2016-09-20
DUKH,26.64,26.415,26.45,26.63,28658,2016-09-21
DUKH,26.74,26.62,26.65,26.66,23523,2016-09-22
DUKH,26.7187,26.57,26.59,26.7,13314,2016-09-23
DUKH,26.7099,26.589,26.62,26.65,16492,2016-09-26
DUKH,26.74,26.57,26.57,26.74,17085,2016-09-27
DUKH,26.6428,26.48,26.63,26.48,28757,2016-09-28
DUKH,26.67,26.38,26.56,26.38,15301,2016-09-29
DUKH,26.49,26.25,26.38,26.26,25397,2016-09-30
DUKH,26.48,26.25,26.28,26.46,20739,2016-10-03
DUKH,26.54,26.43,26.43,26.5,13287,2016-10-04
DUKH,26.55,26.455,26.48,26.51,14141,2016-10-05
DUKH,26.57,26.4821,26.49,26.57,16560,2016-10-06
DUKH,26.56,26.5,26.55,26.55,18756,2016-10-07
DUKH,26.58,26.4,26.58,26.5,18424,2016-10-10
DUKH,26.54,26.3301,26.44,26.45,42547,2016-10-11
DUKH,26.13,25.91,26.13,26.06,12277,2016-10-12
DUKH,26.03,25.93,25.96,25.94,19110,2016-10-13
DUKH,26.1,25.96,25.96,26.0799,11915,2016-10-14
DUKH,26.16,26.02,26.16,26.09,22906,2016-10-17
DUKH,26.26,26.1,26.1,26.23,31620,2016-10-18
DUKH,26.29,26.13,26.13,26.28,17078,2016-10-19
DUKH,26.33,26.15,26.18,26.32,13603,2016-10-20
DUKH,26.5,26.1801,26.35,26.5,48801,2016-10-21
DUKH,26.5,26.3879,26.5,26.42,11673,2016-10-24
DUKH,26.55,26.42,26.42,26.5,20551,2016-10-25
DUKH,26.535,26.43,26.43,26.53,25104,2016-10-26
DUKH,26.5,26.33,26.45,26.4,23258,2016-10-27
DUKH,26.42,26.25,26.32,26.3,14493,2016-10-28
DUKH,26.321,26.1,26.25,26.1,14234,2016-10-31
DUKH,26.2099,26.01,26.14,26.0499,14984,2016-11-01
DUKH,26.04,25.9404,25.97,25.99,14570,2016-11-02
DUKH,26.009,25.38,25.99,25.39,29096,2016-11-03
DUKH,25.58,25.4374,25.45,25.47,15496,2016-11-04
DUKH,25.65,25.39,25.65,25.4,10534,2016-11-07
DUKH,25.5599,25.21,25.5,25.33,22248,2016-11-08
DUKH,25.5299,25.0999,25.23,25.14,24135,2016-11-09
DUKH,25.5332,24.4054,25.15,24.56,88618,2016-11-10
DUKH,24.7512,24.53,24.6,24.68,38780,2016-11-11
DUKH,24.58,23.12,24.58,23.3,129439,2016-11-14
DUKH,24.71,23.65,23.65,24.53,94063,2016-11-15
DUKH,24.85,24.42,24.69,24.74,49986,2016-11-16
DUKH,24.78,24.32,24.78,24.56,52606,2016-11-17
DUKH,24.66,23.97,24.45,24.06,47968,2016-11-18
DUKH,24.7499,24.16,24.16,24.3,48535,2016-11-21
DUKH,24.7,24.31,24.68,24.67,42547,2016-11-22
DUKH,24.57,24.17,24.44,24.5,40897,2016-11-23
DUKH,24.6,24.45,24.46,24.505,12166,2016-11-25
DUKH,24.81,24.5,24.64,24.79,51731,2016-11-28
DUKH,24.75,24.54,24.73,24.62,62095,2016-11-29
DUKH,24.4717,24.251,24.43,24.45,55685,2016-11-30
DUKH,24.3499,23.96,24.26,24.07,60072,2016-12-01
DUKH,24.36,23.87,24.1,23.99,82593,2016-12-02
DUKH,24.18,23.8604,23.9,24.06,36813,2016-12-05
DUKH,24.269,23.97,23.97,24.05,34397,2016-12-06
DUKH,24.41,24.11,24.11,24.39,39900,2016-12-07
DUKH,24.3,24.1,24.3,24.13,36963,2016-12-08
DUKH,24.16,23.77,24.12,23.87,49793,2016-12-09
DUKH,23.9675,23.65,23.81,23.73,60668,2016-12-12
DUKH,24,23.76,23.8,23.99,45308,2016-12-13
DUKH,24.11,23.9,23.99,23.92,132648,2016-12-14
DUKH,23.95,23.64,23.86,23.78,111418,2016-12-15
DUKH,23.8702,23.62,23.8,23.63,59527,2016-12-16
DUKH,23.99,23.67,23.67,23.95,36689,2016-12-19
DUKH,24.2,23.9,23.95,23.92,51890,2016-12-20
DUKH,24.1,23.906,23.92,24,46553,2016-12-21
DUKH,24.2,23.934,24,24.01,51943,2016-12-22
DUKH,24.05,23.84,24.04,23.91,52635,2016-12-23
DUKH,24,23.81,23.9,23.87,39176,2016-12-27
DUKH,24.04,23.78,23.86,23.97,56238,2016-12-28
DUKH,23.97,23.8,23.96,23.86,58101,2016-12-29
DUKH,24.049,23.85,23.85,23.93,38728,2016-12-30
DUKH,24.29,23.88,23.88,24.2,25377,2017-01-03
DUKH,24.73,24.22,24.22,24.68,36722,2017-01-04
DUKH,24.8799,24.43,24.78,24.44,60976,2017-01-05
DUKH,24.59,24.4,24.53,24.51,37556,2017-01-06
DUKH,24.95,24.43,24.59,24.85,50274,2017-01-09
DUKH,24.94,24.75,24.8,24.92,32758,2017-01-10
DUKH,24.88,24.5351,24.69,24.82,27232,2017-01-11
DUKH,24.84,24.7383,24.79,24.78,33075,2017-01-12
DUKH,24.8896,24.72,24.72,24.82,27302,2017-01-13
DUKH,24.95,24.8,24.95,24.81,43573,2017-01-17
DUKH,24.869,24.63,24.8,24.63,43402,2017-01-18
DUKH,24.65,24.16,24.65,24.25,47461,2017-01-19
DUKH,24.66,24.1759,24.32,24.24,85146,2017-01-20
DUKH,24.78,24.31,24.31,24.75,40965,2017-01-23
DUKH,24.84,24.84,24.84,24.84,33444,2017-01-24
DUKH,24.84,24.59,24.69,24.72,91393,2017-01-25
DUKH,24.94,24.7,24.72,24.84,32768,2017-01-26
DUKH,24.97,24.83,24.85,24.88,32089,2017-01-27
DUKH,25.1,24.82,24.95,24.95,39234,2017-01-30
DUKH,25.04,24.905,24.96,25.02,36121,2017-01-31
DUKH,25.04,24.89,24.95,24.98,23835,2017-02-01
DUKH,25.2,24.99,25,25.07,21138,2017-02-02
DUKH,25.35,25.0701,25.08,25.16,20701,2017-02-03
DUKH,25.35,25.18,25.25,25.24,27269,2017-02-06
DUKH,25.3913,25.24,25.24,25.37,25699,2017-02-07
DUKH,25.6518,25.34,25.34,25.52,35389,2017-02-08
DUKH,25.65,25.41,25.45,25.45,38776,2017-02-09
DUKH,25.64,25.4,25.4,25.5,16212,2017-02-10
DUKH,25.53,25.49,25.49,25.49,12063,2017-02-13
DUKH,25.55,25.37,25.49,25.5,23903,2017-02-14
DUKH,25.5899,25.43,25.44,25.52,21722,2017-02-15
DUKH,25.55,25.46,25.5,25.47,16839,2017-02-16
DUKH,25.5164,25.41,25.44,25.41,18321,2017-02-17
DUKH,25.4781,25.34,25.41,25.37,20684,2017-02-21
DUKH,25.54,25.34,25.37,25.41,25105,2017-02-22
DUKH,25.44,25.33,25.38,25.38,34682,2017-02-23
DUKH,25.46,25.36,25.4,25.36,20966,2017-02-24
DUKH,25.4344,25.35,25.4,25.36,25090,2017-02-27
DUKH,25.44,25.34,25.36,25.44,11134,2017-02-28
DUKH,25.369,25.3,25.3,25.355,14052,2017-03-01
DUKH,25.386,25.33,25.34,25.34,17927,2017-03-02
DUKH,25.54,25.32,25.32,25.42,29807,2017-03-03
DUKH,25.4612,25.37,25.41,25.42,16730,2017-03-06
DUKH,25.47,25.35,25.41,25.46,22119,2017-03-07
DUKH,25.37,25.3,25.34,25.32,61088,2017-03-08
DUKH,25.3,25.11,25.25,25.19,36456,2017-03-09
DUKH,25.3,25.17,25.23,25.3,31786,2017-03-10
DUKH,25.31,25.2,25.25,25.26,17135,2017-03-13
DUKH,25.35,25.2,25.2,25.35,14865,2017-03-14
DUKH,25.53,25.26,25.26,25.53,18079,2017-03-15
DUKH,25.65,25.46,25.46,25.62,22069,2017-03-16
DUKH,25.66,25.54,25.56,25.56,25711,2017-03-17
DUKH,25.69,25.54,25.69,25.54,19675,2017-03-20
DUKH,25.59,25.37,25.59,25.37,31630,2017-03-21
DUKH,25.53,25.35,25.39,25.45,38501,2017-03-22
DUKH,25.56,25.43,25.45,25.56,30980,2017-03-23
DUKH,25.68,25.53,25.56,25.55,44450,2017-03-24
DUKH,25.6426,25.55,25.6,25.6,35586,2017-03-27
DUKH,25.629,25.55,25.55,25.61,28407,2017-03-28
DUKH,25.69,25.61,25.61,25.64,12798,2017-03-29
DUKH,25.86,25.65,25.73,25.75,20397,2017-03-30
DUKH,25.99,25.71,25.75,25.99,25458,2017-03-31
DUKH,26.33,25.85,25.97,26.05,65099,2017-04-03
DUKH,26.18,25.98,26.18,26.06,36367,2017-04-04
DUKH,26.11,25.81,26.02,25.81,34405,2017-04-05
DUKH,25.95,25.76,25.79,25.95,41332,2017-04-06
DUKH,26.01,25.92,25.92,25.95,13797,2017-04-07
DUKH,26.25,25.9803,26.02,26.19,54886,2017-04-10
DUKH,26.01,25.77,26,25.83,42028,2017-04-11
DUKH,25.87,25.74,25.8,25.84,26977,2017-04-12
DUKH,25.9,25.8,25.84,25.9,18747,2017-04-13
DUKH,25.99,25.86,25.99,25.95,22248,2017-04-17
DUKH,26,25.86,25.91,25.89,20235,2017-04-18
DUKH,25.91,25.81,25.9,25.81,34378,2017-04-19
DUKH,25.99,25.8,25.8,25.91,19430,2017-04-20
DUKH,25.99,25.85,25.91,25.95,30909,2017-04-21
DUKH,26.05,25.85,25.93,25.85,43939,2017-04-24
DUKH,25.9199,25.72,25.85,25.77,45866,2017-04-25
DUKH,25.78,25.7,25.76,25.71,21014,2017-04-26
DUKH,25.8,25.7,25.72,25.72,29300,2017-04-27
DUKH,25.8,25.65,25.72,25.69,13739,2017-04-28
DUKH,25.75,25.65,25.66,25.68,20906,2017-05-01
DUKH,25.6949,25.55,25.66,25.67,29960,2017-05-02
DUKH,25.83,25.56,25.57,25.83,35072,2017-05-03
DUKH,25.6678,25.4113,25.66,25.5,29400,2017-05-04
DUKH,25.74,25.49,25.5,25.74,20741,2017-05-05
DUKH,25.93,25.73,25.74,25.88,18460,2017-05-08
DUKH,25.95,25.81,25.81,25.87,11657,2017-05-09
DUKH,25.8,25.6055,25.72,25.62,13091,2017-05-10
DUKH,25.658,25.51,25.58,25.63,14108,2017-05-11
DUKH,25.73,25.61,25.61,25.6828,6193,2017-05-12
DUKH,25.79,25.63,25.64,25.72,13039,2017-05-15
DUKH,25.6933,25.561,25.66,25.64,6830,2017-05-16
DUKH,25.6799,25.5105,25.53,25.63,9640,2017-05-17
DUKH,25.68,25.5407,25.6293,25.59,16043,2017-05-18
DUKH,25.6666,25.5,25.55,25.5,13736,2017-05-19
DUKH,25.5745,25.3401,25.51,25.47,21075,2017-05-22
DUKH,25.6,25.488,25.55,25.55,6707,2017-05-23
DUKH,25.62,25.401,25.49,25.47,9551,2017-05-24
DUKH,25.589,25.48,25.48,25.53,14698,2017-05-25
DUKH,25.6699,25.49,25.49,25.61,8662,2017-05-26
DUKH,25.6193,25.5,25.54,25.52,15424,2017-05-30
DUKH,25.6897,25.52,25.53,25.52,20845,2017-05-31
DUKH,25.71,25.527,25.6,25.7,9198,2017-06-01
DUKH,25.97,25.65,25.71,25.9,13239,2017-06-02
DUKH,25.98,25.78,25.78,25.969,8852,2017-06-05
DUKH,25.9688,25.8763,25.95,25.95,5350,2017-06-06
DUKH,25.97,25.84,25.97,25.94,13865,2017-06-07
DUKH,25.93,25.72,25.83,25.9,11446,2017-06-08
DUKH,25.8709,25.78,25.8,25.83,5696,2017-06-09
DUKH,25.87,25.74,25.75,25.83,16814,2017-06-12
DUKH,25.91,25.81,25.84,25.91,7042,2017-06-13
DUKH,25.94,25.882,25.91,25.94,7786,2017-06-14
DUKH,25.97,25.85,25.85,25.97,7951,2017-06-15
DUKH,25.97,25.68,25.97,25.79,24278,2017-06-16
DUKH,25.94,25.73,25.73,25.94,9070,2017-06-19
DUKH,25.94,25.84,25.86,25.8949,10112,2017-06-20
DUKH,25.9299,25.86,25.8947,25.869,14077,2017-06-21
DUKH,25.95,25.772,25.86,25.85,20594,2017-06-22
DUKH,26.01,25.89,25.89,26.01,11900,2017-06-23
DUKH,26.05,25.92,26.05,26.0499,9429,2017-06-26
DUKH,26.04,25.92,25.92,26.02,14358,2017-06-27
DUKH,26.0124,25.9105,25.95,25.96,19851,2017-06-28
DUKH,25.99,25.8798,25.93,25.99,6944,2017-06-29
DUKH,26.15,25.89,25.89,26.15,16262,2017-06-30
DUKH,26.14,26.021,26.1,26.1399,6687,2017-07-03
DUKH,26.3,26.02,26.03,26.3,14647,2017-07-05
DUKH,26.6,26.1807,26.28,26.55,40010,2017-07-06
DUKH,26.57,26.2949,26.43,26.48,27528,2017-07-07
DUKH,26.52,26.19,26.31,26.3,21975,2017-07-10
DUKH,26.49,26.3,26.3,26.46,21963,2017-07-11
DUKH,26.37,25.86,25.91,25.89,64620,2017-07-12
DUKH,25.95,25.58,25.9,25.62,63969,2017-07-13
DUKH,25.66,25.51,25.63,25.51,20615,2017-07-14
DUKH,25.69,25.58,25.64,25.65,20986,2017-07-17
DUKH,25.73,25.53,25.73,25.64,29356,2017-07-18
DUKH,25.76,25.569,25.67,25.59,35222,2017-07-19
DUKH,25.65,25.51,25.65,25.56,17191,2017-07-20
DUKH,25.69,25.46,25.56,25.55,42161,2017-07-21
DUKH,25.68,25.57,25.57,25.64,14737,2017-07-24
DUKH,25.67,25.52,25.64,25.62,22876,2017-07-25
DUKH,25.66,25.49,25.66,25.56,13507,2017-07-26
DUKH,25.62,25.5,25.602,25.53,11445,2017-07-27
DUKH,25.55,25.47,25.51,25.49,9946,2017-07-28
DUKH,25.56,25.41,25.55,25.49,46012,2017-07-31
DUKH,25.55,25.46,25.46,25.54,21024,2017-08-01
DUKH,25.5599,25.5,25.5,25.52,19804,2017-08-02
DUKH,25.57,25.52,25.52,25.52,35570,2017-08-03
DUKH,25.45,25.45,25.45,25.45,13066,2017-08-04
DUKH,25.55,25.4784,25.5113,25.52,12929,2017-08-07
DUKH,25.56,25.45,25.5,25.47,25661,2017-08-08
DUKH,25.4737,25.31,25.47,25.43,33090,2017-08-09
DUKH,25.55,25.25,25.45,25.45,45580,2017-08-10
DUKH,25.6399,25.23,25.37,25.52,23356,2017-08-11
DUKH,25.629,25.42,25.51,25.44,18394,2017-08-14
DUKH,25.51,25.37,25.51,25.37,21885,2017-08-15
DUKH,25.4008,25.37,25.38,25.38,9385,2017-08-16
DUKH,25.3932,25.256,25.3932,25.308,5231,2017-08-17
DUKH,25.477,25.23,25.28,25.3769,72638,2017-08-18
DUKH,25.4,25.35,25.38,25.35,14793,2017-08-21
DUKH,25.45,25.26,25.37,25.29,30387,2017-08-22
DUKH,25.37,25.29,25.29,25.31,50245,2017-08-23
DUKH,25.43,25.32,25.32,25.39,17079,2017-08-24
DUKH,25.42,25.36,25.36,25.4,11438,2017-08-25
DUKH,25.44,25.4,25.4,25.44,9707,2017-08-28
DUKH,25.51,25.39,25.44,25.42,23756,2017-08-29
DUKH,25.51,25.345,25.41,25.51,14911,2017-08-30
DUKH,25.62,25.44,25.51,25.61,17818,2017-08-31
DUKH,25.65,25.5422,25.55,25.6476,13375,2017-09-01
DUKH,25.66,25.56,25.66,25.57,8589,2017-09-05
DUKH,25.59,25.4875,25.57,25.59,7456,2017-09-06
DUKH,25.66,25.45,25.52,25.49,10392,2017-09-07
DUKH,25.45,25.35,25.45,25.35,13326,2017-09-08
DUKH,25.4293,25.35,25.35,25.38,20216,2017-09-11
DUKH,25.4408,25.38,25.38,25.41,25150,2017-09-12
DUKH,25.49,25.4,25.41,25.43,15863,2017-09-13
DUKH,25.45,25.39,25.42,25.43,12779,2017-09-14
DUKH,25.52,25.3264,25.33,25.52,8445,2017-09-15
DUKH,25.54,25.4824,25.53,25.51,11131,2017-09-18
DUKH,25.52,25.41,25.51,25.45,10177,2017-09-19
DUKH,25.46,25.4,25.45,25.42,11233,2017-09-20
DUKH,25.48,25.42,25.42,25.42,8264,2017-09-21
DUKH,25.5,25.4,25.5,25.44,11747,2017-09-22
DUKH,25.4301,25.4301,25.4301,25.4301,14564,2017-09-25
DUKH,25.4715,25.41,25.4715,25.41,14651,2017-09-26
DUKH,25.46,25.3927,25.46,25.41,14292,2017-09-27
DUKH,25.41,25.33,25.37,25.36,33158,2017-09-28
DUKH,25.48,25.34,25.35,25.48,19790,2017-09-29
DUKH,25.49,25.37,25.37,25.48,18555,2017-10-02
DUKH,25.49,25.4416,25.45,25.46,15451,2017-10-03
DUKH,25.5,25.41,25.41,25.45,9247,2017-10-04
DUKH,25.67,25.45,25.45,25.51,45234,2017-10-05
DUKH,25.54,25.3,25.54,25.4,34589,2017-10-06
DUKH,25.4,25.24,25.4,25.25,14366,2017-10-09
DUKH,25.4,25.25,25.25,25.3599,30799,2017-10-10
DUKH,25.4174,25.33,25.33,25.4174,25725,2017-10-11
DUKH,25.29,25.118,25.13,25.26,21503,2017-10-12
DUKH,25.32,25.25,25.25,25.32,17351,2017-10-13
DUKH,25.3187,25.2,25.3,25.23,13397,2017-10-16
DUKH,25.25,25.17,25.21,25.24,11819,2017-10-18
DUKH,25.34,25.2,25.2,25.22,12762,2017-10-19
DUKH,25.38,25.18,25.2105,25.38,27433,2017-10-20
DUKH,25.4,25.27,25.27,25.4,28497,2017-10-23
DUKH,25.47,25.27,25.38,25.33,26849,2017-10-24
DUKH,25.38,25.15,25.38,25.29,28493,2017-10-25
DUKH,25.47,25.2947,25.3,25.47,13650,2017-10-26
DUKH,25.56,25.33,25.52,25.34,12608,2017-10-27
DUKH,25.5,25.3001,25.3001,25.43,31745,2017-10-30
DUKH,25.58,25.33,25.33,25.58,21269,2017-10-31
DUKH,25.46,25.46,25.46,25.46,7613,2017-11-01
DUKH,25.4074,25.21,25.4,25.35,22903,2017-11-02
DUKH,25.38,25.25,25.2971,25.25,6933,2017-11-03
DUKH,25.4,25.26,25.4,25.26,14088,2017-11-06
DUKH,25.3399,25.19,25.3399,25.19,14751,2017-11-07
DUKH,25.23,25.08,25.22,25.12,27794,2017-11-08
DUKH,25.17,25.03,25.17,25.03,19616,2017-11-09
DUKH,25.139,25.02,25.1045,25.02,23693,2017-11-10
DUKH,25.11,25.04,25.04,25.05,16250,2017-11-13
DUKH,25.17,25.01,25.14,25.01,26036,2017-11-14
DUKH,25.1,25.02,25.02,25.04,15126,2017-11-15
DUKH,25.2289,25.06,25.1,25.12,17944,2017-11-16
DUKH,25.27,25.07,25.13,25.25,20307,2017-11-17
DUKH,25.5,25.2,25.27,25.26,31512,2017-11-20
DUKH,25.49,25.2616,25.42,25.49,24447,2017-11-21
DUKH,25.61,25.4,25.4,25.55,18961,2017-11-22
DUKH,25.55,25.46,25.48,25.55,6333,2017-11-24
DUKH,25.64,25.43,25.52,25.5717,12072,2017-11-27
DUKH,25.57,25.27,25.57,25.4,19441,2017-11-28
DUKH,25.38,25.26,25.334,25.38,8718,2017-11-29
DUKH,25.51,25.3303,25.3303,25.39,35068,2017-11-30
DUKH,25.4601,25.1722,25.41,25.39,47393,2017-12-01
DUKH,25.53,25.4,25.44,25.53,32747,2017-12-04
DUKH,25.5784,25.4561,25.4561,25.559,11076,2017-12-05
DUKH,25.6,25.4495,25.4495,25.58,9795,2017-12-06
DUKH,25.64,25.34,25.56,25.4,38330,2017-12-07
DUKH,25.5177,25.42,25.43,25.43,6300,2017-12-08
DUKH,25.45,25.35,25.41,25.43,11871,2017-12-11
DUKH,25.45,25.32,25.37,25.36,11959,2017-12-12
DUKH,25.49,25.16,25.49,25.19,32039,2017-12-13
DUKH,25.61,25.2,25.21,25.54,35669,2017-12-14
DUKH,25.62,25.28,25.51,25.32,52742,2017-12-15
DUKH,25.47,25.23,25.47,25.25,49992,2017-12-18
DUKH,25.33,25.21,25.3,25.26,20220,2017-12-19
DUKH,25.449,25.22,25.26,25.22,23213,2017-12-20
DUKH,25.38,25.25,25.25,25.27,15098,2017-12-21
DUKH,25.39,25.19,25.3,25.22,28912,2017-12-22
DUKH,25.265,25.18,25.225,25.24,13699,2017-12-26
DUKH,25.32,25.22,25.22,25.24,13166,2017-12-27
DUKH,25.34,25.23,25.23,25.27,19574,2017-12-28
DUKH,25.35,25.21,25.31,25.35,48295,2017-12-29
DUKH,25.36,25.05,25.35,25.08,38792,2018-01-02
DUKH,25.43,25.11,25.16,25.26,83652,2018-01-03
DUKH,25.38,25.2,25.33,25.2,28619,2018-01-04
DUKH,25.39,25.23,25.255,25.26,19682,2018-01-05
DUKH,25.39,25.26,25.38,25.354,24636,2018-01-08
DUKH,25.37,25.27,25.31,25.37,11520,2018-01-09
DUKH,25.61,25.3,25.32,25.56,47654,2018-01-10
DUKH,25.35,25.211,25.26,25.35,27035,2018-01-11
DUKH,25.33,25.16,25.32,25.22,15918,2018-01-12
DUKH,25.28,25,25.28,25.04,72230,2018-01-16
DUKH,25.15,25.01,25.04,25.1,41059,2018-01-17
DUKH,25.1,25.02,25.04,25.02,36971,2018-01-18
DUKH,25.0599,25,25.03,25,31096,2018-01-19
DUKH,25.1415,24.91,25.02,24.945,44359,2018-01-22
DUKH,25.155,24.9552,24.96,25.065,20929,2018-01-23
DUKH,25.08,24.9,25.08,24.92,42773,2018-01-24
DUKH,25.055,24.72,24.93,25.01,29538,2018-01-25
DUKH,25.005,24.81,25.005,24.93,48870,2018-01-26
DUKH,24.83,24.6899,24.82,24.75,43645,2018-01-29
DUKH,25.04,24.67,24.67,24.885,70790,2018-01-30
DUKH,25.14,24.75,24.91,24.83,60452,2018-01-31
DUKH,24.95,24.16,24.88,24.1851,53514,2018-02-01
DUKH,24.15,23.71,24.13,23.88,94685,2018-02-02
DUKH,24.2828,23.83,23.86,24.19,85453,2018-02-05
DUKH,24.24,24.01,24.07,24.15,45236,2018-02-06
DUKH,24.5163,24.05,24.25,24.13,69868,2018-02-07
DUKH,24.24,24,24.24,24,43094,2018-02-08
DUKH,24.35,23.817,24.07,24.3,79879,2018-02-09
DUKH,24.57,24.1708,24.36,24.51,23995,2018-02-12
DUKH,24.76,24.2885,24.5,24.58,33116,2018-02-13
DUKH,24.66,24.481,24.54,24.56,25071,2018-02-14
DUKH,24.62,24.5,24.62,24.53,22667,2018-02-15
DUKH,24.6499,24.54,24.55,24.59,9854,2018-02-16
DUKH,24.79,24.6306,24.7,24.77,45666,2018-02-20
DUKH,24.8452,24.69,24.69,24.71,10915,2018-02-21
DUKH,24.83,24.5701,24.83,24.68,22351,2018-02-22
DUKH,24.92,24.681,24.85,24.88,29279,2018-02-23
DUKH,24.93,24.77,24.91,24.93,10467,2018-02-26
DUKH,25.15,24.89,24.94,25.08,54036,2018-02-27
DUKH,25.09,24.86,25.02,25.07,36876,2018-02-28
DUKH,25.13,25.01,25.01,25.12,34693,2018-03-01
DUKH,25.15,24.931,25.02,25.15,16151,2018-03-02
DUKH,25.1289,24.96,25.0118,25.1,16874,2018-03-05
DUKH,25.15,25.06,25.06,25.12,10348,2018-03-06
DUKH,25.213,25.03,25.0944,25.18,20663,2018-03-07
DUKH,25.29,25.108,25.108,25.29,11778,2018-03-08
DUKH,25.29,25.2,25.2,25.26,15029,2018-03-09
DUKH,25.29,25.1492,25.26,25.26,5999,2018-03-12
DUKH,25.37,25.24,25.32,25.24,19948,2018-03-13
DUKH,25.39,25.241,25.3118,25.39,15881,2018-03-14
DUKH,25.38,25.2242,25.34,25.38,8244,2018-03-15
DUKH,25.38,25.28,25.28,25.37,14883,2018-03-16
DUKH,25.48,25.2452,25.48,25.29,11793,2018-03-19
DUKH,25.3407,25.15,25.16,25.22,10543,2018-03-20
DUKH,25.38,25.17,25.1815,25.35,11687,2018-03-21
DUKH,25.29,25.14,25.17,25.29,23637,2018-03-22
DUKH,25.42,25.15,25.15,25.36,25041,2018-03-23
DUKH,25.44,25.1,25.37,25.44,51027,2018-03-26
DUKH,25.44,25.33,25.33,25.44,10570,2018-03-27
DUKH,25.3807,25.2501,25.32,25.28,5783,2018-03-28
DUKH,25.44,25.281,25.281,25.44,15754,2018-03-29
DUKH,25.49,25.325,25.49,25.44,9970,2018-04-02
DUKH,25.4132,25.18,25.35,25.41,21001,2018-04-03
DUKH,25.4179,25.28,25.28,25.38,31324,2018-04-04
DUKH,25.42,25.28,25.3241,25.4,12633,2018-04-05
DUKH,25.38,25.24,25.375,25.28,22385,2018-04-06
DUKH,25.42,25.27,25.27,25.4,14133,2018-04-09
DUKH,25.53,25.3416,25.4,25.49,37262,2018-04-10
DUKH,25.62,25.41,25.47,25.59,27162,2018-04-11
DUKH,25.29,25.11,25.2,25.15,22111,2018-04-12
DUKH,25.3746,25.15,25.15,25.37,33832,2018-04-13
DUKH,25.43,25.17,25.37,25.27,33735,2018-04-16
DUKH,25.38,25.3,25.3,25.38,16573,2018-04-17
DUKH,25.4,25.2018,25.4,25.36,22013,2018-04-18
DUKH,25.32,25.07,25.18,25.12,69591,2018-04-19
DUKH,25.34,25.1195,25.1226,25.34,28976,2018-04-20
DUKH,25.2814,25.14,25.28,25.27,9079,2018-04-23
DUKH,25.25,25.15,25.22,25.17,27434,2018-04-24
DUKH,25.15,24.96,25.15,25.11,30440,2018-04-25
DUKH,25.21,25.09,25.1122,25.19,11616,2018-04-26
DUKH,25.23,25.0956,25.15,25.22,15175,2018-04-27
DUKH,25.2299,25.1101,25.16,25.13,18283,2018-04-30
DUKH,25.18,25.09,25.145,25.13,5594,2018-05-01
DUKH,25.2153,25.17,25.18,25.17,7551,2018-05-02
DUKH,25.18,25.14,25.14,25.15,9897,2018-05-03
DUKH,25.28,25.159,25.159,25.17,10122,2018-05-04
DUKH,25.279,25.2004,25.25,25.27,11423,2018-05-07
DUKH,25.2899,25.19,25.25,25.28,14039,2018-05-08
DUKH,25.24,25.16,25.24,25.2,19039,2018-05-09
DUKH,25.2601,25.17,25.25,25.2601,8113,2018-05-10
DUKH,25.38,25.1709,25.27,25.38,21278,2018-05-11
DUKH,25.3961,25.23,25.3548,25.26,13731,2018-05-14
DUKH,25.1915,25.01,25.18,25.02,29614,2018-05-15
DUKH,25.091,24.91,25.04,25.04,46063,2018-05-16
DUKH,25.08,24.84,24.94,24.97,25199,2018-05-17
DUKH,25.17,24.89,24.89,25.12,13733,2018-05-18
DUKH,25.14,25.05,25.1,25.07,21940,2018-05-21
DUKH,25.15,25.03,25.03,25.15,14321,2018-05-22
DUKH,25.15,25.01,25.09,25.01,30303,2018-05-23
DUKH,25.27,25.03,25.03,25.26,25855,2018-05-24
DUKH,25.42,25.28,25.2886,25.3,8023,2018-05-25
DUKH,25.35,25.131,25.3,25.35,33472,2018-05-29
DUKH,25.4,25.31,25.31,25.38,11301,2018-05-30
DUKH,25.3505,25.19,25.3,25.19,19275,2018-05-31
DUKH,25.45,25.2234,25.25,25.45,23363,2018-06-01
DUKH,25.48,25.36,25.41,25.48,57678,2018-06-04
DUKH,25.57,25.37,25.48,25.57,53735,2018-06-05
DUKH,25.64,25.46,25.56,25.64,22565,2018-06-06
DUKH,25.64,25.51,25.57,25.58,20061,2018-06-07
DUKH,25.72,25.5664,25.59,25.72,24491,2018-06-08
DUKH,25.699,25.49,25.64,25.64,15908,2018-06-11
DUKH,25.5699,25.4888,25.56,25.55,5955,2018-06-12
DUKH,25.6277,25.412,25.534,25.54,40084,2018-06-13
DUKH,25.64,25.455,25.455,25.5812,8016,2018-06-14
DUKH,25.64,25.55,25.55,25.58,8886,2018-06-15
DUKH,25.58,25.51,25.51,25.57,14874,2018-06-18
DUKH,25.5762,25.504,25.51,25.52,29050,2018-06-19
DUKH,25.63,25.5,25.541,25.62,21446,2018-06-20
DUKH,25.6056,25.58,25.5805,25.58,7509,2018-06-21
DUKH,25.6,25.537,25.6,25.58,9142,2018-06-22
DUKH,25.64,25.52,25.5784,25.62,36024,2018-06-25
DUKH,25.61,25.521,25.56,25.6,7528,2018-06-26
DUKH,25.65,25.59,25.635,25.6001,6975,2018-06-27
DUKH,25.95,25.65,25.678,25.76,28849,2018-06-28
DUKH,25.94,25.741,25.7771,25.77,26876,2018-06-29
DUKH,26.06,25.7812,25.81,25.99,34561,2018-07-02
DUKH,26.18,25.94,25.94,26.13,17973,2018-07-03
DUKH,26.05,25.91,26,26.04,36918,2018-07-05
DUKH,26.04,25.95,25.96,26.04,32651,2018-07-06
DUKH,26.18,25.94,26.03,26.15,39712,2018-07-09
DUKH,26.23,26.115,26.188,26.22,34433,2018-07-10
DUKH,26.31,26.01,26.185,26.17,76686,2018-07-11
DUKH,25.96,25.71,25.86,25.73,43467,2018-07-12
DUKH,25.73,25.37,25.73,25.51,20698,2018-07-13
DUKH,25.67,25.3,25.67,25.39,18350,2018-07-16
DUKH,25.52,25.22,25.5,25.28,26917,2018-07-17
DUKH,25.32,25.13,25.32,25.2,19921,2018-07-18
DUKH,25.28,25.2,25.23,25.21,18302,2018-07-19
DUKH,25.49,25.2501,25.35,25.48,50374,2018-07-20
DUKH,25.55,25.299,25.55,25.41,14485,2018-07-23
DUKH,25.55,25.25,25.487,25.28,12828,2018-07-24
DUKH,25.3732,25.15,25.26,25.19,22791,2018-07-25
DUKH,25.22,25.05,25.17,25.08,44390,2018-07-26
DUKH,25.1098,25,25.08,25.07,33078,2018-07-27
DUKH,25.15,25.03,25.03,25.13,14194,2018-07-30
DUKH,25.14,25.08,25.1,25.09,4013,2018-07-31
DUKH,25.0783,24.938,25.03,25.04,16872,2018-08-01
DUKH,25.16,24.98,25.03,25.11,15895,2018-08-02
DUKH,25.2199,25.1,25.15,25.11,18753,2018-08-03
DUKH,25.199,25.1,25.1788,25.19,9653,2018-08-06
DUKH,25.21,25.1,25.13,25.15,16688,2018-08-07
DUKH,25.2,25.09,25.11,25.17,7429,2018-08-08
DUKH,25.1594,25.07,25.0946,25.07,6022,2018-08-09
DUKH,25.2185,25.02,25.1427,25.04,11352,2018-08-10
DUKH,25.08,25.02,25.03,25.06,14250,2018-08-13
DUKH,25.17,25.06,25.06,25.12,20667,2018-08-14
DUKH,25.138,25.06,25.09,25.06,6378,2018-08-15
DUKH,25.26,25.1,25.1,25.16,23108,2018-08-16
DUKH,25.34,25.14,25.14,25.22,24896,2018-08-17
DUKH,25.34,25.23,25.23,25.26,12936,2018-08-20
DUKH,25.33,25.16,25.28,25.16,18593,2018-08-21
DUKH,25.2352,25.16,25.17,25.16,6317,2018-08-22
DUKH,25.2293,25.16,25.16,25.2,7746,2018-08-23
DUKH,25.2392,25.16,25.2,25.2,21909,2018-08-24
DUKH,25.25,25.18,25.21,25.25,18119,2018-08-27
DUKH,25.36,25.16,25.2,25.35,34374,2018-08-28
DUKH,25.42,25.304,25.304,25.34,14436,2018-08-29
DUKH,25.4399,25.28,25.28,25.28,15325,2018-08-30
DUKH,25.4389,25.31,25.35,25.31,13020,2018-08-31
DUKH,25.359,25.17,25.28,25.17,15394,2018-09-04
DUKH,25.23,25.06,25.23,25.09,21574,2018-09-05
DUKH,25.1557,25.02,25.0985,25.05,23765,2018-09-06
DUKH,25.0386,24.83,25,24.83,38733,2018-09-07
DUKH,25.0727,24.83,24.84,25.04,13353,2018-09-10
DUKH,25.0409,24.34,25.0409,24.54,201261,2018-09-11
DUKH,24.6,24.45,24.55,24.55,117326,2018-09-12
DUKH,24.63,24.54,24.63,24.58,21438,2018-09-13
DUKH,24.755,24.4603,24.55,24.67,34101,2018-09-14
DUKH,24.7501,24.6303,24.69,24.71,26167,2018-09-17
DUKH,24.8395,24.7123,24.76,24.81,23491,2018-09-18
DUKH,24.8127,24.52,24.81,24.54,22865,2018-09-19
DUKH,24.52,24.35,24.5,24.35,26264,2018-09-20
DUKH,24.44,24.15,24.35,24.2,75399,2018-09-21
DUKH,24.4099,24.16,24.38,24.16,26319,2018-09-24
DUKH,24.1999,23.8428,24.1,23.85,37464,2018-09-25
DUKH,24.333,23.91,23.91,24.13,56296,2018-09-26
DUKH,24.34,24.04,24.04,24.14,22395,2018-09-27
DUKH,24.3872,24.02,24.19,24.03,39470,2018-09-28
DUKH,24.2836,23.6,24.08,23.7,73078,2018-10-01
DUKH,23.99,23.6276,23.7,23.75,59058,2018-10-02
DUKH,23.87,23.29,23.75,23.42,63637,2018-10-03
DUKH,23.6074,22.7687,23.3532,22.99,84026,2018-10-04
DUKH,23.26,22.9,23,23.01,39833,2018-10-05
DUKH,23.14,22.98,23.14,23.11,27185,2018-10-08
DUKH,23.48,23.21,23.26,23.2454,50227,2018-10-09
DUKH,23.55,23.01,23.25,23.25,67124,2018-10-10
DUKH,23.27,22.97,23.05,23.01,37901,2018-10-11
DUKH,23.219,22.91,23.1972,22.96,35005,2018-10-12
DUKH,23.07,22.76,23.07,22.99,50941,2018-10-15
DUKH,23.45,23.0514,23.17,23.4,47779,2018-10-16
DUKH,23.34,23.2,23.34,23.25,19948,2018-10-17
DUKH,23.49,23.26,23.34,23.3,25655,2018-10-18
DUKH,23.42,23.25,23.31,23.38,60633,2018-10-19
DUKH,23.47,23.2965,23.38,23.3,38394,2018-10-22
DUKH,23.42,23.16,23.2,23.25,15710,2018-10-23
DUKH,23.43,23.2501,23.26,23.3,33035,2018-10-24
DUKH,23.57,23.31,23.4,23.52,20183,2018-10-25
DUKH,23.57,23.25,23.44,23.3,28968,2018-10-26
DUKH,23.6232,23.31,23.31,23.33,40602,2018-10-29
DUKH,23.4,23.29,23.3797,23.29,18517,2018-10-30
DUKH,23.44,23.3,23.42,23.4,34824,2018-10-31
DUKH,23.377,23.25,23.29,23.36,20388,2018-11-01
DUKH,23.36,23.2,23.36,23.26,27718,2018-11-02
DUKH,23.3,23.185,23.26,23.27,12519,2018-11-05
DUKH,23.29,23.2025,23.24,23.27,24668,2018-11-06
DUKH,23.4601,23.25,23.3099,23.25,51213,2018-11-07
DUKH,23.3961,23.18,23.32,23.2,19703,2018-11-08
DUKH,23.2,23.08,23.2,23.13,20838,2018-11-09
DUKH,23.15,23.01,23.15,23.13,31542,2018-11-12
DUKH,23.1991,23.09,23.09,23.19,39035,2018-11-13
DUKH,23.26,23.16,23.22,23.17,29258,2018-11-14
DUKH,23.1611,23.01,23.1611,23.03,15624,2018-11-15
DUKH,23.1495,23.02,23.02,23.09,30969,2018-11-16
DUKH,23.0799,22.9373,23.06,23.02,38045,2018-11-19
DUKH,22.9637,22.813,22.92,22.9,80074,2018-11-20
DUKH,23.16,22.8802,22.89,23,18682,2018-11-21
DUKH,23.15,22.85,22.95,22.85,3180,2018-11-23
DUKH,23.1183,22.84,22.94,22.9,35901,2018-11-26
DUKH,22.94,22.78,22.8328,22.8,28818,2018-11-27
DUKH,23,22.68,22.8,22.9,27610,2018-11-28
DUKH,23.0201,22.7559,22.88,22.9,19657,2018-11-29
DUKH,22.89,22.69,22.89,22.69,47023,2018-11-30
DUKH,22.9874,22.74,22.94,22.83,17999,2018-12-03
DUKH,22.98,22.61,22.98,22.72,44599,2018-12-04
DUKH,22.65,22.44,22.5,22.51,37473,2018-12-06
DUKH,22.7724,22.45,22.63,22.45,38732,2018-12-07
DUKH,22.6012,22.36,22.45,22.48,34587,2018-12-10
DUKH,22.69,22.336,22.69,22.51,25534,2018-12-11
DUKH,22.84,22.5,22.54,22.51,59625,2018-12-12
DUKH,22.64,22.41,22.59,22.61,32883,2018-12-13
DUKH,22.8,22.45,22.45,22.79,49969,2018-12-14
DUKH,22.75,22.54,22.75,22.6,31023,2018-12-17
DUKH,22.66,22.46,22.6,22.62,35473,2018-12-18
DUKH,22.66,22.46,22.6,22.56,33652,2018-12-19
DUKH,22.78,22.48,22.58,22.67,70782,2018-12-20
DUKH,22.65,22.4,22.65,22.4,40936,2018-12-21
DUKH,22.402,22.11,22.4,22.11,24931,2018-12-24
DUKH,22.6885,22.251,22.2909,22.58,29850,2018-12-26
DUKH,22.51,22.1,22.4,22.29,49305,2018-12-27
DUKH,23.05,22.36,22.49,22.84,52789,2018-12-28
DUKH,23,22.7,22.9,22.7,66929,2018-12-31
DUKH,23.13,22.5,22.6,22.83,37322,2019-01-02
DUKH,23.328,22.77,22.95,23.15,52775,2019-01-03
DUKH,23.7799,23.207,23.25,23.6,42137,2019-01-04
DUKH,24.51,23.72,23.73,23.9,51152,2019-01-07
DUKH,24.15,23.53,24.1,23.88,31999,2019-01-08
DUKH,24.02,23.772,23.96,23.88,30109,2019-01-09
DUKH,24.13,23.6146,23.86,24.13,39529,2019-01-10
DUKH,24.14,23.65,23.66,23.92,53634,2019-01-11
DUKH,24.08,23.75,23.93,23.8,25074,2019-01-14
DUKH,24.17,23.79,23.81,24.1,23004,2019-01-15
DUKH,24.0115,23.85,24.01,23.88,39723,2019-01-16
DUKH,24.0364,23.5,23.96,23.97,40034,2019-01-17
DUKH,24.17,23.66,23.7772,24.17,42073,2019-01-18
DUKH,24.2031,23.93,24.16,24.07,16606,2019-01-22
DUKH,24.22,23.93,24.08,24.04,25427,2019-01-23
DUKH,24.4,24.036,24.134,24.4,21818,2019-01-24
DUKH,24.84,24.4,24.4,24.66,49712,2019-01-25
DUKH,24.84,24.46,24.62,24.51,28929,2019-01-28
DUKH,24.75,24.531,24.75,24.56,27367,2019-01-29
DUKH,24.71,24.383,24.6,24.67,39885,2019-01-30
DUKH,24.87,24.61,24.61,24.78,56001,2019-01-31
DUKH,24.85,24.4421,24.85,24.48,24251,2019-02-01
DUKH,24.74,24.4919,24.4919,24.65,18974,2019-02-04
DUKH,24.83,24.5,24.53,24.75,36248,2019-02-05
DUKH,24.83,24.52,24.75,24.83,21228,2019-02-06
DUKH,24.73,24.5705,24.58,24.5976,30906,2019-02-07
DUKH,24.69,24.34,24.69,24.67,24022,2019-02-08
DUKH,24.77,24.5814,24.64,24.74,27443,2019-02-11
DUKH,24.8,24.6016,24.74,24.72,19253,2019-02-12
DUKH,24.92,24.677,24.677,24.85,11808,2019-02-13
DUKH,24.92,24.69,24.83,24.71,18365,2019-02-14
DUKH,24.9047,24.69,24.69,24.74,25429,2019-02-15
DUKH,24.84,24.73,24.83,24.75,14831,2019-02-19
DUKH,24.84,24.65,24.84,24.65,39314,2019-02-20
DUKH,24.72,24.51,24.65,24.58,33973,2019-02-21
DUKH,24.7263,24.55,24.57,24.64,13755,2019-02-22
DUKH,24.83,24.5816,24.62,24.71,27063,2019-02-25
DUKH,24.75,24.61,24.71,24.63,14541,2019-02-26
DUKH,24.65,24.52,24.63,24.62,27747,2019-02-27
DUKH,24.72,24.22,24.6,24.37,145572,2019-02-28
DUKH,24.48,24.3,24.4,24.44,86873,2019-03-01
DUKH,24.7,24.44,24.45,24.58,29948,2019-03-04
DUKH,24.82,24.53,24.56,24.82,41602,2019-03-05
DUKH,24.88,24.75,24.79,24.88,49965,2019-03-06
DUKH,24.869,24.69,24.824,24.69,25068,2019-03-07
DUKH,24.89,24.6,24.61,24.88,20956,2019-03-08
DUKH,24.93,24.67,24.88,24.89,60721,2019-03-11
DUKH,24.97,24.78,24.83,24.95,27517,2019-03-12
DUKH,25.08,24.9235,24.96,25.05,30122,2019-03-13
DUKH,25.12,24.9831,25,25,37006,2019-03-14
DUKH,25,24.8687,25,24.87,72662,2019-03-15
DUKH,25.0698,24.9,24.9,25.02,30643,2019-03-18
DUKH,25.09,24.78,25.09,24.78,27482,2019-03-19
DUKH,25.09,24.62,24.75,25.09,46996,2019-03-20
DUKH,25.09,24.93,24.96,24.93,34983,2019-03-21
DUKH,25.0499,24.83,24.95,24.85,49998,2019-03-22
DUKH,24.87,24.37,24.86,24.43,90329,2019-03-25
DUKH,24.55,24.38,24.43,24.53,85286,2019-03-26
DUKH,24.67,24.5,24.58,24.53,130907,2019-03-27
DUKH,24.72,24.57,24.59,24.62,216409,2019-03-28
DUKH,24.705,24.55,24.66,24.6,135978,2019-03-29
DUKH,24.95,24.6,24.6,24.95,58680,2019-04-01
DUKH,24.95,24.865,24.92,24.92,34299,2019-04-02
DUKH,25.14,24.95,24.95,25.12,45704,2019-04-03
DUKH,25.12,24.99,25.06,25,33656,2019-04-04
DUKH,25.27,24.99,24.99,25.25,32465,2019-04-05
DUKH,25.32,25.0816,25.24,25.2,30740,2019-04-08
DUKH,25.25,25.15,25.2,25.22,18596,2019-04-09
DUKH,25.26,25.14,25.24,25.22,46236,2019-04-10
DUKH,24.895,24.8,24.89,24.82,29769,2019-04-11
DUKH,24.905,24.81,24.85,24.81,16795,2019-04-12
DUKH,24.95,24.8178,24.85,24.95,33115,2019-04-15
DUKH,25.09,24.8,24.98,24.94,141523,2019-04-16
DUKH,25.02,24.9,25.02,24.9,35168,2019-04-17
DUKH,24.98,24.82,24.9,24.86,53923,2019-04-18
DUKH,24.9,24.8286,24.86,24.85,35987,2019-04-22
DUKH,24.94,24.82,24.93,24.89,46370,2019-04-23
DUKH,24.92,24.83,24.83,24.87,26742,2019-04-24
DUKH,24.94,24.7,24.92,24.85,130740,2019-04-25
DUKH,24.85,24.74,24.85,24.74,38070,2019-04-26
DUKH,24.84,24.76,24.84,24.82,37088,2019-04-29
DUKH,24.97,24.76,24.8399,24.95,124657,2019-04-30
DUKH,24.97,24.85,24.96,24.86,45083,2019-05-01
DUKH,24.88,24.8419,24.86,24.87,36042,2019-05-02
DUKH,24.96,24.81,24.95,24.83,16646,2019-05-03
DUKH,24.85,24.78,24.78,24.835,27474,2019-05-06
DUKH,24.965,24.8101,24.86,24.93,34250,2019-05-07
DUKH,24.97,24.8017,24.8781,24.925,24590,2019-05-08
DUKH,24.98,24.85,24.95,24.98,35454,2019-05-09
DUKH,25.01,24.94,24.98,25.01,14271,2019-05-10
DUKH,25.0366,24.9,24.92,25.02,27616,2019-05-13
DUKH,25.08,25.01,25.05,25.07,27889,2019-05-14
DUKH,25.14,25.01,25.05,25.14,32347,2019-05-15
DUKH,25.18,25.12,25.15,25.18,21088,2019-05-16
DUKH,25.19,25.06,25.19,25.18,21015,2019-05-17
DUKH,25.25,25.111,25.12,25.18,17645,2019-05-20
DUKH,25.2,25.1266,25.2,25.175,20206,2019-05-21
DUKH,25.23,25.11,25.19,25.23,11429,2019-05-22
DUKH,25.34,25.1,25.17,25.28,15051,2019-05-23
DUKH,25.3,25.15,25.18,25.29,14341,2019-05-24
DUKH,25.41,25.17,25.24,25.3,32791,2019-05-28
DUKH,25.34,25.22,25.22,25.34,20957,2019-05-29
DUKH,25.35,25.23,25.34,25.3,22981,2019-05-30
DUKH,25.33,24.97,25.33,24.97,165918,2019-05-31
DUKH,25.12,25.02,25.04,25.02,44758,2019-06-03
DUKH,25.12,25.06,25.06,25.09,45586,2019-06-04
DUKH,25.16,25.068,25.09,25.14,23912,2019-06-05
DUKH,25.2131,25.08,25.08,25.19,31085,2019-06-06
DUKH,25.29,25.1915,25.2295,25.21,19098,2019-06-07
DUKH,25.37,25.2191,25.2191,25.28,15814,2019-06-10
DUKH,25.43,25.26,25.37,25.3,30496,2019-06-11
DUKH,25.4,25.295,25.369,25.39,20351,2019-06-12
DUKH,25.4212,25.27,25.4,25.27,29841,2019-06-13
DUKH,25.35,25.2,25.22,25.31,41779,2019-06-14
DUKH,25.31,25.17,25.275,25.17,88822,2019-06-17
DUKH,25.33,25.17,25.2,25.18,13846,2019-06-18
DUKH,25.31,25.1503,25.26,25.23,17602,2019-06-19
DUKH,25.35,25.29,25.305,25.32,22498,2019-06-20
DUKH,25.47,25.25,25.25,25.42,35959,2019-06-21
DUKH,25.435,25.3107,25.41,25.34,36475,2019-06-24
DUKH,25.42,25.2,25.35,25.22,58698,2019-06-25
DUKH,25.29,25.16,25.29,25.24,30117,2019-06-26
DUKH,25.34,25.18,25.28,25.195,24283,2019-06-27
DUKH,25.2787,25.08,25.18,25.08,113986,2019-06-28
DUKH,25.2299,25.08,25.14,25.1,31678,2019-07-01
DUKH,25.38,25.12,25.15,25.37,44551,2019-07-02
DUKH,25.38,25.2941,25.2941,25.38,11742,2019-07-03
DUKH,25.36,25.26,25.26,25.34,20386,2019-07-05
DUKH,25.4499,25.3259,25.34,25.39,18190,2019-07-08
DUKH,25.49,25.33,25.37,25.48,39219,2019-07-09
DUKH,25.5,25.43,25.49,25.43,31410,2019-07-10
DUKH,25.25,25.11,25.2,25.24,30387,2019-07-11
DUKH,25.24,25.16,25.24,25.23,24916,2019-07-12
DUKH,25.241,25.16,25.24,25.22,39718,2019-07-15
DUKH,25.31,25.19,25.2,25.19,27994,2019-07-16
DUKH,25.35,25.2108,25.25,25.35,27950,2019-07-17
DUKH,25.44,25.2906,25.35,25.4,31286,2019-07-18
DUKH,25.44,25.33,25.4,25.33,42543,2019-07-19
DUKH,25.45,25.34,25.39,25.38,44397,2019-07-22
DUKH,25.49,25.36,25.43,25.4,43452,2019-07-23
DUKH,25.5688,25.408,25.4173,25.47,30267,2019-07-24
DUKH,25.55,25.37,25.43,25.37,27289,2019-07-25
DUKH,25.4856,25.39,25.39,25.45,14710,2019-07-26
DUKH,25.67,25.39,25.45,25.6,23814,2019-07-29
DUKH,25.68,25.48,25.64,25.595,28355,2019-07-30
DUKH,25.5545,25.35,25.5545,25.35,174722,2019-07-31
DUKH,25.52,25.39,25.41,25.41,23114,2019-08-01
DUKH,25.49,25.4033,25.45,25.41,36162,2019-08-02
DUKH,25.4014,25.25,25.39,25.26,42443,2019-08-05
DUKH,25.3489,25.2,25.28,25.25,25432,2019-08-06
DUKH,25.21,25.08,25.2,25.15,33016,2019-08-07
DUKH,25.26,25.12,25.12,25.22,24041,2019-08-08
DUKH,25.35,25.25,25.25,25.33,18351,2019-08-09
DUKH,25.3821,25.2852,25.3483,25.37,19974,2019-08-12
DUKH,25.49,25.36,25.36,25.47,16040,2019-08-13
DUKH,25.51,25.4,25.43,25.5,36481,2019-08-14
DUKH,25.54,25.41,25.51,25.54,20762,2019-08-15
DUKH,25.61,25.41,25.54,25.41,17845,2019-08-16
DUKH,25.53,25.41,25.41,25.46,18343,2019-08-19
DUKH,25.58,25.43,25.47,25.44,32284,2019-08-20
DUKH,25.5245,25.44,25.44,25.45,17620,2019-08-21
DUKH,25.58,25.4708,25.48,25.55,24918,2019-08-22
DUKH,25.58,25.5,25.58,25.54,14468,2019-08-23
DUKH,25.53,25.46,25.51,25.5,12672,2019-08-26
DUKH,25.53,25.43,25.49,25.5,14280,2019-08-27
DUKH,25.64,25.47,25.49,25.54,27716,2019-08-28
DUKH,25.65,25.45,25.55,25.46,28718,2019-08-29
DUKH,25.53,25.32,25.48,25.32,107414,2019-08-30
DUKH,25.5,25.37,25.38,25.49,21783,2019-09-03
DUKH,25.69,25.49,25.49,25.69,47354,2019-09-04
DUKH,25.65,25.521,25.65,25.63,16795,2019-09-05
DUKH,25.75,25.57,25.57,25.75,15851,2019-09-06
DUKH,25.8,25.6648,25.67,25.76,20744,2019-09-09
DUKH,25.77,25.5505,25.75,25.58,48620,2019-09-10
DUKH,25.71,25.54,25.58,25.71,11168,2019-09-11
DUKH,25.77,25.6264,25.71,25.77,25926,2019-09-12
DUKH,25.71,25.3,25.7099,25.55,30061,2019-09-13
DUKH,25.72,25.5,25.5,25.65,18042,2019-09-16
DUKH,25.7602,25.6,25.6,25.75,17892,2019-09-17
DUKH,25.79,25.7,25.72,25.7,28361,2019-09-18
DUKH,25.838,25.715,25.75,25.8,39892,2019-09-19
DUKH,25.8475,25.75,25.82,25.83,33891,2019-09-20
DUKH,25.92,25.83,25.88,25.83,30482,2019-09-23
DUKH,25.92,25.82,25.86,25.83,20084,2019-09-24
DUKH,25.8697,25.8,25.82,25.81,17534,2019-09-25
DUKH,25.8445,25.58,25.81,25.69,83994,2019-09-26
DUKH,25.74,25.61,25.69,25.74,42322,2019-09-27
DUKH,25.85,25.6,25.62,25.84,89256,2019-09-30
DUKH,25.86,25.7484,25.78,25.83,38358,2019-10-01
DUKH,25.8225,25.677,25.77,25.75,25389,2019-10-02
DUKH,25.85,25.7235,25.7235,25.75,9283,2019-10-03
DUKH,25.88,25.75,25.75,25.88,10352,2019-10-04
DUKH,25.91,25.8,25.89,25.91,9380,2019-10-07
DUKH,25.9074,25.8544,25.9,25.89,18819,2019-10-08
DUKH,25.95,25.88,25.9172,25.89,21762,2019-10-09
DUKH,25.67,25.55,25.55,25.66,18804,2019-10-10
DUKH,25.77,25.5896,25.66,25.77,35586,2019-10-11
DUKH,25.82,25.6933,25.7,25.8,25387,2019-10-14
DUKH,25.89,25.7633,25.82,25.84,35121,2019-10-15
DUKH,25.9,25.76,25.87,25.8,46722,2019-10-16
DUKH,25.87,25.6838,25.82,25.72,56720,2019-10-17
DUKH,25.84,25.687,25.77,25.71,15094,2019-10-18
DUKH,25.84,25.71,25.756,25.72,11318,2019-10-21
DUKH,25.79,25.73,25.78,25.78,16487,2019-10-22
DUKH,25.88,25.7838,25.79,25.85,22221,2019-10-23
DUKH,25.89,25.76,25.85,25.8,28856,2019-10-24
DUKH,25.8,25.63,25.7704,25.67,50780,2019-10-25
DUKH,25.7424,25.61,25.71,25.66,20354,2019-10-28
DUKH,25.66,25.53,25.62,25.53,17603,2019-10-29
DUKH,25.67,25.46,25.53,25.6,19970,2019-10-30
DUKH,25.69,25.35,25.6276,25.35,159973,2019-10-31
DUKH,25.5261,25.38,25.45,25.46,19729,2019-11-01
DUKH,25.45,25.35,25.45,25.39,16404,2019-11-04
DUKH,25.413,25.22,25.39,25.3,57491,2019-11-05
DUKH,25.3949,25.28,25.31,25.28,11735,2019-11-06
DUKH,25.3299,25.16,25.29,25.17,39876,2019-11-07
DUKH,25.39,25.22,25.22,25.37,16603,2019-11-08
DUKH,25.47,25.32,25.3494,25.35,8279,2019-11-11
DUKH,25.42,25.31,25.39,25.42,27206,2019-11-12
DUKH,25.53,25.42,25.42,25.49,20209,2019-11-13
DUKH,25.57,25.41,25.53,25.57,36796,2019-11-14
DUKH,25.56,25.4329,25.4329,25.49,8065,2019-11-15
DUKH,25.5,25.43,25.5,25.43,23150,2019-11-18
DUKH,25.53,25.35,25.35,25.4,20561,2019-11-19
DUKH,25.4665,25.4,25.41,25.42,18467,2019-11-20
DUKH,25.4594,25.31,25.4594,25.31,13253,2019-11-21
DUKH,25.42,25.36,25.3974,25.37,23615,2019-11-22
DUKH,25.4,25.33,25.37,25.38,23189,2019-11-25
DUKH,25.48,25.33,25.38,25.36,27955,2019-11-26
DUKH,25.48,25.25,25.37,25.25,39028,2019-11-27
DUKH,25.43,25.17,25.25,25.23,90562,2019-11-29
DUKH,25.39,25.2,25.39,25.3,52625,2019-12-02
DUKH,25.4,25.2478,25.27,25.3,26733,2019-12-03
DUKH,25.46,25.3334,25.38,25.3673,19577,2019-12-04
DUKH,25.3737,25.26,25.37,25.27,19808,2019-12-05
DUKH,25.3799,25.25,25.25,25.34,14808,2019-12-06
DUKH,25.43,25.32,25.32,25.32,25643,2019-12-09
DUKH,25.42,25.32,25.32,25.4,20113,2019-12-10
DUKH,25.45,25.3809,25.44,25.445,12677,2019-12-11
DUKH,25.48,25.36,25.38,25.48,33766,2019-12-12
DUKH,25.58,25.4,25.48,25.56,32960,2019-12-13
DUKH,25.7,25.5092,25.55,25.59,16181,2019-12-16
DUKH,25.5949,25.5,25.51,25.53,16373,2019-12-17
DUKH,25.64,25.53,25.5379,25.58,18596,2019-12-18
DUKH,25.67,25.54,25.54,25.59,17422,2019-12-19
DUKH,25.65,25.55,25.59,25.61,26704,2019-12-20
DUKH,25.76,25.63,25.67,25.76,29414,2019-12-23
DUKH,25.87,25.71,25.71,25.86,8990,2019-12-24
DUKH,25.88,25.77,25.8191,25.88,8179,2019-12-26
DUKH,25.96,25.88,25.88,25.885,31840,2019-12-27
DUKH,25.925,25.87,25.88,25.87,23041,2019-12-30
DUKH,25.9357,25.76,25.9,25.79,39036,2019-12-31
DUKH,25.96,25.8,25.8,25.94,67641,2020-01-02
DUKH,26,25.85,25.87,25.88,33316,2020-01-03
DUKH,26,25.92,25.93,25.97,19038,2020-01-06
DUKH,26,25.92,25.92,26,25511,2020-01-07
DUKH,26.13,25.9861,26.05,26.1,34524,2020-01-08
DUKH,26.13,26.03,26.11,26.13,25299,2020-01-09
DUKH,26.25,26.1,26.11,26.2,56911,2020-01-10
DUKH,25.98,25.77,25.86,25.98,32039,2020-01-13
DUKH,25.98,25.78,25.98,25.92,42693,2020-01-14
DUKH,25.97,25.77,25.94,25.84,20575,2020-01-15
DUKH,25.8982,25.645,25.82,25.71,36172,2020-01-16
DUKH,25.6816,25.46,25.61,25.52,53327,2020-01-17
DUKH,25.63,25.52,25.54,25.54,29499,2020-01-21
DUKH,25.57,25.4925,25.54,25.57,9900,2020-01-22
DUKH,25.56,25.49,25.49,25.5,15853,2020-01-23
DUKH,25.55,25.43,25.53,25.52,25112,2020-01-24
DUKH,25.53,25.45,25.47,25.53,10202,2020-01-27
DUKH,25.64,25.5,25.56,25.64,29630,2020-01-28
DUKH,25.8195,25.59,25.59,25.775,18004,2020-01-29
DUKH,25.94,25.73,25.78,25.92,17336,2020-01-30
DUKH,26.11,25.933,25.97,26,47715,2020-01-31
DUKH,26.1011,26,26,26.1,20076,2020-02-03
DUKH,26.12,26.0401,26.12,26.115,25147,2020-02-04
DUKH,26.14,26.01,26.12,26.07,17448,2020-02-05
DUKH,26.16,26.01,26.07,26.07,20149,2020-02-06
DUKH,26.23,26.0112,26.04,26.07,8873,2020-02-07
DUKH,26.2213,25.9525,26.095,26.21,7746,2020-02-10
DUKH,26.18,26.08,26.08,26.17,12477,2020-02-11
DUKH,26.18,26.01,26.11,26.01,10401,2020-02-12
DUKH,26.1648,26.0231,26.0231,26.12,5881,2020-02-13
DUKH,26.15,26.03,26.05,26.04,18519,2020-02-14
DUKH,26.02,25.9261,26.02,26,11303,2020-02-18
DUKH,26.05,25.75,26,25.75,21452,2020-02-19
DUKH,25.8599,25.72,25.72,25.75,22207,2020-02-20
DUKH,25.8079,25.66,25.7692,25.71,22145,2020-02-21
DUKH,25.73,25.33,25.62,25.33,38655,2020-02-24
DUKH,25.5695,25.2,25.38,25.21,63804,2020-02-25
DUKH,25.4402,25.15,25.25,25.25,43238,2020-02-26
DUKH,25.55,25,25,25.44,60731,2020-02-27
DUKH,25.48,25.08,25.4,25.08,102851,2020-02-28
DUKH,25.54,25.09,25.09,25.52,81246,2020-03-02
DUKH,25.875,25.32,25.4,25.69,36316,2020-03-03
DUKH,25.85,25.645,25.7,25.85,23143,2020-03-04
DUKH,25.78,25.39,25.78,25.56,20963,2020-03-05
DUKH,25.63,25.3259,25.42,25.33,27958,2020-03-06
DUKH,25.58,24.845,25,25.15,92200,2020-03-09
DUKH,25.448,25.25,25.25,25.26,42426,2020-03-10
DUKH,25.38,24.63,25.21,25.21,47531,2020-03-11
DUKH,25,23.43,24.74,23.43,130456,2020-03-12
DUKH,24.63,23.85,23.85,24.51,92333,2020-03-13
DUKH,24.41,23.5,23.74,23.81,111158,2020-03-16
DUKH,24.1899,23.16,23.85,23.16,75974,2020-03-17
DUKH,22.823,20.25,22.75,20.58,129207,2020-03-18
DUKH,22.85,20.2,21.25,22.6,126930,2020-03-19
DUKH,23.47,22.6,23.12,22.75,76777,2020-03-20
DUKH,22.798,20.79,22.6,21.45,89860,2020-03-23
DUKH,23.81,22.06,22.06,23.207,78792,2020-03-24
DUKH,24.72,23.21,23.4,24.37,69829,2020-03-25
DUKH,24.8,24.1,24.69,24.74,56648,2020-03-26
DUKH,24.6,23.91,24.18,24.44,46535,2020-03-27
DUKH,24.85,24.4126,24.73,24.69,30945,2020-03-30
DUKH,24.94,24.57,24.78,24.67,32644,2020-03-31
DUKH,24.35,23.94,24.13,24.34,38463,2020-04-01
DUKH,24.38,23.71,24.2,24.13,51463,2020-04-02
DUKH,24.35,23.755,24.3,24.19,40402,2020-04-03
DUKH,24.8,24.2,24.24,24.42,34956,2020-04-06
DUKH,25,24.52,24.94,24.99,46260,2020-04-07
DUKH,25.4,24.9574,24.9574,25.38,27986,2020-04-08
DUKH,25.73,25.05,25.35,25.5485,83029,2020-04-09
DUKH,25.3,24.75,25.3,24.92,38778,2020-04-13
DUKH,25.199,24.99,25.01,25.15,32185,2020-04-14
DUKH,25.17,24.68,24.7,25.09,43739,2020-04-15
DUKH,25.25,24.95,25.16,25.11,27270,2020-04-16
DUKH,25.31,25.15,25.25,25.19,25531,2020-04-17
DUKH,25.36,25.08,25.08,25.28,31458,2020-04-20
DUKH,25.24,24.96,25.225,25.24,33914,2020-04-21
DUKH,25.3799,25.1,25.35,25.17,57238,2020-04-22
DUKH,25.4,25.16,25.16,25.32,25479,2020-04-23
DUKH,25.42,25.27,25.4,25.41,33108,2020-04-24
DUKH,25.49,25.3,25.49,25.37,23861,2020-04-27
DUKH,25.49,25.18,25.49,25.21,57247,2020-04-28
DUKH,25.45,25.25,25.27,25.45,30924,2020-04-29
DUKH,25.45,25.22,25.3,25.23,66598,2020-04-30
DUKH,25.25,25.1598,25.21,25.25,17340,2020-05-01
DUKH,25.26,25.13,25.15,25.18,38817,2020-05-04
DUKH,25.21,25.1,25.21,25.15,64348,2020-05-05
DUKH,25.16,25.1,25.1,25.11,33214,2020-05-06
DUKH,25.2899,25.06,25.19,25.15,30016,2020-05-07
DUKH,25.3,25.175,25.21,25.29,16354,2020-05-08
DUKH,25.4,25.164,25.27,25.4,58161,2020-05-11
DUKH,25.47,25.3,25.47,25.3,13568,2020-05-12
DUKH,25.4,25.21,25.3,25.305,37732,2020-05-13
DUKH,25.3545,25.05,25.201,25.35,18245,2020-05-14
DUKH,25.37,25.12,25.12,25.26,16260,2020-05-15
DUKH,25.45,25.1407,25.45,25.155,150668,2020-05-18
DUKH,25.1984,25.14,25.18,25.19,167980,2020-05-19
DUKH,25.3,25.15,25.2,25.17,235463,2020-05-20
DUKH,25.23,25.1501,25.2,25.18,187582,2020-05-21
DUKH,25.32,25.16,25.2114,25.3,449121,2020-05-22
DUKH,25.49,25.27,25.4,25.385,65124,2020-05-26
DUKH,25.48,25.39,25.43,25.48,44155,2020-05-27
DUKH,25.52,25.42,25.46,25.48,28531,2020-05-28
DUKH,25.55,25.48,25.52,25.48,50332,2020-05-29
DUKH,25.58,25.46,25.46,25.58,18688,2020-06-01
DUKH,25.59,25.48,25.48,25.59,12475,2020-06-02
DUKH,25.65,25.532,25.59,25.65,19780,2020-06-03
DUKH,25.6421,25.46,25.5402,25.62,16718,2020-06-04
DUKH,25.67,25.4,25.62,25.4,107876,2020-06-05
DUKH,25.55,25.45,25.45,25.55,26381,2020-06-08
DUKH,25.58,25.44,25.5,25.55,24174,2020-06-09
DUKH,25.54,25.4,25.54,25.54,23673,2020-06-10
DUKH,25.48,25.25,25.4,25.46,108632,2020-06-11
DUKH,25.55,25.4,25.48,25.42,29092,2020-06-12
DUKH,25.465,25.3,25.3,25.45,19183,2020-06-15
DUKH,25.64,25.5,25.59,25.64,25214,2020-06-16
DUKH,25.7,25.52,25.57,25.565,188072,2020-06-17
DUKH,25.67,25.535,25.57,25.67,154491,2020-06-18
DUKH,25.69,25.56,25.61,25.68,13078,2020-06-19
DUKH,25.66,25.56,25.61,25.56,24131,2020-06-22
DUKH,25.66,25.51,25.61,25.6,16914,2020-06-23
DUKH,25.65,25.5,25.61,25.59,18303,2020-06-24
DUKH,25.66,25.55,25.61,25.66,24399,2020-06-25
DUKH,25.66,25.51,25.66,25.63,19643,2020-06-26
DUKH,25.64,25.52,25.6,25.64,20608,2020-06-29
DUKH,25.64,25.48,25.64,25.48,129384,2020-06-30
DUKH,25.6,25.5,25.5664,25.57,16077,2020-07-01
DUKH,25.8,25.57,25.57,25.71,14161,2020-07-02
DUKH,25.72,25.62,25.66,25.72,22979,2020-07-06
DUKH,25.7399,25.65,25.65,25.65,16258,2020-07-07
DUKH,25.75,25.64,25.73,25.6496,19577,2020-07-08
DUKH,25.725,25.59,25.72,25.62,326830,2020-07-09
DUKH,25.76,25.23,25.72,25.65,23865,2020-07-10
DUKH,25.56,25.37,25.44,25.42,44328,2020-07-13
DUKH,25.52,25.3939,25.3939,25.48,15598,2020-07-14
DUKH,25.58,25.4,25.57,25.55,30531,2020-07-15
DUKH,25.71,25.496,25.55,25.7,29856,2020-07-16
DUKH,25.73,25.605,25.65,25.65,18020,2020-07-17
DUKH,25.72,25.6301,25.69,25.72,21551,2020-07-20
DUKH,25.75,25.6655,25.67,25.75,32957,2020-07-21
DUKH,25.78,25.66,25.75,25.76,15189,2020-07-22
DUKH,25.8,25.73,25.7598,25.79,11210,2020-07-23
DUKH,25.85,25.69,25.84,25.83,7585,2020-07-24
DUKH,25.89,25.79,25.88,25.82,10862,2020-07-27
DUKH,25.89,25.7,25.87,25.808,18399,2020-07-28
DUKH,25.91,25.7847,25.82,25.88,16770,2020-07-29
DUKH,25.95,25.803,25.88,25.94,19874,2020-07-30
DUKH,25.9452,25.82,25.88,25.82,18798,2020-07-31
DUKH,25.94,25.8311,25.92,25.88,17519,2020-08-03
DUKH,25.94,25.83,25.9,25.94,10245,2020-08-04
DUKH,25.94,25.77,25.9193,25.92,11609,2020-08-05
DUKH,25.888,25.53,25.83,25.66,36680,2020-08-06
DUKH,25.66,25.4254,25.66,25.52,62433,2020-08-07
DUKH,25.63,25.53,25.58,25.55,95352,2020-08-10
DUKH,25.63,25.5384,25.63,25.55,46650,2020-08-11
DUKH,25.6,25.5,25.55,25.53,71922,2020-08-12
DUKH,25.59,25.53,25.55,25.53,25906,2020-08-13
DUKH,25.58,25.52,25.55,25.58,12309,2020-08-14
DUKH,25.62,25.575,25.575,25.62,15833,2020-08-17
DUKH,25.88,25.58,25.58,25.85,23672,2020-08-18
DUKH,25.94,25.77,25.775,25.94,16814,2020-08-19
DUKH,25.95,25.83,25.9,25.95,19346,2020-08-20
DUKH,25.935,25.858,25.93,25.935,12411,2020-08-21
DUKH,26,25.9,25.91,26,18052,2020-08-24
DUKH,26.04,25.8706,25.95,26.04,12640,2020-08-25
DUKH,26.13,25.9261,26.024,26.13,21308,2020-08-26
DUKH,26.105,26,26.015,26,14262,2020-08-27
DUKH,26.085,25.96,26,25.97,11506,2020-08-28
DUKH,26.02,25.84,25.97,25.91,27001,2020-08-31
DUKH,25.99,25.84,25.85,25.99,20066,2020-09-01
DUKH,26.081,25.92,26.081,25.92,25551,2020-09-02
DUKH,25.9816,25.7501,25.9805,25.8895,8677,2020-09-03
DUKH,25.89,25.64,25.89,25.72,18035,2020-09-04
DUKH,25.8,25.59,25.7,25.65,14547,2020-09-08
DUKH,25.8,25.62,25.62,25.79,7240,2020-09-09
DUKH,25.8,25.7,25.72,25.72,18287,2020-09-10
DUKH,25.79,25.6385,25.79,25.69,14296,2020-09-11
DUKH,25.88,25.75,25.75,25.85,12724,2020-09-14
DUKH,25.9287,25.7994,25.92,25.8567,14419,2020-09-15
DUKH,25.9999,25.8472,25.91,25.9,15995,2020-09-16
DUKH,25.97,25.81,25.9,25.92,20977,2020-09-17
DUKH,25.94,25.84,25.94,25.89,6998,2020-09-18
DUKH,25.79,25.59,25.7501,25.65,22626,2020-09-21
DUKH,25.94,25.66,25.74,25.9,29956,2020-09-22
DUKH,25.8624,25.55,25.84,25.7916,25448,2020-09-23
DUKH,25.84,25.61,25.7,25.66,37714,2020-09-24
DUKH,25.83,25.74,25.76,25.79,15141,2020-09-25
DUKH,25.945,25.755,25.89,25.82,29003,2020-09-28
DUKH,25.8755,25.58,25.87,25.6,32112,2020-09-29
DUKH,25.69,25.5,25.6,25.5,147008,2020-09-30
DUKH,25.87,25.6,25.63,25.86,29198,2020-10-01
DUKH,25.91,25.63,25.73,25.89,30080,2020-10-02
DUKH,25.95,25.8081,25.89,25.93,19420,2020-10-05
DUKH,25.95,25.83,25.93,25.95,36753,2020-10-06
DUKH,25.96,25.88,25.93,25.96,44147,2020-10-07
DUKH,26.2,25.89,25.89,26.14,53209,2020-10-08
DUKH,26.21,26.0119,26.14,26.21,28647,2020-10-09
DUKH,26.25,26.065,26.2,26.23,26793,2020-10-12
DUKH,26.07,25.74,25.97,26.07,37991,2020-10-13
DUKH,26.0186,25.74,25.97,25.87,35442,2020-10-14
DUKH,25.8189,25.63,25.65,25.7,34803,2020-10-15
DUKH,25.82,25.6,25.82,25.7,27590,2020-10-16
DUKH,25.72,25.6,25.7,25.72,34324,2020-10-19
DUKH,25.715,25.65,25.68,25.7,19801,2020-10-20
DUKH,25.695,25.58,25.695,25.63,33664,2020-10-21
DUKH,25.7244,25.61,25.61,25.71,11691,2020-10-22
DUKH,25.82,25.6505,25.75,25.82,20165,2020-10-23
DUKH,25.88,25.76,25.78,25.78,29212,2020-10-26
DUKH,25.886,25.71,25.86,25.71,25231,2020-10-27
DUKH,25.7196,25.56,25.63,25.56,30252,2020-10-28
DUKH,25.77,25.42,25.56,25.55,24541,2020-10-29
DUKH,25.7,25.5,25.5801,25.7,59287,2020-10-30
DUKH,25.87,25.53,25.66,25.78,14910,2020-11-02
DUKH,25.85,25.71,25.8,25.72,14715,2020-11-03
DUKH,25.89,25.8001,25.86,25.85,27239,2020-11-04
DUKH,25.9599,25.8,25.8,25.83,16275,2020-11-05
DUKH,25.8983,25.68,25.76,25.69,15753,2020-11-06
DUKH,26,25.795,25.85,25.98,27568,2020-11-09
DUKH,26.01,25.91,25.97,25.96,16457,2020-11-10
DUKH,26,25.86,25.92,25.92,28176,2020-11-11
DUKH,26,25.93,25.95,25.97,14846,2020-11-12
DUKH,26.03,25.91,26.02,25.93,20880,2020-11-13
DUKH,26.16,25.895,25.94,26.16,36596,2020-11-16
DUKH,26.19,25.99,25.99,26.16,24244,2020-11-17
DUKH,26.2,26.06,26.06,26.16,8051,2020-11-18
DUKH,26.19,26.025,26.07,26.19,27058,2020-11-19
DUKH,26.17,26.02,26.17,26.09,6692,2020-11-20
DUKH,26.22,26.065,26.11,26.22,20991,2020-11-23
DUKH,26.25,26.09,26.25,26.11,19286,2020-11-24
DUKH,26.2,26.09,26.17,26.18,14073,2020-11-25
DUKH,26.18,26.145,26.1632,26.15,4715,2020-11-27
DUKH,26.15,25.98,26.15,26.06,50190,2020-11-30
DUKH,26.0845,25.958,26.04,26.02,13234,2020-12-01
DUKH,26.12,25.96,25.96,26.11,17445,2020-12-02
DUKH,26.14,26.0305,26.14,26.12,9603,2020-12-03
DUKH,26.25,26.06,26.06,26.25,32922,2020-12-04
DUKH,26.25,26.05,26.17,26.24,18243,2020-12-07
DUKH,26.28,26.2,26.2,26.28,23411,2020-12-08
DUKH,26.31,26.235,26.3,26.31,13369,2020-12-09
DUKH,26.2805,26.15,26.25,26.2,19042,2020-12-10
DUKH,26.37,26.2,26.2,26.32,27713,2020-12-11
DUKH,26.35,26.241,26.3,26.27,25468,2020-12-14
DUKH,26.36,26.27,26.333,26.35,15304,2020-12-15
DUKH,26.41,26.3283,26.3283,26.41,10188,2020-12-16
DUKH,26.49,26.32,26.32,26.49,21899,2020-12-17
DUKH,26.5,26.41,26.42,26.5,13706,2020-12-18
DUKH,26.6,26.36,26.36,26.555,27011,2020-12-21
DUKH,26.71,26.4,26.49,26.43,40173,2020-12-22
DUKH,26.66,26.43,26.43,26.52,32720,2020-12-23
DUKH,26.75,26.5,26.5,26.71,23329,2020-12-24
DUKH,26.76,26.61,26.73,26.76,16474,2020-12-28
DUKH,26.8,26.66,26.66,26.74,15621,2020-12-29
DUKH,26.83,26.68,26.76,26.79,26944,2020-12-30
DUKH,26.97,26.7059,26.7059,26.86,112689,2020-12-31
DUKH,26.85,26.51,26.8177,26.52,31903,2021-01-04
DUKH,26.58,26.48,26.5305,26.55,15797,2021-01-05
DUKH,26.52,26.09,26.52,26.19,27118,2021-01-06
DUKH,26.1,25.8186,26.1,25.93,47192,2021-01-07
DUKH,26.226,25.94,25.94,26.15,28604,2021-01-08
DUKH,26.05,25.85,25.85,25.91,42324,2021-01-11
DUKH,26.1,25.81,26.06,26.09,62815,2021-01-12
DUKH,26.18,25.8501,25.8501,25.91,48277,2021-01-13
DUKH,26.145,25.9,26.1,26.06,27841,2021-01-14
DUKH,26.18,25.92,26.14,25.97,37942,2021-01-15
DUKH,26.01,25.88,26,25.96,22392,2021-01-19
DUKH,26.15,25.955,25.956,26.14,20646,2021-01-20
DUKH,26.1413,26.01,26.05,26.04,14734,2021-01-21
DUKH,26.075,25.979,26,26.06,13430,2021-01-22
DUKH,26.06,25.98,26.06,26.04,7162,2021-01-25
DUKH,26.0392,25.93,26.0035,25.99,15376,2021-01-26
DUKH,26.05,25.62,26.05,25.67,40251,2021-01-27
DUKH,25.8568,25.6801,25.8568,25.81,14536,2021-01-28
DUKH,25.84,25.7,25.73,25.84,77464,2021-01-29
DUKH,26.01,25.84,25.85,25.95,13494,2021-02-01
DUKH,26.15,25.85,25.89,26.02,26320,2021-02-02
DUKH,26.0931,25.73,26.02,25.82,11157,2021-02-03
DUKH,25.99,25.72,25.72,25.99,15675,2021-02-04
DUKH,26.02,25.901,25.95,26.02,22138,2021-02-05
DUKH,26.03,25.92,26.02,25.95,9986,2021-02-08
DUKH,26.0232,25.87,25.88,26,13359,2021-02-09
DUKH,25.93,25.85,25.93,25.905,18890,2021-02-10
DUKH,25.95,25.75,25.95,25.77,18511,2021-02-11
DUKH,25.705,25.6,25.63,25.67,23695,2021-02-12
DUKH,25.69,25.32,25.69,25.34,57810,2021-02-16
DUKH,25.5544,25.371,25.49,25.47,57901,2021-02-17
DUKH,25.47,25.37,25.47,25.43,56627,2021-02-18
DUKH,25.48,25.32,25.48,25.38,35296,2021-02-19
DUKH,25.4,25.27,25.4,25.32,37329,2021-02-22
DUKH,25.41,25.29,25.29,25.33,28932,2021-02-23
DUKH,25.36,25.221,25.36,25.2714,43201,2021-02-24
DUKH,25.34,25.06,25.28,25.312,53164,2021-02-25
DUKH,25.43,25.28,25.32,25.37,38587,2021-02-26
DUKH,25.55,25.3894,25.45,25.55,20707,2021-03-01
DUKH,25.54,25.45,25.505,25.46,13612,2021-03-02
DUKH,25.6709,25.3537,25.47,25.52,28379,2021-03-03
DUKH,25.7,25.43,25.5,25.58,20620,2021-03-04
DUKH,25.65,25.4,25.5,25.63,16842,2021-03-05
DUKH,25.65,25.499,25.54,25.65,28917,2021-03-08
DUKH,25.77,25.57,25.66,25.77,25330,2021-03-09
DUKH,25.77,25.63,25.77,25.77,19836,2021-03-10
DUKH,25.92,25.76,25.76,25.92,21903,2021-03-11
DUKH,25.87,25.724,25.724,25.86,5691,2021-03-12
DUKH,26.01,25.7392,25.89,26,35796,2021-03-15
DUKH,26.06,25.8401,26,26.06,38972,2021-03-16
DUKH,26.03,25.9,25.99,25.98,14840,2021-03-17
DUKH,25.92,25.72,25.92,25.72,29470,2021-03-18
DUKH,25.8516,25.7,25.71,25.83,19597,2021-03-19
DUKH,25.9599,25.86,25.93,25.92,17789,2021-03-22
DUKH,25.98,25.87,25.94,25.91,11321,2021-03-23
DUKH,26.06,25.89,25.89,25.99,21631,2021-03-24
DUKH,26.04,25.994,26.01,26.02,11165,2021-03-25
DUKH,26.031,25.94,26.02,26.01,14465,2021-03-26
DUKH,26.0499,25.93,26.0499,25.96,25146,2021-03-29
DUKH,26.06,25.92,25.96,26.06,32804,2021-03-30
DUKH,26.1495,25.88,26.06,25.9,50838,2021-03-31
DUKH,26.18,25.92,25.94,26.18,34282,2021-04-01
DUKH,26.27,26.13,26.13,26.2457,39902,2021-04-05
DUKH,26.365,26.1708,26.28,26.34,30915,2021-04-06
DUKH,26.48,26.2653,26.3387,26.48,26767,2021-04-07
DUKH,26.48,26.3844,26.48,26.48,28791,2021-04-08
DUKH,26.5,26.44,26.44,26.48,13963,2021-04-09
DUKH,26.5,26.34,26.35,26.5,55906,2021-04-12
DUKH,26.25,25.94,26.25,26.09,38133,2021-04-13
DUKH,26.085,26.02,26.04,26.07,22015,2021-04-14
DUKH,26.09,25.93,26.08,26.04,33103,2021-04-15
DUKH,26.26,25.95,26.05,26.26,142738,2021-04-16
DUKH,26.2294,26.03,26.19,26.11,40833,2021-04-19
DUKH,26.17,26.07,26.17,26.12,13682,2021-04-20
DUKH,26.23,26.0809,26.14,26.16,19946,2021-04-21
DUKH,26.26,26.145,26.15,26.21,13782,2021-04-22
DUKH,26.35,26.16,26.16,26.31,26628,2021-04-23
DUKH,26.3536,26.27,26.27,26.35,11829,2021-04-26
DUKH,26.39,26.28,26.38,26.35,22039,2021-04-27
DUKH,26.35,26.3,26.3229,26.33,12363,2021-04-28
DUKH,26.305,26.16,26.29,26.17,22002,2021-04-29
DUKH,26.2899,25.99,26.28,25.99,67072,2021-04-30
DUKH,26.19,26.0448,26.18,26.19,12673,2021-05-03
DUKH,26.18,26.04,26.1,26.08,31790,2021-05-04
DUKH,26.08,25.93,26.06,25.96,10600,2021-05-05
DUKH,26,25.78,25.94,25.86,26900,2021-05-06
DUKH,26.07,25.97,25.97,26.07,6100,2021-05-07
DUKH,26.08,25.91,26.08,25.96,16100,2021-05-10
DUKH,25.96,25.75,25.96,25.81,21300,2021-05-11
DUKH,25.8,25.71,25.8,25.71,25200,2021-05-12
DUKH,25.82,25.71,25.74,25.76,13500,2021-05-13
DUKH,25.97,25.84,25.87,25.95,19400,2021-05-14
DUKH,25.95,25.78,25.81,25.81,9300,2021-05-17
DUKH,25.84,25.73,25.76,25.77,17600,2021-05-18
DUKH,25.84,25.75,25.75,25.77,7500,2021-05-19
DUKH,25.88,25.79,25.83,25.83,8100,2021-05-20
DUKH,25.93,25.84,25.93,25.85,6400,2021-05-21
DUKH,25.96,25.86,25.86,25.92,16800,2021-05-24
DUKH,26,25.9,25.96,25.99,11900,2021-05-25
DUKH,25.97,25.9,25.91,25.91,13900,2021-05-26
DUKH,25.99,25.91,25.91,25.98,13700,2021-05-27
DUKH,26.05,25.93,25.98,26.05,39400,2021-05-28
DUKH,26.05,25.9656,26.05,26.02,18819,2021-06-01
DUKH,26.11,26.02,26.02,26.11,27800,2021-06-02
DUKH,26.18,26.08,26.09,26.12,17600,2021-06-03
DUKH,26.24,25.95,25.95,26.2,7500,2021-06-04
DUKH,26.27,26.1,26.1,26.27,11714,2021-06-07
DUKH,26.3022,26.19,26.27,26.24,14257,2021-06-08
DUKH,26.32,26.19,26.2,26.29,26900,2021-06-09
DUKH,26.33,26.25,26.33,26.33,5300,2021-06-10
DUKH,26.35,26.26,26.33,26.35,28200,2021-06-11
DUKH,26.37,26.26,26.3,26.36,35200,2021-06-14
DUKH,26.46,26.35,26.37,26.38,14500,2021-06-15
DUKH,26.45,26.3,26.4,26.35,13100,2021-06-16
DUKH,26.4,26.24,26.28,26.36,9000,2021-06-17
DUKH,26.46,26.28,26.4,26.45,12400,2021-06-18
DUKH,26.46,26.38,26.4,26.4,16600,2021-06-21
DUKH,26.47,26.37,26.42,26.47,22800,2021-06-22
DUKH,26.61,26.43,26.43,26.48,11300,2021-06-23
DUKH,26.6,26.48,26.56,26.56,11900,2021-06-24
DUKH,26.59,26.42,26.58,26.59,6500,2021-06-25
DUKH,26.53,26.41,26.49,26.53,15900,2021-06-28
DUKH,26.58,26.47,26.48,26.58,24700,2021-06-29
DUKH,26.66,26.46,26.51,26.5,75600,2021-06-30
DUKH,26.58,26.48,26.58,26.5,17900,2021-07-01
DUKH,26.54,26.46,26.52,26.51,20500,2021-07-02
DUKH,26.55,26.45,26.51,26.53,27700,2021-07-06
DUKH,26.64,26.45,26.48,26.62,18300,2021-07-07
DUKH,26.68,26.5,26.5,26.54,9300,2021-07-08
DUKH,26.72,26.52,26.65,26.58,11400,2021-07-09
DUKH,26.68,26.58,26.66,26.65,20000,2021-07-12
DUKH,26.41,26.25,26.41,26.29,22190,2021-07-13
