IBP,12.94,12.27,12.3,12.8,3809584,2014-02-13
IBP,13.2,12.65,12.76,13,349850,2014-02-14
IBP,13.2,12.56,12.91,12.68,273528,2014-02-18
IBP,12.6,12.06,12.55,12.25,266299,2014-02-19
IBP,12.88,12.21,12.39,12.78,70072,2014-02-20
IBP,13.24,12.7,12.74,13.12,107269,2014-02-21
IBP,13.5,12.82,13.2,13.16,114166,2014-02-24
IBP,13.45,13.1,13.28,13.29,66000,2014-02-25
IBP,13.8,13.26,13.26,13.79,80437,2014-02-26
IBP,14.6499,13.8,13.8,14.5,229497,2014-02-27
IBP,14.92,14.1535,14.31,14.9,65242,2014-02-28
IBP,14.9,14.22,14.89,14.61,53054,2014-03-03
IBP,14.85,14.31,14.85,14.47,44962,2014-03-04
IBP,15.47,14.5,14.54,14.99,125671,2014-03-05
IBP,15.473,14.9,15.27,15,69100,2014-03-06
IBP,15.05,14.5,15.05,14.78,39868,2014-03-07
IBP,14.65,13.4,14.53,14.37,142171,2014-03-10
IBP,15,14.49,14.49,14.89,54766,2014-03-11
IBP,15,14.56,14.94,14.58,48096,2014-03-12
IBP,15.09,14.21,14.59,14.53,52495,2014-03-13
IBP,14.69,13.71,14.49,14.16,54020,2014-03-14
IBP,14.2,13.75,14.1,13.81,107084,2014-03-17
IBP,14.09,13.8,13.8,13.95,73278,2014-03-18
IBP,14.2,13.94,14.1,13.94,92392,2014-03-19
IBP,14.19,13.95,14,13.98,40993,2014-03-20
IBP,13.98,13.16,13.94,13.5,132581,2014-03-21
IBP,14.24,13.5001,13.6,13.59,107429,2014-03-24
IBP,14.41,13.3,13.75,13.49,120453,2014-03-25
IBP,14.3,12.55,14.28,12.86,193643,2014-03-26
IBP,13.12,12.7,12.8,12.71,127004,2014-03-27
IBP,13.45,12.03,12.83,13.11,166436,2014-03-28
IBP,14.33,13.09,13.19,13.95,796186,2014-03-31
IBP,14.32,13.8525,13.95,14.18,86789,2014-04-01
IBP,14.22,13.8501,14.17,13.9,55047,2014-04-02
IBP,14.64,13.87,13.88,14.48,111315,2014-04-03
IBP,14.5,13.65,14.5,13.7,417907,2014-04-04
IBP,13.74,12.93,13.65,13,55774,2014-04-07
IBP,13.299,12.9,13.02,12.94,112705,2014-04-08
IBP,13.38,13.01,13.01,13.24,174005,2014-04-09
IBP,13.435,13.2,13.2,13.27,166973,2014-04-10
IBP,13.335,13.15,13.15,13.25,92260,2014-04-11
IBP,13.39,13.17,13.38,13.26,24450,2014-04-14
IBP,13.49,12.99,13.38,13.02,61898,2014-04-15
IBP,13.18,12.89,13.18,13.11,51197,2014-04-16
IBP,13.23,12.88,13.11,13.05,55948,2014-04-17
IBP,13.77,12.886,13.08,13.76,22401,2014-04-21
IBP,14.5,13.79,13.81,14.43,28481,2014-04-22
IBP,14.45,14.18,14.45,14.31,24426,2014-04-23
IBP,14.71,14.29,14.345,14.6,46505,2014-04-24
IBP,14.67,14.3,14.5,14.36,58054,2014-04-25
IBP,14.41,13.95,14.41,14.01,57172,2014-04-28
IBP,14.15,13.95,14.15,14.04,29002,2014-04-29
IBP,14.02,13.81,13.96,13.91,28586,2014-04-30
IBP,13.92,13.34,13.92,13.65,37341,2014-05-01
IBP,14.039,13.56,13.67,13.98,31397,2014-05-02
IBP,14.1,13.84,13.93,13.9,34841,2014-05-05
IBP,13.9,13.25,13.9,13.3,20326,2014-05-06
IBP,13.349,12.911,13.26,13.09,25353,2014-05-07
IBP,13.22,13,13,13.13,24482,2014-05-08
IBP,13.17,13.01,13.06,13.1,31717,2014-05-09
IBP,13.25,12.55,13.23,12.72,54064,2014-05-12
IBP,14.29,13.17,13.5,13.75,235944,2014-05-13
IBP,13.91,13.3,13.7,13.31,59397,2014-05-14
IBP,13.23,12.97,13.21,13.1,71049,2014-05-15
IBP,13.6,13.17,13.17,13.24,53899,2014-05-16
IBP,13.29,13.08,13.22,13.23,100421,2014-05-19
IBP,13.56,13.14,13.21,13.44,91908,2014-05-20
IBP,13.91,13.37,13.48,13.86,31806,2014-05-21
IBP,14.06,13.82,13.86,13.94,82706,2014-05-22
IBP,14.08,13.515,13.95,13.65,104484,2014-05-23
IBP,13.88,13.62,13.8,13.68,61322,2014-05-27
IBP,13.72,13.52,13.72,13.54,16132,2014-05-28
IBP,13.65,13.54,13.63,13.58,12619,2014-05-29
IBP,13.63,13.5,13.5,13.56,28821,2014-05-30
IBP,13.7,13.35,13.68,13.5,116924,2014-06-02
IBP,13.6,13.3,13.38,13.48,39086,2014-06-03
IBP,13.68,13.375,13.48,13.56,31540,2014-06-04
IBP,13.79,13.52,13.54,13.6,54414,2014-06-05
IBP,13.69,13.1,13.69,13.54,34417,2014-06-06
IBP,13.98,13.18,13.47,13.48,74360,2014-06-09
IBP,13.12,12.39,12.79,13.08,431772,2014-06-10
IBP,13.36,12.74,12.86,13.1,435526,2014-06-11
IBP,13.32,12.45,12.45,12.95,3131094,2014-06-12
IBP,13.04,12.67,13.04,12.73,253520,2014-06-13
IBP,13.04,12.61,12.76,12.99,266637,2014-06-16
IBP,13.02,12.54,12.91,12.69,313217,2014-06-17
IBP,13,12.57,12.63,12.77,171823,2014-06-18
IBP,12.88,12.605,12.77,12.65,163602,2014-06-19
IBP,12.79,12.24,12.56,12.29,652287,2014-06-20
IBP,12.4,12,12.36,12.1,277144,2014-06-23
IBP,12.23,11.77,12.04,11.95,277385,2014-06-24
IBP,11.99,11.75,11.9,11.83,162399,2014-06-25
IBP,12.19,11.82,11.84,11.96,142108,2014-06-26
IBP,12.05,11.85,11.86,12.05,168062,2014-06-27
IBP,12.38,11.93,12.05,12.25,145342,2014-06-30
IBP,12.56,12.2725,12.31,12.4,144218,2014-07-01
IBP,12.59,12.35,12.36,12.46,56200,2014-07-02
IBP,12.52,12.364,12.46,12.47,44194,2014-07-03
IBP,12.53,12.31,12.43,12.39,99985,2014-07-07
IBP,12.37,12.22,12.36,12.35,97259,2014-07-08
IBP,12.47,12.262,12.35,12.4,163775,2014-07-09
IBP,12.32,12.11,12.25,12.26,205207,2014-07-10
IBP,12.3275,12,12.27,12.07,112152,2014-07-11
IBP,12.35,12.04,12.21,12.3,158932,2014-07-14
IBP,12.34,11.98,12.33,12.08,191000,2014-07-15
IBP,12.33,12.064,12.15,12.25,70286,2014-07-16
IBP,12.26,12.04,12.13,12.18,137539,2014-07-17
IBP,12.22,12.01,12.14,12.2,84920,2014-07-18
IBP,12.23,12.02,12.17,12.14,83687,2014-07-21
IBP,12.316,12.04,12.24,12.14,50209,2014-07-22
IBP,12.22,11.97,12.13,12.14,57225,2014-07-23
IBP,12.3,12.01,12.16,12.14,72443,2014-07-24
IBP,12.12,11.84,12.06,11.94,66148,2014-07-25
IBP,11.91,11.65,11.9,11.75,189320,2014-07-28
IBP,11.72,11.35,11.72,11.48,420147,2014-07-29
IBP,11.76,11.395,11.58,11.51,88775,2014-07-30
IBP,11.41,10.82,11.41,11.08,140699,2014-07-31
IBP,11.19,11.04,11.09,11.1,110690,2014-08-01
IBP,11.19,10.95,11.18,11.14,49909,2014-08-04
IBP,11.56,11.12,11.12,11.54,103388,2014-08-05
IBP,11.64,11.21,11.49,11.27,196211,2014-08-06
IBP,11.95,11.2,11.42,11.49,139805,2014-08-07
IBP,11.69,11.47,11.53,11.6,53875,2014-08-08
IBP,11.99,11.55,11.62,11.75,135380,2014-08-11
IBP,11.9,11.53,11.9,11.68,391448,2014-08-12
IBP,12.07,11.63,11.69,11.69,269557,2014-08-13
IBP,12.0225,11.67,11.7,11.78,280071,2014-08-14
IBP,12.01,11.76,11.87,11.94,104967,2014-08-15
IBP,12.6,12,12,12.6,119673,2014-08-18
IBP,13.09,12.58,12.64,12.75,311092,2014-08-19
IBP,12.93,12.67,12.73,12.73,270865,2014-08-20
IBP,13.01,12.591,12.71,13.01,160441,2014-08-21
IBP,13.23,12.92,13.03,13.23,174839,2014-08-22
IBP,13.56,13.224,13.25,13.25,101683,2014-08-25
IBP,13.37,13.12,13.37,13.16,41336,2014-08-26
IBP,13.7,13.107,13.27,13.57,88439,2014-08-27
IBP,13.63,13.36,13.48,13.46,52910,2014-08-28
IBP,13.55,13.32,13.46,13.37,68537,2014-08-29
IBP,13.81,13.33,13.46,13.77,196261,2014-09-02
IBP,14.05,13.77,13.82,14.04,128958,2014-09-03
IBP,14.22,13.975,14.11,14.05,146121,2014-09-04
IBP,14.15,13.9,14.05,14,69201,2014-09-05
IBP,14.12,13.94,14.05,14.05,51727,2014-09-08
IBP,14.08,13.83,14.03,14,61600,2014-09-09
IBP,14.365,13.98,14.07,14.13,126793,2014-09-10
IBP,14.58,13.93,13.99,14.49,88056,2014-09-11
IBP,14.63,14.295,14.54,14.56,102502,2014-09-12
IBP,14.565,14.06,14.565,14.22,85038,2014-09-15
IBP,14.23,13.91,14.15,14.02,75471,2014-09-16
IBP,14.36,13.88,14.01,14.24,124677,2014-09-17
IBP,14.37,14.05,14.25,14.35,36723,2014-09-18
IBP,14.55,14.3,14.43,14.46,97616,2014-09-19
IBP,14.45,13.62,14.45,13.77,77365,2014-09-22
IBP,13.95,13.64,13.73,13.75,173076,2014-09-23
IBP,13.96,13.77,13.8,13.92,35038,2014-09-24
IBP,13.93,13.75,13.9,13.79,47523,2014-09-25
IBP,14.49,13.87,13.87,14.31,44457,2014-09-26
IBP,14.39,14.26,14.26,14.32,43082,2014-09-29
IBP,14.49,13.93,14.35,14.05,161682,2014-09-30
IBP,14.11,13.77,13.85,14.04,151745,2014-10-01
IBP,14.42,13.97,14.02,14.1,110139,2014-10-02
IBP,14.4,14.02,14.1,14.13,56235,2014-10-03
IBP,14.46,14.16,14.2,14.43,28591,2014-10-06
IBP,14.55,14.12,14.3,14.17,184787,2014-10-07
IBP,14.44,14.02,14.12,14.28,136914,2014-10-08
IBP,14.41,14.01,14.23,14.02,172139,2014-10-09
IBP,14.17,13.885,13.95,14.03,72668,2014-10-10
IBP,14.175,13.96,13.96,14.03,72746,2014-10-13
IBP,14.25,14.04,14.1,14.18,130915,2014-10-14
IBP,14.5,14.01,14.06,14.46,248057,2014-10-15
IBP,14.47,14.27,14.27,14.33,75100,2014-10-16
IBP,14.53,14.14,14.405,14.17,45751,2014-10-17
IBP,14.38,14.17,14.17,14.24,165778,2014-10-20
IBP,14.47,14.28,14.38,14.4,396724,2014-10-21
IBP,14.94,14.47,14.5,14.75,176481,2014-10-22
IBP,16.15,14.98,14.98,15.74,451975,2014-10-23
IBP,15.758,14.8614,15.69,15.09,106559,2014-10-24
IBP,15.1,14.61,15.1,14.89,43984,2014-10-27
IBP,15.04,14.64,14.79,14.88,85883,2014-10-28
IBP,14.88,14.39,14.88,14.46,85737,2014-10-29
IBP,14.57,14.07,14.45,14.24,96259,2014-10-30
IBP,14.79,14.34,14.43,14.51,72944,2014-10-31
IBP,14.91,14.39,14.57,14.63,60138,2014-11-03
IBP,15.23,14.55,14.55,14.86,116935,2014-11-04
IBP,15.13,14.89,14.99,15.11,52449,2014-11-05
IBP,15.22,14.6,15.08,15,65338,2014-11-06
IBP,15.74,15.04,15.04,15.49,85360,2014-11-07
IBP,15.67,15.25,15.55,15.47,85307,2014-11-10
IBP,15.931,15.46,15.5,15.63,140757,2014-11-11
IBP,16.5,14.87,15.5,16.28,211166,2014-11-12
IBP,17.54,16.31,16.31,17.18,323809,2014-11-13
IBP,17.68,17.11,17.23,17.19,99729,2014-11-14
IBP,17.27,16.73,17.12,16.78,127807,2014-11-17
IBP,17.12,16.6,16.96,16.65,109454,2014-11-18
IBP,16.63,15.612,16.5,15.82,110580,2014-11-19
IBP,16.85,15.72,15.72,16.72,129641,2014-11-20
IBP,17.07,16.325,16.89,16.6,118558,2014-11-21
IBP,17.1,16.47,16.66,16.85,110597,2014-11-24
IBP,17.0799,16.39,16.98,16.75,181163,2014-11-25
IBP,17.09,16.81,16.81,17.05,52103,2014-11-26
IBP,17.5,16.95,17.07,17,29693,2014-11-28
IBP,17.3899,16.76,17.04,16.93,146227,2014-12-01
IBP,17.37,16.93,16.93,17.29,29379,2014-12-02
IBP,17.5399,17.19,17.2,17.44,80951,2014-12-03
IBP,17.75,17.3,17.45,17.58,55054,2014-12-04
IBP,18.13,17.6,17.6,18.01,41453,2014-12-05
IBP,18.19,17.66,17.92,17.82,87733,2014-12-08
IBP,18.41,17.48,17.65,18.12,60803,2014-12-09
IBP,18.2,17.31,18.04,17.42,94802,2014-12-10
IBP,18.25,17.39,17.59,17.61,51582,2014-12-11
IBP,17.78,17.355,17.58,17.58,24705,2014-12-12
IBP,17.82,17.3,17.56,17.44,40082,2014-12-15
IBP,17.69,17.21,17.37,17.5,37474,2014-12-16
IBP,18.1799,17.12,17.44,18.09,44992,2014-12-17
IBP,18.45,17.9,18.33,18.22,43482,2014-12-18
IBP,18.24,17.89,18.21,18.16,67369,2014-12-19
IBP,18.14,17.468,18.08,17.83,41690,2014-12-22
IBP,18.03,17.615,17.86,18.01,30237,2014-12-23
IBP,18.52,17.66,18.08,18.47,30448,2014-12-24
IBP,18.46,17.78,18.46,17.85,26936,2014-12-26
IBP,18.15,17.8,17.8,18.09,28498,2014-12-29
IBP,18.29,17.93,18.07,17.96,64268,2014-12-30
IBP,18.89,17.75,18.1,17.82,90214,2014-12-31
IBP,18.15,17.35,17.86,17.76,115673,2015-01-02
IBP,17.84,17.43,17.7,17.52,32752,2015-01-05
IBP,17.75,17.15,17.62,17.58,174243,2015-01-06
IBP,17.79,17.43,17.74,17.72,49246,2015-01-07
IBP,19.04,17.88,17.88,18.71,86511,2015-01-08
IBP,18.9,18.5993,18.85,18.68,63849,2015-01-09
IBP,18.74,18.02,18.74,18.25,43764,2015-01-12
IBP,18.71,17.58,18.42,18.06,86443,2015-01-13
IBP,18,17.485,17.82,17.88,53467,2015-01-14
IBP,17.72,17.44,17.71,17.61,111138,2015-01-15
IBP,17.66,17.03,17.5,17.25,144559,2015-01-16
IBP,17.45,16.88,17.35,17.37,53563,2015-01-20
IBP,17.36,16.965,17.15,17.14,32095,2015-01-21
IBP,17.86,17.16,17.16,17.8,32175,2015-01-22
IBP,18.02,17.455,17.89,17.54,30155,2015-01-23
IBP,18.13,17.38,17.38,18.1,21203,2015-01-26
IBP,18.3491,17.9,17.9,18.27,48165,2015-01-27
IBP,18.36,17.88,18.36,17.96,63292,2015-01-28
IBP,18.46,18.03,18.11,18.42,46045,2015-01-29
IBP,18.55,17.8,18.21,17.85,39600,2015-01-30
IBP,18.29,17.8,17.99,18.18,28599,2015-02-02
IBP,18.87,18.09,18.3,18.72,41745,2015-02-03
IBP,18.83,18.3,18.79,18.53,57004,2015-02-04
IBP,18.65,18.3658,18.63,18.42,83492,2015-02-05
IBP,18.55,18.3659,18.48,18.45,35089,2015-02-06
IBP,18.53,18.22,18.51,18.37,37430,2015-02-09
IBP,18.55,18.02,18.55,18.49,46339,2015-02-10
IBP,18.5,18.11,18.39,18.24,20446,2015-02-11
IBP,18.5,17.99,18.43,18.27,52046,2015-02-12
IBP,18.5,18.35,18.44,18.47,8856,2015-02-13
IBP,18.6,18.39,18.51,18.52,12360,2015-02-17
IBP,18.6,18.41,18.6,18.46,20294,2015-02-18
IBP,18.39,18.13,18.39,18.21,22305,2015-02-19
IBP,18.41,18.16,18.25,18.24,42439,2015-02-20
IBP,18.25,17.65,18.25,17.71,26067,2015-02-23
IBP,18.28,17.8,17.8,18.1,46129,2015-02-24
IBP,18.62,17.99,18.15,17.99,18380,2015-02-25
IBP,18.23,17.71,18.07,17.89,30005,2015-02-26
IBP,17.86,17.41,17.74,17.44,45768,2015-02-27
IBP,18.75,17.43,17.57,18.44,128957,2015-03-02
IBP,18.56,18.05,18.28,18.41,134889,2015-03-03
IBP,19.37,18.1401,18.31,18.73,251986,2015-03-04
IBP,19.8709,19.195,19.31,19.35,101802,2015-03-05
IBP,19.71,19.202,19.29,19.26,35020,2015-03-06
IBP,19.48,19.16,19.39,19.36,25753,2015-03-09
IBP,19.46,19.09,19.45,19.13,30754,2015-03-10
IBP,19.41,19.08,19.08,19.3,33812,2015-03-11
IBP,20.47,19.41,19.41,20.44,52948,2015-03-12
IBP,21,20.32,20.35,20.79,80238,2015-03-13
IBP,21.15,20.79,21.05,21.15,140223,2015-03-16
IBP,21.285,20.95,21.03,21.06,55988,2015-03-17
IBP,21.69,20.99,20.99,21.37,81540,2015-03-18
IBP,21.63,21.23,21.39,21.36,24703,2015-03-19
IBP,21.89,21.32,21.32,21.79,178475,2015-03-20
IBP,21.95,21.53,21.87,21.56,26278,2015-03-23
IBP,22.1,21.41,21.67,21.49,142227,2015-03-24
IBP,22,20.877,21.59,21.03,70488,2015-03-25
IBP,21.84,20.87,20.87,21.46,80587,2015-03-26
IBP,21.92,21.38,21.5,21.48,49298,2015-03-27
IBP,21.75,21.48,21.5,21.69,50348,2015-03-30
IBP,21.85,21.64,21.64,21.76,83329,2015-03-31
IBP,22.75,21.598,21.8,22.4,77427,2015-04-01
IBP,22.49,21.74,22.49,22.13,48185,2015-04-02
IBP,22.6399,21.83,22,22.31,49182,2015-04-06
IBP,22.51,22.16,22.36,22.21,30015,2015-04-07
IBP,22.75,22.17,22.38,22.74,103582,2015-04-08
IBP,22.69,22.43,22.58,22.52,53711,2015-04-09
IBP,22.8,21.55,22.74,22.44,83574,2015-04-10
IBP,22.785,22.56,22.59,22.62,54526,2015-04-13
IBP,22.79,22.24,22.67,22.59,57915,2015-04-14
IBP,23.75,22.62,22.75,23.72,138461,2015-04-15
IBP,23.6,23.015,23.6,23.11,91534,2015-04-16
IBP,23.71,22.806,22.96,23.45,87030,2015-04-17
IBP,23.7,22.62,23.7,23.19,37771,2015-04-20
IBP,23.55,22.93,23.16,23.49,32310,2015-04-21
IBP,23.62,23.01,23.55,23.45,36316,2015-04-22
IBP,23.37,22.965,23.35,23.3,104139,2015-04-23
IBP,23.48,23.045,23.34,23.38,61789,2015-04-24
IBP,23.63,22.2,23.49,22.83,59574,2015-04-27
IBP,23.71,22.41,22.66,23.45,61009,2015-04-28
IBP,23.11,20.72,23.11,20.74,279095,2015-04-29
IBP,20.81,19.46,20.45,20.81,295469,2015-04-30
IBP,21.7,20.79,20.79,21.55,61076,2015-05-01
IBP,22,21.43,21.67,21.55,56220,2015-05-04
IBP,21.59,21.06,21.41,21.41,62498,2015-05-05
IBP,21.79,21.395,21.41,21.65,44571,2015-05-06
IBP,21.98,21.55,21.71,21.58,32327,2015-05-07
IBP,22.17,21.51,21.83,21.76,35696,2015-05-08
IBP,22.18,21.62,21.7,21.67,34605,2015-05-11
IBP,21.34,19.3567,21.14,21.12,259352,2015-05-12
IBP,21.64,20.18,21.26,20.78,51529,2015-05-13
IBP,20.95,20.2,20.94,20.64,88710,2015-05-14
IBP,21.04,20.58,20.66,20.64,85744,2015-05-15
IBP,20.96,20.34,20.69,20.72,112158,2015-05-18
IBP,21.09,20.8,20.82,20.98,187902,2015-05-19
IBP,21.11,20.7668,21.01,20.8,109607,2015-05-20
IBP,21.12,20.59,20.82,20.93,45044,2015-05-21
IBP,21.08,20.41,20.91,20.58,29404,2015-05-22
IBP,20.61,20.03,20.47,20.24,61163,2015-05-26
IBP,21.28,20.3,20.37,21,80989,2015-05-27
IBP,21.1399,20.62,20.91,21.01,53614,2015-05-28
IBP,21.59,20.76,20.98,21.44,54269,2015-05-29
IBP,21.59,20.68,21.44,21.41,58562,2015-06-01
IBP,22.638,21.26,21.26,22.57,90459,2015-06-02
IBP,22.9375,22.405,22.6,22.74,102676,2015-06-03
IBP,22.78,22.43,22.71,22.67,70832,2015-06-04
IBP,23.26,22.55,22.79,23.23,111184,2015-06-05
IBP,23.67,22.9,23.06,23.46,160651,2015-06-08
IBP,23.71,23.24,23.46,23.36,146538,2015-06-09
IBP,24.33,23.33,23.47,24.28,130304,2015-06-10
IBP,24.69,24.08,24.43,24.36,103726,2015-06-11
IBP,24.52,24.07,24.34,24.36,88537,2015-06-12
IBP,24.65,24.12,24.36,24.38,166165,2015-06-15
IBP,24.54,24.01,24.35,24.32,123414,2015-06-16
IBP,24.39,23.8,24.39,24.12,93211,2015-06-17
IBP,24.62,24.12,24.25,24.37,187033,2015-06-18
IBP,24.51,24.26,24.45,24.43,248770,2015-06-19
IBP,24.7,24.34,24.68,24.55,170123,2015-06-22
IBP,24.688,23.45,24.46,23.61,239626,2015-06-23
IBP,23.83,23.16,23.63,23.22,112073,2015-06-24
IBP,23.89,23.24,23.43,23.65,137199,2015-06-25
IBP,23.8,23.265,23.71,23.6,909746,2015-06-26
IBP,24.67,23.45,23.56,24.11,333597,2015-06-29
IBP,24.57,24.06,24.33,24.48,147949,2015-06-30
IBP,25.41,24.69,24.74,25.31,162933,2015-07-01
IBP,25.76,25.24,25.52,25.54,140195,2015-07-02
IBP,25.62,25.07,25.62,25.24,333321,2015-07-06
IBP,25.35,24.45,25.2,24.86,143492,2015-07-07
IBP,24.79,24.02,24.76,24.05,81363,2015-07-08
IBP,24.43,23.94,24.41,24.21,81473,2015-07-09
IBP,24.97,24.423,24.54,24.9,72175,2015-07-10
IBP,25.83,25.07,25.13,25.75,237994,2015-07-13
IBP,25.7,25.17,25.69,25.24,102885,2015-07-14
IBP,25.54,24.96,25.32,25.37,59874,2015-07-15
IBP,25.5709,25.16,25.4,25.52,145030,2015-07-16
IBP,25.89,25.21,25.62,25.45,82278,2015-07-17
IBP,27.98,25.38,26.2,27.83,381643,2015-07-20
IBP,28.01,27.21,27.74,27.46,315626,2015-07-21
IBP,28.18,27.63,27.69,28.02,346399,2015-07-22
IBP,28.29,27.04,28.15,27.27,193560,2015-07-23
IBP,27.49,26.25,27.08,26.53,238109,2015-07-24
IBP,26.41,25.77,26.4,26.02,177595,2015-07-27
IBP,26.158,24.96,26.11,25.13,312131,2015-07-28
IBP,27.26,25.08,25.2,27.22,406739,2015-07-29
IBP,27.48,26.43,27.19,26.67,238853,2015-07-30
IBP,28.12,26.72,26.72,27.17,618221,2015-07-31
IBP,27.27,26.45,27.16,26.96,249844,2015-08-03
IBP,27.23,26.56,27,27.01,179810,2015-08-04
IBP,27.4,26.79,27.34,27.01,102972,2015-08-05
IBP,26.98,26.17,26.98,26.38,217127,2015-08-06
IBP,27.51,26.18,26.18,27.51,262830,2015-08-07
IBP,29.1,27.95,28.1,28.56,237844,2015-08-10
IBP,29.6499,28.39,28.43,29.63,221040,2015-08-11
IBP,29.47,29,29.45,29.17,292774,2015-08-12
IBP,29.44,28.58,29.27,28.73,277721,2015-08-13
IBP,29.97,28.59,28.83,28.85,272834,2015-08-14
IBP,28.99,28.75,28.75,28.8,246470,2015-08-17
IBP,29.73,28.815,29.04,29,387365,2015-08-18
IBP,29.26,28.53,28.76,29.05,125622,2015-08-19
IBP,28.92,28.19,28.75,28.2,112253,2015-08-20
IBP,28.41,27.49,27.81,27.78,255650,2015-08-21
IBP,26.96,25.02,26.5,26.11,296275,2015-08-24
IBP,26.88,25.89,26.79,26.17,206035,2015-08-25
IBP,26.93,25.69,26.66,26.89,141179,2015-08-26
IBP,27.18,26.31,27.18,26.78,172248,2015-08-27
IBP,27,26.29,26.73,26.89,87139,2015-08-28
IBP,27.377,26.66,26.88,26.72,155662,2015-08-31
IBP,26.78,26.12,26.33,26.44,235082,2015-09-01
IBP,26.99,26.38,26.65,26.81,157387,2015-09-02
IBP,27.22,26.765,26.83,26.93,100857,2015-09-03
IBP,26.79,26.31,26.57,26.63,165633,2015-09-04
IBP,27.79,26.93,26.93,27.66,163446,2015-09-08
IBP,29.02,27.82,28.36,27.94,301682,2015-09-09
IBP,27.99,27.4,27.8,27.86,186518,2015-09-10
IBP,29.03,27.91,27.91,29,278671,2015-09-11
IBP,29.1,28.48,29.1,29.02,145045,2015-09-14
IBP,29.19,28.41,29.07,28.84,82597,2015-09-15
IBP,28.98,28.16,28.98,28.49,115124,2015-09-16
IBP,28.86,28.26,28.53,28.56,97228,2015-09-17
IBP,29.12,27.91,28.06,28.99,273884,2015-09-18
IBP,29.55,27.99,29.28,28.05,135997,2015-09-21
IBP,27.864,26.84,27.78,27.1,89404,2015-09-22
IBP,27.585,27,27.08,27.12,147072,2015-09-23
IBP,27.36,26.42,26.89,27.19,160046,2015-09-24
IBP,27.49,26.2,27.36,26.25,182042,2015-09-25
IBP,26.34,24.71,26.23,25.15,229083,2015-09-28
IBP,25.24,24.37,25.13,24.77,158508,2015-09-29
IBP,25.4,24.72,25.09,25.28,226909,2015-09-30
IBP,25.41,24.8,25.3,25.31,133989,2015-10-01
IBP,26.13,24.67,25.04,26.12,111288,2015-10-02
IBP,26.98,26.22,26.33,26.92,162742,2015-10-05
IBP,26.94,25.93,26.85,26.05,165615,2015-10-06
IBP,26.47,25.63,26.09,26.45,75686,2015-10-07
IBP,26.48,25.61,26.36,26.41,121322,2015-10-08
IBP,26.72,26.34,26.53,26.67,65512,2015-10-09
IBP,26.64,26.05,26.49,26.28,93212,2015-10-12
IBP,26.46,24.782,26.18,24.93,163821,2015-10-13
IBP,24.995,22.97,24.96,23.06,226341,2015-10-14
IBP,24.06,22.1705,23,23.71,324670,2015-10-15
IBP,24.59,23.68,23.71,24.57,149839,2015-10-16
IBP,25.57,24.42,24.42,25.55,151369,2015-10-19
IBP,25.8695,24.96,25.59,25.4,100112,2015-10-20
IBP,25.76,24.63,25.6,24.91,104345,2015-10-21
IBP,25.3,24.02,25.03,25.28,107817,2015-10-22
IBP,26.53,25.19,25.57,26.38,168799,2015-10-23
IBP,26.4206,25.23,26.35,25.27,122035,2015-10-26
IBP,25.36,24.79,25.25,25.09,132423,2015-10-27
IBP,24.23,20.8,24.23,21.57,900873,2015-10-28
IBP,21.82,19.92,21.36,20.73,508241,2015-10-29
IBP,22.41,20.65,20.65,22.15,349062,2015-10-30
IBP,22.395,21.38,22.1,22.05,149243,2015-11-02
IBP,23.11,21.84,21.93,22.99,335087,2015-11-03
IBP,23.02,22.62,23.01,22.86,142129,2015-11-04
IBP,22.95,22.28,22.88,22.64,137042,2015-11-05
IBP,23.02,22.27,22.51,23,161612,2015-11-06
IBP,23.1,21.86,22.85,22.88,261115,2015-11-09
IBP,23.6699,22.901,22.95,23.57,228005,2015-11-10
IBP,24.63,23.43,23.57,24.57,169133,2015-11-11
IBP,24.51,23.28,24.51,23.52,173991,2015-11-12
IBP,23.72,22.66,23.36,22.74,134972,2015-11-13
IBP,23.4,22.65,22.81,23.33,96746,2015-11-16
IBP,23.44,23.01,23.34,23.38,144188,2015-11-17
IBP,24.1,23.17,23.41,24.06,123549,2015-11-18
IBP,24.16,23.38,24.05,23.6,117413,2015-11-19
IBP,24.049,23.33,23.74,23.66,82731,2015-11-20
IBP,23.88,23.46,23.55,23.67,71454,2015-11-23
IBP,23.92,23.3101,23.49,23.91,37354,2015-11-24
IBP,24.99,23.93,24,24.57,71120,2015-11-25
IBP,25.31,24.44,24.52,25.24,52643,2015-11-27
IBP,25.53,24.36,25.5,25.06,208160,2015-11-30
IBP,25.501,24.57,25.23,25.42,476150,2015-12-01
IBP,25.41,24.78,25.32,25.27,122403,2015-12-02
IBP,25.49,24.13,25.41,24.18,116718,2015-12-03
IBP,24.51,23.66,24.11,24.46,132843,2015-12-04
IBP,24.41,23.69,24.31,24.17,166049,2015-12-07
IBP,23.96,23.15,23.87,23.31,140156,2015-12-08
IBP,23.45,22.03,23.36,22.1,228973,2015-12-09
IBP,24.16,23.39,23.64,24.05,847123,2015-12-10
IBP,24.04,22.95,23.75,23.12,2059662,2015-12-11
IBP,23.46,22.49,23.01,22.49,391358,2015-12-14
IBP,24.23,22.57,22.64,23.79,234733,2015-12-15
IBP,25.25,24.13,24.14,25.11,181285,2015-12-16
IBP,25.7,24.45,25.2,24.89,263412,2015-12-17
IBP,24.84,23.21,24.84,23.26,567267,2015-12-18
IBP,23.77,23,23.53,23.05,158414,2015-12-21
IBP,23.79,22.92,23.22,23.77,123841,2015-12-22
IBP,24.45,23.551,23.85,24.04,132816,2015-12-23
IBP,24.69,23.93,24.1,24.62,71295,2015-12-24
IBP,24.75,24.14,24.47,24.63,87248,2015-12-28
IBP,25.05,24.27,24.8,24.7,74223,2015-12-29
IBP,24.94,24.547,24.65,24.64,65562,2015-12-30
IBP,25.24,24.29,24.61,24.83,126484,2015-12-31
IBP,24.49,23.3203,24.21,23.63,207320,2016-01-04
IBP,23.84,23.28,23.7,23.39,92276,2016-01-05
IBP,23.35,22.84,22.91,23.09,204248,2016-01-06
IBP,22.76,21.69,22.67,21.89,275730,2016-01-07
IBP,22.28,20.94,22.28,21.02,316067,2016-01-08
IBP,21.45,20.9,21.17,21.06,183735,2016-01-11
IBP,21.28,20.37,21.26,20.92,418921,2016-01-12
IBP,21.38,19.9,21.05,19.99,336081,2016-01-13
IBP,20.14,19.07,20.03,19.6,180207,2016-01-14
IBP,19.335,18.51,19.07,19.11,218347,2016-01-15
IBP,19.566,18.41,19.35,18.59,145661,2016-01-19
IBP,18.93,17.6,18.2,18.63,298590,2016-01-20
IBP,19.31,18.44,18.64,19.03,145602,2016-01-21
IBP,20.25,19.3,19.3,20.22,300385,2016-01-22
IBP,20.21,19.78,20.13,20.09,136859,2016-01-25
IBP,20.84,19.76,20.25,20.77,108519,2016-01-26
IBP,20.71,19.2,20.1,19.37,339652,2016-01-27
IBP,19.79,19.32,19.55,19.45,125901,2016-01-28
IBP,20.94,19.63,19.64,20.83,205542,2016-01-29
IBP,21.02,20.475,20.63,20.61,142285,2016-02-01
IBP,20.46,19.99,20.36,20.18,97638,2016-02-02
IBP,20.32,19.66,20.29,20.13,117086,2016-02-03
IBP,21.23,20.025,20.06,21.22,230450,2016-02-04
IBP,21.14,19.66,21.08,19.74,157123,2016-02-05
IBP,19.481,18.41,19.44,19.14,221680,2016-02-08
IBP,19.54,18.71,18.78,19.25,118818,2016-02-09
IBP,20.1,19.26,19.53,19.82,114243,2016-02-10
IBP,19.85,19.19,19.33,19.48,128730,2016-02-11
IBP,20.48,19.69,19.69,20.47,226449,2016-02-12
IBP,20.97,20,20.83,20.92,165135,2016-02-16
IBP,21.41,20.46,21.14,21.3,183245,2016-02-17
IBP,21.44,20.82,21.44,20.89,86478,2016-02-18
IBP,21.645,20.83,20.83,21.07,135629,2016-02-19
IBP,21.4688,20.93,21.42,21.06,236915,2016-02-22
IBP,21.49,20.88,21.01,21.35,235023,2016-02-23
IBP,22.13,20.93,21.1,21.91,98089,2016-02-24
IBP,22.44,21.85,21.85,22.14,157043,2016-02-25
IBP,22.39,21.88,22.29,21.99,104832,2016-02-26
IBP,22.48,21.91,22,22.34,245207,2016-02-29
IBP,23.23,22.23,22.37,23.16,288764,2016-03-01
IBP,23.34,21.62,23.07,22.85,240043,2016-03-02
IBP,24.31,22.83,23.14,24.31,247364,2016-03-03
IBP,24.73,23.96,24.4,24.11,203823,2016-03-04
IBP,24.31,23.58,24.09,23.77,156567,2016-03-07
IBP,23.72,22.5,23.67,22.54,168891,2016-03-08
IBP,23.2,22.57,22.66,23.08,265230,2016-03-09
IBP,23.3899,22.5,23.23,22.67,192307,2016-03-10
IBP,23.43,22.75,22.98,23.39,123348,2016-03-11
IBP,23.46,23.1,23.35,23.35,82080,2016-03-14
IBP,23.64,23.15,23.25,23.58,148115,2016-03-15
IBP,24.48,23.41,23.5,24.4,376781,2016-03-16
IBP,25.95,24.69,25.13,25.83,626367,2016-03-17
IBP,26.07,25.3,25.95,25.87,271998,2016-03-18
IBP,26.109,25.17,25.84,25.3,161473,2016-03-21
IBP,25.73,25.1,25.1,25.37,79501,2016-03-22
IBP,25.39,25.03,25.28,25.04,72441,2016-03-23
IBP,25.02,24.435,24.96,24.75,190201,2016-03-24
IBP,25.74,24.52,24.98,25.48,117489,2016-03-28
IBP,26.73,25.19,25.57,26.53,203698,2016-03-29
IBP,27.09,26.37,26.66,26.56,155006,2016-03-30
IBP,26.83,26.23,26.56,26.61,101700,2016-03-31
IBP,27.07,26.29,26.34,26.83,159792,2016-04-01
IBP,27.39,26.66,26.8,27.33,199276,2016-04-04
IBP,27.77,25.78,26.89,27.65,271886,2016-04-05
IBP,27.85,27.34,27.76,27.64,200530,2016-04-06
IBP,27.8,26.72,27.42,26.98,266229,2016-04-07
IBP,27.57,26.92,27.42,27.46,97402,2016-04-08
IBP,28.18,27.36,27.81,27.41,110644,2016-04-11
IBP,27.82,27.09,27.38,27.4,148055,2016-04-12
IBP,27.84,27.4,27.7,27.7,350730,2016-04-13
IBP,27.795,27.37,27.71,27.43,80959,2016-04-14
IBP,27.61,27.04,27.35,27.59,175192,2016-04-15
IBP,27.84,27.35,27.35,27.76,90628,2016-04-18
IBP,28,27.1715,28,27.32,129680,2016-04-19
IBP,27.545,26.97,27.3,27.5,146575,2016-04-20
IBP,27.99,27.225,27.55,27.4,83260,2016-04-21
IBP,27.65,27.18,27.39,27.52,92474,2016-04-22
IBP,27.574,27.19,27.51,27.43,92373,2016-04-25
IBP,27.88,27.21,27.6,27.66,75136,2016-04-26
IBP,27.91,27.41,27.72,27.63,77622,2016-04-27
IBP,27.52,26.82,27.52,26.91,132888,2016-04-28
IBP,27.029,26.23,26.8,26.58,154263,2016-04-29
IBP,27.35,26.6124,26.69,27.34,229707,2016-05-02
IBP,27.35,26.211,27.01,26.39,130133,2016-05-03
IBP,26.82,26,26.07,26.58,116176,2016-05-04
IBP,31.06,28.5,28.5,29.67,522424,2016-05-05
IBP,31.7,29.63,29.9,31.49,520230,2016-05-06
IBP,31.95,30.591,31.46,30.76,297579,2016-05-09
IBP,31.32,30.74,31.09,31.05,196430,2016-05-10
IBP,31.38,30.3201,30.99,30.55,160195,2016-05-11
IBP,31.3,30.59,30.9,31.25,176814,2016-05-12
IBP,32.05,31.12,31.21,31.7,299125,2016-05-13
IBP,32.65,31.84,32.03,32.3,246771,2016-05-16
IBP,32.58,31.04,32.3,31.47,240487,2016-05-17
IBP,32.11,30.85,31.28,31.39,162705,2016-05-18
IBP,31.86,30.93,31.04,31.47,207634,2016-05-19
IBP,32.069,31.37,31.52,31.99,138050,2016-05-20
IBP,32.64,31.88,32.17,31.91,120102,2016-05-23
IBP,32.959,32.19,32.27,32.68,244345,2016-05-24
IBP,32.885,32.37,32.77,32.54,110390,2016-05-25
IBP,33.27,32.58,32.93,32.91,153146,2016-05-26
IBP,33.26,32.62,32.91,33,200552,2016-05-27
IBP,33.67,33.0101,33.31,33.43,324913,2016-05-31
IBP,34.43,33.17,33.32,34.23,687347,2016-06-01
IBP,34.73,33.84,34.73,34.27,310813,2016-06-02
IBP,34.51,33.89,34.26,34.47,248790,2016-06-03
IBP,35.33,34.3753,34.69,34.81,222455,2016-06-06
IBP,35.05,34.56,35.02,34.79,122909,2016-06-07
IBP,35.46,34.61,34.95,35.33,199320,2016-06-08
IBP,35.59,35.1,35.22,35.53,118832,2016-06-09
IBP,35.425,34.93,35.3,35.01,122516,2016-06-10
IBP,35.58,34.47,35.36,34.51,385410,2016-06-13
IBP,34.83,33.96,34.27,34.2,258119,2016-06-14
IBP,34.92,34.31,34.31,34.74,183314,2016-06-15
IBP,34.78,33.95,34.36,34.65,228785,2016-06-16
IBP,34.52,33.6,34.51,33.81,808515,2016-06-17
IBP,34.78,34.02,34.13,34.47,263805,2016-06-20
IBP,34.59,33.6,34.5,34.07,171985,2016-06-21
IBP,34.85,33.79,34.06,34.53,181145,2016-06-22
IBP,34.99,34.24,34.99,34.75,251393,2016-06-23
IBP,34.92,32.91,32.98,34.19,446120,2016-06-24
IBP,34.09,33.16,33.8,33.3,268856,2016-06-27
IBP,34.5,33.49,33.62,34.31,185135,2016-06-28
IBP,35.43,34.43,34.66,35.05,234184,2016-06-29
IBP,36.3,34.94,35.34,36.29,225481,2016-06-30
IBP,36.9,35.99,36.33,36.43,161018,2016-07-01
IBP,36.61,35.17,36.49,35.72,231654,2016-07-05
IBP,36.4,35.3708,35.57,36.27,269557,2016-07-06
IBP,36.59,35.95,36.26,36.52,204657,2016-07-07
IBP,37.72,36.84,36.84,37.49,286859,2016-07-08
IBP,37.89,37.39,37.73,37.47,210947,2016-07-11
IBP,37.66,37.22,37.55,37.32,211042,2016-07-12
IBP,37.755,37.14,37.35,37.39,143380,2016-07-13
IBP,37.778,36.76,37.61,36.8,132153,2016-07-14
IBP,36.99,36.64,36.86,36.86,189965,2016-07-15
IBP,38.97,37.51,37.55,37.89,272407,2016-07-18
IBP,38.205,37.7,37.85,37.81,164283,2016-07-19
IBP,38.51,37.12,37.93,38.04,672467,2016-07-20
IBP,38.145,37.13,38.04,37.43,147069,2016-07-21
IBP,37.8261,37.27,37.46,37.67,84600,2016-07-22
IBP,37.65,36.9,37.51,37.2,202823,2016-07-25
IBP,37.69,36.85,37.24,37.01,216396,2016-07-26
IBP,37.255,36.52,37.12,36.65,183557,2016-07-27
IBP,36.82,36.52,36.65,36.72,109220,2016-07-28
IBP,36.69,35.44,36.69,35.83,394506,2016-07-29
IBP,35.78,34.02,35.78,35.5,338608,2016-08-01
IBP,35.57,35.21,35.3,35.41,275770,2016-08-02
IBP,36,35.19,35.36,35.85,219844,2016-08-03
IBP,35.83,34.35,35.82,34.47,460716,2016-08-04
IBP,32.81,30.16,31.5,32.31,738035,2016-08-05
IBP,32.29,30.69,32.12,30.87,410345,2016-08-08
IBP,31.01,30.56,30.58,30.86,256770,2016-08-09
IBP,31.1,30.6,30.83,31.01,226663,2016-08-10
IBP,31.39,30.86,31.02,31.08,233266,2016-08-11
IBP,31.37,30.55,31.01,30.69,236186,2016-08-12
IBP,31.18,30.6,30.77,30.84,252607,2016-08-15
IBP,31.05,30.695,30.84,31.01,178893,2016-08-16
IBP,30.99,30.65,30.95,30.85,185846,2016-08-17
IBP,31,30.69,30.92,30.96,96937,2016-08-18
IBP,30.94,30.26,30.94,30.46,147890,2016-08-19
IBP,30.81,30.17,30.45,30.72,139521,2016-08-22
IBP,32.15,30.72,30.86,32.04,282905,2016-08-23
IBP,32.19,31.65,31.65,32.1,302740,2016-08-24
IBP,32.67,32.15,32.17,32.66,249636,2016-08-25
IBP,32.78,32.35,32.44,32.56,319919,2016-08-26
IBP,33.1099,32.51,32.59,32.9,259920,2016-08-29
IBP,33.29,32.79,32.92,33.11,271553,2016-08-30
IBP,33.48,32.75,33.11,33.38,358986,2016-08-31
IBP,33.99,33,33.27,33.92,339321,2016-09-01
IBP,34.64,33.79,34.01,34.57,344217,2016-09-02
IBP,35.43,34.46,34.5,35.4,450943,2016-09-06
IBP,36.59,35.16,35.26,36.55,464709,2016-09-07
IBP,37.44,36.4,36.55,37.39,540485,2016-09-08
IBP,37.03,34.5,37.03,34.5,481781,2016-09-09
IBP,35.53,34.47,34.5,35.45,271923,2016-09-12
IBP,35.47,34.28,35.4,34.56,241118,2016-09-13
IBP,34.91,34.21,34.5,34.7,148353,2016-09-14
IBP,35.04,34.39,34.89,35.01,195531,2016-09-15
IBP,35.1499,34.22,35,34.56,723456,2016-09-16
IBP,35.17,34.47,34.56,34.95,137821,2016-09-19
IBP,35.14,34.31,35.14,34.94,184720,2016-09-20
IBP,35.71,34.47,35.29,35.48,185513,2016-09-21
IBP,36.36,35.8,35.8,36.34,148375,2016-09-22
IBP,36.34,35.73,36.12,36,186439,2016-09-23
IBP,36.03,35.69,35.96,35.8,136730,2016-09-26
IBP,36.08,35.71,35.91,35.9,84666,2016-09-27
IBP,36.6,35.91,36.07,36.56,100946,2016-09-28
IBP,36.52,35.4,36.5,35.69,99934,2016-09-29
IBP,36.12,35.45,35.82,35.87,112867,2016-09-30
IBP,35.85,35.23,35.62,35.4,121822,2016-10-03
IBP,35.77,35.25,35.42,35.49,90766,2016-10-04
IBP,36.225,35.59,35.69,35.74,100161,2016-10-05
IBP,36.52,35.46,35.48,36.48,105908,2016-10-06
IBP,36.64,35.79,36.53,35.88,195669,2016-10-07
IBP,36.65,36.2,36.2,36.45,112632,2016-10-10
IBP,36.45,34.9,36.45,35.2,149037,2016-10-11
IBP,35.95,35.126,35.4,35.9,138940,2016-10-12
IBP,35.55,34.55,35.45,34.7,132904,2016-10-13
IBP,35.15,33.9,34.75,34.1,168485,2016-10-14
IBP,34.5,34.1,34.1,34.25,132743,2016-10-17
IBP,34.9,34.35,34.9,34.4,80968,2016-10-18
IBP,34.6,33.8,34.45,34.6,160730,2016-10-19
IBP,34.6,33.2,34.6,33.35,231667,2016-10-20
IBP,33.4,32.9,33.15,33.35,111914,2016-10-21
IBP,34.05,33.35,33.4,33.45,105027,2016-10-24
IBP,33.1,31.45,31.75,32.15,435084,2016-10-25
IBP,32.95,31.95,32.1,32.2,132837,2016-10-26
IBP,32.175,31.55,32.1,31.85,133652,2016-10-27
IBP,32.6,31.75,31.75,32.05,93979,2016-10-28
IBP,33.3,32.15,32.2,33.05,115504,2016-10-31
IBP,33.15,32.25,33,33,151521,2016-11-01
IBP,33.5,32.8,32.8,33.1,205512,2016-11-02
IBP,33.15,30.75,32.3,33.1,460759,2016-11-03
IBP,34.2,33.2,33.2,33.75,249323,2016-11-04
IBP,35.35,34.05,34.1,35.25,220211,2016-11-07
IBP,35.7,34.75,35.15,35.65,83373,2016-11-08
IBP,37,35.05,35.05,36.9,181165,2016-11-09
IBP,37.35,36.25,37,37.2,172624,2016-11-10
IBP,38.5,37.05,37.25,38.05,374691,2016-11-11
IBP,38.5,37.9,38.3,38.4,181812,2016-11-14
IBP,39.7,38.15,38.15,39.55,171084,2016-11-15
IBP,40.2,39.05,39.8,39.5,176728,2016-11-16
IBP,41.2,39.8,39.8,40.85,255078,2016-11-17
IBP,41.2,40.3,41.2,40.6,271009,2016-11-18
IBP,41.05,40.25,40.95,40.6,168290,2016-11-21
IBP,41.45,40.45,41.25,41.25,283173,2016-11-22
IBP,42,40.9071,41.1,41.9,171138,2016-11-23
IBP,42.25,41.8,42,42.25,108063,2016-11-25
IBP,42.1,41.5,42.1,41.5,199390,2016-11-28
IBP,42.35,41.5,41.5,42.15,180906,2016-11-29
IBP,42.75,41.3,42.55,41.5,232706,2016-11-30
IBP,42.149,41.25,41.55,41.95,153994,2016-12-01
IBP,42.5,41.65,41.9,42.4,145883,2016-12-02
IBP,42.85,40.7,42.8,41.1,250339,2016-12-05
IBP,41.6,40.75,41.25,40.95,227285,2016-12-06
IBP,41.8,40.75,40.95,41.8,185213,2016-12-07
IBP,44.3,41.575,41.9,43.7,233576,2016-12-08
IBP,43.95,43.15,43.9,43.3,141036,2016-12-09
IBP,43.1,41.95,43.05,42.4,86830,2016-12-12
IBP,43,42.05,42.75,42.1,120098,2016-12-13
IBP,42.4,41.1511,42.05,41.35,155374,2016-12-14
IBP,42,40.45,41.35,40.8,336588,2016-12-15
IBP,41.3,39.95,40.9,40.6,580308,2016-12-16
IBP,41.9,40.75,40.75,41.1,210220,2016-12-19
IBP,41.55,40.501,41.1,41.3,183166,2016-12-20
IBP,41.9,40.85,41.25,41.8,116785,2016-12-21
IBP,42,41.2,41.7,41.55,113988,2016-12-22
IBP,41.5,40.7,41.5,41.25,68921,2016-12-23
IBP,41.5,41.05,41.3,41.05,67111,2016-12-27
IBP,41.5,40.65,41.25,40.85,68675,2016-12-28
IBP,41.6,40.8,40.85,41.45,158858,2016-12-29
IBP,41.5,40.65,41.5,41.3,294424,2016-12-30
IBP,41.8,41,41.8,41.65,135225,2017-01-03
IBP,43.25,41.85,41.9,43.2,158299,2017-01-04
IBP,43.3,42.45,43.15,42.7,90497,2017-01-05
IBP,42.75,41.95,42.75,42,112223,2017-01-06
IBP,42,41.4,42,41.6,231418,2017-01-09
IBP,42.05,41.3,41.55,41.6,210294,2017-01-10
IBP,42.145,41.35,41.6,41.6,126561,2017-01-11
IBP,41.55,40.3,41.55,41.05,129089,2017-01-12
IBP,41.8,41.1,41.1,41.35,61063,2017-01-13
IBP,41.55,40.65,41.4,40.75,95633,2017-01-17
IBP,41.1,40.45,40.95,40.65,94751,2017-01-18
IBP,41.1,40.5,40.65,40.7,78450,2017-01-19
IBP,41.15,40.5,40.8,40.75,180958,2017-01-20
IBP,41.1,40.3,40.55,40.4,129319,2017-01-23
IBP,41.4,40.7,40.75,41.35,183670,2017-01-24
IBP,42.75,41.5,41.5,42.3,204676,2017-01-25
IBP,42.75,41.8,42.4,41.9,103268,2017-01-26
IBP,42,41.2,42,41.8,83366,2017-01-27
IBP,41.65,40.6,41.35,41.6,104705,2017-01-30
IBP,41.55,40.4001,41.55,40.9,143215,2017-01-31
IBP,41.4,40.2,41,40.25,140776,2017-02-01
IBP,41.15,40,40.25,40.85,103031,2017-02-02
IBP,41.45,40.925,41.15,41.3,108554,2017-02-03
IBP,41.2,40.6,41.1,40.85,109025,2017-02-06
IBP,41.3,40.6,40.9,40.8,53538,2017-02-07
IBP,40.9,40.1,40.6,40.45,81257,2017-02-08
IBP,41.1,40.1,40.4,41.05,125909,2017-02-09
IBP,41.8,40.9,41.2,41.5,100391,2017-02-10
IBP,41.9,41.2,41.65,41.3,70843,2017-02-13
IBP,41.3,40.6,41.1,41.1,53435,2017-02-14
IBP,41.6,40.7,40.85,41.25,51926,2017-02-15
IBP,41.55,40.85,41.3,41.3,53796,2017-02-16
IBP,41.45,40.8934,41.3,41.4,69188,2017-02-17
IBP,41.649,40.85,41.35,40.95,143977,2017-02-21
IBP,41.775,40.85,41,41.15,285630,2017-02-22
IBP,41.5,40.25,41.25,40.75,194004,2017-02-23
IBP,41.25,40.1001,40.35,41,250907,2017-02-24
IBP,46.8,41.8,42.3,45.9,823254,2017-02-27
IBP,47.95,46,46,47.05,326509,2017-02-28
IBP,50,47.6,47.6,49.45,296034,2017-03-01
IBP,50.05,49.25,49.35,49.55,169208,2017-03-02
IBP,50,49.2,49.35,49.65,163630,2017-03-03
IBP,49.8,49.05,49.45,49.25,136300,2017-03-06
IBP,49.6981,48.75,49.2,48.9,140412,2017-03-07
IBP,49.5,48.9801,49.05,49.25,135551,2017-03-08
IBP,49.6,48.65,49.2,49.1,138925,2017-03-09
IBP,50,49.35,49.6,49.65,146675,2017-03-10
IBP,50.25,49.2,49.8,49.95,185659,2017-03-13
IBP,50.1,49.1,49.45,49.55,90367,2017-03-14
IBP,51.2,49.85,49.85,50.95,204335,2017-03-15
IBP,52.4,51,51.25,52.15,203509,2017-03-16
IBP,52.6,51.3,52.6,52.45,436029,2017-03-17
IBP,52.7,51.2,52.3,51.85,117395,2017-03-20
IBP,52.5,50.35,52,50.4,133174,2017-03-21
IBP,50.45,49.2,50.3,50.4,134823,2017-03-22
IBP,51.906,50.35,50.45,51.75,146411,2017-03-23
IBP,52.585,50.85,51.8,52.5,169502,2017-03-24
IBP,51.85,50.55,51.85,51.7,175157,2017-03-27
IBP,52.2,51.1,51.55,51.85,143474,2017-03-28
IBP,52.2,51.35,51.75,52.05,64537,2017-03-29
IBP,52.7,51.6,52,52.25,147559,2017-03-30
IBP,53,52.1,52.1,52.75,132063,2017-03-31
IBP,52.9,51.9,52.45,51.9,146659,2017-04-03
IBP,52.75,51.6,51.8,51.85,91236,2017-04-04
IBP,52.45,51.45,52.2,51.5,107663,2017-04-05
IBP,52.15,51.45,51.7,51.65,78654,2017-04-06
IBP,52.15,51.4,51.45,51.45,107283,2017-04-07
IBP,51.825,50.9,51.4,51.25,84668,2017-04-10
IBP,51.8,51.1,51.2,51.8,106720,2017-04-11
IBP,51.85,51.25,51.45,51.45,74602,2017-04-12
IBP,51.7,50.55,51.4,50.6,76967,2017-04-13
IBP,51.8,50.6,51,51.75,103882,2017-04-17
IBP,52.05,51.05,51.4,51.95,60635,2017-04-18
IBP,52.5,51.8,52.25,52,104401,2017-04-19
IBP,53.1,52.1,52.55,52.8,128714,2017-04-20
IBP,53.6,52.4,52.65,53.45,105896,2017-04-21
IBP,54.6,53.25,54.2,53.55,95142,2017-04-24
IBP,54.2,53.2,54,53.45,99331,2017-04-25
IBP,54.9,53.25,53.35,54.8,117529,2017-04-26
IBP,55.45,54.35,55.05,54.4,161057,2017-04-27
IBP,54.5,53.3,54.5,53.35,184838,2017-04-28
IBP,54.25,53.55,53.65,53.9,78829,2017-05-01
IBP,53.9,52.45,53.75,52.6,162570,2017-05-02
IBP,53,51.5,52,51.85,177490,2017-05-03
IBP,53.25,51.9,52,53,181160,2017-05-04
IBP,54.65,50.95,52.3,52.2,209939,2017-05-05
IBP,52.6,47.35,52.55,48.05,476681,2017-05-08
IBP,48.1,46.65,48.1,48,247948,2017-05-09
IBP,48.2,47.15,47.95,47.8,148256,2017-05-10
IBP,47.8,46.95,47.55,47.75,85660,2017-05-11
IBP,47.55,46.9,47.55,47.25,68689,2017-05-12
IBP,48.45,47.296,47.5,48.35,149706,2017-05-15
IBP,49.0034,48.2,48.45,48.45,230386,2017-05-16
IBP,48.35,47.25,48.25,47.25,191638,2017-05-17
IBP,47.4,46.7,47.2,47.1,199282,2017-05-18
IBP,48.6,47,47.15,48.5,225640,2017-05-19
IBP,49.15,48.4,48.55,48.75,108376,2017-05-22
IBP,49.15,48.45,48.8,48.5,96919,2017-05-23
IBP,48.9,48.25,48.4,48.75,79614,2017-05-24
IBP,49.15,48.7,49.05,48.95,92521,2017-05-25
IBP,49.1,48.7,48.7,48.8,63077,2017-05-26
IBP,49.2,48.25,48.75,49.15,105249,2017-05-30
IBP,49.6,48.7,49.25,49.6,127657,2017-05-31
IBP,50.5,49.55,49.75,50.5,131516,2017-06-01
IBP,52.15,50.55,50.55,52,148341,2017-06-02
IBP,52,50.4,52,51,198169,2017-06-05
IBP,51.3,50.5,50.75,51.2,137501,2017-06-06
IBP,52.15,51.2,51.2,51.95,125593,2017-06-07
IBP,52.75,51.675,51.9,52.4,138853,2017-06-08
IBP,52.95,51.9,52.45,52.5,187651,2017-06-09
IBP,53.75,51.75,51.75,53.2,147925,2017-06-12
IBP,54.75,52.75,53.4,53.9,268273,2017-06-13
IBP,54.581,53.35,54.1,53.85,710496,2017-06-14
IBP,54.1,52.95,53.55,53.3,93549,2017-06-15
IBP,53.55,52.8,52.8,53.5,283483,2017-06-16
IBP,54.8,53.464,53.75,53.65,134307,2017-06-19
IBP,54.3,53.4,53.65,53.8,100679,2017-06-20
IBP,54.15,53.65,54.05,53.75,100028,2017-06-21
IBP,53.9,52.575,53.65,52.75,74841,2017-06-22
IBP,55.1,52.8,53,54,482755,2017-06-23
IBP,54.645,53.35,54.2,53.45,123518,2017-06-26
IBP,53.6,52,53.6,52.35,119366,2017-06-27
IBP,53.9,52.35,52.65,53.85,83525,2017-06-28
IBP,53.85,52.15,53.85,52.4,74056,2017-06-29
IBP,53.45,52.1,52.35,52.95,89291,2017-06-30
IBP,52.9,51.9,52.9,52.15,53313,2017-07-03
IBP,52.525,51.2,52.05,52.35,77322,2017-07-05
IBP,51.95,51.2,51.95,51.7,73333,2017-07-06
IBP,53.075,51.6,51.75,53.05,68455,2017-07-07
IBP,53.05,52.4,52.95,52.4,65745,2017-07-10
IBP,52.95,51.9,52.3,52.25,62037,2017-07-11
IBP,53.3,51.9,52.75,52.5,67772,2017-07-12
IBP,52.75,51.35,52.5,52,54737,2017-07-13
IBP,52.55,51.85,51.95,52.3,52594,2017-07-14
IBP,52.5,52,52.15,52.2,56917,2017-07-17
IBP,52.1,50.95,52.1,51.15,122066,2017-07-18
IBP,52.45,51.15,51.4,52.15,102266,2017-07-19
IBP,52.1,51.15,52.1,51.95,56500,2017-07-20
IBP,52.45,51.1,52.45,51.15,90895,2017-07-21
IBP,51.45,50.95,51.2,51.05,62368,2017-07-24
IBP,51.9,51.2,51.4,51.9,73100,2017-07-25
IBP,52.85,51.55,51.9,52.8,102814,2017-07-26
IBP,53.75,52.2,53.1,52.3,100581,2017-07-27
IBP,52.9,51.65,52.25,52.9,64909,2017-07-28
IBP,54.2,52.35,53.1,53.8,108573,2017-07-31
IBP,55.1,53.55,54.2,54.9,150043,2017-08-01
IBP,54.95,53,54.95,53.45,76451,2017-08-02
IBP,53.85,53.1,53.65,53.6,89026,2017-08-03
IBP,60,53.8,54.8,58.7,336108,2017-08-04
IBP,59.525,56.55,59.4,57.45,142966,2017-08-07
IBP,59.6,57.6,57.9,58.55,121339,2017-08-08
IBP,58.75,57.85,58.2,58.6,93934,2017-08-09
IBP,58.5,57.9,58.35,57.95,101043,2017-08-10
IBP,58.3,56.6,57.55,57.8,131728,2017-08-11
IBP,59.5,57.7,58,59.5,96973,2017-08-14
IBP,60,58.95,59.4,59.3,109003,2017-08-15
IBP,59.5,58.15,59.5,58.45,81282,2017-08-16
IBP,58.214,57.15,58.1,57.35,124832,2017-08-17
IBP,57.3,55.908,56.85,56.45,169179,2017-08-18
IBP,57.6,56.05,56.35,56.8,170935,2017-08-21
IBP,56.9,55.8,56.9,56.65,127925,2017-08-22
IBP,57,55.3,56.4,55.35,90900,2017-08-23
IBP,55.6669,54.75,55.65,54.85,77007,2017-08-24
IBP,55.05,54.0187,55.05,54.55,102429,2017-08-25
IBP,54.45,53.55,54.25,54.3,167488,2017-08-28
IBP,54.35,53.6,54.05,54.15,122718,2017-08-29
IBP,55.5,54.1,54.1,54.95,126472,2017-08-30
IBP,57.8,55.3,55.3,57.7,199524,2017-08-31
IBP,57.9626,56.35,57.8,56.85,100831,2017-09-01
IBP,57.4,54.9,57.05,55.25,197549,2017-09-05
IBP,57.1,55.5,55.55,56.7,98985,2017-09-06
IBP,57.3,56.6,56.75,56.75,71614,2017-09-07
IBP,58.125,56.5,56.75,57.5,88282,2017-09-08
IBP,58.14,57.11,57.65,57.45,64793,2017-09-11
IBP,58.3,57.2,57.7,58.2,72469,2017-09-12
IBP,58.3,57.55,58.3,58.2,128155,2017-09-13
IBP,59.1,57.725,58.25,58.3,139629,2017-09-14
IBP,59.3,57.75,58.6,58.15,412726,2017-09-15
IBP,59.15,58.3,58.45,58.6,232939,2017-09-18
IBP,60.075,58.55,58.55,59.85,327717,2017-09-19
IBP,60,59.25,60,59.75,124056,2017-09-20
IBP,60,59.7,59.7,59.9,88835,2017-09-21
IBP,60,59.6,59.8,59.95,122722,2017-09-22
IBP,60,59.65,59.99,59.8,218796,2017-09-25
IBP,62.5,59.875,59.95,61.5,225407,2017-09-26
IBP,64.95,62.25,62.25,64,438150,2017-09-27
IBP,65.6,60.75,64.85,63.9,765623,2017-09-28
IBP,64.9,63.65,64,64.8,155533,2017-09-29
IBP,66.45,64.4,64.7,66.35,181250,2017-10-02
IBP,67,65.45,66.75,66.95,185182,2017-10-03
IBP,67.15,64.7,67.15,65,160658,2017-10-04
IBP,65.55,64.65,65,65.2,119887,2017-10-05
IBP,67,65,65.1,65.9,155049,2017-10-06
IBP,66.05,64.95,65.9,65.3,69937,2017-10-09
IBP,65.8,64.7,65.8,65,71840,2017-10-10
IBP,65.95,64.85,65,65.2,126993,2017-10-11
IBP,65.75,64.95,65.15,64.95,85311,2017-10-12
IBP,65.2,64.55,65.2,64.75,95689,2017-10-13
IBP,65.65,64.9,65.05,65.2,78334,2017-10-16
IBP,66.9,65.45,65.85,65.5,149917,2017-10-17
IBP,66.25,65.4,65.9,65.45,70121,2017-10-18
IBP,66,64.55,65.25,65.5,105066,2017-10-19
IBP,66.3,65.7,66.3,65.8,85228,2017-10-20
IBP,66.25,65.2,66.25,65.2,156165,2017-10-23
IBP,66.2,65,65.25,65.05,114300,2017-10-24
IBP,65.3,63.8,65.2,64.6,176476,2017-10-25
IBP,66.35,64.9,65,66.1,90283,2017-10-26
IBP,66.9,65.5,66.7,66.65,102937,2017-10-27
IBP,67.5,66.35,67.05,67.2,116824,2017-10-30
IBP,69.85,67.8,67.85,69.7,148975,2017-10-31
IBP,70.25,69.05,69.9,69.35,164535,2017-11-01
IBP,69.35,67,69.3,67.15,214029,2017-11-02
IBP,68.65,63.55,66.1,64.85,320721,2017-11-03
IBP,65.7,63.7,64.85,64.8,223686,2017-11-06
IBP,64.8,61.1,64.8,61.65,219364,2017-11-07
IBP,61.25,59.8387,61.25,60.45,274340,2017-11-08
IBP,61.2,59.975,60.15,60.75,320174,2017-11-09
IBP,64.2,60.4,60.45,62.85,227530,2017-11-10
IBP,63.5,61.85,62.5,62.5,258300,2017-11-13
IBP,67.35,62.665,62.95,67.3,404040,2017-11-14
IBP,68.25,66.35,67.25,67.65,340153,2017-11-15
IBP,69.8,67.7,67.7,68.8,187917,2017-11-16
IBP,70.2,68.5,68.5,69,124600,2017-11-17
IBP,70.475,68.8,69.05,70.4,131295,2017-11-20
IBP,72.6,70.45,70.5,72.55,178524,2017-11-21
IBP,75.05,72.55,72.95,73.65,200067,2017-11-22
IBP,74.4,72.95,74.05,73.4,75091,2017-11-24
IBP,73.95,72.95,73.3,73.9,198702,2017-11-27
IBP,77.4,73.823,74.25,76.85,226473,2017-11-28
IBP,78.0385,76.8,76.9,77.4,193362,2017-11-29
IBP,78.2,76.25,78.05,77.05,204734,2017-11-30
IBP,77.95,74.25,76.8,76.55,232482,2017-12-01
IBP,79.4,76.1,77.75,76.55,237486,2017-12-04
IBP,77.05,74.1,75.2,74.35,230418,2017-12-05
IBP,75.75,73.648,73.95,74.25,136481,2017-12-06
IBP,74.5,72.35,74.15,72.65,323731,2017-12-07
IBP,73.75,71.7,73.3,72,204617,2017-12-08
IBP,72.35,70.8,72.35,71.1,292084,2017-12-11
IBP,71.638,69.7,71.05,69.8,160603,2017-12-12
IBP,69.9,68.3,69.65,68.9,226052,2017-12-13
IBP,72.525,69,69.15,71.1,254450,2017-12-14
IBP,73.7,71.3,71.3,72.85,378170,2017-12-15
IBP,75.3,73.35,73.35,75.1,174395,2017-12-18
IBP,75.1,71.85,75.05,73.05,200665,2017-12-19
IBP,75.3,73.325,73.65,74.35,120929,2017-12-20
IBP,75.2,74.25,74.8,74.95,97576,2017-12-21
IBP,75.5,74.15,74.95,74.5,66923,2017-12-22
IBP,75.1,73.35,74.4,75,81939,2017-12-26
IBP,76.35,75.05,75.25,76.25,111005,2017-12-27
IBP,76.5,75.45,76.35,76.2,114180,2017-12-28
IBP,76.5,75.25,76.45,75.95,96566,2017-12-29
IBP,77.35,74.7,77,75.75,151565,2018-01-02
IBP,78.15,75.65,75.7,77.6,117227,2018-01-03
IBP,78.05,75.25,78.05,75.3,98165,2018-01-04
IBP,76.1,73.95,75.6,75.25,276706,2018-01-05
IBP,75.9,73.55,75.7,74.4,167104,2018-01-08
IBP,76.65,73.85,74.3,76.15,133831,2018-01-09
IBP,75.7,72.9,75.5,72.95,208525,2018-01-10
IBP,74.6,73.2,73.2,73.25,150213,2018-01-11
IBP,73.95,72.5,73.95,73,177558,2018-01-12
IBP,74.5499,72.3,73.95,72.4,304008,2018-01-16
IBP,75.05,72.5458,73.15,74.3,334940,2018-01-17
IBP,75,73.85,74.45,74,219654,2018-01-18
IBP,75.6,74.1,74.2,74.4,216023,2018-01-19
IBP,75.05,73.75,75,74.4,93554,2018-01-22
IBP,74.15,73,74.15,73.7,60425,2018-01-23
IBP,74.6125,72.95,73.9,73.35,108275,2018-01-24
IBP,73.6,72.05,73.5,73.4,127851,2018-01-25
IBP,74.2,73.25,73.8,73.95,138695,2018-01-26
IBP,74.6,72.9,74.2,73.5,210273,2018-01-29
IBP,74.3,71.2,72.7,73.9,195363,2018-01-30
IBP,75.75,71.6,74.4,71.95,222557,2018-01-31
IBP,72.85,71.05,71.8,71.25,148986,2018-02-01
IBP,71,66.2,70.9,66.8,273466,2018-02-02
IBP,66.5,62.4,65.8,63,270819,2018-02-05
IBP,66.15,60.9,61.5,66,228057,2018-02-06
IBP,66.65,64.5,65.65,64.55,214218,2018-02-07
IBP,64.4223,61.5,64.4,61.6,354562,2018-02-08
IBP,64.05,62,62.85,63.35,368090,2018-02-09
IBP,63.7,61.2,63.7,62.65,165314,2018-02-12
IBP,62.6,60.95,62.3,61.5,137376,2018-02-13
IBP,62.25,60.5822,60.7,62.15,194856,2018-02-14
IBP,64.2,61.35,62.9,64,303344,2018-02-15
IBP,70.2,64.35,64.45,69.85,365952,2018-02-16
IBP,69.3,64.65,69.1,64.7,252595,2018-02-20
IBP,66.65,64.051,64.7,65.6,270691,2018-02-21
IBP,66.55,65.275,65.65,65.7,289328,2018-02-22
IBP,66.6,65.4,66.05,66.55,228777,2018-02-23
IBP,68.4,66.6,66.65,68.15,305296,2018-02-26
IBP,69.5,67.7,67.9,68,397601,2018-02-27
IBP,63.795,53.6,62.75,59.75,1787318,2018-02-28
IBP,61.25,54.875,59.55,55.55,747711,2018-03-01
IBP,58.05,54.65,55.3,57.85,527206,2018-03-02
IBP,57.8,55.8,57.4,57.25,452675,2018-03-05
IBP,59.95,57.05,57.4,59.7,429303,2018-03-06
IBP,62.35,58.55,59.1,62.1,436805,2018-03-07
IBP,62.4,58.6,62.4,59.7,426900,2018-03-08
IBP,62.4,59.65,60.4,61.85,305432,2018-03-09
IBP,62.7,61.4,61.8,61.8,194143,2018-03-12
IBP,64.85,62.3,63.5,63.75,168688,2018-03-13
IBP,64.35,62.65,64.35,63.1,184366,2018-03-14
IBP,63.75,60.95,63.4,61.1,170633,2018-03-15
IBP,61.65,60.7,61,61.35,428186,2018-03-16
IBP,61,58.7,60.8,59.4,275266,2018-03-19
IBP,60.1,58.95,59.5,59.45,117320,2018-03-20
IBP,61.6,59,59.25,60.75,148320,2018-03-21
IBP,61.55,58.95,59.8,59,136427,2018-03-22
IBP,59.9,58.5,59.3,58.7,261862,2018-03-23
IBP,61.4,59.6,60.4,61.25,173239,2018-03-26
IBP,61.4,59.55,61.4,59.95,205190,2018-03-27
IBP,60.65,59.2,59.9,59.55,413970,2018-03-28
IBP,60.7,59.3,59.9,60.05,209765,2018-03-29
IBP,59.75,57.25,59.75,57.45,243151,2018-04-02
IBP,57.8,55.4,57.8,56.05,266360,2018-04-03
IBP,59.3,55,55,59,245538,2018-04-04
IBP,61.65,59.2,59.45,61.35,220995,2018-04-05
IBP,61.8,58.3,60.7,59.15,352149,2018-04-06
IBP,59.55,57.75,59.55,57.9,192916,2018-04-09
IBP,59.3,55.85,59.3,56.05,414217,2018-04-10
IBP,57,55.35,55.65,55.65,344151,2018-04-11
IBP,55.85,52.9,55.85,52.95,415582,2018-04-12
IBP,53.4,51.3,53.4,52.05,735300,2018-04-13
IBP,53.9,52,52.8,53.45,384350,2018-04-16
IBP,55.775,53.75,54.05,55.4,203925,2018-04-17
IBP,56.15,54.725,55.7,55.85,184676,2018-04-18
IBP,56.45,55.05,55.75,56.2,346100,2018-04-19
IBP,56.35,55.05,55.9,55.25,187739,2018-04-20
IBP,59.15,56.606,57.1,57.45,163504,2018-04-23
IBP,58.5,57.4,57.85,58.05,228523,2018-04-24
IBP,59.3,57.4,58.15,58.45,215489,2018-04-25
IBP,59.65,57.7,58.55,59,151008,2018-04-26
IBP,59.85,58.65,59.05,59.6,149184,2018-04-27
IBP,59.65,57.65,59.6,57.7,241744,2018-04-30
IBP,58.6,56.951,57.6,58.25,348767,2018-05-01
IBP,58.95,56.85,58.25,57.05,297911,2018-05-02
IBP,57.8,55.525,57.45,57.1,455622,2018-05-03
IBP,58.65,55.9,56.8,58.3,291441,2018-05-04
IBP,60.2,57.32,57.9,59.75,232474,2018-05-07
IBP,61.4,59.95,59.95,60.45,124416,2018-05-08
IBP,61.4,59.5,60.7,60.75,161008,2018-05-09
IBP,61.35,59.75,61.2,59.95,168608,2018-05-10
IBP,60.95,59.2,59.8,59.3,259301,2018-05-11
IBP,60.55,59.575,59.7,60.35,142100,2018-05-14
IBP,59.7,57.45,59.7,57.5,231721,2018-05-15
IBP,58.475,56.95,57.7,58,188993,2018-05-16
IBP,60.05,57.8,57.8,59.85,190088,2018-05-17
IBP,62.3,60.05,60.05,62,229678,2018-05-18
IBP,62.8,61.5,62.5,62.15,104912,2018-05-21
IBP,61.8,60.4,61.8,60.45,104376,2018-05-22
IBP,61.85,60.2,60.2,61.65,140734,2018-05-23
IBP,61.9,60.25,61.35,60.8,133298,2018-05-24
IBP,62.2,60.65,60.65,61.75,154827,2018-05-25
IBP,62.1,60.9,60.9,61.6,233784,2018-05-29
IBP,62.6,61.15,62.2,61.25,169744,2018-05-30
IBP,61.8,60.1,61.05,60.65,162716,2018-05-31
IBP,62.7,59.8,62.7,60.45,269962,2018-06-01
IBP,62,60.7,60.7,61.9,140432,2018-06-04
IBP,62.6,61.35,61.9,62.45,182106,2018-06-05
IBP,63.35,61.275,62.8,62.25,127335,2018-06-06
IBP,63.8,62.25,62.25,63.6,141171,2018-06-07
IBP,65,63.25,63.4,64.75,163976,2018-06-08
IBP,65.3,63.9,64.75,64.3,131656,2018-06-11
IBP,65.85,63.95,64.25,65.7,140913,2018-06-12
IBP,65.7,61.65,65.7,61.65,278553,2018-06-13
IBP,62.2,61.25,62.05,62,178455,2018-06-14
IBP,62.35,60.6,61.55,60.9,288389,2018-06-15
IBP,61.3,59.35,60.5,59.8,215589,2018-06-18
IBP,61.05,59.1,60,60.7,185581,2018-06-19
IBP,61.6,59.1,60.7,60.75,95983,2018-06-20
IBP,60.7,59.45,60.7,59.7,98872,2018-06-21
IBP,59.8,57.8,59.8,58.25,279589,2018-06-22
IBP,58.25,57.06,57.9,57.8,144780,2018-06-25
IBP,59.75,58.25,58.25,59.35,123514,2018-06-26
IBP,59.6,58.55,59.6,58.6,166650,2018-06-27
IBP,58.9,57.9,58.25,58.4,204843,2018-06-28
IBP,58.75,56.55,58.75,56.55,162543,2018-06-29
IBP,56.55,54.9,56.55,55.75,195679,2018-07-02
IBP,56.25,54.45,55.8,54.45,169209,2018-07-03
IBP,55.75,54.5,54.9,55.35,232985,2018-07-05
IBP,56.9,55.1,55.35,56.15,100945,2018-07-06
IBP,57.4,56.25,56.6,57.15,95290,2018-07-09
IBP,57.55,55.15,57.2,56.1,250382,2018-07-10
IBP,57,55.15,56.25,55.25,138902,2018-07-11
IBP,55.9,54.1,55.5,55.05,102965,2018-07-12
IBP,55.7,54.9,54.9,55.15,110607,2018-07-13
IBP,55.2,54.4,55.2,54.8,122040,2018-07-16
IBP,57.1,54.2,54.7,57,220028,2018-07-17
IBP,57.85,55.7,56.8,57.6,130134,2018-07-18
IBP,59.55,57.15,57.6,59.35,260884,2018-07-19
IBP,59.7,57.95,59.7,58.35,171660,2018-07-20
IBP,58.3,56.5999,58.2,57.2,149615,2018-07-23
IBP,57.75,54.65,57.4,54.85,174965,2018-07-24
IBP,55.45,52.35,55,53.5,159338,2018-07-25
IBP,54.85,53.155,53.45,54.75,171818,2018-07-26
IBP,54.85,52.7,54.8,53,129133,2018-07-27
IBP,54.3,53.15,53.15,53.65,134666,2018-07-30
IBP,55.2,53.5,53.75,54.6,112132,2018-07-31
IBP,54.9,53.3,54.6,54.1,134347,2018-08-01
IBP,54.2,52.3,53.45,52.5,241623,2018-08-02
IBP,52.75,50.55,52.05,50.65,209652,2018-08-03
IBP,52.35,50.2,50.65,52.15,241835,2018-08-06
IBP,54.3,52.15,52.15,53.6,158942,2018-08-07
IBP,53.35,52.45,53.35,52.55,144339,2018-08-08
IBP,53.3,52.15,52.55,52.75,225601,2018-08-09
IBP,52.45,50.65,52.25,50.75,223008,2018-08-10
IBP,51.8,48.95,50.8,49.1,187615,2018-08-13
IBP,49.45,48.15,49.25,48.2,406517,2018-08-14
IBP,49.2,47.4,47.85,49.15,235915,2018-08-15
IBP,50.8,49.4,49.4,49.85,88463,2018-08-16
IBP,50.0068,49.25,49.55,49.35,108638,2018-08-17
IBP,49.4,45.0445,49.4,45.2,368466,2018-08-20
IBP,48.55,45.15,45.8,48.05,363563,2018-08-21
IBP,48.4,47.25,47.9,47.5,267246,2018-08-22
IBP,47.45,46.35,47.45,46.7,257004,2018-08-23
IBP,47.85,46.5,46.95,47.1,333195,2018-08-24
IBP,49.05,47.15,47.15,48.4,148799,2018-08-27
IBP,48.4,47.45,48.4,47.55,164298,2018-08-28
IBP,47.85,46.75,47.5,47.45,134178,2018-08-29
IBP,47.75,46.65,47.3,46.85,133351,2018-08-30
IBP,47.2,46.3,46.55,46.55,106166,2018-08-31
IBP,46.65,45.6376,46.45,46.45,111342,2018-09-04
IBP,47.75,45.85,46.45,47.65,112426,2018-09-05
IBP,48.3,47.05,47.6,47.3,133883,2018-09-06
IBP,47.45,46.3,47.1,46.85,232821,2018-09-07
IBP,47.7,46.9,46.95,47.1,84525,2018-09-10
IBP,49.3,46.85,46.85,48.8,145234,2018-09-11
IBP,50.65,48.85,48.85,50.4,184842,2018-09-12
IBP,50.75,48,50.4,48.3,143514,2018-09-13
IBP,48.9,47.7,48.25,48.2,155596,2018-09-14
IBP,48.2,44.9,48.2,45.8,233171,2018-09-17
IBP,47,45.451,45.8,46.2,154974,2018-09-18
IBP,48,45.9,46,47.55,254968,2018-09-19
IBP,48,45.45,47.95,45.65,282339,2018-09-20
IBP,45.95,44.1,45.5,45.1,561846,2018-09-21
IBP,45.4,43.8,44.95,44.2,344879,2018-09-24
IBP,44.9,43.35,44.25,43.6,393737,2018-09-25
IBP,43.45,40.3,43.1,40.45,427230,2018-09-26
IBP,40.65,39.65,40.2,39.75,212539,2018-09-27
IBP,40.9,38.75,39.6,39,293805,2018-09-28
IBP,39.66,38.21,39.22,38.71,214311,2018-10-01
IBP,38.91,37.91,38.8,37.96,239046,2018-10-02
IBP,38.32,37.24,38.19,38.09,310024,2018-10-03
IBP,38.78,37.42,37.81,38.07,209250,2018-10-04
IBP,38.07,35.7,38.07,37.18,279843,2018-10-05
IBP,38.47,36.57,36.94,38.24,323887,2018-10-08
IBP,38.29,37.14,37.84,37.18,315174,2018-10-09
IBP,37.82,36.35,37.16,36.44,271300,2018-10-10
IBP,37.34,35.74,36.27,35.74,214619,2018-10-11
IBP,36.63,35.1696,36.63,35.5,280889,2018-10-12
IBP,36.23,33.65,35.07,34.37,651643,2018-10-15
IBP,37.02,34.52,34.88,36.36,391595,2018-10-16
IBP,34.8,32.55,34.4,33.33,341654,2018-10-17
IBP,33.55,31.27,32.2,31.85,329539,2018-10-18
IBP,32.065,30.64,31.93,30.72,290103,2018-10-19
IBP,31.09,29.885,30.86,30.35,283938,2018-10-22
IBP,31.26,29.9,29.9,30.96,459697,2018-10-23
IBP,31.43,29.59,30.86,29.68,350945,2018-10-24
IBP,32.05,29.9097,30.05,31.28,628498,2018-10-25
IBP,31.07,29.5,30.7,29.94,284331,2018-10-26
IBP,30.56,29.535,30.56,29.81,321933,2018-10-29
IBP,30.99,29.24,29.81,30.78,947391,2018-10-30
IBP,31.43,29.89,31.23,30.46,377534,2018-10-31
IBP,36.52,30.5,30.63,35.28,1080705,2018-11-01
IBP,35.71,30.54,31.15,35.16,650962,2018-11-02
IBP,36.25,35.06,35.06,35.81,380964,2018-11-05
IBP,37.31,35.46,36.03,36.06,374694,2018-11-06
IBP,37.77,34.9,36.22,37.21,397583,2018-11-07
IBP,37.68,35.14,36.56,36.19,344903,2018-11-08
IBP,36.31,35.37,36.11,35.85,254095,2018-11-09
IBP,36.4677,34.64,35.37,35.48,309650,2018-11-12
IBP,37.24,35.77,35.78,36.52,338787,2018-11-13
IBP,37.66,35.97,37.02,36.23,275369,2018-11-14
IBP,35.915,33.33,35.71,33.98,539397,2018-11-15
IBP,35.18,33.48,33.59,34.96,400609,2018-11-16
IBP,35.33,34.08,34.84,34.63,359334,2018-11-19
IBP,36.48,34.06,34.06,35.91,394332,2018-11-20
IBP,37.94,35.89,36.31,36.67,293375,2018-11-21
IBP,36.8,36.02,36.43,36.49,87563,2018-11-23
IBP,37.36,36.17,36.79,37.14,242753,2018-11-26
IBP,38.23,37,37,37.42,227658,2018-11-27
IBP,39.51,36.26,37.55,39.3,398136,2018-11-28
IBP,39.5,38.235,39.08,38.6,208001,2018-11-29
IBP,39.09,38.23,38.55,38.73,299867,2018-11-30
IBP,40.02,37.79,39.61,38.77,440804,2018-12-03
IBP,37.78,34.77,37.78,34.84,349255,2018-12-04
IBP,35.33,33.77,34.15,35.29,414745,2018-12-06
IBP,37.52,35.18,35.18,35.51,402737,2018-12-07
IBP,35.71,33.97,35.54,34.58,228018,2018-12-10
IBP,35.38,33.2,35.38,33.49,201466,2018-12-11
IBP,35.63,34,34.19,34.81,146385,2018-12-12
IBP,35.05,33.5095,34.81,33.98,148783,2018-12-13
IBP,34.31,32.5868,33.68,32.76,198038,2018-12-14
IBP,33.93,32.54,32.54,32.82,243928,2018-12-17
IBP,34.03,32.73,33.28,33.72,191160,2018-12-18
IBP,34.85,32.61,33.77,32.74,135033,2018-12-19
IBP,33.62,32.06,32.33,32.5,199609,2018-12-20
IBP,32.81,31.43,32.5,31.91,1076446,2018-12-21
IBP,32.13,30.54,31.61,31.57,112516,2018-12-24
IBP,33.43,31.1,31.64,33.36,149705,2018-12-26
IBP,33.61,32.03,32.68,33.31,243315,2018-12-27
IBP,34.45,32.84,33.63,33.56,153279,2018-12-28
IBP,33.96,32.75,33.83,33.69,193248,2018-12-31
IBP,35.23,32.79,33.06,34.46,223852,2019-01-02
IBP,34.8,33.54,34.13,34.4,215654,2019-01-03
IBP,37.265,35.15,35.16,37.05,224804,2019-01-04
IBP,38.78,36.4,36.92,38.43,256014,2019-01-07
IBP,39.17,37.74,38.92,38.77,308250,2019-01-08
IBP,40.37,38.16,38.85,39.77,351504,2019-01-09
IBP,40.14,39.08,39.53,39.5,218130,2019-01-10
IBP,40,37.6611,38.1,39.27,146891,2019-01-11
IBP,39.76,38.42,38.74,38.9,116029,2019-01-14
IBP,38.82,36.93,37.34,38.64,232602,2019-01-15
IBP,39.44,37.29,37.38,38.52,151221,2019-01-16
IBP,39.2,38.2,38.2,39.07,128091,2019-01-17
IBP,39.77,38.78,39.33,38.9,157424,2019-01-18
IBP,38.9,37.59,38.59,38.06,282994,2019-01-22
IBP,38.81,37.37,38.3,38.46,135019,2019-01-23
IBP,39.88,38.46,38.46,39.7,86042,2019-01-24
IBP,41.1375,39.38,40.08,39.69,159577,2019-01-25
IBP,40.9084,39.28,39.28,39.99,79598,2019-01-28
IBP,40.71,38.28,39.73,40.49,127047,2019-01-29
IBP,40.79,39.12,40.6,40.6,109616,2019-01-30
IBP,42.5,40.545,40.61,42.11,190317,2019-01-31
IBP,43.47,41.69,42.1,42.23,168899,2019-02-01
IBP,43.29,41.74,42.35,43.22,93108,2019-02-04
IBP,43.68,43.01,43.21,43.63,96308,2019-02-05
IBP,43.77,42.09,43.61,42.18,114553,2019-02-06
IBP,42.3,41.325,41.91,42.12,250435,2019-02-07
IBP,42.67,41.75,41.82,41.84,132339,2019-02-08
IBP,42.59,41.595,41.97,42.24,111073,2019-02-11
IBP,45.03,42.58,42.58,44.82,148124,2019-02-12
IBP,45.48,43.34,44.85,44.01,122442,2019-02-13
IBP,44.425,43.49,43.74,43.98,134293,2019-02-14
IBP,45.41,44.33,44.33,44.87,102590,2019-02-15
IBP,45.86,44.57,44.57,45.28,111393,2019-02-19
IBP,45.8,44.13,45.18,44.44,154371,2019-02-20
IBP,46.22,44.13,44.43,46.03,167395,2019-02-21
IBP,46.85,45.705,46.15,46.53,159762,2019-02-22
IBP,47.19,45.38,46.76,45.78,158147,2019-02-25
IBP,46.0924,44.9,45.66,45.65,106419,2019-02-26
IBP,45.92,43.88,45.41,45.46,130710,2019-02-27
IBP,49.85,43.11,49.85,43.62,331915,2019-02-28
IBP,47.0345,44.18,44.72,46.9,197046,2019-03-01
IBP,47.56,46.44,47,46.88,208480,2019-03-04
IBP,47.56,46.15,47.48,46.23,103015,2019-03-05
IBP,47.21,45.47,46.36,45.65,172210,2019-03-06
IBP,47.64,46.11,46.87,46.54,296932,2019-03-07
IBP,47.025,45.745,46.05,46.41,254382,2019-03-08
IBP,46.41,44.69,46.41,45,317763,2019-03-11
IBP,45.32,44.39,45.09,44.67,257174,2019-03-12
IBP,45.9,44.12,44.74,44.17,178334,2019-03-13
IBP,44.36,42.92,44.05,43.22,236543,2019-03-14
IBP,44.97,43.37,43.37,44.34,605054,2019-03-15
IBP,44.67,43.5,44.48,44.01,145962,2019-03-18
IBP,45.05,43.77,44.37,43.84,165306,2019-03-19
IBP,44.55,42.71,43.78,43.53,138700,2019-03-20
IBP,45.74,43.42,43.42,45.38,185911,2019-03-21
IBP,46.37,44.52,45.03,45.21,146544,2019-03-22
IBP,47.49,45.01,45.01,46.81,165727,2019-03-25
IBP,47.08,45.56,47.08,46.84,150578,2019-03-26
IBP,48.77,46.55,46.94,48.29,200959,2019-03-27
IBP,48.605,47.63,48.35,48.11,157274,2019-03-28
IBP,48.93,47.615,48.43,48.5,168706,2019-03-29
IBP,49.05,47.17,48.65,48.49,204245,2019-04-01
IBP,48.5,47.5,48.31,48.22,122274,2019-04-02
IBP,49.54,48.28,48.6,49.21,166552,2019-04-03
IBP,50.99,49.24,49.24,50.61,155076,2019-04-04
IBP,51.405,50.725,50.81,51.19,260064,2019-04-05
IBP,51.88,50.82,51.12,51.61,80618,2019-04-08
IBP,51.81,50.36,51.5,50.52,118726,2019-04-09
IBP,52.46,50.84,50.84,52.05,155685,2019-04-10
IBP,52.75,51.37,52.28,51.49,166613,2019-04-11
IBP,52.25,51.22,52.12,51.62,129092,2019-04-12
IBP,52.04,51.0384,51.83,51.54,78395,2019-04-15
IBP,52.11,51.49,51.82,52.09,118718,2019-04-16
IBP,52.54,51.715,52.28,52.15,212099,2019-04-17
IBP,52.65,51.21,52.06,52.19,148330,2019-04-18
IBP,52.36,49.94,52.08,50.2,168152,2019-04-22
IBP,51.33,50.08,50.4,50.75,892320,2019-04-23
IBP,52.305,50.63,51,51.11,369092,2019-04-24
IBP,50.78,47.69,50.78,47.75,254497,2019-04-25
IBP,48.4599,47.37,47.81,47.6,278337,2019-04-26
IBP,48.315,47.47,47.75,47.5,353209,2019-04-29
IBP,48.815,47.4,47.4,48.03,271711,2019-04-30
IBP,49.96,47.8,48.22,48.43,483739,2019-05-01
IBP,53.245,46.83,47.76,53.12,340234,2019-05-02
IBP,55.35,53.13,53.63,54.95,292771,2019-05-03
IBP,56.59,54.03,54.41,54.74,227921,2019-05-06
IBP,55.68,54.01,54.75,54.86,232042,2019-05-07
IBP,54.9,52.92,54.73,53.05,166559,2019-05-08
IBP,54.62,52.86,52.86,54.55,121559,2019-05-09
IBP,55.47,54.095,54.61,55.23,160366,2019-05-10
IBP,54.66,53.18,54.28,53.88,118862,2019-05-13
IBP,55.4,53.67,53.89,55.13,183896,2019-05-14
IBP,55.89,54.25,54.51,55.72,182042,2019-05-15
IBP,55.31,53.01,53.93,55.12,398305,2019-05-16
IBP,55.38,54.15,54.62,54.45,107625,2019-05-17
IBP,54.66,52.57,54.08,53.08,274107,2019-05-20
IBP,55.81,53.11,53.11,55.38,356102,2019-05-21
IBP,55.195,53.95,54.9,54.46,266606,2019-05-22
IBP,55.09,53.58,54.26,53.9,128873,2019-05-23
IBP,55.11,54.07,54.43,54.96,199760,2019-05-24
IBP,55.19,52.8,55.08,53.14,227497,2019-05-28
IBP,53.31,51.64,52.89,52.01,379585,2019-05-29
IBP,52.68,51.24,52.09,52.13,102407,2019-05-30
IBP,52.78,51.44,51.76,51.44,290370,2019-05-31
IBP,52.96,51.36,51.58,52.37,107004,2019-06-03
IBP,53.48,52.02,52.95,53.32,176319,2019-06-04
IBP,54.35,53.23,53.6,53.96,171086,2019-06-05
IBP,54.52,52.51,53.94,53.2,72994,2019-06-06
IBP,54.36,52,52.9,54.15,152349,2019-06-07
IBP,55.845,54.3,54.44,54.58,124379,2019-06-10
IBP,54.94,52.405,54.76,52.93,94630,2019-06-11
IBP,53.92,52.71,52.92,53.13,95568,2019-06-12
IBP,54.94,53.19,53.31,54.56,145772,2019-06-13
IBP,55.2,53.98,54.41,54.1,77306,2019-06-14
IBP,54.05,52.86,54.05,53.62,117238,2019-06-17
IBP,54.5,53.11,54.03,53.36,108873,2019-06-18
IBP,53.57,51.64,53.29,53.02,110341,2019-06-19
IBP,54.54,53.54,53.54,54.46,135840,2019-06-20
IBP,54.52,53.29,54.14,54.05,323332,2019-06-21
IBP,54.71,53.3,54.17,54.29,149900,2019-06-24
IBP,55.08,53.37,54.75,53.76,277074,2019-06-25
IBP,54.27,52,53.95,52.16,139097,2019-06-26
IBP,55.26,51.84,52.4,55.19,143837,2019-06-27
IBP,59.27,55.15,55.15,59.22,590211,2019-06-28
IBP,59.93,57.04,59.84,57.66,142146,2019-07-01
IBP,58.42,56.78,57.72,57.62,101705,2019-07-02
IBP,58.93,57.65,57.91,58.46,55849,2019-07-03
IBP,57.9,56.46,57.9,57.56,81948,2019-07-05
IBP,57.67,56.86,57.55,57.35,197735,2019-07-08
IBP,57.02,55.82,57.02,55.97,91621,2019-07-09
IBP,56.62,55.19,56.52,56.44,115744,2019-07-10
IBP,56.4013,55.07,56.24,56.27,175753,2019-07-11
IBP,57.99,56.22,56.63,57.59,167825,2019-07-12
IBP,57.68,56.01,57.68,56.39,76185,2019-07-15
IBP,57.09,55.98,55.98,56.96,130702,2019-07-16
IBP,57.09,54.45,56.83,54.5,128855,2019-07-17
IBP,55.4271,53.46,54.96,54.79,143656,2019-07-18
IBP,54.95,52.98,54.95,53.07,209445,2019-07-19
IBP,53.28,52.3,53.28,52.48,157766,2019-07-22
IBP,52.71,51.17,52.71,52.18,144853,2019-07-23
IBP,53.89,51.96,51.96,53.59,86159,2019-07-24
IBP,54.725,53.19,53.74,53.49,108169,2019-07-25
IBP,54.54,52.5,53.57,53.17,107609,2019-07-26
IBP,53.75,51.98,53.19,52.3,224391,2019-07-29
IBP,54.12,51.89,51.89,53.41,236331,2019-07-30
IBP,54.68,52.95,53.53,53.28,177590,2019-07-31
IBP,55.88,52.83,53.45,52.98,268979,2019-08-01
IBP,52.94,51.82,52.42,52.89,200484,2019-08-02
IBP,52.19,50.25,52.19,50.79,119481,2019-08-05
IBP,52.945,51.29,51.29,52.81,153643,2019-08-06
IBP,53.9699,51.8646,52.32,53.76,206363,2019-08-07
IBP,55.795,53.03,54.97,55.53,296827,2019-08-08
IBP,57.04,55.21,55.73,55.66,191274,2019-08-09
IBP,56.36,54.6,55.36,55.78,78579,2019-08-12
IBP,57.13,55.18,55.5,56.66,142456,2019-08-13
IBP,56.535,55.25,55.87,55.94,98497,2019-08-14
IBP,56.89,55.38,56.24,55.44,114481,2019-08-15
IBP,56.5,55.37,55.73,56.28,194535,2019-08-16
IBP,58.4,57.09,57.18,57.96,125428,2019-08-19
IBP,59.85,57.49,58.16,58.89,259468,2019-08-20
IBP,59.99,58.96,59.99,59.11,268501,2019-08-21
IBP,59.695,58.32,59.21,58.62,264405,2019-08-22
IBP,58.845,55.62,58,55.79,285935,2019-08-23
IBP,56.48,55.095,56.45,55.71,203224,2019-08-26
IBP,56.35,54.36,56.27,54.4,122272,2019-08-27
IBP,56.37,53.5,54.23,55.97,207608,2019-08-28
IBP,57.68,56.32,56.7,56.61,377721,2019-08-29
IBP,57.53,55.96,57.04,56.91,441061,2019-08-30
IBP,56.88,54.67,56.37,54.9,247940,2019-09-03
IBP,56.6,55.47,55.69,55.68,251099,2019-09-04
IBP,56.72,54.48,56.59,54.86,160601,2019-09-05
IBP,55.91,55.07,55.14,55.2,150289,2019-09-06
IBP,56,54.47,55.4,55.09,143857,2019-09-09
IBP,55.54,53.51,54.91,55.1,132043,2019-09-10
IBP,58.64,55.32,55.32,58.53,151380,2019-09-11
IBP,59.505,57.99,58.93,58.46,138237,2019-09-12
IBP,59.07,57.95,58.59,58.2,154657,2019-09-13
IBP,59.47,57.9634,58.26,59.13,108679,2019-09-16
IBP,59.97,58.66,58.9,59.66,90658,2019-09-17
IBP,60.66,59.05,60,60.18,218174,2019-09-18
IBP,61.285,60.026,60.43,60.36,309597,2019-09-19
IBP,60.71,59.28,60.48,59.34,253018,2019-09-20
IBP,59.76,58.904,59.21,59.22,113368,2019-09-23
IBP,60.95,59.355,59.95,59.55,173659,2019-09-24
IBP,60.27,58.85,60.06,59.61,247303,2019-09-25
IBP,60.1,58.44,59.67,58.55,162279,2019-09-26
IBP,59.05,56.44,58.92,56.62,136214,2019-09-27
IBP,58.06,56.71,56.72,57.34,371374,2019-09-30
IBP,58.03,56.58,57.64,57.06,241822,2019-10-01
IBP,56.97,55.48,56.73,56.76,138354,2019-10-02
IBP,57.94,55.48,56.58,57.15,203241,2019-10-03
IBP,58.75,57.11,57.33,58.7,163720,2019-10-04
IBP,59.5512,57.9904,58.65,58.87,495569,2019-10-07
IBP,59.2,58.07,58.38,58.38,241654,2019-10-08
IBP,59.9438,58.63,59.13,59.28,123641,2019-10-09
IBP,59.6397,58.81,59.35,58.91,174446,2019-10-10
IBP,60.11,58.44,60,58.57,215663,2019-10-11
IBP,58.605,57.52,58.5,58.21,424174,2019-10-14
IBP,62,58.585,58.78,61.9,767008,2019-10-15
IBP,62.93,61.71,61.83,62.8,604221,2019-10-16
IBP,65.73,63.4,63.4,65.18,369180,2019-10-17
IBP,65.835,64.79,64.96,65.39,149414,2019-10-18
IBP,66.71,65.02,66,65.28,205206,2019-10-21
IBP,66.24,64.963,65.75,65.99,454946,2019-10-22
IBP,66.38,65.42,65.92,66.05,216069,2019-10-23
IBP,66.18,63.77,66.18,64.3,277498,2019-10-24
IBP,64.61,63.38,64.13,63.83,206881,2019-10-25
IBP,64.64,62.18,64.06,62.28,302065,2019-10-28
IBP,63.805,61.79,62.05,62,204368,2019-10-29
IBP,63.37,61.235,62.1,63.09,211262,2019-10-30
IBP,65.37,63.0333,63.33,65.22,338095,2019-10-31
IBP,76.6,66.75,67.19,75.7,628229,2019-11-01
IBP,76.49,71.16,76.49,71.79,365140,2019-11-04
IBP,72.689,70.35,71.76,70.57,274523,2019-11-05
IBP,71.21,69.0401,70.57,70.68,188606,2019-11-06
IBP,71.05,67.86,70.95,69.19,210801,2019-11-07
IBP,69.59,68.44,69.1,69.47,121439,2019-11-08
IBP,70.65,68.8,68.8,70.23,138893,2019-11-11
IBP,71.5477,68.8717,70.5,70.25,160413,2019-11-12
IBP,71.41,69.58,69.58,71.08,123427,2019-11-13
IBP,71.59,70.23,70.72,70.71,103429,2019-11-14
IBP,71.24,69.61,71.05,69.77,95878,2019-11-15
IBP,71.67,69.9,69.9,71.35,121204,2019-11-18
IBP,72.82,71.15,71.45,71.15,122889,2019-11-19
IBP,72.88,70.89,71.06,71.47,139018,2019-11-20
IBP,73.14,71.365,72.87,72.01,153078,2019-11-21
IBP,72.47,70.37,72.27,71.33,73674,2019-11-22
IBP,73.205,71.67,72.06,71.98,204761,2019-11-25
IBP,73.17,71.66,72.08,72.22,288747,2019-11-26
IBP,73.1,71.79,72.47,71.91,158355,2019-11-27
IBP,72.38,71.33,71.76,71.7,73022,2019-11-29
IBP,71.56,69.21,71.56,69.4,165731,2019-12-02
IBP,70.56,68.72,68.72,70.32,210655,2019-12-03
IBP,71.0969,69.88,70.59,70.46,241693,2019-12-04
IBP,71.87,70.55,70.55,71.8,209974,2019-12-05
IBP,72.06,70.72,71.82,71.45,150402,2019-12-06
IBP,72.15,70.92,71.29,70.94,121610,2019-12-09
IBP,71.71,70.43,71,70.99,170932,2019-12-10
IBP,71.89,70.76,70.96,71.62,76128,2019-12-11
IBP,71.64,68.6,71.64,68.76,166592,2019-12-12
IBP,71.12,69.29,69.52,70.76,249168,2019-12-13
IBP,71.26,69.89,71,70,238236,2019-12-16
IBP,76.3,71.66,71.9,72.07,514569,2019-12-17
IBP,73.085,71.22,72.25,71.84,220953,2019-12-18
IBP,71.71,68.65,71.52,68.94,254199,2019-12-19
IBP,70.27,69.06,69.08,69.54,977127,2019-12-20
IBP,71.74,69.72,70.28,70.35,163866,2019-12-23
IBP,71.1,70.0101,70.35,70.96,51114,2019-12-24
IBP,71.49,69.7572,71.21,69.95,60672,2019-12-26
IBP,70.01,68.79,70.01,69.07,109976,2019-12-27
IBP,69.08,67.43,69.01,68.78,131391,2019-12-30
IBP,69.71,68.52,68.67,68.87,111886,2019-12-31
IBP,70.15,67.97,69.67,69.06,193601,2020-01-02
IBP,69.87,68.5,68.5,69.54,275632,2020-01-03
IBP,70.27,68.85,69.29,69.82,259490,2020-01-06
IBP,70.2897,68.89,69.82,69.04,137928,2020-01-07
IBP,71.49,69.06,69.36,70.09,197757,2020-01-08
IBP,70.99,69.28,70,69.36,128072,2020-01-09
IBP,70.8,69.18,69.5,69.92,192479,2020-01-10
IBP,71.55,69.92,69.92,71.3,129404,2020-01-13
IBP,73.08,70.73,71.12,72.61,259590,2020-01-14
IBP,75.93,72.5358,72.61,75.78,257187,2020-01-15
IBP,76.46,73.205,76.46,74.95,278231,2020-01-16
IBP,76.49,74.47,75.55,74.73,163299,2020-01-17
IBP,76.565,74.65,74.75,76.05,193879,2020-01-21
IBP,77.25,76.11,76.7,76.5,308709,2020-01-22
IBP,79.43,76.39,76.7,79.1,424033,2020-01-23
IBP,80.25,76.4,79.1,77.03,202256,2020-01-24
IBP,77.67,75.66,76.06,76.37,182033,2020-01-27
IBP,78.85,76.67,77.18,77.32,225973,2020-01-28
IBP,78.1005,75.48,77.42,76.64,134308,2020-01-29
IBP,77.7557,75.77,76.46,76.58,126394,2020-01-30
IBP,76.93,73.76,76.62,74.13,183425,2020-01-31
IBP,76.385,74.4,74.4,75.49,205008,2020-02-03
IBP,76.2141,73.865,76.11,75.1,136367,2020-02-04
IBP,77.42,74.05,75.05,76.67,149330,2020-02-05
IBP,77,75.98,77,76.46,170051,2020-02-06
IBP,76.63,75.35,76.63,75.77,114505,2020-02-07
IBP,76.55,75.555,75.62,75.92,139659,2020-02-10
IBP,76.53,75.23,76.41,75.79,121699,2020-02-11
IBP,75.9,71.6449,75.8,74.52,317401,2020-02-12
IBP,76.24,74.46,74.46,74.72,141489,2020-02-13
IBP,75.53,74.03,74.97,75.39,238315,2020-02-14
IBP,75.75,74.6958,75.23,75.27,197310,2020-02-18
IBP,78.53,75.71,76,77.28,519040,2020-02-19
IBP,78.27,76.28,77.5,77.88,294781,2020-02-20
IBP,79.355,76.8504,77.86,79.14,270512,2020-02-21
IBP,78.3,76.4,76.94,77.35,321812,2020-02-24
IBP,77.715,70.32,77.68,70.47,381890,2020-02-25
IBP,71.825,68.5684,70.11,69.67,222701,2020-02-26
IBP,71.07,64.04,65.75,68.81,544850,2020-02-27
IBP,67.07,62.37,67.04,66.05,570996,2020-02-28
IBP,67.07,63.52,66.4,64.83,522272,2020-03-02
IBP,67.59,63.55,64.82,65.71,486994,2020-03-03
IBP,72.18,67.83,68.27,72.15,234021,2020-03-04
IBP,71.19,68.345,70.29,69.41,439652,2020-03-05
IBP,68.04,62.52,67.72,64.82,348179,2020-03-06
IBP,60.7,53.65,60.7,53.74,292622,2020-03-09
IBP,56.98,52.47,55.77,55.6,439465,2020-03-10
IBP,54.119,49.01,53.84,49.61,254233,2020-03-11
IBP,46.15,41.81,44.39,42.14,374889,2020-03-12
IBP,46.69,39.62,45.15,46.69,457927,2020-03-13
IBP,44.25,34.025,44.25,34.43,740348,2020-03-16
IBP,36.94,31.01,35.03,36.61,734532,2020-03-17
IBP,35.4,30.02,32.81,30.32,534748,2020-03-18
IBP,36.87,29.0201,30.17,36.09,479207,2020-03-19
IBP,38.93,34.57,36.72,36.34,610149,2020-03-20
IBP,36.2,31.85,36.2,34.65,453075,2020-03-23
IBP,40.1443,36.06,37.18,39.13,341928,2020-03-24
IBP,45.26,38.08,38.98,44.42,526515,2020-03-25
IBP,47.53,43.76,44.86,47.09,315077,2020-03-26
IBP,45.41,42.281,44.66,44.25,346349,2020-03-27
IBP,44.88,39.61,44.26,40.8,385135,2020-03-30
IBP,41.08,38.36,40.5,39.87,318138,2020-03-31
IBP,37.8739,33.3,37.5,33.78,284114,2020-04-01
IBP,36.5,33.32,35.77,34.35,283783,2020-04-02
IBP,34.83,31.28,33.68,31.51,263309,2020-04-03
IBP,38.775,33.46,34.31,38.18,267389,2020-04-06
IBP,41.8485,37.855,40.08,38.09,249299,2020-04-07
IBP,43.87,38.5407,39.14,43.66,272440,2020-04-08
IBP,47.77,42.62,45.15,44.82,250112,2020-04-09
IBP,45.68,39.52,44.15,40.84,268055,2020-04-13
IBP,42.979,40.89,41.94,41.48,282996,2020-04-14
IBP,39.86,37.36,39.86,38.55,291443,2020-04-15
IBP,39.68,35.56,38.31,36.51,312810,2020-04-16
IBP,41.61,38.78,38.78,41.35,210069,2020-04-17
IBP,40.52,38.4,39.58,38.79,262342,2020-04-20
IBP,38.24,36.88,37.35,37.79,248127,2020-04-21
IBP,39.41,37.015,38.68,37.33,219604,2020-04-22
IBP,39.52,36.8,37.51,38.15,221823,2020-04-23
IBP,40.96,38.21,38.95,40.32,203575,2020-04-24
IBP,43.59,40.09,40.84,42.92,313313,2020-04-27
IBP,47.26,44.83,45.24,46.51,372584,2020-04-28
IBP,54.05,48.65,48.65,52.8,530741,2020-04-29
IBP,51.9,49.02,51.05,49.31,403881,2020-04-30
IBP,49.508,44.41,47.34,46.66,246459,2020-05-01
IBP,46.95,44.9741,46.28,46.86,244987,2020-05-04
IBP,50.55,47.53,47.83,49.53,428858,2020-05-05
IBP,51.15,47.89,49.65,50.66,340621,2020-05-06
IBP,53,51.11,51.28,51.82,312292,2020-05-07
IBP,60.645,53.29,57,55.34,380060,2020-05-08
IBP,54.53,51.43,54.06,52.81,240465,2020-05-11
IBP,53.225,49.57,53.15,49.7,159632,2020-05-12
IBP,49.03,46.67,48.98,47.86,139434,2020-05-13
IBP,48.18,44.73,46.15,48.1,239945,2020-05-14
IBP,51.09,47.515,48.09,50.34,186224,2020-05-15
IBP,57.37,53.63,54,57.09,236711,2020-05-18
IBP,59.26,55.37,56.14,56.56,274149,2020-05-19
IBP,59.06,55.96,58.23,57.44,172275,2020-05-20
IBP,60.41,57.11,57.11,59.4,284211,2020-05-21
IBP,61.93,58.7,60.18,61.59,171323,2020-05-22
IBP,66.81,63.94,64.86,64.09,280432,2020-05-26
IBP,70.8,65.01,66.01,70.68,458592,2020-05-27
IBP,72.99,65.525,72.09,66.06,578610,2020-05-28
IBP,66.75,63.5,65.31,64.28,307904,2020-05-29
IBP,68.92,63.75,64.82,67.82,280327,2020-06-01
IBP,69.51,67.47,68.89,68.83,203972,2020-06-02
IBP,71.43,70.32,70.92,70.85,229852,2020-06-03
IBP,72.34,69.38,69.38,70.93,162985,2020-06-04
IBP,75.15,72.35,75.15,74.29,310299,2020-06-05
IBP,76.25,70.01,76.17,71.73,275070,2020-06-08
IBP,74.08,69.55,70.01,73.51,308226,2020-06-09
IBP,74.48,71.71,72.96,72.69,257049,2020-06-10
IBP,70.12,65.22,68.63,65.27,224944,2020-06-11
IBP,69.38,65.23,69.02,67.5,227616,2020-06-12
IBP,73.65,64.69,65,72.69,223276,2020-06-15
IBP,75.1,71.47,75.1,73.01,325200,2020-06-16
IBP,74.19,71.46,73.42,71.72,201604,2020-06-17
IBP,72.77,69.88,72.07,70.15,204645,2020-06-18
IBP,71.24,68.13,71.24,69.65,327531,2020-06-19
IBP,69.56,67.6,69.37,69.46,278927,2020-06-22
IBP,72.36,69.84,71.14,71.95,357117,2020-06-23
IBP,71.8,65.82,70.5,67.44,245936,2020-06-24
IBP,67.52,64.85,66.08,66.45,227415,2020-06-25
IBP,66.71,63.89,65.69,64,279408,2020-06-26
IBP,68.47,63.89,65.29,67.33,244556,2020-06-29
IBP,69.28,66.56,67.35,68.78,198549,2020-06-30
IBP,68.85,66.027,68.8,67.17,175447,2020-07-01
IBP,70.43,67.52,69.07,68.35,223582,2020-07-02
IBP,71.31,68.805,70.25,70.87,284931,2020-07-06
IBP,71.4,68.095,69.86,68.19,191603,2020-07-07
IBP,72.98,68.39,68.81,72.87,213202,2020-07-08
IBP,73.01,69.73,72.87,70.48,219514,2020-07-09
IBP,72.25,70.31,70.77,71.78,152232,2020-07-10
IBP,73.65,69.37,73,69.55,193687,2020-07-13
IBP,72.15,68.65,69.17,71.99,175590,2020-07-14
IBP,76.165,73.66,74.63,75.86,178211,2020-07-15
IBP,77.39,74.71,75.18,77.34,159029,2020-07-16
IBP,78.275,76.61,77.98,76.98,228638,2020-07-17
IBP,78.17,75.9,76.37,77.68,179924,2020-07-20
IBP,78.72,76.198,78.53,76.83,221417,2020-07-21
IBP,82.54,76.01,76.01,81.55,391494,2020-07-22
IBP,83.41,78.54,81.98,79.46,246643,2020-07-23
IBP,79.82,77.268,79.02,78.63,133705,2020-07-24
IBP,80.62,78.19,78.63,80.61,275202,2020-07-27
IBP,81.755,77.59,80.33,77.66,160490,2020-07-28
IBP,81,78.37,78.37,80.79,136569,2020-07-29
IBP,81.94,78.575,78.99,81.34,239910,2020-07-30
IBP,81.345,76.9,81.1,79.11,352666,2020-07-31
IBP,84.295,79.98,80.33,83.89,203074,2020-08-03
IBP,83.47,81.34,83.06,81.58,149711,2020-08-04
IBP,84.87,82.02,82.02,84.65,145766,2020-08-05
IBP,87.61,83.87,85.33,85,247752,2020-08-06
IBP,86.065,84.635,85.99,85.79,198005,2020-08-07
IBP,90.4,87.0101,87.02,87.3,225379,2020-08-10
IBP,90.01,86.12,88.79,86.52,298003,2020-08-11
IBP,88.88,86.7,88.53,88.38,235544,2020-08-12
IBP,90.07,87.9,87.91,88.89,165834,2020-08-13
IBP,88.24,87.01,87.97,87.13,223974,2020-08-14
IBP,89.4,87.29,87.89,87.83,289040,2020-08-17
IBP,90.3,87.52,88.61,87.52,326224,2020-08-18
IBP,88.14,86.38,88.14,87.7,270775,2020-08-19
IBP,89.27,86.5,86.84,87.25,120664,2020-08-20
IBP,88.74,86.44,86.69,88.47,157900,2020-08-21
IBP,89.99,87.325,89.99,88.22,129610,2020-08-24
IBP,88.85,86.59,88.85,88.49,171485,2020-08-25
IBP,89.1187,87.68,89.09,87.72,108094,2020-08-26
IBP,89.46,87.75,88.47,88.09,150947,2020-08-27
IBP,89.91,87.88,88.27,88.33,98044,2020-08-28
IBP,88.14,86.32,88.14,86.82,221515,2020-08-31
IBP,93.96,86.16,86.35,93.9,276604,2020-09-01
IBP,95.049,91,94.4,92.61,245740,2020-09-02
IBP,92.365,88.56,92.25,89.55,297747,2020-09-03
IBP,91.38,85.54,91.11,88.82,334590,2020-09-04
IBP,92.44,86.84,87.07,90.51,320709,2020-09-08
IBP,95.16,91.26,91.57,94.84,240438,2020-09-09
IBP,96.185,93.15,94.86,93.95,258682,2020-09-10
IBP,96.746,93.76,94.59,94.5,233378,2020-09-11
IBP,96.88,93.24,95.15,96.27,359929,2020-09-14
IBP,98.104,95.4,96.54,95.68,273227,2020-09-15
IBP,99.89,96.87,96.87,98.83,308593,2020-09-16
IBP,98.96,95.79,96.87,96.76,191534,2020-09-17
IBP,98.575,95.71,97.66,97.49,469222,2020-09-18
IBP,96.14,91.02,96.14,94.65,229064,2020-09-21
IBP,98.005,94.56,95.86,97.78,244399,2020-09-22
IBP,98.7169,95.28,97.63,95.47,270347,2020-09-23
IBP,97.47,93.38,95.44,96.25,141511,2020-09-24
IBP,96.34,94.27,95.14,95.54,207416,2020-09-25
IBP,101.07,96.85,97.75,100.67,178264,2020-09-28
IBP,101.92,99.555,100.7,100.32,139827,2020-09-29
IBP,103.51,100.648,100.82,101.75,217514,2020-09-30
IBP,107.09,101.28,102.81,106.93,193489,2020-10-01
IBP,110.07,103.59,104.21,109.05,188902,2020-10-02
IBP,110,105.33,107.67,108.71,269947,2020-10-05
IBP,110.69,108.1,109.93,109.2,290296,2020-10-06
IBP,112.6,108.945,111.8,110.99,251584,2020-10-07
IBP,114.7,111.64,112.66,113.91,164004,2020-10-08
IBP,118.75,114.64,115.39,118.71,214051,2020-10-09
IBP,121.67,118.53,119.26,119.49,234172,2020-10-12
IBP,118.3138,113.67,117.6,115.78,298117,2020-10-13
IBP,117.14,114.61,115,114.87,170276,2020-10-14
IBP,116.06,107.81,110.26,115.25,274499,2020-10-15
IBP,116,113.38,113.68,113.39,167544,2020-10-16
IBP,113.64,108.55,112.54,109.04,259697,2020-10-19
IBP,110.3425,106.86,107.58,107.7,280907,2020-10-20
IBP,108.22,102.46,108.22,104.47,196018,2020-10-21
IBP,105.41,101.81,105.41,103.5,165261,2020-10-22
IBP,106.92,102.75,104.8,106.5,166682,2020-10-23
IBP,108.5,100.37,107.46,101.13,249017,2020-10-26
IBP,101.5,98.26,101.23,98.37,135005,2020-10-27
IBP,98.53,94.72,96.12,95.73,178064,2020-10-28
IBP,96.84,92.92,96.38,93.16,202019,2020-10-29
IBP,94.66,89.37,92.69,90.54,224904,2020-10-30
IBP,95.39,92,92.64,95.26,220176,2020-11-02
IBP,97.87,91.51,97.19,94.37,340906,2020-11-03
IBP,103.35,93.81,93.81,102.97,233010,2020-11-04
IBP,105.2,98.2841,100.72,101.25,379864,2020-11-05
IBP,101.59,94.48,101.59,94.48,246302,2020-11-06
IBP,101.59,85.18,101.29,85.46,426309,2020-11-09
IBP,95.5,85.5425,86.99,93.95,374239,2020-11-10
IBP,97.18,92,93.95,97.09,330248,2020-11-11
IBP,98.59,94.27,96.03,95.21,319337,2020-11-12
IBP,99.21,94.75,96.24,97.24,235893,2020-11-13
IBP,99.14,95.95,99.14,97.51,192159,2020-11-16
IBP,99.82,95.02,97.02,99.02,207759,2020-11-17
IBP,102.28,98.2183,98.5,99.09,210828,2020-11-18
IBP,102.34,98.54,98.91,101.51,216815,2020-11-19
IBP,101.12,98.85,100.82,100.58,172659,2020-11-20
IBP,106.27,99.58,101.05,106.02,253528,2020-11-23
IBP,107.32,99.3,106.87,100.35,256558,2020-11-24
IBP,102.96,99.575,100.46,101.09,297464,2020-11-25
IBP,101.68,98.23,100.81,100.9,70206,2020-11-27
IBP,100.79,95.16,100.79,98.82,179336,2020-11-30
IBP,100.02,96.1,100.02,96.43,254890,2020-12-01
IBP,96.5,93.84,96.5,95.34,165107,2020-12-02
IBP,98.29,95.12,95.32,96.41,337476,2020-12-03
IBP,96.86,92.66,96.73,92.74,193497,2020-12-04
IBP,95.765,91.8955,92.72,95.34,194024,2020-12-07
IBP,95.3,92.65,94.49,92.68,275305,2020-12-08
IBP,95.96,92.87,93.7,93.34,222375,2020-12-09
IBP,94.89,91.5884,92.44,94.05,160569,2020-12-10
IBP,95,92.92,93.82,93.76,111905,2020-12-11
IBP,96.13,93.47,95.01,94.71,226026,2020-12-14
IBP,101.41,95.81,96.08,100.94,246976,2020-12-15
IBP,102.95,99.05,101.7,100.09,206813,2020-12-16
IBP,107.06,101.34,101.34,106.92,226257,2020-12-17
IBP,111,106.95,107.88,107.12,421784,2020-12-18
IBP,108.35,103.1677,104.21,108.04,212701,2020-12-21
IBP,110.37,108.36,108.83,109.49,133415,2020-12-22
IBP,110.1,105.99,110.1,106.86,88412,2020-12-23
IBP,108.835,106.52,108.1,108.69,44926,2020-12-24
IBP,109.23,104.85,109.23,105.11,115375,2020-12-28
IBP,105.88,102.01,105.88,103.84,125916,2020-12-29
IBP,105.7625,103.19,104.45,103.79,137806,2020-12-30
IBP,103.77,101.04,103.66,101.93,129252,2020-12-31
IBP,105.97,101.285,105.91,102.8,199530,2021-01-04
IBP,106.57,101.12,101.77,105.01,255578,2021-01-05
IBP,109.28,103.07,105.43,107.98,302987,2021-01-06
IBP,113.27,109.17,109.17,112.89,179509,2021-01-07
IBP,113.52,106.14,113.52,106.59,148142,2021-01-08
IBP,110.06,104.01,104.74,108.87,148159,2021-01-11
IBP,110.6192,106.46,109.85,110.24,113167,2021-01-12
IBP,114.06,109.63,110.97,109.8,111814,2021-01-13
IBP,112.93,109.8,110.67,111.77,143907,2021-01-14
IBP,112.205,108.24,110.05,111.25,124931,2021-01-15
IBP,120.84,110.97,113.31,115.07,346127,2021-01-19
IBP,120.85,115.32,115.88,120.47,229638,2021-01-20
IBP,126.92,117.65,122.38,119.45,380611,2021-01-21
IBP,119.45,115.46,118.32,117.09,238213,2021-01-22
IBP,120,112.71,117.51,114.75,227723,2021-01-25
IBP,115.16,104.99,115.12,105.57,286221,2021-01-26
IBP,106.52,100.85,103.9,101.48,327730,2021-01-27
IBP,106.92,99.36,102.3,104.78,214736,2021-01-28
IBP,105.56,101,103.81,104.93,275579,2021-01-29
IBP,111.91,105.75,106.28,111.87,230225,2021-02-01
IBP,117.74,110.65,114.46,116.62,227825,2021-02-02
IBP,118.02,112.26,116.77,114.39,160286,2021-02-03
IBP,116.015,113.34,114.92,114.83,170347,2021-02-04
IBP,118.6,114.6,116.46,118.56,130122,2021-02-05
IBP,122.24,118.72,119.28,122.09,196559,2021-02-08
IBP,123.77,119.39,122.6,123.16,114946,2021-02-09
IBP,129.15,122.2801,124,126.42,249315,2021-02-10
IBP,129.15,125.81,126.85,129,145969,2021-02-11
IBP,130.11,128.02,128.55,128.39,150263,2021-02-12
IBP,128.55,122.69,128.27,123.33,145968,2021-02-16
IBP,123.75,119.195,122.03,122.28,204114,2021-02-17
IBP,122.17,119.113,122.16,119.59,117422,2021-02-18
IBP,127.7,121.19,121.19,126.63,318647,2021-02-19
IBP,126.87,122.67,126.26,123.32,385431,2021-02-22
IBP,123.94,118.38,123,122.92,245247,2021-02-23
IBP,120.97,108.6101,115.59,112.3,576213,2021-02-24
IBP,113.39,107,112.88,107.23,326573,2021-02-25
IBP,111.58,107.25,108.37,109.36,262979,2021-02-26
IBP,116.57,111.93,112.49,115.06,242858,2021-03-01
IBP,116.82,112.5,115.87,113.08,258813,2021-03-02
IBP,113.19,108.42,112.77,109,171679,2021-03-03
IBP,111.075,102.61,108.42,105.83,168964,2021-03-04
IBP,110.69,102.99,107.14,110.67,222380,2021-03-05
IBP,114.47,109.47,110.76,110.76,116089,2021-03-08
IBP,115.3,109.53,113.72,109.59,172803,2021-03-09
IBP,115.5,109.75,110.7,112.11,328228,2021-03-10
IBP,116.12,113.56,113.85,115,345385,2021-03-11
IBP,117.175,112.22,113.74,115.77,312959,2021-03-12
IBP,118.792,112.96,115.1,118.68,231749,2021-03-15
IBP,121.46,114.09,119.66,114.2,166206,2021-03-16
IBP,117.035,110.4817,112.61,116.96,160309,2021-03-17
IBP,115.64,108.85,115.28,109.28,151332,2021-03-18
IBP,113.43,109.46,110.57,111.69,353525,2021-03-19
IBP,114.71,109.595,112.06,111.8,159433,2021-03-22
IBP,111.8,104.98,110.77,105,239241,2021-03-23
IBP,109.1,105.63,106.87,105.82,191774,2021-03-24
IBP,109.47,103.3,103.84,108.54,199095,2021-03-25
IBP,113.69,109.27,109.5,113.26,134962,2021-03-26
IBP,113.935,108.48,113.23,108.52,198125,2021-03-29
IBP,111.57,106.36,107.4,110.46,190918,2021-03-30
IBP,113.78,110.08,111.83,110.88,139820,2021-03-31
IBP,116.86,112.29,112.29,116.33,167697,2021-04-01
IBP,118.84,115.29,118.08,117.02,222747,2021-04-05
IBP,118.51,115.5,117.54,118.01,184838,2021-04-06
IBP,118.3,115.32,117.78,115.58,137146,2021-04-07
IBP,119.15,114.51,119.15,116.77,151154,2021-04-08
IBP,121.92,116.525,116.6,121.28,229674,2021-04-09
IBP,123.56,119.4449,121.19,122.77,141968,2021-04-12
IBP,123.74,120.85,122.06,123.25,154151,2021-04-13
IBP,127.15,123.85,124.05,124.32,172487,2021-04-14
IBP,127.53,123.01,125.99,126.89,164220,2021-04-15
IBP,132.19,127.7901,128.14,131.68,225245,2021-04-16
IBP,133.23,129.73,131.68,132.07,279472,2021-04-19
IBP,132.97,125.79,132.56,128.15,266913,2021-04-20
IBP,131.34,127.89,127.89,129.99,237391,2021-04-21
IBP,132.09,127.495,130.44,128.55,237986,2021-04-22
IBP,133.3,128.1171,130.13,131.13,554328,2021-04-23
IBP,134.16,131.51,132.29,132.42,107812,2021-04-26
IBP,135.6269,132.27,132.5,133,114853,2021-04-27
IBP,133.5,130.72,133.48,132.12,114083,2021-04-28
IBP,136.39,133.11,133.49,136.01,196407,2021-04-29
IBP,135.52,133.77,134.43,134.65,216362,2021-04-30
IBP,137.96,135.42,136.43,137.65,243268,2021-05-03
IBP,139.815,135.78,137.03,139.59,232989,2021-05-04
IBP,140.58,137.23,140.24,138.79,299895,2021-05-05
IBP,139.76,134.4,139.76,137.92,444302,2021-05-06
IBP,128,122.06,124.33,127.57,856776,2021-05-07
IBP,130.77,123.84,125.44,128.57,467003,2021-05-10
IBP,125.905,121.745,123.94,122.25,539721,2021-05-11
IBP,122.76,115.46,121.04,115.89,528775,2021-05-12
IBP,121.63,116.64,116.64,121,313720,2021-05-13
IBP,124.55,121.27,121.96,123.32,176966,2021-05-14
IBP,122.5,118.62,121.93,120.9,203293,2021-05-17
IBP,121.05,116.235,120.84,116.54,200854,2021-05-18
IBP,115.4,111.17,113.49,114.84,206880,2021-05-19
IBP,118.3,114.34,115.22,116.47,184432,2021-05-20
IBP,118.55,114.15,118.06,115,218653,2021-05-21
IBP,116.32,114.64,116.32,115.23,433859,2021-05-24
IBP,118.03,115.41,116.27,116.37,472952,2021-05-25
IBP,120,116.545,117.03,119.23,181788,2021-05-26
IBP,120,117.8,119.64,118.11,178476,2021-05-27
IBP,119.5,117.05,119.49,118.6,155110,2021-05-28
IBP,120.97,118.17,119.38,120.45,303120,2021-06-01
IBP,119.85,117.13,119.85,117.64,300649,2021-06-02
IBP,117.8,114.47,116.8,117.22,280029,2021-06-03
IBP,119.9,115.78,118.67,119.71,137392,2021-06-04
IBP,120.49,118.615,120.06,119.3,125418,2021-06-07
IBP,121.58,118.79,120.1,121.13,211378,2021-06-08
IBP,122.38,119.01,121.24,119.2,238419,2021-06-09
IBP,119.13,114.66,119.13,115.01,178812,2021-06-10
IBP,117.72,115.11,115.61,117.5,178585,2021-06-11
IBP,118.17,112.3,116.76,113.29,263524,2021-06-14
IBP,115.03,112.59,113.38,114,219114,2021-06-15
IBP,114.29,111.28,112.81,112.42,260681,2021-06-16
IBP,113.38,110.13,111.96,111.43,259712,2021-06-17
IBP,113.41,109.4105,109.64,111.12,372507,2021-06-18
IBP,115.26,111.89,111.89,115.25,247600,2021-06-21
IBP,115.2,113.55,114.62,114.96,255300,2021-06-22
IBP,115.28,112.8,114.72,115,348100,2021-06-23
IBP,117.46,114.97,116.39,116.57,272900,2021-06-24
IBP,117.45,115.86,116.43,116.18,221300,2021-06-25
IBP,119.13,115.88,116.78,118.93,205500,2021-06-28
IBP,121.67,118.93,119.12,120.74,205000,2021-06-29
IBP,122.81,119.48,120.27,122.36,198000,2021-06-30
IBP,125.15,121.54,122.61,124.45,261400,2021-07-01
IBP,125.13,119.99,125.13,120.48,177900,2021-07-02
IBP,121.45,115.68,120.82,117.65,247800,2021-07-06
IBP,120.01,116.97,117.24,118.5,169200,2021-07-07
IBP,117.67,113.18,115.86,114.71,199700,2021-07-08
IBP,118.33,114.33,115.83,116.26,242700,2021-07-09
IBP,116.94,113.74,116.18,116.86,286700,2021-07-12
IBP,116.315,112.36,115.72,112.63,164781,2021-07-13
