Date,Open,High,Low,Close,AdjustedClose,Volume
2014-10-29,32,33.65,31.5,33.55,33.55,33437102
2014-10-30,34,34.44,33.06,33.2,33.2,1907039
2014-10-31,33.87,33.92,33.31,33.69,33.69,779010
2014-11-03,34.43,34.66,33.75,33.8,33.8,854720
2014-11-04,33.82,33.95,31.75,32.59,32.59,994400
2014-11-05,32.74,32.89,31.7,31.95,31.95,857225
2014-11-06,31.79,33.45,31.79,32.6,32.6,683339
2014-11-07,32.83,35.23,32.5,34.18,34.18,472303
2014-11-10,34.54,35.98,34.25,35.62,35.62,504449
2014-11-11,36.03,37.08,35.55,36.84,36.84,387608
2014-11-12,36.59,37.48,36.5,36.78,36.78,386890
2014-11-13,37.15,37.23,33.96,34.74,34.74,474702
2014-11-14,34.74,35.77,34.49,35.68,35.68,151916
2014-11-17,35.86,36.14,35.1,35.37,35.37,334433
2014-11-18,35.72,37.03,35.37,36.99,36.99,323865
2014-11-19,37,37.5,36.5,36.62,36.62,247051
2014-11-20,36.41,36.62,35.4,35.61,35.61,287907
2014-11-21,36,36.95,35.06,35.22,35.22,218654
2014-11-24,35.67,36.94,35.51,36.84,36.84,437337
2014-11-25,36.85,39.44,36.85,38.2,38.2,475910
2014-11-26,38.91,39.3099,37.68,38.41,38.41,760000
2014-11-28,37.95,38.19,35.52,36.52,36.52,887685
2014-12-01,36.22,36.4999,33.21,34.3,34.3,823745
2014-12-02,34.22,37.665,34.2,34.28,34.28,397232
2014-12-03,34.44,36.5,34.36,36.09,36.09,362816
2014-12-04,36.5,37.47,35.57,36.7,36.7,417668
2014-12-05,36.66,37.29,36.57,37.04,37.04,375831
2014-12-08,36.82,37,34.49,34.6,34.6,744974
2014-12-09,34.12,34.98,33.23,34.52,34.52,1452698
2014-12-10,33.92,34.38,32.51,33.2,33.2,1044770
2014-12-11,33.88,35.64,33.75,33.98,33.98,429769
2014-12-12,33.33,34.45,33.25,33.86,33.86,1404874
2014-12-15,34.31,34.6,33.51,34.19,34.19,223286
2014-12-16,33.75,36.5,33.75,34.9,34.9,326972
2014-12-17,35.02,37.4,34.68,36.18,36.18,372871
2014-12-18,36.85,36.85,35.61,35.9,35.9,307240
2014-12-19,36.11,36.11,34.5,35.33,35.33,743387
2014-12-22,35.78,36.42,35.61,36.09,36.09,221427
2014-12-23,36.09,36.7,35.12,35.59,35.59,265594
2014-12-24,35.77,36.42,35.115,35.27,35.27,256957
2014-12-26,35.62,36.1,35.11,36,36,219822
2014-12-29,36.2,38.43,35.9,38.1,38.1,377543
2014-12-30,38.04,40,37.1601,39.49,39.49,256877
2014-12-31,39.68,41.46,39.234,40.98,40.98,304794
2015-01-02,41,42.83,40.52,41.99,41.99,415585
2015-01-05,41.58,42.82,41.2,41.87,41.87,377856
2015-01-06,41.71,42.108,39.66,40.95,40.95,298799
2015-01-07,41.43,41.76,39.96,40.57,40.57,280747
2015-01-08,41.07,41.76,40.59,41.19,41.19,100082
2015-01-09,41.47,41.47,40.4,40.69,40.69,149711
2015-01-12,40.8,40.894,37.28,37.74,37.74,263163
2015-01-13,38.1,38.44,35.02,35.54,35.54,485216
2015-01-14,35,36.29,35,35.74,35.74,451695
2015-01-15,36.26,38.05,36.26,36.61,36.61,208137
2015-01-16,37,38.03,36.27,37.54,37.54,284934
2015-01-20,37.38,39.4,36.71,38.95,38.95,125295
2015-01-21,39.08,40.26,38.6801,39.93,39.93,221017
2015-01-22,40.01,40.59,39.56,40.53,40.53,158413
2015-01-23,40.48,41.69,40.3718,41.01,41.01,251473
2015-01-26,41.3,42.23,40.6401,42.12,42.12,108818
2015-01-27,41.68,41.68,40.51,40.52,40.52,158675
2015-01-28,40.97,40.97,39.6,39.63,39.63,119385
2015-01-29,38.93,40.5,38.8901,39.3,39.3,117114
2015-01-30,39.34,40.05,38.66,40.02,40.02,204709
2015-02-02,40.13,40.5699,39.13,39.29,39.29,154411
2015-02-03,39.74,40.69,39.36,40.59,40.59,78614
2015-02-04,39.85,40.31,39.04,39.3,39.3,74459
2015-02-05,39.36,40.43,38.8201,39.74,39.74,418603
2015-02-06,40,40,38.01,38.77,38.77,439108
2015-02-09,39.2,39.22,38.68,38.72,38.72,154295
2015-02-10,38.86,40.64,38.85,39.28,39.28,299475
2015-02-11,39,39.91,38.96,39.12,39.12,157986
2015-02-12,39.16,40.99,39.16,40.25,40.25,115981
2015-02-13,40.24,42.37,39.9301,41.66,41.66,150456
2015-02-17,42,42.4999,41.41,42.04,42.04,148620
2015-02-18,42.06,42.79,41.96,42.13,42.13,70326
2015-02-19,41.65,41.87,40.423,41.72,41.72,222471
2015-02-20,41.93,41.93,41.15,41.27,41.27,79997
2015-02-23,41.19,41.483,39.98,40.09,40.09,611043
2015-02-24,39.9,41,38.86,39.29,39.29,665065
2015-02-25,39.17,40.28,38.98,39.5,39.5,214176
2015-02-26,39.41,39.6,38.8,39.01,39.01,748343
2015-02-27,39.46,39.635,38.89,39.06,39.06,886845
2015-03-02,39.06,39.9,38.92,39.37,39.37,373935
2015-03-03,40.02,40.8,39.66,39.99,39.99,279065
2015-03-04,39.95,40.06,38.7,39.33,39.33,204196
2015-03-05,39.01,39.29,38.58,39.08,39.08,162395
2015-03-06,39.02,39.274,38.7,38.74,38.74,562049
2015-03-09,38.78,39.0299,38.2,38.26,38.26,111053
2015-03-10,38.01,39.35,37.42,39.32,39.32,179283
2015-03-11,39.55,40.26,38.05,38.05,38.05,173809
2015-03-12,38.06,38.5,37.86,38.14,38.14,80798
2015-03-13,37.88,38.59,37.716,37.85,37.85,238171
2015-03-16,37.62,39.15,37,38.63,38.63,203149
2015-03-17,37.9,39.1,37.89,38.88,38.88,130417
2015-03-18,38.78,39.21,38.78,38.95,38.95,173975
2015-03-19,39.34,39.34,38.69,38.97,38.97,87490
2015-03-20,39.16,39.37,38.5009,39.05,39.05,199302
2015-03-23,38.99,39.1499,38.2,38.85,38.85,55737
2015-03-24,38.35,39.22,38.2,38.27,38.27,134337
2015-03-25,38.36,38.9999,38.1801,38.78,38.78,277826
2015-03-26,38.94,39.23,38.67,38.86,38.86,128286
2015-03-27,38.75,39.18,38.75,38.92,38.92,128989
2015-03-30,38.61,39.06,38.51,38.98,38.98,105834
2015-03-31,38.76,39.1,38.681,39,39,218686
2015-04-01,39.07,39.1,38.56,38.69,38.69,88780
2015-04-02,38.42,38.86,38.316,38.55,38.55,187329
2015-04-06,38.52,38.82,36.6,36.84,36.84,1254471
2015-04-07,36.84,37.4775,36.27,37.22,37.22,648504
2015-04-08,37.38,39.1,37.38,38.93,38.93,383333
2015-04-09,39.06,39.125,38.81,38.94,38.94,203743
2015-04-10,38.93,39.06,38.32,39,39,167981
2015-04-13,39.15,39.15,38.39,38.55,38.55,127578
2015-04-14,38.6,39.25,38.1652,38.98,38.98,223397
2015-04-15,39,39.01,38.5,38.88,38.88,150737
2015-04-16,38.87,39.03,38.72,38.94,38.94,198643
2015-04-17,38.64,39.28,38.64,38.99,38.99,157405
2015-04-20,39.09,39.12,38.78,38.86,38.86,190893
2015-04-21,38.95,39.01,38.73,38.91,38.91,132800
2015-04-22,39.03,39.03,38.6926,38.86,38.86,130930
2015-04-23,39.03,39.7,38.36,38.46,38.46,171329
2015-04-24,38.46,39.35,38.25,39.16,39.16,211916
2015-04-27,39.16,39.44,38.56,39,39,171397
2015-04-28,38.93,39.33,38.8901,39.02,39.02,78404
2015-04-29,38.91,39.2,38.56,38.99,38.99,191730
2015-04-30,38.939,40.29,38.859,40.19,40.19,337727
2015-05-01,40.51,41.65,40.34,41.2,41.2,156386
2015-05-04,41.12,42.85,41.1116,41.55,41.55,160174
2015-05-05,41.58,41.74,39.77,40.26,40.26,111030
2015-05-06,40.74,41.11,40.07,40.45,40.45,77267
2015-05-07,40.34,41.055,39.76,40.42,40.42,71339
2015-05-08,40.7,40.94,40.4,40.49,40.49,107358
2015-05-11,40.3,41.22,40.2843,41.13,41.13,80822
2015-05-12,41.04,42,40.281,41.45,41.45,124370
2015-05-13,42,45.13,41.9799,42.97,42.97,371923
2015-05-14,43.32,45.43,42.86,44.11,44.11,415572
2015-05-15,44.03,44.75,43.82,44.19,44.19,148932
2015-05-18,44.4,44.4,43.77,43.86,43.86,99698
2015-05-19,43.94,44.08,43.5,43.65,43.65,221862
2015-05-20,43.82,43.98,43.5,43.75,43.75,140989
2015-05-21,43.66,44.375,42.36,42.73,42.73,105044
2015-05-22,42.71,44.5,42.3001,44.32,44.32,275854
2015-05-26,44.32,44.52,43.62,44.25,44.25,156033
2015-05-27,44.68,44.68,43.66,44.23,44.23,185183
2015-05-28,44.26,45.29,43.635,44.97,44.97,293334
2015-05-29,44.89,44.99,44.53,44.9,44.9,181317
2015-06-01,44.86,47.58,44.73,46.73,46.73,451092
2015-06-02,47.03,48.19,46.74,48,48,403947
2015-06-03,48,48.61,47.24,47.35,47.35,354273
2015-06-04,47.27,47.95,46.76,47.01,47.01,360569
2015-06-05,46.86,47.5099,46.804,47.39,47.39,253058
2015-06-08,47.19,47.39,46.76,46.8,46.8,343319
2015-06-09,46.8,47.215,46.72,46.95,46.95,463448
2015-06-10,47.15,47.65,47.03,47.3,47.3,420942
2015-06-11,47.3,48.32,46.72,47.74,47.74,405668
2015-06-12,49.25,49.77,47.1,47.16,47.16,1174633
2015-06-15,46.8,46.88,44.86,45.49,45.49,650681
2015-06-16,45.49,46.4983,45.36,45.66,45.66,506090
2015-06-17,45.85,46.77,45.66,46.38,46.38,441964
2015-06-18,46.74,47.18,46.22,46.41,46.41,544861
2015-06-19,46.49,47,45.67,46.5,46.5,7100461
2015-06-22,46.5,46.725,45.62,46.62,46.62,550617
2015-06-23,46.56,47.1,46.2601,46.5,46.5,629740
2015-06-24,46.36,47.15,46.24,47.15,47.15,165791
2015-06-25,46.99,47.92,46.99,47.22,47.22,165279
2015-06-26,47.75,47.75,47.147,47.59,47.59,621587
2015-06-29,47.11,47.389,45.94,46.13,46.13,213724
2015-06-30,46.23,46.94,45.51,45.65,45.65,238909
2015-07-01,46.18,46.53,45.45,45.47,45.47,118858
2015-07-02,45.76,45.8,44.6,45.7,45.7,148126
2015-07-06,45.52,46.0699,44.86,45.4,45.4,160491
2015-07-07,45.46,46.06,44.7,46.06,46.06,317776
2015-07-08,45.85,46.1,44.91,45.49,45.49,147614
2015-07-09,45.6,46.0299,45.21,45.5,45.5,106045
2015-07-10,45.69,46.54,45.1801,45.89,45.89,225436
2015-07-13,45.84,48.39,45.84,47.01,47.01,263630
2015-07-14,46.85,48.19,46.675,48.17,48.17,243831
2015-07-15,48.14,48.165,47.0901,47.66,47.66,200761
2015-07-16,47.79,47.86,45.88,46.12,46.12,232232
2015-07-17,46.01,46.1,44.01,45,45,326620
2015-07-20,44.65,45,40.95,41.44,41.44,553298
2015-07-21,40.94,42.45,40.81,42.38,42.38,343254
2015-07-22,42.26,42.74,40.59,41.06,41.06,424501
2015-07-23,40.56,42.13,40.56,41.63,41.63,704249
2015-07-24,41.48,41.8,40.72,41.69,41.69,268856
2015-07-27,41.28,41.65,40.26,41.49,41.49,140593
2015-07-28,41.59,43.04,41.1772,42.84,42.84,329772
2015-07-29,42.93,43.8695,42.33,43.49,43.49,215198
2015-07-30,43.66,43.66,41.48,42.1,42.1,264122
2015-07-31,42.91,43.37,41.855,42.46,42.46,226133
2015-08-03,42.01,43.89,41.0918,43.51,43.51,354386
2015-08-04,43.72,44.8599,41.36,41.68,41.68,191311
2015-08-05,41.8,42.81,39.81,39.95,39.95,331996
2015-08-06,39.71,39.74,37.83,38.13,38.13,808994
2015-08-07,37.42,39.54,35.81,38.41,38.41,430251
2015-08-10,38.51,39.68,36.63,39.57,39.57,514629
2015-08-11,39.06,41.97,38.48,39.66,39.66,269251
2015-08-12,40.12,41.13,38.82,39.57,39.57,295537
2015-08-13,39.54,40.295,38.31,38.63,38.63,232551
2015-08-14,38.65,39.5,37.68,39.26,39.26,192845
2015-08-17,39.12,40.28,38.98,40.03,40.03,114849
2015-08-18,39.9,40.48,39.69,39.85,39.85,124673
2015-08-19,39.65,40.31,39.47,39.7,39.7,161984
2015-08-20,39.43,41.01,39.05,39.68,39.68,225449
2015-08-21,39.41,39.55,38.01,38.41,38.41,289138
2015-08-24,36.2,37.34,33.05,36.1,36.1,638416
2015-08-25,37.01,37.231,35.81,35.97,35.97,330675
2015-08-26,36.46,37.25,35.63,37.15,37.15,354497
2015-08-27,37.37,39.62,37.2,39.13,39.13,412683
2015-08-28,39.08,40.03,38.46,39.16,39.16,330604
2015-08-31,39,40.63,38.18,39.57,39.57,172280
2015-09-01,38.9,39.89,37.778,38.83,38.83,258315
2015-09-02,39.21,39.541,38.24,39.38,39.38,197089
2015-09-03,39.65,39.9,38.74,38.87,38.87,210158
2015-09-04,38.19,39.48,38.19,38.4,38.4,197770
2015-09-08,38.93,39.418,38.2,38.36,38.36,155516
2015-09-09,38.83,39,36.58,36.58,36.58,190575
2015-09-10,36.68,37.3349,35.99,36.23,36.23,191538
2015-09-11,36.04,36.44,34.07,34.46,34.46,388482
2015-09-14,34.5,35.09,33.71,34.12,34.12,438826
2015-09-15,34.27,34.49,33.87,34.11,34.11,273020
2015-09-16,34.32,35,34.1201,34.58,34.58,289809
2015-09-17,34.63,35.43,34.63,35.41,35.41,263565
2015-09-18,34.98,35.64,34.09,35.03,35.03,1282996
2015-09-21,35.07,35.405,34.35,34.37,34.37,164891
2015-09-22,33.91,34.33,31.41,32.38,32.38,371191
2015-09-23,32.5,33.012,30.27,30.5,30.5,545313
2015-09-24,30.25,30.6,28.19,29.53,29.53,803194
2015-09-25,30,30.33,29.24,29.28,29.28,839500
2015-09-28,28.83,29.45,27.64,28.76,28.76,383252
2015-09-29,28.93,29.19,25.13,25.2,25.2,583063
2015-09-30,25.76,29.43,25.2,29.43,29.43,1489988
2015-10-01,29.45,31.655,29.11,31.26,31.26,597235
2015-10-02,30.9,33.95,30.21,33.46,33.46,775079
2015-10-05,33.79,37.35,33.79,37.3,37.3,658640
2015-10-06,37.12,37.87,36.26,37.29,37.29,585015
2015-10-07,37.77,38.07,36.18,37.67,37.67,512847
2015-10-08,37.57,38.49,36.85,38.29,38.29,408811
2015-10-09,38.29,38.85,37.49,38.79,38.79,158361
2015-10-12,38.67,38.67,37.17,37.56,37.56,287470
2015-10-13,37.29,37.38,36.75,37.03,37.03,206311
2015-10-14,37.14,37.47,36.31,36.65,36.65,165383
2015-10-15,36.8,37.16,35.8,36.73,36.73,188965
2015-10-16,36.6,37.91,36.6,37.69,37.69,454882
2015-10-19,37.46,37.82,35.52,36.44,36.44,216480
2015-10-20,35.75,36.29,35.44,36.18,36.18,107831
2015-10-21,36.37,36.37,34.5,34.9,34.9,118750
2015-10-22,34.98,34.98,32.95,33.36,33.36,248245
2015-10-23,33.68,33.95,32.59,33.25,33.25,250498
2015-10-26,33.04,33.22,31.28,31.71,31.71,466135
2015-10-27,31.47,31.58,30.33,30.56,30.56,217672
2015-10-28,31.14,32.98,30.36,31.96,31.96,331430
2015-10-29,30.83,33.39,30.83,32.54,32.54,114783
2015-10-30,32.67,34.75,32.5,34.23,34.23,255484
2015-11-02,33.98,34.84,33.67,33.83,33.83,349288
2015-11-03,33.57,34.62,33.5,34.16,34.16,326626
2015-11-04,34.4,34.6199,32.63,32.89,32.89,199165
2015-11-05,32.75,33.5381,31.88,32.41,32.41,160328
2015-11-06,32.21,33.335,31.4899,33.14,33.14,237226
2015-11-09,32.98,33.77,32.45,33.19,33.19,174655
2015-11-10,32.95,34.43,32.7001,34.14,34.14,153045
2015-11-11,34.21,35.17,32.47,33.55,33.55,299030
2015-11-12,33.34,34.3,33.11,33.29,33.29,2124456
2015-11-13,33.28,33.69,31.98,32.47,32.47,429952
2015-11-16,32.55,33.2,32.55,32.98,32.98,287976
2015-11-17,33.02,33.25,32.26,33.05,33.05,329590
2015-11-18,33.25,34.636,33.06,33.93,33.93,301211
2015-11-19,33.23,33.8,32.6,33.28,33.28,368061
2015-11-20,33.76,33.76,32.84,33.38,33.38,423552
2015-11-23,33.39,33.96,32.8,33.9,33.9,327309
2015-11-24,33.94,35.2,33.57,34.99,34.99,366683
2015-11-25,34.99,35.49,34.4,35.26,35.26,282502
2015-11-27,35.01,35.49,34.735,35.49,35.49,111015
2015-11-30,35.89,35.89,34.79,34.87,34.87,308156
2015-12-01,34.79,35.41,34.17,34.49,34.49,288242
2015-12-02,34.1,34.25,32,33.35,33.35,591641
2015-12-03,33.37,33.6899,31.69,32.1,32.1,385448
2015-12-04,31.82,32.2,31.32,31.98,31.98,378590
2015-12-07,31.3,31.68,29.75,31.56,31.56,834293
2015-12-08,30.93,33.07,30.83,32.34,32.34,621643
2015-12-09,32.62,35.16,32.53,34.3,34.3,681600
2015-12-10,33.81,34.94,33.03,34.72,34.72,596874
2015-12-11,34.49,34.49,32.62,33.61,33.61,433437
2015-12-14,33.84,34.29,32.16,32.98,32.98,386584
2015-12-15,33.77,33.8,32.06,33.55,33.55,397018
2015-12-16,33.54,36.5,33.3,35.92,35.92,643579
2015-12-17,36.22,37.13,35.09,36.67,36.67,890063
2015-12-18,36.61,37.68,35.77,37.05,37.05,1919705
2015-12-21,36.93,38.17,36.68,38.17,38.17,610509
2015-12-22,37.97,41.04,37.9,40.47,40.47,750710
2015-12-23,40.75,41.86,40.15,40.71,40.71,723929
2015-12-24,40.5,41.42,39.7601,40.04,40.04,266624
2015-12-28,39.6,40.54,38.05,40.42,40.42,533780
2015-12-29,40.42,41.173,38.87,40.48,40.48,372813
2015-12-30,39.48,40.14,39.03,39.4,39.4,258198
2015-12-31,39.36,41.65,38.79,41.52,41.52,492948
2016-01-04,41.1,42.29,39.95,42.25,42.25,485092
2016-01-05,42.17,42.18,40.14,41.14,41.14,572963
2016-01-06,40.29,40.6799,38.77,40.04,40.04,337351
2016-01-07,39.07,40.43,37.9416,38.22,38.22,504503
2016-01-08,38.68,39.26,37.43,37.67,37.67,295815
2016-01-11,37.39,37.77,34.3,35.42,35.42,617422
2016-01-12,36.11,36.5,33.51,35.95,35.95,451541
2016-01-13,36.47,36.83,33.775,35.93,35.93,599750
2016-01-14,35.94,37.65,35.68,37.47,37.47,482119
2016-01-15,36.18,37.33,34.99,36,36,502498
2016-01-19,36.27,36.72,32.87,33.17,33.17,505341
2016-01-20,33,33,30.05,31.86,31.86,491075
2016-01-21,32.03,34.37,31.62,33.02,33.02,423479
2016-01-22,33.84,36.2999,33.84,35.82,35.82,478486
2016-01-25,35.34,37.5866,33.6,34.67,34.67,569693
2016-01-26,35.17,36.2,33.61,35.62,35.62,444145
2016-01-27,35.18,36.4399,34.52,35.15,35.15,471987
2016-01-28,36.35,37.36,34.74,35.7,35.7,247589
2016-01-29,36.01,36.87,35.4801,35.56,35.56,267337
2016-02-01,35.02,35.76,34,35.24,35.24,346512
2016-02-02,34.25,36.06,33.73,35.07,35.07,412842
2016-02-03,35.51,35.863,33.33,34.92,34.92,276269
2016-02-04,35.21,36.879,34.57,36.49,36.49,218444
2016-02-05,36.04,37.23,35.65,36.22,36.22,314442
2016-02-08,34.64,35.412,31.6,33.1,33.1,531535
2016-02-09,32.95,33.37,31.76,32.01,32.01,397268
2016-02-10,31.78,33.25,31.19,32.83,32.83,458346
2016-02-11,31.88,32.79,30.15,31.14,31.14,547629
2016-02-12,31.69,33.3,31.17,32.61,32.61,337126
2016-02-16,33.32,35.7,33.23,34.55,34.55,1323126
2016-02-17,35.03,37.97,34.89,35.41,35.41,675354
2016-02-18,36.02,36.66,34.79,35.68,35.68,676216
2016-02-19,35.07,36.49,35.04,35.85,35.85,475703
2016-02-22,36.37,38.035,36.222,37.75,37.75,411252
2016-02-23,37.64,37.64,35.66,36.17,36.17,280755
2016-02-24,35.79,37.315,34.34,35.48,35.48,267617
2016-02-25,35.42,35.733,33.5,33.73,33.73,383111
2016-02-26,33.97,35.8,33.9,34.77,34.77,308116
2016-02-29,34.91,37.12,34.27,35.55,35.55,246196
2016-03-01,36.08,37.14,35.31,35.77,35.77,332107
2016-03-02,35.41,36.8,34.77,35.81,35.81,363385
2016-03-03,35.66,36.87,35.51,35.53,35.53,467753
2016-03-04,35.95,36.48,35.18,35.73,35.73,393636
2016-03-07,35.72,37.67,35.72,36.49,36.49,659577
2016-03-08,36.11,36.81,34.8763,34.94,34.94,531187
2016-03-09,35,35.315,33.8,34.46,34.46,403240
2016-03-10,34.25,34.68,33.355,34,34,342647
2016-03-11,34.45,34.93,33.75,34.11,34.11,1454647
2016-03-14,33.82,34.28,33.15,33.52,33.52,302511
2016-03-15,33.24,34.22,32.28,34.12,34.12,352001
2016-03-16,34.36,35.34,33.98,34.72,34.72,1009836
2016-03-17,34.83,36.06,34.59,35.03,35.03,820565
2016-03-18,35.35,36.3,34.51,34.88,34.88,1347071
2016-03-21,34.84,35.02,32.7,33.33,33.33,489175
2016-03-22,32.84,34.19,32.84,34.03,34.03,578302
2016-03-23,33.51,34,32.85,33.3,33.3,6346377
2016-03-24,32.7,33.85,32.46,33.6,33.6,979581
2016-03-28,33.67,34.09,33.25,34,34,881145
2016-03-29,33.71,35.13,33.37,34.94,34.94,992526
2016-03-30,35.39,36.4,35.11,36.35,36.35,808844
2016-03-31,36.07,37.14,35.58,36.61,36.61,1249261
2016-04-01,36.15,36.47,35.315,35.64,35.64,407339
2016-04-04,35.57,36.24,34.92,35.23,35.23,424884
2016-04-05,35,35,34.05,34.16,34.16,395395
2016-04-06,34.48,34.93,34.22,34.48,34.48,333967
2016-04-07,34.21,34.75,33.95,34.45,34.45,395847
2016-04-08,34.92,35.98,34.89,35.33,35.33,522795
2016-04-11,35.55,35.95,34.61,35.58,35.58,292248
2016-04-12,35.38,35.97,35.16,35.29,35.29,458508
2016-04-13,35.39,35.77,34.8801,35.35,35.35,254958
2016-04-14,35.36,35.7341,34.32,34.4,34.4,219882
2016-04-15,34.17,34.54,33.81,33.99,33.99,599324
2016-04-18,33.61,35.32,33.61,34.66,34.66,192946
2016-04-19,34.76,35.198,34.51,35.1,35.1,230400
2016-04-20,34.83,36.1,34.559,35.85,35.85,285597
2016-04-21,35.87,36.48,35.28,36.13,36.13,665715
2016-04-22,36.2,37.17,35.98,37.04,37.04,421708
2016-04-25,36.98,37.11,36.43,36.94,36.94,267684
2016-04-26,37.29,37.372,36.29,36.5,36.5,474798
2016-04-27,36.92,37.42,36.59,37.2,37.2,333278
2016-04-28,36.7,37.5,35.97,37.1,37.1,227723
2016-04-29,37.24,37.96,36.45,37.77,37.77,319258
2016-05-02,38.1,38.49,36.74,37.32,37.32,249531
2016-05-03,37.1,37.1,36.08,36.76,36.76,260014
2016-05-04,37.03,37.25,35.89,36.23,36.23,173443
2016-05-05,36.77,37.8099,35.98,36.47,36.47,334034
2016-05-06,36.4,36.66,35.59,35.77,35.77,406767
2016-05-09,35.76,35.89,34.68,35.36,35.36,499552
2016-05-10,35.35,36.75,35.32,36.37,36.37,397765
2016-05-11,36.07,36.99,35.0741,36.03,36.03,527715
2016-05-12,36.59,37,35.87,36.18,36.18,229619
2016-05-13,35.98,36.35,35.84,36.19,36.19,348007
2016-05-16,36.64,37.39,36.42,36.55,36.55,350109
2016-05-17,36.49,37.6499,36.17,36.39,36.39,454822
2016-05-18,33.96,34,33.19,33.25,33.25,7641346
2016-05-19,33.25,33.98,33.03,33.47,33.47,1659032
2016-05-20,33.51,33.94,33.1,33.87,33.87,1275077
2016-05-23,33.83,33.97,33.13,33.4,33.4,1488091
2016-05-24,33.5,33.71,33.15,33.16,33.16,654503
2016-05-25,33.25,33.5299,33.15,33.33,33.33,979734
2016-05-26,33.57,33.59,33.1,33.25,33.25,773301
2016-05-27,33.15,33.55,33.15,33.49,33.49,367217
2016-05-31,33.5,33.94,33.47,33.75,33.75,1107430
2016-06-01,33.74,34.05,33.37,33.82,33.82,665707
2016-06-02,33.73,34.35,33.7,34.31,34.31,599438
2016-06-03,34.28,34.47,33.95,34.15,34.15,613906
2016-06-06,34.48,34.74,33.85,34.71,34.71,743447
2016-06-07,34.97,35.05,34.7,34.73,34.73,1070604
2016-06-08,34.94,35.17,34.06,34.36,34.36,519229
2016-06-09,34.04,34.5,33.56,33.61,33.61,612820
2016-06-10,33.2,33.664,32.96,33.12,33.12,725353
2016-06-13,32.75,33.38,32.75,33.07,33.07,656352
2016-06-14,32.9,33.18,32.76,32.81,32.81,2113209
2016-06-15,32.85,33.11,32.62,32.87,32.87,1121701
2016-06-16,32.55,33,31.31,32.79,32.79,957900
2016-06-17,32.84,33.49,32.62,33.14,33.14,3772382
2016-06-20,33.62,34.21,31.97,32,32,937821
2016-06-21,32.01,32.24,31.61,32,32,812975
2016-06-22,32.09,32.53,31.9628,32.23,32.23,607027
2016-06-23,32.47,32.58,32.19,32.51,32.51,436638
2016-06-24,31.48,32.4399,31.0244,31.96,31.96,503407
2016-06-27,31.8,31.8,31.12,31.5,31.5,1010558
2016-06-28,31.96,32.285,31.28,32.19,32.19,412168
2016-06-29,32.31,33.36,32.25,33.28,33.28,345158
2016-06-30,33.34,34.04,32.67,33.79,33.79,634389
2016-07-01,33.99,34.25,33.16,34.07,34.07,319202
2016-07-05,33.15,34.07,32.68,33.26,33.26,296335
2016-07-06,33.16,33.6,32.42,33.3,33.3,597270
2016-07-07,33.47,34,32.426,32.85,32.85,365650
2016-07-08,32.85,33.03,32.54,32.97,32.97,250419
2016-07-11,33.03,33.39,32.42,32.87,32.87,361414
2016-07-12,33.32,33.92,33.06,33.3,33.3,509683
2016-07-13,33.2,33.56,32.83,33.14,33.14,393825
2016-07-14,33.44,33.64,32.97,33.38,33.38,332293
2016-07-15,33.55,33.83,32.96,33.13,33.13,284388
2016-07-18,33.2,33.48,32.36,32.57,32.57,362384
2016-07-19,32.28,32.965,32.21,32.83,32.83,238679
2016-07-20,32.95,33.67,32.57,33.34,33.34,452303
2016-07-21,33.15,33.4,32.51,32.91,32.91,431210
2016-07-22,32.84,33.15,32.64,33.1,33.1,191267
2016-07-25,33.04,33.13,32.59,33.06,33.06,301446
2016-07-26,32.63,33.17,32.32,32.71,32.71,245739
2016-07-27,32.65,32.99,32.22,32.49,32.49,234481
2016-07-28,32.21,32.46,31.78,32.1,32.1,311313
2016-07-29,32.05,32.655,32.05,32.51,32.51,187047
2016-08-01,32.11,32.63,31.62,31.99,31.99,239440
2016-08-02,32.46,33.61,31.61,31.87,31.87,494278
2016-08-03,32.62,32.62,31.03,31.26,31.26,700493
2016-08-04,31,31.785,30.33,31,31,359572
2016-08-05,31.2,31.2518,30.78,30.89,30.89,462660
2016-08-08,31.29,31.73,31.225,31.51,31.51,316041
2016-08-09,31.56,31.66,30.81,31.04,31.04,336449
2016-08-10,31.03,31.195,30.32,30.69,30.69,526216
2016-08-11,30.95,30.97,30.44,30.7,30.7,158015
2016-08-12,30.92,31.21,30.65,31.08,31.08,273966
2016-08-15,31.32,31.5,31.04,31.2,31.2,254008
2016-08-16,31.2,31.33,30.81,30.86,30.86,354718
2016-08-17,30.95,31.26,30.6,31.23,31.23,412790
2016-08-18,31.91,32.0599,31.22,31.41,31.41,462916
2016-08-19,31.4,31.55,30.79,31.03,31.03,224960
2016-08-22,30.87,31.27,30.59,30.82,30.82,338948
2016-08-23,30.93,31.08,30.28,30.45,30.45,374415
2016-08-24,30.45,30.56,30,30.19,30.19,236843
2016-08-25,30.27,30.32,30.05,30.24,30.24,191984
2016-08-26,30.42,30.52,30.06,30.26,30.26,215008
2016-08-29,30.11,30.67,30,30.64,30.64,294386
2016-08-30,30.81,31.33,30.4,30.75,30.75,217605
2016-08-31,30.52,30.98,30.19,30.47,30.47,552171
2016-09-01,30.49,30.56,30,30.53,30.53,150513
2016-09-02,30.84,30.9199,30.375,30.91,30.91,179397
2016-09-06,31.03,31.21,30.68,31.08,31.08,230158
2016-09-07,31.19,31.38,30.62,30.76,30.76,281361
2016-09-08,31,31.22,30.65,30.74,30.74,430938
2016-09-09,31.35,31.38,30.13,30.22,30.22,492853
2016-09-12,30,30.74,30,30.57,30.57,513487
2016-09-13,30.3,30.43,29.56,29.8,29.8,658924
2016-09-14,29.67,30.44,29.4667,29.83,29.83,422267
2016-09-15,29.85,30.0099,29.49,29.71,29.71,367816
2016-09-16,29.51,29.85,29.48,29.68,29.68,401368
2016-09-19,29.67,30.22,29.67,30.05,30.05,275818
2016-09-20,29.97,30.12,29.61,29.63,29.63,140242
2016-09-21,30.03,30.15,29.57,29.83,29.83,328431
2016-09-22,30.36,30.61,29.8,30.55,30.55,523298
2016-09-23,30.55,31.74,30.55,31.11,31.11,519974
2016-09-26,31.21,32.23,31.01,32.08,32.08,534200
2016-09-27,31.68,31.88,31.37,31.76,31.76,271403
2016-09-28,32.03,32.21,31.48,31.74,31.74,301492
2016-09-29,31.8,31.95,31.1,31.35,31.35,191844
2016-09-30,31.6,32.43,31.27,32.08,32.08,619452
2016-10-03,31.94,32.19,31.29,31.4,31.4,310515
2016-10-04,31.59,31.8033,31.08,31.44,31.44,242075
2016-10-05,31.65,31.77,30.82,30.91,30.91,428565
2016-10-06,30.77,30.935,30.12,30.25,30.25,610697
2016-10-07,30.25,30.25,29.92,30,30,532322
2016-10-10,30.31,30.6,29.9434,30.11,30.11,602381
2016-10-11,29.86,29.92,29.335,29.89,29.89,798381
2016-10-12,29.73,30.11,29.69,29.92,29.92,386208
2016-10-13,29.82,29.996,29.44,29.78,29.78,304977
2016-10-14,29.85,30.09,29.12,29.34,29.34,318418
2016-10-17,29.3,29.6,28.79,28.8,28.8,391576
2016-10-18,29.08,29.56,28.68,28.95,28.95,594799
2016-10-19,29.15,29.16,28.55,28.67,28.67,524822
2016-10-20,28.7,28.7732,28.37,28.44,28.44,534070
2016-10-21,28.47,28.6,28.37,28.5,28.5,623454
2016-10-24,28.44,28.84,28.27,28.52,28.52,521140
2016-10-25,28.55,28.6462,28.06,28.15,28.15,276777
2016-10-26,28.14,28.14,27.47,27.77,27.77,598003
2016-10-27,27.79,27.91,27.31,27.43,27.43,288745
2016-10-28,27.31,27.64,26.55,27.08,27.08,428837
2016-10-31,26.97,27.24,26.74,27.13,27.13,256168
2016-11-01,27.08,27.26,26.62,26.81,26.81,225406
2016-11-02,26.63,27.38,26.29,27.09,27.09,565629
2016-11-03,26.43,27.48,25.46,26.69,26.69,628429
2016-11-04,26.32,26.63,26.12,26.26,26.26,613240
2016-11-07,26.51,26.9,25.7601,26.02,26.02,532508
2016-11-08,26.09,26.52,26.06,26.16,26.16,532391
2016-11-09,25.79,26.5,25.5,26.28,26.28,713556
2016-11-10,26.43,26.61,26.185,26.33,26.33,697071
2016-11-11,26.28,26.42,25.84,25.91,25.91,363736
2016-11-14,25.94,26.12,25.5,25.82,25.82,396126
2016-11-15,26.01,26.31,25.87,25.99,25.99,612804
2016-11-16,25.8,26.09,25.42,25.86,25.86,465692
2016-11-17,26.03,26.21,25.5901,26.12,26.12,417444
2016-11-18,26.29,26.38,26.01,26.34,26.34,564665
2016-11-21,26.53,26.9621,26.2301,26.91,26.91,463956
2016-11-22,26.84,27.77,26.81,27.63,27.63,698777
2016-11-23,27.42,27.8,27.35,27.45,27.45,306916
2016-11-25,27.45,27.57,27.26,27.39,27.39,90588
2016-11-28,27.5,27.56,26.71,26.85,26.85,544640
2016-11-29,26.6,27.13,26.33,26.91,26.91,782829
2016-11-30,27.3,28.11,27.3,27.58,27.58,1509982
2016-12-01,27.89,28.0013,27.39,27.4,27.4,457354
2016-12-02,27.34,27.92,27.32,27.57,27.57,337990
2016-12-05,27.7,27.73,27.395,27.5,27.5,307729
2016-12-06,27.56,27.56,27.0421,27.22,27.22,210297
2016-12-07,27.18,27.5,27,27.45,27.45,323613
2016-12-08,27.35,28.07,27.3,27.73,27.73,435648
2016-12-09,27.84,28.021,27.46,27.49,27.49,494599
2016-12-12,27.97,28.3,27.36,27.5,27.5,572781
2016-12-13,27.53,27.7,27.06,27.51,27.51,998605
2016-12-14,27.53,27.6,26.34,26.57,26.57,796800
2016-12-15,26.33,27.22,26.055,27.1,27.1,1060997
2016-12-16,27.07,27.45,26.75,27.1,27.1,2253331
2016-12-19,27.14,27.3258,26.85,27.11,27.11,548198
2016-12-20,27.15,27.4,26.98,27.35,27.35,696363
2016-12-21,27.38,28.39,27.38,28.03,28.03,760541
2016-12-22,28.03,28.43,27.9434,28.15,28.15,448123
2016-12-23,28.26,28.675,28.03,28.47,28.47,329304
2016-12-27,28.43,29.13,28.26,28.98,28.98,456348
2016-12-28,29.15,29.28,28.54,28.85,28.85,541669
2016-12-29,28.94,28.94,28.5,28.71,28.71,473828
2016-12-30,28.64,29.12,28.4408,29.09,29.09,577899
2017-01-03,29.47,29.97,29.3,29.78,29.78,486075
2017-01-04,29.84,30.16,29.71,29.94,29.94,473390
2017-01-05,30.58,30.599,30.03,30.36,30.36,262581
2017-01-06,30.55,30.87,30.25,30.32,30.32,562392
2017-01-09,30.2,30.36,29.91,30,30,452034
2017-01-10,29.96,30.06,29.76,29.96,29.96,551033
2017-01-11,30.32,30.39,29.8901,30,30,285691
2017-01-12,30.21,30.23,29.66,29.76,29.76,352763
2017-01-13,29.67,30.305,29.66,30.21,30.21,428176
2017-01-17,30.38,30.71,30.22,30.5,30.5,546673
2017-01-18,30.28,30.74,30.2349,30.65,30.65,464525
2017-01-19,30.82,30.94,30.38,30.45,30.45,286369
2017-01-20,30.68,30.87,30.38,30.48,30.48,291586
2017-01-23,30.48,31.02,30.44,30.48,30.48,669988
2017-01-24,30.64,31.38,30.51,31.11,31.11,533238
2017-01-25,31.32,31.53,31.06,31.31,31.31,381628
2017-01-26,31.54,32.29,31.25,32.28,32.28,539629
2017-01-27,31.9,32.86,31.841,32.82,32.82,456321
2017-01-30,32.66,32.8,31.58,32.07,32.07,456169
2017-01-31,32.28,32.47,31.63,32.47,32.47,383458
2017-02-01,32.88,33.21,32.35,32.65,32.65,367652
2017-02-02,32.68,32.94,32.4,32.52,32.52,259935
2017-02-03,32.48,32.9,32.31,32.7,32.7,590704
2017-02-06,33.44,33.44,32.18,32.34,32.34,389541
2017-02-07,32.1,32.36,31.69,32.03,32.03,359339
2017-02-08,31.88,32.24,31.3508,32.16,32.16,236035
2017-02-09,32.27,32.76,32.17,32.63,32.63,282959
2017-02-10,32.73,32.84,32.51,32.66,32.66,207043
2017-02-13,32.63,32.733,32.12,32.18,32.18,335632
2017-02-14,32.17,32.94,32.1,32.77,32.77,971927
2017-02-15,32.72,33.21,32.59,33.17,33.17,199028
2017-02-16,33.31,33.39,32.56,33,33,271936
2017-02-17,32.79,33.03,32.57,32.97,32.97,140227
2017-02-21,33.09,34.17,33.02,33.94,33.94,322693
2017-02-22,33.85,33.87,32.91,33.19,33.19,281327
2017-02-23,33.26,34,32.6,32.89,32.89,218907
2017-02-24,32.78,32.91,31.95,32.5,32.5,249061
2017-02-27,32.32,32.64,32.25,32.49,32.49,164692
2017-02-28,32.39,32.88,32.14,32.76,32.76,341996
2017-03-01,32.87,33.5515,32.68,33.35,33.35,437419
2017-03-02,33.06,33.4599,32.71,33.11,33.11,401324
2017-03-03,33.19,33.19,32.73,32.81,32.81,270745
2017-03-06,32.69,32.9,32.45,32.83,32.83,141178
2017-03-07,32.8,33,32.53,32.71,32.71,239430
2017-03-08,32.48,32.79,32.07,32.14,32.14,199869
2017-03-09,31.84,32.41,31.29,32.14,32.14,311733
2017-03-10,32.2,32.4,31.7,32.1,32.1,202819
2017-03-13,32.1,32.24,31.61,31.83,31.83,228311
2017-03-14,31.56,31.81,31.13,31.6,31.6,273561
2017-03-15,31.9,32.165,31.52,31.77,31.77,236311
2017-03-16,31.84,32.13,31.473,32.01,32.01,174983
2017-03-17,31.96,32.06,31.4,31.51,31.51,741270
2017-03-20,31.51,31.51,30.96,31.35,31.35,418177
2017-03-21,31.4,31.549,30.78,31.08,31.08,172197
2017-03-22,30.9,31.08,30.63,30.83,30.83,141115
2017-03-23,30.81,31.51,30.57,31.16,31.16,201868
2017-03-24,31.04,31.75,31.04,31.47,31.47,173421
2017-03-27,31.43,31.44,30.96,31.23,31.23,159094
2017-03-28,31.29,31.66,31.2,31.62,31.62,181505
2017-03-29,31.67,32.2,31.45,32.02,32.02,158222
2017-03-30,31.99,32.38,31.75,31.96,31.96,181318
2017-03-31,31.88,32.48,31.8201,32.23,32.23,253607
2017-04-03,32.25,32.53,32.11,32.52,32.52,301674
2017-04-04,32.38,32.74,31.99,32.65,32.65,160359
2017-04-05,33.13,33.15,32.31,32.56,32.56,231773
2017-04-06,32.56,33.34,32.255,32.78,32.78,166014
2017-04-07,32.69,33.075,32.3,32.79,32.79,179880
2017-04-10,33,33.1,32.67,32.77,32.77,179656
2017-04-11,32.83,33.03,32.31,32.47,32.47,180596
2017-04-12,32.32,32.78,32.3,32.37,32.37,194948
2017-04-13,32.3,32.65,32.105,32.3,32.3,144971
2017-04-17,32.36,32.63,32.02,32.3,32.3,254269
2017-04-18,32.19,32.56,31.91,32.48,32.48,243552
2017-04-19,32.57,32.65,32.08,32.2,32.2,169102
2017-04-20,32.36,32.615,31.795,32.53,32.53,107218
2017-04-21,32.59,32.59,32.03,32.18,32.18,137480
2017-04-24,32.21,32.8099,32.1901,32.57,32.57,127552
2017-04-25,32.58,32.96,32.5,32.72,32.72,214862
2017-04-26,32.57,33.06,32.53,32.68,32.68,199955
2017-04-27,32.27,32.7,31.97,32.18,32.18,710753
2017-04-28,32.26,32.51,31.82,32.03,32.03,290608
2017-05-01,32.12,32.43,32,32.3,32.3,123392
2017-05-02,32.22,33.25,32.05,33.25,33.25,916992
2017-05-03,33.14,33.19,32.68,32.93,32.93,318130
2017-05-04,32.76,32.765,31.74,31.78,31.78,342855
2017-05-05,31.54,32.39,31.05,31.97,31.97,1001346
2017-05-08,31.97,32.1,31.62,32,32,402216
2017-05-09,31.98,32.08,31.02,31.19,31.19,409597
2017-05-10,31.29,31.76,30.93,31.61,31.61,316062
2017-05-11,31.67,31.87,31.43,31.64,31.64,246960
2017-05-12,31.5,32.25,31.36,31.9,31.9,342000
2017-05-15,32.11,32.35,31.95,32,32,585166
2017-05-16,32.16,32.426,31.8808,31.94,31.94,208540
2017-05-17,31.69,32.201,30.77,30.77,30.77,315687
2017-05-18,30.59,30.9899,30.38,30.89,30.89,978984
2017-05-19,30.99,31.81,30.75,31.5,31.5,373709
2017-05-22,31.5,31.69,31.095,31.4,31.4,231631
2017-05-23,31.52,31.52,31.1649,31.33,31.33,300618
2017-05-24,31.26,31.515,31.06,31.2,31.2,206840
2017-05-25,31.01,31.2,30.56,30.81,30.81,318195
2017-05-26,30.7,30.86,30.47,30.57,30.57,226427
2017-05-30,30.35,30.63,29.96,29.99,29.99,310847
2017-05-31,29.86,30.06,29.65,29.83,29.83,377906
2017-06-01,29.81,30.38,29.81,30.09,30.09,478172
2017-06-02,30.01,30.2074,29.64,29.8,29.8,614641
2017-06-05,29.7,30.34,29.43,30.18,30.18,483856
2017-06-06,30.15,30.86,29.66,30.64,30.64,438432
2017-06-07,30.56,30.95,29.355,29.48,29.48,470423
2017-06-08,29.47,29.69,28.82,29.36,29.36,399144
2017-06-09,29.37,30.02,29.17,29.91,29.91,260425
2017-06-12,30.03,30.47,29.36,29.55,29.55,440836
2017-06-13,29.54,29.72,29.18,29.28,29.28,311535
2017-06-14,29.29,29.49,28.87,29.08,29.08,341019
2017-06-15,28.92,29.025,28.4,28.49,28.49,237026
2017-06-16,28.5,29.05,28.18,28.79,28.79,525886
2017-06-19,28.88,29.29,28.45,28.59,28.59,241903
2017-06-20,28.37,28.5364,27.76,27.96,27.96,234908
2017-06-21,27.92,28.15,27.51,27.52,27.52,222843
2017-06-22,27.55,28.06,27.52,27.9,27.9,166810
2017-06-23,28.02,28.92,27.8127,28.84,28.84,252823
2017-06-26,28.9,29.18,28.7,28.87,28.87,372501
2017-06-27,28.84,29.035,28.4095,28.79,28.79,465343
2017-06-28,28.82,29.94,28.65,29.61,29.61,422239
2017-06-29,29.69,29.98,29.3,29.3,29.3,239465
2017-06-30,29.44,30.68,29.41,30.3,30.3,770835
2017-07-03,30.32,30.96,30.25,30.85,30.85,193536
2017-07-05,30.75,30.87,30.29,30.58,30.58,980813
2017-07-06,30.64,31.13,30.15,30.26,30.26,283931
2017-07-07,30.25,30.5,29.82,30.46,30.46,153743
2017-07-10,30.37,30.39,29.52,29.65,29.65,227076
2017-07-11,29.63,29.7996,29.36,29.49,29.49,351274
2017-07-12,29.61,29.9,29.3,29.77,29.77,183802
2017-07-13,29.72,30.13,29.55,30,30,79140
2017-07-14,29.91,30.7401,29.91,30.6,30.6,220235
2017-07-17,30.63,30.94,30.065,30.34,30.34,268924
2017-07-18,30.57,30.66,30.04,30.34,30.34,361488
2017-07-19,30.33,30.495,29.53,29.66,29.66,346111
2017-07-20,29.73,30.2088,29.44,29.53,29.53,188329
2017-07-21,29.5,29.66,29.29,29.49,29.49,132208
2017-07-24,29.51,29.85,28.86,29.03,29.03,221885
2017-07-25,29.16,29.75,29.151,29.22,29.22,190513
2017-07-26,29.3,29.44,28.815,29.01,29.01,206893
2017-07-27,28.81,29.14,28.6,28.69,28.69,323006
2017-07-28,28.69,28.78,28.455,28.73,28.73,172112
2017-07-31,28.77,28.855,28.4,28.58,28.58,529723
2017-08-01,28.7,28.7,28.33,28.56,28.56,573501
2017-08-02,28.43,28.56,27.91,28.14,28.14,601378
2017-08-03,27.85,28.65,27.5,27.91,27.91,511002
2017-08-04,27.97,28.405,27.33,27.43,27.43,177567
2017-08-07,27.43,27.43,27,27.19,27.19,246826
2017-08-08,27,27.09,26.75,26.81,26.81,464733
2017-08-09,26.85,27.28,26.82,27.04,27.04,350138
2017-08-10,26.99,27.28,26.85,26.87,26.87,393270
2017-08-11,26.72,27.0199,26.37,26.57,26.57,231665
2017-08-14,26.63,26.89,26.5,26.68,26.68,184360
2017-08-15,26.73,26.73,25.8,26,26,363888
2017-08-16,26.03,26.1,25.545,25.79,25.79,239254
2017-08-17,25.68,26.26,25.62,26.2,26.2,419927
2017-08-18,26.14,26.42,25.795,26.27,26.27,238069
2017-08-21,26.2,26.4,25.51,25.53,25.53,360387
2017-08-22,25.59,26.12,25.512,25.97,25.97,271556
2017-08-23,25.9,26.81,25.67,26.36,26.36,228888
2017-08-24,26.23,26.67,26.23,26.57,26.57,262565
2017-08-25,26.69,26.9,26.61,26.87,26.87,178893
2017-08-28,26.8,27.07,26.71,26.87,26.87,223001
2017-08-29,26.66,26.98,26.4,26.91,26.91,137671
2017-08-30,26.82,27.29,26.785,27.15,27.15,109756
2017-08-31,27.22,27.96,27.21,27.67,27.67,274653
2017-09-01,27.79,28,27.455,27.58,27.58,186432
2017-09-05,27.65,28,27.4319,27.66,27.66,136800
2017-09-06,27.75,28.31,27.55,28.14,28.14,274981
2017-09-07,28.19,28.49,27.88,28.19,28.19,318998
2017-09-08,28.11,28.68,27.56,27.65,27.65,354238
2017-09-11,27.62,28,27.13,27.23,27.23,5602154
2017-09-12,27.22,28.04,27.22,27.88,27.88,889249
2017-09-13,28.05,28.17,27.73,28.1,28.1,245788
2017-09-14,28.07,28.49,27.99,28.25,28.25,239654
2017-09-15,28.21,28.3,27.38,27.46,27.46,731822
2017-09-18,27.37,27.905,27.37,27.59,27.59,605319
2017-09-19,27.53,27.72,27.26,27.36,27.36,183699
2017-09-20,27.43,27.58,27.24,27.55,27.55,268013
2017-09-21,27.45,27.5,27.34,27.41,27.41,227157
2017-09-22,27.37,27.67,27.29,27.55,27.55,316374
2017-09-25,27.75,28.12,27.42,28,28,534090
2017-09-26,27.89,28.13,27.51,27.82,27.82,220928
2017-09-27,27.8,27.91,27.57,27.79,27.79,231792
2017-09-28,27.72,27.84,27.46,27.81,27.81,173188
2017-09-29,28.1,28.55,27.645,27.84,27.84,998454
2017-10-02,27.68,27.96,27.5,27.94,27.94,539118
2017-10-03,27.81,28.19,27.6912,27.97,27.97,341602
2017-10-04,28.07,28.172,27.73,28.09,28.09,179429
2017-10-05,28.16,28.3799,28.01,28.34,28.34,148810
2017-10-06,28.22,28.5,27.84,28.49,28.49,258246
2017-10-09,28.5,28.5771,28.1,28.1,28.1,103783
2017-10-10,28.32,28.36,27.85,27.9,27.9,89991
2017-10-11,27.84,28.0913,27.82,28.02,28.02,162631
2017-10-12,27.89,28.17,27.718,28.02,28.02,105517
2017-10-13,28.16,28.18,27.59,27.9,27.9,191855
2017-10-16,27.86,27.95,26.99,27.16,27.16,327189
2017-10-17,27.04,27.375,26.97,27.05,27.05,147005
2017-10-18,26.97,27.05,26.47,26.61,26.61,228735
2017-10-19,26.44,27.43,26.44,27.22,27.22,292894
2017-10-20,27.31,27.4,27,27.08,27.08,226412
2017-10-23,27.11,27.16,26.26,26.47,26.47,421373
2017-10-24,26.58,26.8,26.1801,26.48,26.48,385210
2017-10-25,26.43,26.4999,25.48,25.57,25.57,826171
2017-10-26,25.6,26.16,24.68,25.95,25.95,1087604
2017-10-27,25.96,26.07,25.52,25.81,25.81,718311
2017-10-30,25.36,25.86,25.33,25.43,25.43,292584
2017-10-31,25.35,25.51,25.01,25.41,25.41,547878
2017-11-01,25.62,26.09,25.54,26.04,26.04,462952
2017-11-02,26.04,26.42,25.6,25.78,25.78,350969
2017-11-03,26.28,26.6,25.55,26.36,26.36,509881
2017-11-06,26.36,27.3699,26.27,27.34,27.34,318871
2017-11-07,27.28,27.89,27.11,27.75,27.75,530974
2017-11-08,27.68,28,27.145,27.35,27.35,310602
2017-11-09,27.16,27.47,27.13,27.31,27.31,307811
2017-11-10,27.28,27.8746,26.99,27.02,27.02,256586
2017-11-13,26.94,27.02,25.94,25.97,25.97,343983
2017-11-14,25.88,26.1857,25.51,25.66,25.66,301675
2017-11-15,25.54,26.08,25.14,25.62,25.62,406055
2017-11-16,25.78,25.924,25.3835,25.52,25.52,252556
2017-11-17,25.5,25.545,25.11,25.49,25.49,581127
2017-11-20,25.51,26.45,25.31,26.29,26.29,574656
2017-11-21,26.46,26.61,25.66,25.67,25.67,536007
2017-11-22,25.75,26.1046,25.54,25.84,25.84,267421
2017-11-24,25.95,26,25.61,25.76,25.76,70949
2017-11-27,25.75,25.91,25.32,25.32,25.32,581454
2017-11-28,25.36,25.65,25.15,25.34,25.34,478321
2017-11-29,25.39,25.76,25.33,25.66,25.66,472815
2017-11-30,25.85,27.3,25.85,27.05,27.05,1138951
2017-12-01,27.2,27.95,27.11,27.74,27.74,636889
2017-12-04,27.88,27.96,26.73,26.81,26.81,516040
2017-12-05,26.84,27.38,26.81,27.24,27.24,443648
2017-12-06,27.24,27.27,26.485,26.6,26.6,407012
2017-12-07,26.56,26.93,26.5,26.85,26.85,464644
2017-12-08,27.01,27.25,26.52,26.82,26.82,499687
2017-12-11,26.87,27.81,26.65,27.77,27.77,385814
2017-12-12,27.77,28.255,27.605,27.83,27.83,418124
2017-12-13,28,28.49,27.6,28.3,28.3,701017
2017-12-14,28.19,28.6,27.99,28.16,28.16,394781
2017-12-15,28.21,28.59,28,28.43,28.43,1632655
2017-12-18,28.5,29.35,28.44,28.74,28.74,411437
2017-12-19,28.81,28.91,28.49,28.68,28.68,371728
2017-12-20,28.82,28.82,27.95,28.4,28.4,600840
2017-12-21,28.33,29.25,28.01,28.77,28.77,395332
2017-12-22,28.67,29.33,28.54,29.26,29.26,374719
2017-12-26,29.28,29.65,29.24,29.46,29.46,321317
2017-12-27,29.48,29.62,29.14,29.27,29.27,319609
2017-12-28,29.35,29.71,29.08,29.63,29.63,418909
2017-12-29,29.72,29.95,29.36,29.82,29.82,352646
2018-01-02,29.89,30.48,29.85,30.04,30.04,408717
2018-01-03,30.1,30.97,30.0305,30.63,30.63,670002
2018-01-04,30.7,30.805,29.92,30.38,30.38,978191
2018-01-05,30.31,30.49,29.8901,30.09,30.09,541186
2018-01-08,30.06,30.74,29.87,30.45,30.45,795137
2018-01-09,30.46,30.69,30.12,30.22,30.22,355226
2018-01-10,30.26,30.46,29.76,29.92,29.92,330861
2018-01-11,30.04,30.35,29.79,30.15,30.15,727634
2018-01-12,30.16,30.6,29.92,30.53,30.53,679706
2018-01-16,30.69,31.19,30.4,30.74,30.74,970603
2018-01-17,30.42,30.66,29.82,30.65,30.65,700074
2018-01-18,30.55,30.77,30.12,30.16,30.16,434138
2018-01-19,30.02,30.25,29.85,30.13,30.13,628818
2018-01-22,30.11,30.62,29.86,30.46,30.46,675730
2018-01-23,30.36,30.47,29.8501,30.15,30.15,550369
2018-01-24,30.16,30.36,29.75,29.76,29.76,489864
2018-01-25,29.91,30.2699,29.3,29.56,29.56,303319
2018-01-26,29.55,29.81,29.26,29.79,29.79,286253
2018-01-29,29.71,29.79,29.09,29.2,29.2,416055
2018-01-30,28.98,29.13,28.211,28.42,28.42,491402
2018-01-31,28.51,28.8,28.4334,28.63,28.63,456202
2018-02-01,28.79,29.19,28.55,29.03,29.03,537385
2018-02-02,26.72,26.95,26.08,26.19,26.19,9422659
2018-02-05,26.02,26.94,25.9301,26.25,26.25,3189796
2018-02-06,26,26.93,25.95,26.66,26.66,2529499
2018-02-07,26.74,26.98,26.52,26.57,26.57,1024597
2018-02-08,26.66,26.88,25.95,26,26,854232
2018-02-09,26.25,26.3,25,25.61,25.61,1169189
2018-02-12,25.95,26.13,25.43,26.01,26.01,475702
2018-02-13,25.95,26.43,25.8015,26.04,26.04,715775
2018-02-14,25.9,26.07,25.6,25.86,25.86,513302
2018-02-15,26.1,26.1668,25.3501,25.64,25.64,1174761
2018-02-16,25.59,25.75,25.11,25.47,25.47,1327000
2018-02-20,25.33,25.95,25.33,25.44,25.44,1105237
2018-02-21,25.46,25.6525,24.85,24.91,24.91,594269
2018-02-22,25,25.24,23.99,24.05,24.05,1160617
2018-02-23,24.11,24.42,23.87,24.24,24.24,1605254
2018-02-26,24.65,24.915,23.95,24.45,24.45,1287851
2018-02-27,25.09,25.09,24.54,24.65,24.65,830264
2018-02-28,24.62,24.94,24.05,24.05,24.05,1521631
2018-03-01,24.04,25.07,24.02,24.7,24.7,1619457
2018-03-02,24.58,24.83,24.38,24.74,24.74,1484046
2018-03-05,24.65,25.36,24.525,24.78,24.78,1037330
2018-03-06,24.95,25.02,24.68,25.01,25.01,641078
2018-03-07,24.85,25.27,24.76,24.91,24.91,956877
2018-03-08,24.98,25.19,24.79,25.09,25.09,486087
2018-03-09,25.28,25.5,25.07,25.29,25.29,1150816
2018-03-12,25.32,25.76,25.32,25.63,25.63,1372906
2018-03-13,25.58,25.78,25.35,25.4,25.4,1412160
2018-03-14,25.47,25.5,24.84,24.89,24.89,464110
2018-03-15,24.84,25.19,22.51,24.19,24.19,2181526
2018-03-16,24.22,24.81,24.1801,24.39,24.39,4263270
2018-03-19,24.22,24.38,22.21,22.78,22.78,1382016
2018-03-20,22.81,23.21,22.01,22.41,22.41,1369892
2018-03-21,22.45,22.63,22.16,22.18,22.18,1265103
2018-03-22,22,22.14,21,21.12,21.12,1887867
2018-03-23,21.18,21.59,20.863,21.04,21.04,992809
2018-03-26,21.2,21.3399,20.2866,20.76,20.76,949932
2018-03-27,20.77,21.13,20.26,20.64,20.64,711225
2018-03-28,20.09,20.9599,20.08,20.63,20.63,639475
2018-03-29,20.76,21.21,20.63,21.05,21.05,764076
2018-04-02,21.05,21.12,20.41,20.76,20.76,1544430
2018-04-03,20.77,20.77,20.27,20.56,20.56,871020
2018-04-04,20.25,20.82,20.1442,20.59,20.59,435148
2018-04-05,20.59,20.82,20.31,20.4,20.4,534787
2018-04-06,20.23,20.34,19.42,20.28,20.28,1173176
2018-04-09,20.29,20.48,19.97,20.3,20.3,827621
2018-04-10,20.37,21.2,20.3,20.88,20.88,1568679
2018-04-11,20.76,21.32,20.76,21.27,21.27,971577
2018-04-12,21.29,21.305,20.71,20.79,20.79,560679
2018-04-13,20.75,21.04,20.5,20.65,20.65,380288
2018-04-16,20.59,21.79,20.43,21.73,21.73,987151
2018-04-17,21.73,22.93,21.7,22.28,22.28,2060030
2018-04-18,22.49,22.77,22.08,22.18,22.18,1374633
2018-04-19,22.19,22.305,21.52,21.53,21.53,857299
2018-04-20,21.75,21.95,21.38,21.53,21.53,545243
2018-04-23,21.4,21.99,21.4,21.75,21.75,1473560
2018-04-24,21.8,21.8,21.15,21.23,21.23,501869
2018-04-25,21.15,21.6,21.06,21.56,21.56,650446
2018-04-26,21.67,21.79,21.28,21.57,21.57,610378
2018-04-27,21.5,21.71,21.31,21.66,21.66,281205
2018-04-30,21.68,22.04,21.46,21.59,21.59,521410
2018-05-01,21.52,21.91,21.47,21.73,21.73,473109
2018-05-02,21.76,21.95,21.47,21.55,21.55,1548462
2018-05-03,21.46,21.97,21.46,21.66,21.66,714130
2018-05-04,21.42,21.89,21.4,21.83,21.83,331832
2018-05-07,21.79,22.42,21.79,22.18,22.18,397795
2018-05-08,22.03,22.13,21.45,21.9,21.9,678648
2018-05-09,22.02,22.72,22,22.46,22.46,768825
2018-05-10,22.75,23.04,22.5,22.92,22.92,1439397
2018-05-11,23,23.1,22.58,22.77,22.77,950894
2018-05-14,22.81,23.63,22.81,23.61,23.61,993832
2018-05-15,23.59,23.74,23.34,23.63,23.63,1751818
2018-05-16,23.54,23.88,23.41,23.83,23.83,804399
2018-05-17,23.9,24.365,23.9,24.05,24.05,984088
2018-05-18,23.98,24.08,23.79,23.88,23.88,495422
2018-05-21,24.01,24.02,23.47,24,24,707570
2018-05-22,24.14,24.14,23.64,23.75,23.75,1169428
2018-05-23,23.55,23.77,23.35,23.56,23.56,648030
2018-05-24,23.47,23.47,22.85,23,23,460649
2018-05-25,22.91,22.94,22.342,22.73,22.73,667765
2018-05-29,22.69,22.82,22.37,22.39,22.39,466923
2018-05-30,22.39,22.64,22.36,22.45,22.45,733170
2018-05-31,22.25,22.62,22.17,22.39,22.39,1554133
2018-06-01,22.46,23.01,22.44,22.68,22.68,1619875
2018-06-04,22.85,23.09,22.62,22.8,22.8,666169
2018-06-05,22.78,23.28,22.78,23.09,23.09,1146597
2018-06-06,23.08,23.24,22.81,23.24,23.24,1160838
2018-06-07,23.35,23.8,23.29,23.73,23.73,603329
2018-06-08,23.66,23.82,23.3,23.58,23.58,1089145
2018-06-11,23.48,24.01,23.39,23.95,23.95,930247
2018-06-12,24.03,24.13,23.631,23.78,23.78,576638
2018-06-13,23.69,23.69,23.04,23.05,23.05,517160
2018-06-14,23.01,23.11,22.59,22.7,22.7,529922
2018-06-15,22.57,22.6,22.01,22.07,22.07,1117331
2018-06-18,22,22.3575,22,22.2,22.2,568830
2018-06-19,22.02,22.4376,22,22.14,22.14,1135388
2018-06-20,22.24,22.66,22.05,22.52,22.52,473652
2018-06-21,22.41,22.55,22.23,22.44,22.44,470765
2018-06-22,22.74,23.1,22.15,22.35,22.35,1183785
2018-06-25,22.26,22.26,21.64,21.76,21.76,488344
2018-06-26,21.79,22.37,21.68,22.34,22.34,790506
2018-06-27,22.35,22.5,21.85,21.86,21.86,1045413
2018-06-28,21.91,22.3,21.43,21.95,21.95,578206
2018-06-29,21.98,22.35,21.74,22.18,22.18,552139
2018-07-02,22.18,22.49,21.92,22.3,22.3,516461
2018-07-03,22.38,22.84,22.295,22.37,22.37,286871
2018-07-05,22.43,22.745,22.41,22.56,22.56,377791
2018-07-06,22.56,22.94,22.56,22.88,22.88,349231
2018-07-09,22.94,23.21,22.7,22.7,22.7,411090
2018-07-10,22.93,22.95,22.54,22.64,22.64,286844
2018-07-11,22.5,22.98,22.4,22.48,22.48,395947
2018-07-12,22.61,22.93,22.2701,22.84,22.84,385979
2018-07-13,22.89,23.13,22.89,22.89,22.89,547237
2018-07-16,22.85,22.96,22.57,22.66,22.66,402565
2018-07-17,22.55,22.7,22.25,22.33,22.33,592036
2018-07-18,22.38,23.26,22.27,22.93,22.93,1436311
2018-07-19,23.65,24.05,23.54,23.63,23.63,1230080
2018-07-20,23.66,23.82,23.38,23.4,23.4,617383
2018-07-23,23.55,23.75,23.395,23.74,23.74,645354
2018-07-24,23.75,23.94,23.33,23.42,23.42,661612
2018-07-25,23.5,23.84,23.15,23.78,23.78,828092
2018-07-26,23.79,24.06,23.72,23.91,23.91,1257332
2018-07-27,23.89,23.99,22.6948,22.99,22.99,1397496
2018-07-30,23.02,23.25,22.89,23.03,23.03,845897
2018-07-31,23.1,23.1,22.67,22.7,22.7,504481
2018-08-01,22.66,22.75,22.22,22.35,22.35,1033378
2018-08-02,22.67,22.85,21.65,22.29,22.29,1802804
2018-08-03,22,22.19,21.565,21.68,21.68,692075
2018-08-06,21.7,22.06,21.67,21.78,21.78,953996
2018-08-07,21.91,22.15,21.58,21.69,21.69,1245231
2018-08-08,21.61,22.1,21.46,21.85,21.85,1280113
2018-08-09,21.94,22.23,21.79,22.18,22.18,1559172
2018-08-10,22.2,23.18,22.155,22.59,22.59,4489809
2018-08-13,22.66,22.72,22.1201,22.38,22.38,1016489
2018-08-14,22.49,22.9,22.475,22.73,22.73,397676
2018-08-15,22.58,22.67,22.18,22.49,22.49,747537
2018-08-16,22.51,25.08,22.48,23.09,23.09,468246
2018-08-17,23.18,24.1,22.934,23.38,23.38,923963
2018-08-20,23.43,23.63,23.22,23.55,23.55,321742
2018-08-21,23.62,23.73,23.33,23.4,23.4,572231
2018-08-22,23.44,23.72,23.31,23.5,23.5,865429
2018-08-23,23.45,23.46,23.3,23.4,23.4,353923
2018-08-24,23.49,23.63,23.2406,23.38,23.38,496180
2018-08-27,23.38,23.4,22.96,23.17,23.17,447922
2018-08-28,23.16,23.25,22.7,22.75,22.75,423809
2018-08-29,22.72,22.77,22.45,22.63,22.63,623292
2018-08-30,22.63,22.63,22.2997,22.54,22.54,284406
2018-08-31,22.49,22.49,22.2,22.37,22.37,410720
2018-09-04,22.37,22.75,22.11,22.63,22.63,587568
2018-09-05,22.64,22.65,22.24,22.57,22.57,359750
2018-09-06,22.59,22.61,22.23,22.3,22.3,557186
2018-09-07,22.26,22.48,22.04,22.31,22.31,486086
2018-09-10,22.37,22.4,22.19,22.33,22.33,726339
2018-09-11,22.37,22.48,22.27,22.41,22.41,542557
2018-09-12,22.48,22.59,22.19,22.24,22.24,535437
2018-09-13,22.18,22.27,21.9484,22.01,22.01,518651
2018-09-14,22.04,22.04,21.53,21.54,21.54,875107
2018-09-17,21.54,21.82,21.5,21.75,21.75,1215956
2018-09-18,21.82,22.005,21.66,21.92,21.92,756630
2018-09-19,21.99,21.99,21.78,21.86,21.86,490464
2018-09-20,21.91,22.07,21.72,21.98,21.98,727176
2018-09-21,22.01,22.01,21.8,21.89,21.89,604878
2018-09-24,21.95,21.971,21.5,21.67,21.67,492426
2018-09-25,21.85,21.85,21.32,21.59,21.59,573771
2018-09-26,21.53,21.53,21.05,21.17,21.17,604409
2018-09-27,21.17,21.35,20.905,21.31,21.31,691951
2018-09-28,21.3,21.71,21.26,21.38,21.38,782861
2018-10-01,21.5,22.35,21.5,22.25,22.25,474349
2018-10-02,22.26,22.28,22,22.03,22.03,373188
2018-10-03,22.09,22.4025,21.85,21.91,21.91,658638
2018-10-04,21.89,21.93,21.65,21.71,21.71,259889
2018-10-05,21.68,22.03,21.62,21.9,21.9,197861
2018-10-08,21.91,22.16,21.73,21.9,21.9,378678
2018-10-09,21.93,22.105,21.7,21.88,21.88,646532
2018-10-10,21.88,22.05,21.75,21.8,21.8,398505
2018-10-11,21.7,21.89,21.25,21.26,21.26,737538
2018-10-12,21.52,21.52,20.575,20.78,20.78,999971
2018-10-15,20.75,21.12,20.67,20.84,20.84,430739
2018-10-16,20.9,21.78,20.8,21.66,21.66,576818
2018-10-17,21.69,21.69,21.025,21.04,21.04,559466
2018-10-18,20.91,21.39,20.89,21.07,21.07,812397
2018-10-19,21.16,21.45,20.93,21.17,21.17,767463
2018-10-22,21.2,21.55,21.1142,21.5,21.5,523431
2018-10-23,21.21,21.36,20.94,21.2,21.2,435605
2018-10-24,21.15,21.49,20.66,20.67,20.67,715189
2018-10-25,21,21.32,20.74,21.19,21.19,782092
2018-10-26,20.94,21.04,20.5,20.74,20.74,454694
2018-10-29,20.93,21.03,19.92,20.28,20.28,728307
2018-10-30,20.23,20.73,20.1,20.33,20.33,320968
2018-10-31,20.44,20.8565,20.44,20.44,20.44,613475
2018-11-01,20.57,20.69,20.18,20.31,20.31,505026
2018-11-02,20.17,20.59,19.52,19.65,19.65,1540631
2018-11-05,19.75,19.8725,19.02,19.02,19.02,1330064
2018-11-06,19.02,19.185,18.6,18.8,18.8,1103941
2018-11-07,19.05,19.2,18.585,18.96,18.96,1494786
2018-11-08,18.95,19.82,18.8,19.63,19.63,1287258
2018-11-09,19.53,19.7,19.38,19.55,19.55,738527
2018-11-12,19.66,19.66,19.3,19.33,19.33,407102
2018-11-13,19.38,19.61,18.974,18.98,18.98,478869
2018-11-14,19.18,19.18,18.63,18.85,18.85,562147
2018-11-15,18.83,19.08,18.63,18.96,18.96,340682
2018-11-16,19.02,19.05,18.71,18.98,18.98,454973
2018-11-19,18.99,19.2,18.76,19.11,19.11,616745
2018-11-20,18.96,18.97,18.3172,18.73,18.73,749856
2018-11-21,18.82,19.6,18.77,19.25,19.25,629931
2018-11-23,18.98,19.39,18.8,19.15,19.15,152339
2018-11-26,19.28,19.52,19.12,19.23,19.23,465493
2018-11-27,19.09,19.46,18.96,19,19,797787
2018-11-28,19.09,19.1,18.69,18.88,18.88,2463499
2018-11-29,18.97,19.64,18.85,19.46,19.46,753944
2018-11-30,19.36,19.45,18.68,18.84,18.84,1284715
2018-12-03,19.03,19.99,19.01,19.81,19.81,1102785
2018-12-04,19.81,19.9,19.31,19.37,19.37,610986
2018-12-06,19.17,20.14,18.74,20.13,20.13,1012000
2018-12-07,20.34,20.66,19.45,19.48,19.48,1003915
2018-12-10,19.4,19.4,18.75,19.11,19.11,1056737
2018-12-11,19.23,19.55,18.98,19.43,19.43,900026
2018-12-12,19.51,19.7,19.2,19.31,19.31,790436
2018-12-13,19.31,19.92,19.21,19.91,19.91,1320425
2018-12-14,19.68,20.29,19.68,19.92,19.92,2233186
2018-12-17,19.82,19.95,18.78,19.1,19.1,1196365
2018-12-18,19.18,19.31,18.44,18.76,18.76,941536
2018-12-19,18.89,19.58,18.8281,19.19,19.19,1993803
2018-12-20,18.93,19.26,18.245,18.32,18.32,1168631
2018-12-21,18.35,18.57,17.5201,17.67,17.67,1573006
2018-12-24,17.57,17.58,16.79,16.86,16.86,541705
2018-12-26,16.93,17.57,16.6373,17.57,17.57,1411998
2018-12-27,17.27,17.49,16.205,16.55,16.55,2036162
2018-12-28,16.6,16.73,15.86,16.33,16.33,2124753
2018-12-31,16.35,16.5,16.01,16.41,16.41,1437272
2019-01-02,16.25,17.58,16.23,17.12,17.12,735871
2019-01-03,17.16,17.8,17.14,17.49,17.49,699874
2019-01-04,17.82,18.96,17.82,18.78,18.78,1430774
2019-01-07,18.96,19.56,18.8,19.29,19.29,659369
2019-01-08,19.41,19.96,19.3832,19.72,19.72,945925
2019-01-09,19.79,19.95,19.43,19.48,19.48,893882
2019-01-10,19.37,19.445,18.88,19.12,19.12,1052767
2019-01-11,19.06,19.17,18.55,18.62,18.62,1531545
2019-01-14,18.56,18.76,18.26,18.35,18.35,1452132
2019-01-15,18.54,18.87,18.5,18.87,18.87,940669
2019-01-16,18.94,19.38,18.8,19.32,19.32,442531
2019-01-17,19.27,19.52,19.15,19.52,19.52,783726
2019-01-18,19.68,19.86,19.44,19.85,19.85,395870
2019-01-22,19.81,19.86,19.45,19.52,19.52,1019764
2019-01-23,19.7,19.89,19.57,19.72,19.72,896920
2019-01-24,19.73,20.05,19.5732,19.95,19.95,484447
2019-01-25,20.03,20.65,20.03,20.65,20.65,795017
2019-01-28,20.5,20.77,20.15,20.52,20.52,1208875
2019-01-29,20.53,21.13,20.35,20.55,20.55,1359334
2019-01-30,20.57,20.85,20.31,20.67,20.67,2791444
2019-01-31,20.75,20.76,20.18,20.32,20.32,737647
2019-02-01,19.99,20.0283,19.395,19.51,19.51,989486
2019-02-04,19.39,19.985,19.13,19.65,19.65,965884
2019-02-05,19.68,19.695,19.43,19.58,19.58,370339
2019-02-06,19.53,19.63,19.28,19.49,19.49,438867
2019-02-07,19.28,19.62,18.85,18.98,18.98,713258
2019-02-08,19,19.1263,18.5,18.85,18.85,470689
2019-02-11,18.85,19.09,18.72,18.76,18.76,364612
2019-02-12,18.99,19.17,18.77,19.12,19.12,508430
2019-02-13,19.26,19.4206,18.84,18.9,18.9,798135
2019-02-14,19,19.38,18.83,19.32,19.32,794036
2019-02-15,19.48,19.52,19.15,19.42,19.42,530044
2019-02-19,19.28,19.93,19.28,19.68,19.68,773730
2019-02-20,19.68,19.7833,19.38,19.4,19.4,801616
2019-02-21,19.49,19.5,18.86,18.94,18.94,686583
2019-02-22,19.1,19.1,18.44,18.44,18.44,618457
2019-02-25,18.44,18.61,18.265,18.33,18.33,586604
2019-02-26,18.33,18.42,18.05,18.17,18.17,428283
2019-02-27,18.29,18.29,17.75,17.96,17.96,1110402
2019-02-28,17.96,17.98,17.56,17.88,17.88,1589790
2019-03-01,17.99,18.3,17.97,18.14,18.14,563742
2019-03-04,18.34,18.51,18.15,18.35,18.35,631847
2019-03-05,18.46,18.47,18.1298,18.2,18.2,895717
2019-03-06,18.13,18.34,18.01,18.15,18.15,290909
2019-03-07,18.18,18.6,18.15,18.57,18.57,405135
2019-03-08,18.36,18.66,18.17,18.64,18.64,410211
2019-03-11,18.72,19.29,18.49,19.01,19.01,2307230
2019-03-12,19.03,19.06,18.53,19.01,19.01,1013871
2019-03-13,19.05,19.3,18.84,18.99,18.99,648442
2019-03-14,18.97,19.13,18.77,19.11,19.11,259343
2019-03-15,19.16,19.24,18.74,19.24,19.24,1414051
2019-03-18,19.22,19.43,19.175,19.33,19.33,524572
2019-03-19,19.41,19.91,19.39,19.58,19.58,614762
2019-03-20,19.62,19.68,19.49,19.6,19.6,438811
2019-03-21,19.61,19.96,19.5,19.89,19.89,787967
2019-03-22,19.8,19.87,19.54,19.58,19.58,645330
2019-03-25,19.52,19.52,19.0951,19.25,19.25,361899
2019-03-26,19.33,19.7,19.33,19.61,19.61,444733
2019-03-27,19.61,20,19.49,19.99,19.99,1415798
2019-03-28,20,20.16,19.86,20.12,20.12,555009
2019-03-29,20.2,20.53,20.115,20.45,20.45,1267225
2019-04-01,20.54,20.86,20.48,20.7,20.7,1050507
2019-04-02,20.69,20.88,20.57,20.75,20.75,508779
2019-04-03,20.82,20.89,20.62,20.66,20.66,744943
2019-04-04,20.69,20.7,20.32,20.65,20.65,550929
2019-04-05,20.64,21.08,20.63,20.99,20.99,943418
2019-04-08,20.95,21.1202,20.67,20.69,20.69,435129
2019-04-09,20.7,20.724,20.31,20.41,20.41,359217
2019-04-10,20.49,20.56,20.17,20.39,20.39,557780
2019-04-11,20.43,20.78,20.35,20.63,20.63,824887
2019-04-12,21,21,20.67,20.7,20.7,527248
2019-04-15,20.79,20.815,20.43,20.5,20.5,580083
2019-04-16,20.57,20.65,20.42,20.45,20.45,330026
2019-04-17,20.5,20.62,20.25,20.36,20.36,386773
2019-04-18,20.35,20.48,20.15,20.42,20.42,511646
2019-04-22,20.55,20.825,20.505,20.76,20.76,608856
2019-04-23,20.91,20.97,20.68,20.83,20.83,838976
2019-04-24,20.84,20.95,20.69,20.72,20.72,692011
2019-04-25,20.92,20.92,20.55,20.79,20.79,404996
2019-04-26,20.79,20.91,20.7,20.85,20.85,312099
2019-04-29,20.91,20.95,20.77,20.82,20.82,431131
2019-04-30,20.96,20.99,20.11,20.11,20.11,700739
2019-05-01,20.2,20.44,19.92,20.27,20.27,642766
2019-05-02,20.21,20.3094,19.83,20.06,20.06,1126655
2019-05-03,19.75,20.17,19.61,20.09,20.09,637644
2019-05-06,19.77,20.22,19.71,19.84,19.84,384491
2019-05-07,19.71,20,19.62,20,20,427617
2019-05-08,19.99,20.29,19.89,20.22,20.22,704549
2019-05-09,20.07,20.235,19.79,19.96,19.96,362794
2019-05-10,20.1,20.21,19.71,20.18,20.18,577183
2019-05-13,20.14,20.42,19.75,20.2,20.2,613005
2019-05-14,20.35,20.82,20.3,20.51,20.51,759864
2019-05-15,20.5,21.0231,20.4,20.89,20.89,475892
2019-05-16,21,21.42,20.95,21.22,21.22,583740
2019-05-17,21.22,21.4322,21.07,21.07,21.07,515674
2019-05-20,21.11,21.24,20.95,21.13,21.13,641330
2019-05-21,21.15,21.78,21.145,21.61,21.61,1219337
2019-05-22,21.6,21.71,21.455,21.65,21.65,723408
2019-05-23,21.42,21.48,21.1,21.32,21.32,1115159
2019-05-24,21.45,21.77,21.27,21.76,21.76,763626
2019-05-28,21.76,21.8576,21.21,21.31,21.31,1142604
2019-05-29,21.1,21.46,20.62,21.44,21.44,806302
2019-05-30,21.5,21.54,20.79,20.98,20.98,585993
2019-05-31,20.77,21.46,20.77,21.03,21.03,563829
2019-06-03,21.14,21.29,20.99,21.13,21.13,269244
2019-06-04,21.25,21.34,20.86,20.91,20.91,414138
2019-06-05,20.94,20.94,20.46,20.63,20.63,555490
2019-06-06,20.68,20.68,19.8,20.14,20.14,1404342
2019-06-07,20.22,20.6,20.05,20.31,20.31,661290
2019-06-10,20.41,20.61,20.14,20.37,20.37,409826
2019-06-11,20.12,20.12,19.36,19.87,19.87,929041
2019-06-12,19.71,19.8999,19.61,19.67,19.67,739364
2019-06-13,19.91,20.1,19.78,19.95,19.95,408375
2019-06-14,20,20.05,19.74,19.89,19.89,675954
2019-06-17,19.82,19.95,19.53,19.78,19.78,424617
2019-06-18,19.89,20,19.75,19.91,19.91,468152
2019-06-19,19.95,20.13,19.79,19.89,19.89,509390
2019-06-20,20.1,20.27,19.94,20.03,20.03,573766
2019-06-21,20.1,20.31,19.99,20.13,20.13,1315267
2019-06-24,20.15,20.42,20.1,20.19,20.19,613108
2019-06-25,20.21,20.22,19.88,19.91,19.91,507706
2019-06-26,20.06,20.27,20.01,20.2,20.2,445774
2019-06-27,20.33,20.43,20.19,20.34,20.34,286947
2019-06-28,20.4,20.72,20.18,20.72,20.72,499934
2019-07-01,20.82,20.94,20.58,20.73,20.73,487114
2019-07-02,20.69,20.91,20.6,20.84,20.84,390214
2019-07-03,20.93,21.31,20.76,21.18,21.18,281179
2019-07-05,21.04,21.63,21.01,21.55,21.55,405006
2019-07-08,21.5,21.61,21.27,21.39,21.39,411611
2019-07-09,21.31,21.4,20.8,20.88,20.88,625156
2019-07-10,20.95,21.285,20.88,21.21,21.21,427826
2019-07-11,21.21,21.48,20.92,21.43,21.43,678825
2019-07-12,21.43,21.56,21.155,21.22,21.22,542226
2019-07-15,21.28,21.3175,21.07,21.19,21.19,309606
2019-07-16,21.22,21.59,21.18,21.5,21.5,543053
2019-07-17,21,21.24,20.79,21.22,21.22,841602
2019-07-18,21.15,21.29,21.04,21.25,21.25,1091414
2019-07-19,21.25,21.6,21.2061,21.37,21.37,546115
2019-07-22,21.38,21.88,21.37,21.72,21.72,872578
2019-07-23,21.74,21.99,21.58,21.6,21.6,350636
2019-07-24,21.59,21.92,21.56,21.58,21.58,302392
2019-07-25,21.61,21.75,21.53,21.68,21.68,722623
2019-07-26,21.77,21.88,21.59,21.66,21.66,499196
2019-07-29,21.7,21.95,21.23,21.7,21.7,2786462
2019-07-30,21.61,21.79,21,21.7,21.7,672283
2019-07-31,21.69,21.88,21.38,21.59,21.59,437511
2019-08-01,21.55,21.78,21.0834,21.18,21.18,539397
2019-08-02,20.72,21.26,20.61,20.84,20.84,360561
2019-08-05,20.57,21.11,20.01,20.98,20.98,1532528
2019-08-06,21.05,21.27,20.41,20.8,20.8,596416
2019-08-07,20.53,20.64,20.18,20.3,20.3,1007128
2019-08-08,20.55,20.63,20.13,20.33,20.33,618467
2019-08-09,20.3,20.35,19.85,20.05,20.05,620228
2019-08-12,20.04,20.38,19.65,20.31,20.31,616011
2019-08-13,20.38,20.81,20.215,20.65,20.65,372684
2019-08-14,20.46,20.61,20.3,20.58,20.58,420954
2019-08-15,20.52,20.78,20.37,20.6,20.6,587831
2019-08-16,20.61,21.31,20.61,21.2,21.2,436623
2019-08-19,21.3,21.54,21.24,21.36,21.36,1008886
2019-08-20,21.02,21.38,20.86,21.06,21.06,825430
2019-08-21,21.14,21.49,20.94,21.06,21.06,443380
2019-08-22,21.06,21.39,20.095,20.21,20.21,913072
2019-08-23,20.09,20.48,18.98,19.1,19.1,1382221
2019-08-26,19.14,19.25,18.63,19.16,19.16,1218515
2019-08-27,19.16,19.33,18.71,19.11,19.11,595378
2019-08-28,19.22,19.61,18.9153,19.35,19.35,1504158
2019-08-29,19.47,19.63,18.93,19.09,19.09,929509
2019-08-30,19.03,19.23,18.53,19.21,19.21,1048668
2019-09-03,19.05,19.24,18.8951,19.03,19.03,361485
2019-09-04,19.17,19.44,18.97,19.13,19.13,677990
2019-09-05,19.23,19.3,19.01,19.03,19.03,272022
2019-09-06,19.04,19.335,18.85,19.1,19.1,432759
2019-09-09,19.27,19.79,19.1721,19.71,19.71,389091
2019-09-10,19.71,19.9,19.48,19.58,19.58,302610
2019-09-11,19.71,19.83,19.61,19.77,19.77,456348
2019-09-12,19.66,19.8216,19.32,19.52,19.52,571877
2019-09-13,19.63,20.72,19.63,20.71,20.71,1586504
2019-09-16,21.39,21.49,20.92,21.44,21.44,1355093
2019-09-17,21.49,21.86,21.22,21.48,21.48,1142676
2019-09-18,21.35,21.88,21.2713,21.51,21.51,1058450
2019-09-19,21.51,21.7,20.9,21.19,21.19,1121061
2019-09-20,21.25,21.4,20.4,20.47,20.47,6583111
2019-09-23,20.42,20.66,20.4,20.51,20.51,616327
2019-09-24,20.44,20.57,20.09,20.38,20.38,626433
2019-09-25,20.38,20.39,19.94,20.26,20.26,554908
2019-09-26,20.24,20.49,20.075,20.37,20.37,673639
2019-09-27,20.31,20.58,20.16,20.19,20.19,677729
2019-09-30,20.12,20.6,20.1,20.45,20.45,713626
2019-10-01,20.51,20.72,20.25,20.3,20.3,299740
2019-10-02,20.19,20.38,19.88,20.37,20.37,1184078
2019-10-03,20.33,20.82,20.225,20.61,20.61,826659
2019-10-04,20.66,21.05,20.63,20.9,20.9,775492
2019-10-07,20.89,21.105,20.74,21.06,21.06,716443
2019-10-08,21.01,21.4,20.97,21.25,21.25,1030503
2019-10-09,21.25,21.3025,20.56,20.56,20.56,522867
2019-10-10,20.6,21.06,20.6,20.83,20.83,532079
2019-10-11,21.03,21.03,20.811,20.82,20.82,374349
2019-10-14,20.8,20.97,20.6,20.97,20.97,536971
2019-10-15,20.93,21.06,20.66,20.75,20.75,378177
2019-10-16,20.67,20.85,20.55,20.75,20.75,362945
2019-10-17,20.75,20.97,20.56,20.85,20.85,311800
2019-10-18,20.92,21.26,20.87,20.89,20.89,355612
2019-10-21,20.9,21,20.71,20.73,20.73,513487
2019-10-22,20.73,20.905,20.51,20.55,20.55,419112
2019-10-23,20.5,20.72,20.5,20.65,20.65,500795
2019-10-24,20.8,20.86,20.57,20.83,20.83,386988
2019-10-25,20.83,20.98,20.71,20.73,20.73,376944
2019-10-28,20.81,20.98,20.3001,20.34,20.34,457654
2019-10-29,20.36,20.79,20.2,20.32,20.32,597230
2019-10-30,20.4,20.59,20.25,20.35,20.35,807286
2019-10-31,20.3,20.56,20.22,20.52,20.52,1114280
2019-11-01,20.51,20.65,19.85,20.24,20.24,587613
2019-11-04,20.44,20.9,20.32,20.67,20.67,900927
2019-11-05,20.86,20.86,19.91,20.46,20.46,666160
2019-11-06,20.46,20.55,20.2201,20.54,20.54,537153
2019-11-07,20.63,20.68,20.31,20.44,20.44,575999
2019-11-08,20.47,20.69,20.25,20.37,20.37,666073
2019-11-11,20.3,20.3,19.84,19.94,19.94,596563
2019-11-12,19.94,20.09,19.44,19.47,19.47,794246
2019-11-13,19.47,19.94,19.47,19.56,19.56,668749
2019-11-14,19.69,19.88,19.45,19.78,19.78,749966
2019-11-15,19.83,20.1,19.57,20.06,20.06,675904
2019-11-18,19.98,19.99,19.63,19.83,19.83,644524
2019-11-19,19.85,19.99,19.7,19.72,19.72,460803
2019-11-20,19.69,20.04,19.62,19.92,19.92,457279
2019-11-21,19.9,20.3,19.7154,20.25,20.25,593633
2019-11-22,20.31,20.495,20.13,20.31,20.31,460617
2019-11-25,20.2,20.34,20,20.27,20.27,399689
2019-11-26,20.32,20.39,19.77,19.81,19.81,462046
2019-11-27,19.77,19.866,19.35,19.65,19.65,627177
2019-11-29,19.61,19.66,19.41,19.66,19.66,273733
2019-12-02,19.71,20.06,19.55,19.64,19.64,636483
2019-12-03,19.5,19.93,19.43,19.77,19.77,674441
2019-12-04,19.89,20.05,19.58,19.89,19.89,561597
2019-12-05,19.9,20.2,19.42,19.48,19.48,954944
2019-12-06,19.47,19.8,19.4463,19.74,19.74,492364
2019-12-09,19.74,20.11,19.53,20.09,20.09,598965
2019-12-10,20.09,20.55,20.08,20.2,20.2,982752
2019-12-11,20.23,20.44,20.1,20.29,20.29,655578
2019-12-12,20.23,20.83,20.23,20.32,20.32,669134
2019-12-13,20.35,20.47,19.87,20.01,20.01,574311
2019-12-16,20.08,20.42,20.03,20.15,20.15,887511
2019-12-17,20.15,20.33,19.88,20,20,897018
2019-12-18,20,20.47,19.925,20.23,20.23,1075386
2019-12-19,20.16,20.38,19.81,19.82,19.82,1050725
2019-12-20,19.84,19.99,19.61,19.7,19.7,3576556
2019-12-23,19.78,20.31,19.71,20.2,20.2,1156292
2019-12-24,20.25,20.31,19.98,20.24,20.24,384764
2019-12-26,20.23,20.68,20.22,20.56,20.56,673235
2019-12-27,20.62,20.62,20.05,20.24,20.24,502711
2019-12-30,20.24,20.45,19.96,19.96,19.96,816914
2019-12-31,19.92,20.35,19.92,20.21,20.21,636612
2020-01-02,20.3,20.37,20.05,20.25,20.25,718018
2020-01-03,20.42,20.91,20.27,20.89,20.89,1032564
2020-01-06,21,21.22,20.9,21.19,21.19,1612445
2020-01-07,20.87,21.41,20.87,21.3,21.3,824428
2020-01-08,21.31,21.49,21.16,21.45,21.45,1109819
2020-01-09,21.37,21.62,21.15,21.42,21.42,1162366
2020-01-10,21.33,21.71,21.2,21.65,21.65,1186528
2020-01-13,21.74,22.105,21.636,22,22,1089782
2020-01-14,22.01,22.7,21.95,22.7,22.7,913938
2020-01-15,22.67,22.7,22.34,22.42,22.42,1143216
2020-01-16,22.44,22.6,22.05,22.14,22.14,783888
2020-01-17,22.17,22.25,21.8783,22.23,22.23,1630921
2020-01-21,22.27,22.27,21.88,21.95,21.95,1587879
2020-01-22,21.93,22.015,21.6,21.65,21.65,1068290
2020-01-23,21.65,21.87,21.14,21.47,21.47,602033
2020-01-24,21.45,21.53,21.09,21.31,21.31,802485
2020-01-27,21.12,21.12,20.7,20.93,20.93,587824
2020-01-28,20.96,20.96,20.55,20.62,20.62,549709
2020-01-29,20.63,20.85,20.56,20.64,20.64,1046843
2020-01-30,20.67,20.7,20.15,20.53,20.53,899330
2020-01-31,19.98,20.07,19.55,19.65,19.65,537737
2020-02-03,19.55,19.78,19.47,19.75,19.75,572673
2020-02-04,19.91,20.63,19.8608,20.53,20.53,906315
2020-02-05,20.63,21.01,20.55,20.77,20.77,744503
2020-02-06,20.78,20.78,20.23,20.44,20.44,773806
2020-02-07,20.35,20.4599,20.05,20.24,20.24,404592
2020-02-10,20.18,20.185,19.79,19.95,19.95,622228
2020-02-11,20.02,20.35,19.86,20.29,20.29,633678
2020-02-12,20.4,20.6,20.24,20.45,20.45,676206
2020-02-13,20.4,20.59,19.81,19.83,19.83,564728
2020-02-14,19.9,19.938,19.37,19.46,19.46,425481
2020-02-18,19.39,19.5,19.31,19.41,19.41,976044
2020-02-19,19.45,19.46,18.74,18.84,18.84,917123
2020-02-20,18.87,19.03,18.445,18.51,18.51,1717854
2020-02-21,18.4,18.68,18.11,18.43,18.43,1483907
2020-02-24,18.1,18.62,17.95,18.47,18.47,769813
2020-02-25,18.51,18.51,17.335,17.48,17.48,1160747
2020-02-26,17.44,17.505,16.88,16.9,16.9,1513140
2020-02-27,16.63,16.72,16.01,16.3,16.3,1803695
2020-02-28,15.95,17.11,15.81,17.11,17.11,2562593
2020-03-02,17.38,17.55,16.7668,16.99,16.99,1048924
2020-03-03,17.03,17.15,16.27,16.27,16.27,860434
2020-03-04,16.53,16.8189,16.19,16.36,16.36,829625
2020-03-05,16.14,16.6,16.05,16.09,16.09,1403924
2020-03-06,15.92,15.92,14.82,15.1,15.1,2303436
2020-03-09,13.05,13.46,10,10.97,10.97,2433765
2020-03-10,12.06,13.12,10.0001,12.5,12.5,2622933
2020-03-11,12.1,13,11.38,12.22,12.22,2205254
2020-03-12,11.67,11.67,9.29,9.49,9.49,1893566
2020-03-13,10.3,11.25,9.5563,11.03,11.03,1580022
2020-03-16,9.5,9.91,8.59,9,9,1714293
2020-03-17,9.25,9.45,7.75,8.79,8.79,1965933
2020-03-18,8.04,8.4,5.7,7.51,7.51,2778450
2020-03-19,7.57,10.5,7.03,8.6,8.6,3530534
2020-03-20,8.79,12.88,8.76,9.96,9.96,7485230
2020-03-23,9.6,9.74,7.57,8.75,8.75,1996273
2020-03-24,9.52,9.75,8.73,9.02,9.02,2121143
2020-03-25,9.29,10.07,8.5245,9.5,9.5,2122860
2020-03-26,9.75,10.41,8.96,10,10,1595293
2020-03-27,9.64,9.68,9.1,9.53,9.53,1885848
2020-03-30,9.43,9.4524,8.45,8.76,8.76,1456587
2020-03-31,8.86,10.03,8.76,9.98,9.98,3565762
2020-04-01,9.54,9.77,8.72,9.67,9.67,1573871
2020-04-02,10.01,11.62,9.5221,10.01,10.01,2526531
2020-04-03,10.38,10.6,8.63,9.2,9.2,2732189
2020-04-06,9.5,10.72,9.35,9.93,9.93,1181400
2020-04-07,10.38,11.14,10.13,10.26,10.26,1466736
2020-04-08,10.55,10.9499,9.81,10.34,10.34,1598259
2020-04-09,10.86,11.84,10.58,11.27,11.27,1994458
2020-04-13,11.76,12.05,10.8,11.07,11.07,1297692
2020-04-14,11,11.82,11,11.8,11.8,1630148
2020-04-15,11.23,11.6492,10.69,10.81,10.81,1699442
2020-04-16,10.79,11.02,10.51,10.51,10.51,1162679
2020-04-17,10.91,11.65,10.7079,11.59,11.59,3851620
2020-04-20,10.51,12.08,10.08,11.37,11.37,1768902
2020-04-21,11.25,11.56,10.73,11.1,11.1,1285537
2020-04-22,11.48,11.74,11.03,11.63,11.63,1264541
2020-04-23,12.05,13.1027,11.82,13.02,13.02,1679758
2020-04-24,13.17,13.94,13.17,13.48,13.48,2634842
2020-04-27,13.86,13.9399,13.0524,13.6,13.6,1314788
2020-04-28,13.92,14.75,13.8,14.13,14.13,1808373
2020-04-29,14.5,15.355,14.32,15.25,15.25,1948035
2020-04-30,14.74,15.39,14.31,14.69,14.69,2503552
2020-05-01,14.45,14.5809,13.26,13.5,13.5,1301495
2020-05-04,13.01,13.69,12.67,13.32,13.32,1319453
2020-05-05,13.72,13.88,12.96,13.23,13.23,867213
2020-05-06,13.31,13.64,12.6,12.86,12.86,1099556
2020-05-07,13.26,13.33,11.66,11.99,11.99,3056720
2020-05-08,12.18,12.21,11.595,12.16,12.16,2503987
2020-05-11,12,12.07,11.35,11.52,11.52,1783784
2020-05-12,11.67,12.01,11.595,11.7,11.7,1260686
2020-05-13,11.72,12.15,11.29,12.14,12.14,2578344
2020-05-14,11.83,12.74,11.65,12.7,12.7,1847261
2020-05-15,12.83,13.28,12.519,13.08,13.08,1073244
2020-05-18,13.61,14.08,13.23,13.46,13.46,831311
2020-05-19,13.46,13.75,13.22,13.25,13.25,617000
2020-05-20,13.46,13.85,12.9,13.2,13.2,1182110
2020-05-21,13.26,13.78,13.22,13.61,13.61,1060656
2020-05-22,13.57,13.5702,13.245,13.36,13.36,564964
2020-05-26,13.76,14.01,13.36,13.82,13.82,480344
2020-05-27,14.12,14.29,13.6817,14.17,14.17,648004
2020-05-28,14.17,14.21,13.42,13.74,13.74,1351322
2020-05-29,13.65,13.65,13.04,13.49,13.49,1490552
2020-06-01,13.57,13.722,13.31,13.42,13.42,579655
2020-06-02,13.51,13.82,13.51,13.64,13.64,471099
2020-06-03,13.82,14.36,13.82,14.31,14.31,724003
2020-06-04,14.31,14.6,14.1,14.54,14.54,349425
2020-06-05,15,15.55,14.85,15.35,15.35,1237778
2020-06-08,15.9,16.18,15.58,15.69,15.69,1410960
2020-06-09,15.34,15.97,14.97,15.77,15.77,1417515
2020-06-10,15.65,15.695,14.97,15.34,15.34,1901381
2020-06-11,14.35,14.52,13.75,14.12,14.12,1624443
2020-06-12,14.57,14.76,13.42,13.66,13.66,1217124
2020-06-15,13.3,14.86,13.06,14.72,14.72,1284542
2020-06-16,15.6,15.6,13.74,13.74,13.74,3085079
2020-06-17,13.8,14.62,13.8,14.07,14.07,2082617
2020-06-18,13.97,14.21,13.89,13.96,13.96,1295845
2020-06-19,14.32,14.43,13.2,13.32,13.32,1851316
2020-06-22,13.4,13.61,13.14,13.39,13.39,1139663
2020-06-23,13.57,13.67,13.29,13.41,13.41,1050970
2020-06-24,13.24,13.33,12.44,12.7,12.7,1174350
2020-06-25,12.59,13.15,12.505,12.99,12.99,998303
2020-06-26,13,13,12.2,12.4,12.4,697866
2020-06-29,12.4,12.75,12.2,12.47,12.47,999530
2020-06-30,12.35,12.52,12.111,12.27,12.27,1143520
2020-07-01,12.2,12.54,11.97,12.17,12.17,989428
2020-07-02,12.33,12.33,11.8,11.82,11.82,1301904
2020-07-06,11.96,12.1433,11.55,11.63,11.63,1363009
2020-07-07,11.66,11.84,11.36,11.75,11.75,1006193
2020-07-08,11.75,11.94,11.54,11.61,11.61,1084361
2020-07-09,11.55,11.649,10.98,11.08,11.08,1989174
2020-07-10,11.09,11.45,10.89,11.43,11.43,1115758
2020-07-13,11.43,11.57,10.92,10.98,10.98,2106674
2020-07-14,10.98,11.21,10.835,10.91,10.91,2077418
2020-07-15,11.16,11.67,11.08,11.57,11.57,1262808
2020-07-16,11.42,11.74,11.27,11.48,11.48,945330
2020-07-17,11.43,12,11.4,11.48,11.48,1079222
2020-07-20,11.37,11.773,11.315,11.39,11.39,546735
2020-07-21,11.62,12.105,11.4958,12.04,12.04,1031892
2020-07-22,11.93,12.06,11.73,11.85,11.85,639393
2020-07-23,11.89,12.18,11.78,11.91,11.91,988928
2020-07-24,11.92,12.0177,11.64,11.65,11.65,635018
2020-07-27,11.67,11.96,11.64,11.93,11.93,799851
2020-07-28,11.95,12.01,11.71,11.77,11.77,1166517
2020-07-29,11.85,11.92,11.605,11.86,11.86,713103
2020-07-30,11.69,11.84,11.42,11.75,11.75,756509
2020-07-31,11.9,11.93,11.415,11.82,11.82,1208921
2020-08-03,11.47,11.48,11,11.23,11.23,1086080
2020-08-04,11.18,11.25,10.91,11.18,11.18,802402
2020-08-05,11.25,11.2893,11.02,11.12,11.12,730703
2020-08-06,11.16,11.64,11.06,11.56,11.56,784680
2020-08-07,11.54,11.74,11.32,11.73,11.73,674828
2020-08-10,11.73,12.25,11.73,12.04,12.04,676701
2020-08-11,12.29,12.43,12.11,12.23,12.23,888238
2020-08-12,12.47,12.6,12.06,12.09,12.09,1102189
2020-08-13,12.12,12.17,11.81,11.97,11.97,317509
2020-08-14,12.03,12.1201,11.82,11.85,11.85,703562
2020-08-17,11.85,11.92,11.56,11.84,11.84,832873
2020-08-18,11.9,11.9,11.52,11.64,11.64,575368
2020-08-19,11.61,11.68,11.24,11.36,11.36,651108
2020-08-20,11.21,11.33,11.09,11.24,11.24,688076
2020-08-21,11.18,11.18,10.99,11.12,11.12,840745
2020-08-24,11.18,11.29,11.06,11.08,11.08,1173207
2020-08-25,11.17,11.26,10.78,10.99,10.99,810426
2020-08-26,10.98,11.04,10.46,10.51,10.51,1072728
2020-08-27,10.64,10.82,10.41,10.65,10.65,1084532
2020-08-28,10.73,10.97,10.66,10.74,10.74,1098273
2020-08-31,10.7,10.78,10.38,10.39,10.39,1318265
2020-09-01,10.37,10.6,10.33,10.58,10.58,829543
2020-09-02,10.6,10.66,10.41,10.52,10.52,1056621
2020-09-03,10.51,10.64,10.26,10.34,10.34,1138791
2020-09-04,10.48,10.53,10.08,10.24,10.24,1216086
2020-09-08,10.08,10.21,10,10.08,10.08,776999
2020-09-09,10.21,10.21,9.9,9.9,9.9,1703336
2020-09-10,9.95,10.2,9.91,10.06,10.06,1244137
2020-09-11,10.02,10.215,9.75,9.77,9.77,1205054
2020-09-14,9.84,10.14,9.67,9.89,9.89,1513050
2020-09-15,10,10.13,9.81,9.81,9.81,1211099
2020-09-16,9.83,10.15,9.8,9.97,9.97,1189389
2020-09-17,9.9,9.985,9.66,9.81,9.81,821166
2020-09-18,9.8,9.84,9.535,9.62,9.62,2115230
2020-09-21,9.5,9.74,9.13,9.74,9.74,1576408
2020-09-22,9.76,9.95,9.42,9.62,9.62,1025774
2020-09-23,9.68,9.79,9.27,9.28,9.28,1076741
2020-09-24,9.2,9.46,8.96,9.24,9.24,1542843
2020-09-25,9.19,9.37,8.96,9.23,9.23,1388263
2020-09-28,9.3,9.535,9.19,9.49,9.49,677436
2020-09-29,9.51,9.77,9.4,9.67,9.67,1454195
2020-09-30,9.76,9.83,9.38,9.46,9.46,1922087
2020-10-01,9.38,9.465,9.21,9.22,9.22,1198546
2020-10-02,9.05,9.54,9.05,9.49,9.49,1015390
2020-10-05,9.63,9.98,9.41,9.52,9.52,1315945
2020-10-06,9.55,9.65,9.09,9.18,9.18,1416036
2020-10-07,9.24,9.25,9.13,9.15,9.15,1522391
2020-10-08,9.19,9.61,9.08,9.6,9.6,2025617
2020-10-09,9.63,9.76,9.45,9.6,9.6,1054412
2020-10-12,9.58,9.58,9.37,9.46,9.46,1285327
2020-10-13,9.45,9.46,9.22,9.3,9.3,1250615
2020-10-14,9.3,9.65,9.29,9.48,9.48,1153212
2020-10-15,9.44,9.52,9.27,9.39,9.39,1023252
2020-10-16,9.42,9.49,9.3,9.31,9.31,1015027
2020-10-19,9.4,9.45,9.17,9.17,9.17,894061
2020-10-20,9.2,9.3492,9.16,9.27,9.27,818827
2020-10-21,9.27,9.3737,9.17,9.18,9.18,538282
2020-10-22,9.18,9.55,9.15,9.44,9.44,1821852
2020-10-23,9.55,9.7,9.41,9.55,9.55,870795
2020-10-26,9.5,9.55,9.29,9.43,9.43,1077467
2020-10-27,9.48,9.59,9.32,9.43,9.43,932226
2020-10-28,9.35,9.35,8.98,9.04,9.04,1327092
2020-10-29,9.04,9.27,8.86,9.23,9.23,1412607
2020-10-30,9.13,9.2,8.48,8.75,8.75,2764211
2020-11-02,8.5,8.6,8.23,8.35,8.35,2115006
2020-11-03,8.5,8.69,8.38,8.51,8.51,1570812
2020-11-04,8.58,8.7,8.27,8.62,8.62,1297718
2020-11-05,8.56,8.6959,8.51,8.6,8.6,1068142
2020-11-06,8.65,8.7,8.17,8.17,8.17,975759
2020-11-09,8.78,8.93,8.61,8.8,8.8,2077607
2020-11-10,9.02,9.275,8.75,9.19,9.19,1427754
2020-11-11,9.3,9.37,8.97,9.37,9.37,2075347
2020-11-12,9.35,9.36,9.115,9.33,9.33,1278942
2020-11-13,9.41,9.45,9.17,9.28,9.28,1219734
2020-11-16,9.39,9.62,9.31,9.42,9.42,1525652
2020-11-17,9.33,9.48,9.13,9.48,9.48,1494358
2020-11-18,9.51,9.6,9.29,9.29,9.29,1415299
2020-11-19,9.29,9.95,9.12,9.89,9.89,2959515
2020-11-20,9.92,10.13,9.76,9.97,9.97,1563945
2020-11-23,10.09,10.54,10.085,10.3,10.3,1516040
2020-11-24,10.58,11.14,10.54,11.05,11.05,1513529
2020-11-25,11.1,11.25,10.71,11.18,11.18,1955087
2020-11-27,11.18,11.28,10.785,10.89,10.89,667296
2020-11-30,10.88,10.95,10.25,10.26,10.26,2069926
2020-12-01,10.45,10.59,10.16,10.28,10.28,955109
2020-12-02,10.27,10.5599,10.16,10.17,10.17,1470702
2020-12-03,10.26,10.705,10.14,10.66,10.66,1284030
2020-12-04,10.79,11.58,10.79,11.28,11.28,1751324
2020-12-07,11.28,11.3099,11,11.05,11.05,1074994
2020-12-08,11.04,11.23,11.01,11.06,11.06,886352
2020-12-09,11.17,11.4,10.5,10.8,10.8,2229416
2020-12-10,10.67,11.31,10.67,11.29,11.29,1411071
2020-12-11,11.2,11.24,10.88,10.94,10.94,1269221
2020-12-14,11.1,11.184,10.15,10.21,10.21,2367009
2020-12-15,10.25,10.48,10.005,10.38,10.38,2169922
2020-12-16,10.4,10.41,10.1,10.13,10.13,1568865
2020-12-17,10.2,10.2,9.9244,10.02,10.02,2228024
2020-12-18,10.1,10.23,9.94,10.2,10.2,2193027
2020-12-21,9.96,10.25,9.81,9.99,9.99,3046749
2020-12-22,9.96,10.1,9.8299,9.9,9.9,970631
2020-12-23,9.95,10.16,9.92,10.12,10.12,807633
2020-12-24,10.02,10.15,9.95,10.08,10.08,503820
2020-12-28,10.1,10.22,9.89,10.09,10.09,1723391
2020-12-29,10.14,10.175,9.93,10.11,10.11,1210031
2020-12-30,10.19,10.275,9.9599,10.01,10.01,1415572
2020-12-31,9.99,10.15,9.935,10.08,10.08,1337911
2021-01-04,10.24,10.26,9.98,10.05,10.05,1677675
2021-01-05,10.06,10.66,10.05,10.35,10.35,1692517
2021-01-06,10.54,11.035,10.27,10.92,10.92,1601480
2021-01-07,11,11.1417,10.86,11.06,11.06,1303559
2021-01-08,11.17,11.2,10.82,10.91,10.91,1130733
2021-01-11,10.85,11.155,10.75,10.99,10.99,1667602
2021-01-12,11.04,11.53,11.04,11.43,11.43,1431038
2021-01-13,11.43,11.48,11.16,11.29,11.29,1067445
2021-01-14,11.44,11.7,11.28,11.69,11.69,1524253
2021-01-15,11.65,11.65,11.2742,11.43,11.43,1622105
2021-01-19,11.56,11.65,11.37,11.41,11.41,1610364
2021-01-20,11.43,11.47,10.92,11.11,11.11,1899989
2021-01-21,11.34,11.46,10.94,11,11,2980316
2021-01-22,10.9,11.17,10.77,11.04,11.04,1659596
2021-01-25,11.14,11.41,11.03,11.4,11.4,1393796
2021-01-26,11.57,11.73,11.275,11.41,11.41,2356033
2021-01-27,11.4,11.41,11.085,11.2,11.2,2282411
2021-01-28,11.32,11.51,11.07,11.49,11.49,2523524
2021-01-29,11.55,11.74,11.31,11.54,11.54,2570040
2021-02-01,11.2,11.208,10.511,10.78,10.78,2190022
2021-02-02,10.94,11.11,10.59,10.62,10.62,1513189
2021-02-03,10.65,10.85,10.59,10.81,10.81,1502385
2021-02-04,10.83,10.94,10.71,10.93,10.93,1106404
2021-02-05,10.95,11.11,10.9001,10.96,10.96,1049297
2021-02-08,11.11,11.13,10.94,11.06,11.06,1431496
2021-02-09,11,11.14,10.85,11.12,11.12,845532
2021-02-10,11.04,11.54,11.04,11.39,11.39,1707503
2021-02-11,11.49,11.64,11.3,11.46,11.46,928589
2021-02-12,11.55,11.63,11.475,11.56,11.56,1278637
2021-02-16,11.8,11.99,11.7345,11.79,11.79,1421012
2021-02-17,11.79,11.85,11.4,11.5,11.5,1609583
2021-02-18,11.55,11.584,11.15,11.3,11.3,1384487
2021-02-19,11.28,11.49,11.05,11.48,11.48,1304484
2021-02-22,11.5,11.92,11.5,11.58,11.58,1994803
2021-02-23,11.65,11.715,11.18,11.53,11.53,2200502
2021-02-24,11.63,12.15,11.46,11.5,11.5,2447974
2021-02-25,11.57,11.75,11.29,11.29,11.29,2857930
2021-02-26,11.3,11.42,10.93,10.95,10.95,2926010
2021-03-01,11.33,11.8,11.27,11.79,11.79,3831673
2021-03-02,11.63,12.185,11.59,11.9,11.9,2654960
2021-03-03,12.12,12.42,12.06,12.27,12.27,1804816
2021-03-04,12.35,12.77,12.2,12.54,12.54,1703352
2021-03-05,12.7,12.83,12.315,12.74,12.74,1566695
2021-03-08,12.83,12.955,12.63,12.76,12.76,1102036
2021-03-09,12.79,12.8901,12.55,12.59,12.59,1181682
2021-03-10,12.64,13.34,12.6,13.34,13.34,1626790
2021-03-11,13.43,13.86,13.33,13.68,13.68,1715549
2021-03-12,13.91,13.98,13.72,13.85,13.85,1123951
2021-03-15,13.89,14.13,13.765,13.85,13.85,1203106
2021-03-16,13.79,13.81,13.42,13.58,13.58,1776204
2021-03-17,13.49,13.62,13.2,13.2,13.2,2053706
2021-03-18,13.2,13.23,12.51,12.54,12.54,1949871
2021-03-19,12.69,13.03,12.55,12.72,12.72,1863044
2021-03-22,12.82,12.96,12.74,12.83,12.83,1405809
2021-03-23,12.75,12.7897,12.46,12.5,12.5,1325725
2021-03-24,12.74,12.92,12.65,12.7,12.7,899856
2021-03-25,12.5,12.89,12.49,12.85,12.85,1073168
2021-03-26,13,13.3,12.89,13.27,13.27,930886
2021-03-29,13.29,13.4,13.11,13.14,13.14,563576
2021-03-30,13.11,13.13,12.91,13.05,13.05,724411
2021-03-31,13.03,13.53,12.99,13.34,13.34,1954367
2021-04-01,13.53,13.94,13.48,13.94,13.94,1380234
2021-04-05,14.02,14.08,13.625,13.86,13.86,1320097
2021-04-06,13.93,14,13.72,13.98,13.98,1030977
2021-04-07,13.96,14,13.72,14,14,963279
2021-04-08,13.89,14.08,13.77,14.08,14.08,919768
2021-04-09,14.06,14.38,13.87,14.11,14.11,1444881
2021-04-12,14.06,14.24,13.85,13.86,13.86,1172858
2021-04-13,13.97,14.02,13.81,13.87,13.87,779143
2021-04-14,14.08,14.31,13.96,14.29,14.29,1228163
2021-04-15,14.35,14.4323,14.24,14.37,14.37,809685
2021-04-16,14.43,14.46,14.22,14.34,14.34,1137069
2021-04-19,14.39,14.6,14.33,14.41,14.41,915854
2021-04-20,14.5,14.57,14.3,14.55,14.55,955851
2021-04-21,14.55,14.87,14.4501,14.79,14.79,2079816
2021-04-22,15,15.23,14.85,14.93,14.93,1890010
2021-04-23,15,15.6,15,15.6,15.6,1777080
2021-04-26,15.64,15.87,15.33,15.38,15.38,2987530
2021-04-27,15.51,15.68,15.25,15.57,15.57,1360061
2021-04-28,15.65,15.9015,15.62,15.8,15.8,1996229
2021-04-29,16,16.255,15.88,16.14,16.14,2433777
2021-04-30,16,16.5,15.3015,15.43,15.43,4072895
2021-05-03,15,15.03,14.44,14.87,14.87,2018841
2021-05-04,14.84,14.93,14.41,14.55,14.55,1442699
2021-05-05,14.73,15.05,14.65,14.94,14.94,1513048
2021-05-06,14.95,15.02,14.53,14.9,14.9,840047
2021-05-07,14.99,15.15,14.695,14.8,14.8,1210545
2021-05-10,14.5,15.31,14.5,15.2,15.2,2319209
2021-05-11,14.94,15.16,14.81,14.99,14.99,1088210
2021-05-12,15.13,15.35,14.71,14.78,14.78,1131340
2021-05-13,14.75,15.11,14.71,15,15,995859
2021-05-14,15.2,15.53,15.1,15.32,15.32,1557043
2021-05-17,15.3,15.61,15.2,15.6,15.6,1271038
2021-05-18,15.68,15.76,15.51,15.56,15.56,974868
2021-05-19,15.3,15.35,15.06,15.16,15.16,925161
2021-05-20,15.14,15.48,15.1,15.45,15.45,633612
2021-05-21,15.5,15.72,15.33,15.4,15.4,773279
2021-05-24,15.57,15.81,15.34,15.75,15.75,1190260
2021-05-25,15.78,15.8,15.43,15.46,15.46,1503878
2021-05-26,15.47,15.5097,15.15,15.2,15.2,1629518
2021-05-27,15.17,15.3,14.7,14.76,14.76,2656991
2021-05-28,14.82,14.834,14.3,14.44,14.44,3232361
2021-06-01,14.55,15.02,14.55,14.91,14.91,1554594
2021-06-02,15,15.22,14.93,15.05,15.05,1224342
2021-06-03,14.9,15.04,14.77,14.81,14.81,929517
2021-06-04,14.85,15.01,14.731,14.98,14.98,802554
2021-06-07,15,15.295,14.98,15.09,15.09,1569346
2021-06-08,15.05,15.295,15.0067,15.23,15.23,1162876
2021-06-09,15.33,15.76,15.2,15.59,15.59,1712598
2021-06-10,15.73,15.87,15.56,15.76,15.76,1154137
2021-06-11,15.85,15.98,15.75,15.91,15.91,991261
2021-06-14,15.99,16.1,15.76,15.91,15.91,1277103
2021-06-15,15.99,16,15.495,15.9,15.9,1413256
2021-06-16,15.94,16.06,15.775,15.97,15.97,1053493
2021-06-17,15.9,15.9836,15.26,15.5,15.5,1560220
2021-06-18,15.32,15.48,15.13,15.16,15.16,1768527
2021-06-21,15.3,15.74,15.3,15.48,15.48,1606000
2021-06-22,15.55,15.6,15.09,15.15,15.15,2095900
2021-06-23,15.36,15.37,14.87,14.9,14.9,1584700
2021-06-24,15,15.047,14.71,14.98,14.98,1340700
2021-06-25,15.11,15.11,14.58,14.59,14.59,2072900
2021-06-28,14.6,14.67,14.06,14.3,14.3,2662500
2021-06-29,14.47,14.81,14.26,14.76,14.76,1473200
2021-06-30,14.72,14.925,14.67,14.77,14.77,1169900
2021-07-01,14.94,15.005,14.75,14.92,14.92,1677500
2021-07-02,14.91,14.929,14.76,14.91,14.91,1233500
2021-07-06,14.93,14.93,14.47,14.65,14.65,1312400
2021-07-07,14.67,14.69,14.32,14.52,14.52,1257300
2021-07-08,14.26,14.49,14.14,14.45,14.45,1185400
2021-07-09,14.59,14.81,14.48,14.78,14.78,982600
2021-07-12,14.66,14.89,14.545,14.88,14.88,769400
2021-07-13,14.87,14.89,14.66,14.66,14.66,656400
2021-07-14,14.66,14.87,14.32,14.44,14.44,1973100
2021-07-15,14.4,14.53,14.1,14.19,14.19,2234200
2021-07-16,14.23,14.358,13.82,13.9,13.9,2088700
2021-07-19,13.6,13.71,13.225,13.39,13.39,1838928
2021-08-10,12.5,12.67,12.33,12.49,1910604
